split,image,label,image_sha256,label_sha256
test,images/test/healthy_0097.jpg,labels/test/healthy_0097.txt,bfda1992e0e1984d6d20f1530e16c602f7ef1492a7abde9e5f791a3b8144a41e,112da78b09253f6a46c416ba8c22c5595d37d2ec420d2cceddc6bc190f17f8c3
test,images/test/healthy_0098.jpg,labels/test/healthy_0098.txt,5596ed0b46adccb41e48b66dcb80aeeff3d5096bdef0538b12e0f269db5eda76,84b32707810437f3552ef36ab0bffd99340b8a66b169d939f6f5ff904d7ef5a9
test,images/test/healthy_0099.jpg,labels/test/healthy_0099.txt,88a4bee5b4eda46f4594ac99798e8e2b7a5db14e16c657a44924d7b9fff1ce5e,b243e618bbf3ea382c665a736ed2fdba79d3c8f6a0518b33c1d48690b1eaec62
test,images/test/healthy_0102.jpg,labels/test/healthy_0102.txt,546f61f774fb9a964ad7be853bf19df1d05e4b3ffc935427f406b9522c8ecff8,3a7edbea9628185028cea0c7d72f568af32689311bcb5314f74bd38e853425c4
test,images/test/healthy_0103.jpg,labels/test/healthy_0103.txt,25e2c5e9a03119e90dd44dd9eb4f8e63b8f65ad7cb0c8f9953f9b2507c2795b2,45ee5b37c76c5d91d9a64ddeecc3338b7604f938aa5bd499bad70001a9a46c4d
test,images/test/healthy_0104.jpg,labels/test/healthy_0104.txt,a0c701234b55fff9eb7c13416ad885186283b76880b31db5bb0fa0c5fff5b43d,a1f94ff71853a67243c0bfee8b4a5c2ad584769a3b87081447f2b1ece602ac70
test,images/test/healthy_0105.jpg,labels/test/healthy_0105.txt,0bcbc2376093c63de3caf15c69064a933e01cbade12266000510525fb6994f3a,36476b1b847d51f262e7cd4ba43c48f30a2db26ca009bd02b2dba5e922cee621
test,images/test/healthy_0106.jpg,labels/test/healthy_0106.txt,dbc55eddb4beec3e9033cbf4d365999ad3e79f9cd9570c84936a4272684139e9,234d44772b88e394699f93e2427c04d85f8c3b801bd221e8152d75ec8ca3154d
test,images/test/healthy_0107.jpg,labels/test/healthy_0107.txt,7149378656e277bf701c8c7b050b9deb28e740141740bca21a277e5b8fa72f02,5500b5d00913af8a908cb95aa66fe392642ae55cfe4296f24ca8008dd5020981
test,images/test/healthy_0108.jpg,labels/test/healthy_0108.txt,4a325ce30178c4d6daf50fb5725ef6c7ed9c968c83ae8b4ca9f003c2fb1d1e14,53fd9b4af06c5ac74ef65f21a88722f8c6efeb55a03f9bd74ff789d3593cbdca
test,images/test/healthy_0109.jpg,labels/test/healthy_0109.txt,441e84bf3010cc5adbbacc7ee8be4ea9afb0dc15519e556c360c312cee64ff5f,5151f650e8ee4a095a2408cb3f438fbcd387ab38561edb91cdaebac75e6e5d79
test,images/test/healthy_0110.jpg,labels/test/healthy_0110.txt,d7748944f747bc53c5b244d5622f5060eec99915fad41d1ab421eef223cf9ccd,cd775645b532e872d39d3a817f1de9d6a629352745d74a79171216595d55be28
test,images/test/healthy_0111.jpg,labels/test/healthy_0111.txt,360e51b2373eb063d064ea48c94e7631ad36cba5e8ca5d15074c4faf4a6d8635,1c37ce5e0eb25d75608311ada71bd37ae1f11515e34e531b7768f39dc189090f
test,images/test/healthy_0112.jpg,labels/test/healthy_0112.txt,d1f734c5c8597eef98a7690cb7b87d15dca10604d04693a884ba81d6d6319136,8ea2ce33cde418b36ae2cbd7a3e2351c50d8ab6f3f261a288ee4fede16a08a54
test,images/test/healthy_0113.jpg,labels/test/healthy_0113.txt,6259a67f285853ddd05a9b32a381e3f5431d72c4a9d6576cba2d734cbdfbad62,cadb2169602050a56853d062b61d0533c9a92a0869d6bf90ce7ec2bce9b09d33
test,images/test/healthy_0114.jpg,labels/test/healthy_0114.txt,c03f1942ac98c68ef31d0d5ff2b676a12972194cfbb423737d100ec40e6a14cb,2fb89adb5a4d480faac74f4511d91639d7f0c412051e7ba4f86ab8961987e1c3
test,images/test/healthy_0115.jpg,labels/test/healthy_0115.txt,6b41a4e0e34b5c5b2d2fb633e0e8856e100b912d6f2883731d54ebb668fc3972,6fae74aaedb81936fd3bb89aafa4747c856338ab3bf22b749527ff58e82593c4
test,images/test/healthy_0116.jpg,labels/test/healthy_0116.txt,702cf673bf65a9571eb2362dc356351e5e36fad6e1b4dc1da2591194f6158c56,45f5cbe36f10d72283fc3df0770e81356a2c434d5e681326c128faa691ac58a8
test,images/test/healthy_0117.jpg,labels/test/healthy_0117.txt,59357bb9b20bf83d71eee0ca859688b58592a860484b3796f235c5b06f160446,eabde253c2cd288851aa241ff93d19f90010c70481833a8c2c947f910667e3b9
test,images/test/healthy_0118.jpg,labels/test/healthy_0118.txt,6562928b379ef5c0a885b18f2e3d016c932a3832bd556f5a5c752d30c06ddd71,d82a072a204d97f3742e0c272fd4eefe23d066585dffb5ce70bfc60a94debcef
test,images/test/healthy_0119.jpg,labels/test/healthy_0119.txt,5843f31866ddfbe7aae7411a09ae306c2c186a81add664592d60befc33041f66,b84ecd5c0d96ef7e1dcc8a70cab1c9a569eb9319b4c1d4dc18b016d62ad6b39c
test,images/test/healthy_0120.jpg,labels/test/healthy_0120.txt,e7539a25386dd795632c778afc84061fe248f8e5456bc7084a41bd0fb95e04ee,96563406a8ae7f910b84754e867fd1a9476ae3cf097c907278e9c5e20e2f08ed
test,images/test/healthy_0121.jpg,labels/test/healthy_0121.txt,3d717bcf2e72e616c8088799bd764015ca8b76298e3e122cce5593587e22deac,88be0c4557cd66de9e92ce4f3b9f3f3bcbcba3cf0c90f861e42935980d933384
test,images/test/healthy_0122.jpg,labels/test/healthy_0122.txt,533822aa8a0170655b00342e8dd65052706b77f811b7018a46c590fd9ff7cb22,477bee99d1fdbce56a8d1fd6427cf0f8828cc516f71157572234e509c2efaa60
test,images/test/healthy_0123.jpg,labels/test/healthy_0123.txt,146d2ade52f979eb63b05805843551621c35d82d9b9367817581d1f2c79615c1,508117a06373057db5a42663a646f3b3b92e4d0959961f25aa64c2745732f036
test,images/test/healthy_0124.jpg,labels/test/healthy_0124.txt,5ddc6c31bda7c764e9e3ea125b100f26f7b04aeea67ed370533255919f3e11bb,7a0860879ed73f425b7f93873d5c13ee112536d613477c5eead3ea8e4ebe9099
test,images/test/healthy_0352.jpg,labels/test/healthy_0352.txt,fe7e2d5aabdc6cf7081adfe71bdd874567f9e37c23d5330781b85d388c0521cb,cfbb52d95b3b851363816d715a1d37ca247045af64f54425fa4447e3980b0f21
test,images/test/healthy_0353.jpg,labels/test/healthy_0353.txt,f33c734e23e0311168444bca04de0a1412fecd92f7ac189a8fe57f43df4d73cb,c19336050363ef074cede45a8096acdff5753eeb970011095ed7bb8d525a26ae
test,images/test/healthy_0354.jpg,labels/test/healthy_0354.txt,1112e776a1b8c41bcd4dff78307fc46e82a4a2c9825d0d61d15361dd50c05774,140b4017caca709ad8853c0f46bbb9dcc7144147f13835795e433435fa70d5ff
test,images/test/healthy_0355.jpg,labels/test/healthy_0355.txt,1112e776a1b8c41bcd4dff78307fc46e82a4a2c9825d0d61d15361dd50c05774,0101501dea7b30f4fa42337f0ff4e690baace2f089b70f86de1a91fff1e3e65e
test,images/test/healthy_0356.jpg,labels/test/healthy_0356.txt,8a901a65b9b720e3cd828940386473d40c1720db8467ccfea90218a15766903b,62a747cef89bd6be527d841dcb71898e402ae77ee0bab6b19ecd09b4d9268677
test,images/test/healthy_0357.jpg,labels/test/healthy_0357.txt,8a901a65b9b720e3cd828940386473d40c1720db8467ccfea90218a15766903b,c2b113d4b2b6b672f15d962134232914257e1dafc738b8276a3724766b8dd88a
test,images/test/healthy_0358.jpg,labels/test/healthy_0358.txt,96eee832cf27aea457a5f409498677d474dd7c6011d9ef4eb0b97dce8a07c4d1,d3555b40969bbddc7dfce567c6059f6426611456b33799328910dfd60f0f6415
test,images/test/healthy_0359.jpg,labels/test/healthy_0359.txt,cd465e10d0e34c18396bade9ec762ea3377c2982c8eca740caea6afee170e138,6ae78f063937b6c828dfb5588cc32e176f251cb1102f0d12342de7ed9a905734
test,images/test/healthy_0360.jpg,labels/test/healthy_0360.txt,cd465e10d0e34c18396bade9ec762ea3377c2982c8eca740caea6afee170e138,8678cdd70735dfb8fd5fdfbd0d1eb6110d3c99b8da7493458482478473d1bf0c
test,images/test/healthy_0364.jpg,labels/test/healthy_0364.txt,f1cfe748467a25b6123a6cf75b59d37a921b536c2ae1473f4234c532c0014e12,dee1f12d3c604b0404d0a9900d20fdd8078cdfe88f6fbb3d50d0b2f6af86a911
test,images/test/healthy_0365.jpg,labels/test/healthy_0365.txt,f1cfe748467a25b6123a6cf75b59d37a921b536c2ae1473f4234c532c0014e12,998530753b9f41e562222bba486088c77f11e52410bee182790c6e724df915bc
test,images/test/healthy_0366.jpg,labels/test/healthy_0366.txt,3ad747e50ee6ea9baa435287ea8392992e3bac2fabcb7d41fd125a3392266f78,0989ab47d74ec4d2cc0c464fc2b4ced3574b6c1d406444f4a3ec5742e5a152c3
test,images/test/healthy_0367.jpg,labels/test/healthy_0367.txt,3ad747e50ee6ea9baa435287ea8392992e3bac2fabcb7d41fd125a3392266f78,fdd9162f4c8dc388be0e630a7d7c518d96d2d8da69750a366e050046de88c529
test,images/test/healthy_0368.jpg,labels/test/healthy_0368.txt,2a17b4b58ba8ed8ee153b30c96570478eb4e28a8dcc2c4d411a69916b4842124,d3365efbbbbd001b467c5f3a1c8ffe724fbc93fd3fbe3d9acb500f894acfae9b
test,images/test/healthy_0369.jpg,labels/test/healthy_0369.txt,2a17b4b58ba8ed8ee153b30c96570478eb4e28a8dcc2c4d411a69916b4842124,2ffcd48bfe3aed2e40c835f7992a5aca58891b732ae13221b5063a2220fd9430
test,images/test/healthy_0375.jpg,labels/test/healthy_0375.txt,9eecccae0192cc6582921094a8215a1de2e549442a23a285db4a7567134e30df,11db8c8471dc520704aedc24b82f479905405ed70017dad6498bc37cc9bfb644
test,images/test/healthy_0376.jpg,labels/test/healthy_0376.txt,4611faeb06dec8d5be49795bd5e400504ac654fb74af40c14c82c7ef3cad2cef,f5ff221de695712b33730d9ae376546ef28ef4b472e2a086b3708bb92eeee870
test,images/test/healthy_0377.jpg,labels/test/healthy_0377.txt,4611faeb06dec8d5be49795bd5e400504ac654fb74af40c14c82c7ef3cad2cef,d96d44b5a8cfd5f39842e859670f768abf4b3afb95ac87ae6ad2364fbf76691f
test,images/test/healthy_0381.jpg,labels/test/healthy_0381.txt,877dc3f7c126144889933f06c1c62a3a5019273351c7846a1c24889e0534634a,8003b44c5b1b0af6c6e8e45ce31faed12ce541cf106b1a5aae734cf034d0acd4
test,images/test/healthy_0382.jpg,labels/test/healthy_0382.txt,877dc3f7c126144889933f06c1c62a3a5019273351c7846a1c24889e0534634a,c6db13a5082d49ac8c38e2da507755e9318af0951c6fcb5f484e849d7e74e456
test,images/test/healthy_0387.jpg,labels/test/healthy_0387.txt,79a0c350731fe63e2817c42c75ad540ce262ea7342113d8e67b4b67d9b60f367,f3db7fd5854363470e7c78984c8d7e89fe5a0a7beb0962d2569eea7128f43fa3
test,images/test/healthy_0388.jpg,labels/test/healthy_0388.txt,79a0c350731fe63e2817c42c75ad540ce262ea7342113d8e67b4b67d9b60f367,92857ccb6bcbcdeef98bdd867d1f21d97f5f5852fe9c77f7b011e840b703e5d0
test,images/test/healthy_0393.jpg,labels/test/healthy_0393.txt,e0de057f59e2bdd950cea09abffd2497529245c38b88065895c8495068c54f2a,4383b77f8da3b7496a1279400a31878c85a1037a24c1b3487b9713a7accf1882
test,images/test/healthy_0394.jpg,labels/test/healthy_0394.txt,1f0f725dc69c58f57f189d2ad7b14b6a552e4be3036c3e4de74324c3286f6150,35a5185b1c7e086ba62d352169a03ed197bb151bedabe6dc40f59b8677495cf8
test,images/test/healthy_0397.jpg,labels/test/healthy_0397.txt,53c1c4580b377c1bee9e06a8ce50fecdc02fd870dd9cc47d848b5f6bfb46bd81,1cc95cdbeeb42105314fea8f11973c2733642f5e5915681b62d9479df9e9f0be
test,images/test/healthy_0398.jpg,labels/test/healthy_0398.txt,53c1c4580b377c1bee9e06a8ce50fecdc02fd870dd9cc47d848b5f6bfb46bd81,367e0a39946127c04c9a1301a9e2e5f869065b821312f8b9ae55261134f85f4a
test,images/test/healthy_0399.jpg,labels/test/healthy_0399.txt,f6eeb7625a2e836fe70e7e33d383578b8a0daf0ca8f8ced771798d46187e62d5,1c1a0ef3d123ba437c0829b79ad181fba66376a2c51a275afa7f3a976540839a
test,images/test/healthy_0400.jpg,labels/test/healthy_0400.txt,f6eeb7625a2e836fe70e7e33d383578b8a0daf0ca8f8ced771798d46187e62d5,333252af37ef9ff46fbda161bd96c2e955de7abf21b3576184b61d94a37f1175
test,images/test/healthy_0401.jpg,labels/test/healthy_0401.txt,6263502b786616770e99a34b65845a950aa695fd5569c0ca703257eb48576a87,e23bfc109d57f3479c1cb1d18bd06cdcf09c4c17e082e3728195ff940885343c
test,images/test/healthy_0402.jpg,labels/test/healthy_0402.txt,6263502b786616770e99a34b65845a950aa695fd5569c0ca703257eb48576a87,19f8803b8ed60bbcd4737fc5ce0b1ec04c2508b23c8eada16b25479d276f9238
test,images/test/healthy_0409.jpg,labels/test/healthy_0409.txt,d5686369c9ae282e8d060b476ebe1ca1d37b7fad76317cf45e38922785cc9fb7,5aee0dd2113b642dddc65655b849b54b296728f0e1db43c4c87e3b7069c21059
test,images/test/healthy_0410.jpg,labels/test/healthy_0410.txt,c1a2e7b54a1abb9bd51e24b6861b35ffd0f612f07c0bfd77377df70cd5ab1647,096b1637498d32f74d7f2ba195c78822da1a6a16b2da16377c5ede35563b21ce
test,images/test/healthy_0445.jpg,labels/test/healthy_0445.txt,1639f17f2c668dd0e194d63ca6621da90d228492704409e1f732d5e17dad11b2,31a8a9b7d9a446a37758ad60b7c81411405a98b9e5598b20b5542eac03ff9ecc
test,images/test/healthy_0451.jpg,labels/test/healthy_0451.txt,711a36a426fc482f15f8bce849c6c01cc909946b2f75621a43c81fa8f146cd59,124cfbd131b446ce3bbe6e84dc2b42ce4be55c4c7c49142935b40c7b38e712f1
test,images/test/healthy_0454.jpg,labels/test/healthy_0454.txt,0fed842fd64f01095108bed5d9114a1574d4caa1293ffea3951f64b484c681bd,2d24e5f1033dc74b21dfa73f03aba30615e76ed24b71168440a88e9308d5f8ff
test,images/test/healthy_0455.jpg,labels/test/healthy_0455.txt,1d861bc01303860201a71aa5c4202e6bb7a9782a11f15f7ce3ca272d526553da,6a5d0d0298027b9eae7c5c54dd4f818c973ebf75db1cc62d2d178c5523299150
test,images/test/healthy_0461.jpg,labels/test/healthy_0461.txt,92b409d2e4932501876a894c64d15b44d85f011408043e293ab2b392a9181e70,960e63f8e3dfbad7e0de66170a472766a78d165f5d861e4c7113f4c105f09194
test,images/test/healthy_0463.jpg,labels/test/healthy_0463.txt,020df33c506facbcca4d0b94be246accfad4adb1aa32d92861216523417f44cf,15e770eb7ba70d3e968cf139558a83edb7b537b2543492fdfa8f3c0ebbae75d7
test,images/test/healthy_0464.jpg,labels/test/healthy_0464.txt,d6331f3a5fc53eba646f2068995ef324aa9067ba58a445a3836f80de2a92995a,7240c57e97308eef952f6f224ad7e532e8471cfc9669136c610d84d8c66f998e
test,images/test/healthy_0465.jpg,labels/test/healthy_0465.txt,9f73e2394b06120d658544bc90cd89ff91f744901c1819677b895f4c9d27886a,668767a459afa6bcafdaa9e8e1c5339a907f416a1bc439ab8ba20336cd403929
test,images/test/healthy_0468.jpg,labels/test/healthy_0468.txt,1f1d6fe22b50fdb012fc338b4908b52f9669735e6df01a19206d3db6e8988dd8,c2022a57aa255c2f2afb0b025f602776899cc6b29475775296953579c7c23d1d
test,images/test/healthy_0469.jpg,labels/test/healthy_0469.txt,65593e36ae03bdee3d101ee6912e07f6ffd97ccda3fe47f64268585018f4a892,2e0a87fe8c3039d9fe6c58506ef1be86a7351343d3cd032b0cd9a4373e2d5e0a
test,images/test/healthy_0470.jpg,labels/test/healthy_0470.txt,17e08be55fa8a9519779355be9a42da1bf5ea6eeb9a103248a3d50afb0e36a3b,40f4fc58ad48c65db4431203de2bd8fecb44b3a61f0fcd551cdf81e381e3baa9
test,images/test/healthy_0475.jpg,labels/test/healthy_0475.txt,058e2b823b0c1cdd004077c92bd5311bba6afe26a3ca5d01edc9ec1938aae123,52b39cbf7d64541a2efe9de8e25942692eec7c967150c5a3fe3e2f4a66e31eb8
test,images/test/healthy_0483.jpg,labels/test/healthy_0483.txt,8fd96e7f37d85513782d6d430635b73387e04e6cf72322cdbbb0cee2c740fdd9,689d4127d5951328041e8f06618de667e106fa6468ce12586573da1df5ff92f5
test,images/test/healthy_0484.jpg,labels/test/healthy_0484.txt,868dbd2bac66859f8b0ac2dcd40492ba2b7cfc6170c40d8cc1cee8cf7badb292,875a5e8d46a13e87b5007225c0f347b7c334e8c92cf3fd73c7343b5fb80a99d7
test,images/test/healthy_0493.jpg,labels/test/healthy_0493.txt,999a9c62684a206d28876a829c749975d57a3206999280f455a3439035f4a7b6,66b0506b1706137a3def0218819a2c57edab438bf1789ed6440eb74e93c66c53
test,images/test/healthy_0502.jpg,labels/test/healthy_0502.txt,bc6fa0965605f247cf83dd6ac10dc1f1e837381de35d8608a5c7a63c710843bd,bf10140d22952c2c9e4062f403acc2e9b2a5047cd54c778d94b0689b5646093c
test,images/test/healthy_0505.jpg,labels/test/healthy_0505.txt,848eafe6bc27e96345aad4d5da5ec2366e3a91376d7512aea8e28cdf19410298,e36633fc70620b0c94011a58641fb44d89d95e695bcd66992a7ab992b404b32b
test,images/test/healthy_0511.jpg,labels/test/healthy_0511.txt,27c7b09ffac2e181da456c50deb6f624547c723d3fac65434fbd3343801d0099,7bcb568e8bf47ee9d68354bb90330dd27ce9c9b638aac137a4e85a123f21ab46
test,images/test/healthy_0518.jpg,labels/test/healthy_0518.txt,94d993279143480b290ec2f3cbd2b2e83f41b2237c580a5ad1bceb2090c3a728,cfa00c10b614b82ab4ad35d275b7891d6bc065353379853c824e6f7e72e3f0d7
test,images/test/healthy_0519.jpg,labels/test/healthy_0519.txt,5d9d2ca2ace31e06cae1fd71018c57311958ad967f653a4d4bccd3c65acb9548,73e433aefc72cd08dd5604ef2e503eb116b312b54e4419ee348896699f049d36
test,images/test/healthy_0524.jpg,labels/test/healthy_0524.txt,99eb4148923be9dcf49ee6189bfd83d8c365eb7739ddc77b267fe839237fe5d5,4c78f6e468f1238e0e645bc47cbb3342211726ad3234b05fff8153ca91a2dcb8
test,images/test/healthy_0526.jpg,labels/test/healthy_0526.txt,184255314d7c9d7d5b6288e915fb1af1bf52797d60eb474e1efbdb5afe8d651e,39c587833aa98206509cf6a919eeafe3275af945b6c4d6addd7875f8f5a234cd
test,images/test/healthy_0530.jpg,labels/test/healthy_0530.txt,bfed3512495ff826e6b90b0eb93ee0f05afafb8d0616f489d7dca43023de2417,9a5c39eb20ed23b13b0bb0caabbfcf5857199d82506a2e6887bd3386a2ce5f95
test,images/test/healthy_0531.jpg,labels/test/healthy_0531.txt,da6635c0be3eb09116fd8418d6f5f08464c61c224b3be93e2c85b10311980e1d,19e43a04f4a56376514a2e3f8df18ddbc91df657d95a99e3d008668574c01372
test,images/test/healthy_0532.jpg,labels/test/healthy_0532.txt,a22767c78733c622689592beddc055cc5bb7a9a5bebe0bc5f4870d59826dd0d5,001c8d906bcee1f14766ee362f2f7c086c4def1a514cba555fe18d5c09a1ecfa
test,images/test/healthy_0535.jpg,labels/test/healthy_0535.txt,caeff18cb32852da8831a1160360a7d65b79b19851e33c96fe61b96377f7f93c,b89f5c34d68f3ed7a8a104fee12cb49d99eb8d2cf3c41f1d3779ffe5a31ba2b4
test,images/test/healthy_0536.jpg,labels/test/healthy_0536.txt,26e1e27336911a37db45ad2b2a3cfcbda1c7e878a7a4d706b07da7ae60a1053b,6290458522cb5db05b28ccd6081e771a592294798d58111fe1c9a9b25b681fc7
test,images/test/healthy_0537.jpg,labels/test/healthy_0537.txt,d3f233a190063d3caec7df7f85d0c0e37cfa164595a6b11537e91a215cd1d9b7,b003a8b33fe5bf55228120bcb571b5125f0005765ea9ce49963401843f16fb97
test,images/test/healthy_0540.jpg,labels/test/healthy_0540.txt,676a8be127fb5487bcfc947bf5478c80ddf9b0c63a42aa9026704953aeab508e,51280ca84b50545f58f669c4534e959bc0c3a2cf86793444a77610cb3a95f49b
test,images/test/healthy_0541.jpg,labels/test/healthy_0541.txt,898620cc4758140ce3188fed765a2c75918442798f4dbea9027d7679321bb7eb,69ff009fd0d9753975501523a3dbdac990108dfac22213970ee5c22304dc3f91
test,images/test/healthy_0548.jpg,labels/test/healthy_0548.txt,94b7e4dbfa7812ca0c4e32cafd81ecedf3f314c671d9aa9c7691313896dc524d,c7c6158356e6aced09c4d419c99b15c7f4e18c3a2afbf3557e47f5635f896a6b
test,images/test/healthy_0550.jpg,labels/test/healthy_0550.txt,0ffb40f823c9c5a6dfc9c827fa4a86e52c5012673b6f3a842ce8bc77c5ee63ea,152a6862b7551a8b50768e645cfa03e97d8687e7049ca5d5b7e5a14ed01964a6
test,images/test/healthy_0552.jpg,labels/test/healthy_0552.txt,c492b6252dd6cd2834ac46c033d51b3abe4e8289d64e97b809963115aa10baad,67a3681bda39ad8503f7c57ae90b36ecaa5589b91f37887febb2ca52f498131c
test,images/test/healthy_0560.jpg,labels/test/healthy_0560.txt,bef59f4934c3839f275f9a5f942a923ea1368f24d5d87fa56113c6e0f619959b,723763bf3730ba9ca0077578163b09553129ff1a21e903968bbc33a8cfda6103
test,images/test/healthy_0561.jpg,labels/test/healthy_0561.txt,12df9e15de6961de6fdd5508440cee60a01e31f1ff4e13639457dfeeea0efd8c,7b8d7e6344b9e33ce72e3331becbf1052902d81b5afc0c213a4c3bd597789b9a
test,images/test/healthy_0564.jpg,labels/test/healthy_0564.txt,f1024986875a4d34cdce95154e57c62436fdfb2c93efe2400d63624c7a73a266,3223383c32c6005fe3b3b94e8b68ec991cfdd4971e0d6b01215e70593ee4bd69
test,images/test/healthy_0567.jpg,labels/test/healthy_0567.txt,a25c69b7b4b48480b02cde15617743a819162e92ea33c6b72fcb06491d4429e1,05bebafeb0dff69424dbe7419fc7a4547d837f1d174e6bfdeda2d606522ffe7c
test,images/test/healthy_0573.jpg,labels/test/healthy_0573.txt,4f19d2292f22c54d30fffa4628bbff795e5cad261b3d55465d1f03010d344c22,833881a787451014d1723fab92ef971304c80cd7515ed8ab026b16fa9f5765ab
test,images/test/healthy_0574.jpg,labels/test/healthy_0574.txt,4f19d2292f22c54d30fffa4628bbff795e5cad261b3d55465d1f03010d344c22,434b3f69528a8dd1f41e55e7c91e07b82dc9797e65bfdfe01107052981126d44
test,images/test/healthy_0581.jpg,labels/test/healthy_0581.txt,393145f3f783538348cb0a1a68dac00028f93604df1645f816e4350cfbf7f056,33d446b6a7492fab2cd1311299427654e551d596d5db5a53722c20805eb5ddf1
test,images/test/healthy_0585.jpg,labels/test/healthy_0585.txt,1b6690e666a4043eabb7a03a7fac25ac7a24ad35f8a8d1774b5c9f501d7e11df,5e9e3c249f9c04498293802f4f2505828be1296eac39b841628442aa0fac1169
test,images/test/healthy_0591.jpg,labels/test/healthy_0591.txt,26a011f1b29fb7510ebf464e1c18b6e5d2552aa44507a0eaf85d9bb23b552318,53b69b96b1f35411b2817b67fd305e0f829750c6e9bad31c1938046eacdd8d6f
test,images/test/healthy_0602.jpg,labels/test/healthy_0602.txt,ffce1fd057b9268aee94cedaed8bb22f58f5d81b302f50f0f26fca5001e7cc6f,3f2b6c3ad724446734bb2c322939fd831a44e1eb8de0a575c6398e265db7fa1f
test,images/test/healthy_0604.jpg,labels/test/healthy_0604.txt,913499bb3d52d1727b3700ce3ba7de95408ac5f6ff988d5c0d7e197a02a6742e,a759825c82e077728e0be301cdb98677287a5d9a20d565e99cf3953008bda104
test,images/test/healthy_0606.jpg,labels/test/healthy_0606.txt,3b1aa32030840c64eaf36d8523c270d1fdb4e7c3a2bc30451b448837b6c60c20,ca3f28c1edf1a716d277bf0a128a0d4cf7baf6854ee6d982307d975c96a2577e
test,images/test/healthy_0609.jpg,labels/test/healthy_0609.txt,4e523b28a862281ae533908a42a121a9ed55899e54cb0c51a5d1ef9797a07834,5c517e3accd61412515bc94c1c997da64c2895f05d090f967a991728b8f7f2d6
test,images/test/healthy_0613.jpg,labels/test/healthy_0613.txt,985085b6f5a044eb442a7e88e7635623a3a5b62a9def2c063cbfa260b9ec2144,197fa1af959225becba0eebc8112c8c99e78e64a6fdb81733b53dd232a18eb79
test,images/test/healthy_0615.jpg,labels/test/healthy_0615.txt,7464483bd43d941b6f8a13477f4913c78707dcb9375a9ef11f0b27c0592cadc6,bf4fb2a18e23ad8b8105e75defeaec22d9b9059e82661246dd065dfa4ce32616
test,images/test/healthy_0619.jpg,labels/test/healthy_0619.txt,f6ad6044bfcddef5603dde8c23a1c90f264987b71f91dfd3c4faf5642d8295c0,76654fcf7f3b4f10a6dff102bda05e57c03f18e079e82d8d36b0d9ebae27d530
test,images/test/healthy_0622.jpg,labels/test/healthy_0622.txt,704bf52113496b187e4ab71970c7adc6e3b4baa87ed857ac09d3608dffd1e5d7,0c8fdf0e29e52cbf78d35249e7df47ec755e2fcba37471f94209eccfd22a4e97
test,images/test/healthy_0624.jpg,labels/test/healthy_0624.txt,987212dd61972824f040ef403c0c71d5ef9ebcb5c4ce098bf7c60b2285d79e64,5867fd392f6b3377aa1456cba45c78bfdd4d91d4f007098995c641528c96e819
test,images/test/healthy_0630.jpg,labels/test/healthy_0630.txt,de75f280cb7d94f72dd3e53878bc5aeb5abd227714e4b2da0bcec3b22f4a204a,23c8ea91810cf7af4955ca0730a8830d82aa900d9545fa76646dd96fc35c590c
test,images/test/healthy_0638.jpg,labels/test/healthy_0638.txt,128081fb9dfbbe8ceb385660d90c56f1f7ce1f1136fe5a14722392ce1e5ffe67,36da4a6120ab1d1e5d5f3cde622fcbac0d256e9decc8a2c78a5b88cb6ebf5f45
test,images/test/healthy_0639.jpg,labels/test/healthy_0639.txt,1b0944886b398331a5797432ae49ea85d1a8631ec203d98c2b3c52665aa9e79a,e2565ef2b333c3309ffcff4b59032e37402f8083f281145bd64d5136010f0c1b
test,images/test/healthy_0650.jpg,labels/test/healthy_0650.txt,581b5f3ab440b2af1e5173074045eb51df98fd58d7eefb31436495b524fa4846,b2087a73d6029db305018f300deea1c29150ff7efad98d6da7da5fc76a2ca19c
test,images/test/healthy_0651.jpg,labels/test/healthy_0651.txt,1abf56d8f7727a5fc30586b246b087f887bebd9e67a8137312268fef1ab45767,c3d1dc52c9e32edcd9f79e2c424a96cf78105f336a52375a1b42e4c4b9633f23
test,images/test/healthy_0656.jpg,labels/test/healthy_0656.txt,dd2e1fc45f1279735924b6d3292ca5d5bc9cc648b47efd214ec4644de2d9c7d9,ee11830c09d158a19b08ae9536472e55de40a3f5ef5bb16c8b7c829e470646bd
test,images/test/healthy_0657.jpg,labels/test/healthy_0657.txt,812f711236b0cf3ee9cca9bb4f67c1118a9520a193a6c7fb61172dc53c4319f1,ddab9000e6b3eeb821b650d6f70d57c6c8fc607b53572fc68dc5c6e6a8112b24
test,images/test/healthy_0660.jpg,labels/test/healthy_0660.txt,3b530fab71d1dd6d2f0ae2cb74462f431e54aad9fba215e3cc59c877cac16f4d,5e9c9aa7eb48e2e2425d98f411870118d3491fa75373b81f50f79dbfa6c309ac
test,images/test/healthy_0664.jpg,labels/test/healthy_0664.txt,aab67b58ef601bdef947b81cff9c078538ade3fdb768f32f8fcca9d145bcf5d7,fc8d7c71de5517969d659ccddb2e6c2c65bdb8f2a2cc7be93edadb56b1c53448
test,images/test/healthy_0666.jpg,labels/test/healthy_0666.txt,9b99d7fabc6989ab23226503917b6c4f7ed8735257d44b2252d5ad9f47c7b4cd,5c273b2034c3d11d3bc335120cc7e2b75ccf25bbc1feb8215302032307f34318
test,images/test/healthy_0671.jpg,labels/test/healthy_0671.txt,ba783d30a633d44bdb3385fb04d70da3322546339ed54c3b5e35754292ec40b6,6ae107d86c83cc26bc56a0b3963e33ab185ef62118ee9d5266e372fb86d96bc4
test,images/test/healthy_0676.jpg,labels/test/healthy_0676.txt,36566204feaa072e49167b1eba327b9afce74c4319ead89026b0e7d9bb94ced5,92f59e46d807422ba2c19195118226228c6d7010c127e4e3f7763b945dbac956
test,images/test/healthy_0681.jpg,labels/test/healthy_0681.txt,a2e7702fe246daa38e42dbdd4ea46a865a238740608d73fa5c45067189639fd6,97637202fa8985f2594624d8af5236d011438b1a62e75294e2c8041042dcf62d
test,images/test/healthy_0693.jpg,labels/test/healthy_0693.txt,c67d564b1cc7f8929f1b40a8c48f664f5009fd367bb42ba1957f0777d2066444,d22bed3a1c6ecd4800b5e527312b8509325283b2764f06e03bea3ed2f702698a
test,images/test/healthy_0695.jpg,labels/test/healthy_0695.txt,26d1b4a5413a1b88a4fe61ddd6b82c698e20bf34ba9be7a94453dedc72d58ded,f6f6e142a6edd1101fcfc44a0efca95dc76847bbe39bcc295ce786027e431c71
test,images/test/healthy_0697.jpg,labels/test/healthy_0697.txt,a67092b2396ffa0ebf9a7a3e1335dbaf782ecd223d0b03f623c884c32abc9cf7,3f111e3381af716f4a23c35c9e78e08a8be0e33039b96a8130fd4991a7ec091a
test,images/test/healthy_0700.jpg,labels/test/healthy_0700.txt,5feb948aec0dc3785b1f331895cb5b422d5c650aa271cf419ab7d4e99b610df3,7ea8e3c3cda589ced1f54a7bc77f5c270210ccc17218e084e05ad5078b678f40
test,images/test/healthy_0703.jpg,labels/test/healthy_0703.txt,dab3d4bb4e19fb43042ffc3d4c365576b9ce2473e44b5af5dd6629771994aaba,707b7993a10265700f3eea963e5d6130b0296862063afe5a4ed8a85dbe7cbc2f
test,images/test/healthy_0707.jpg,labels/test/healthy_0707.txt,25cae9ddc962a6a6818e8f3e46262c2e4d3a17d22a4472a837260b3c2190f4ac,c2f116b581998f9acccd4abce977f86773800f00fe3820d2d1f9560be7086581
test,images/test/healthy_0709.jpg,labels/test/healthy_0709.txt,dfd48a8c3d311f676c46cf26bf518c1118fff409e0e29fe13d6ea8c121a19750,5d819208fc254f3828187a68f2a23ac37626f37b1129c878859d0dd8c222fff1
test,images/test/healthy_0712.jpg,labels/test/healthy_0712.txt,cad78db9908867bc86d8d772ec458ac6a661e453e6c14b6d6eac3af1487efa8a,96bd118af2beceabaa2ef24e2b8870bc6aa229baf0a7fba0e7198863960dbd62
test,images/test/healthy_0716.jpg,labels/test/healthy_0716.txt,f183b21128255d08c7ae9ac96fe6e8e69583dc6d36857d5cf84fb8d94c4949b8,d0dfd403cd788dbadcb7faf1fa9ab50b89049fec26abfb3d63ee23b467963884
test,images/test/healthy_0720.jpg,labels/test/healthy_0720.txt,a55eabb23acdacc3a7913616666b5b12148d6682d3886b7e9fa53df3bf949670,3052c51a0d7cc62005a23f1670a711dcd8a00830a2c08dd0df2ca239880ee35b
test,images/test/healthy_0725.jpg,labels/test/healthy_0725.txt,154431b3528c53d2fbdcc006428f96abc5b610b1d34a641dc18838b3b8131fda,9137cec010988c59d37301c38acfa16d3b4de1aff5eb7bf37ce3996a219ce986
test,images/test/healthy_0728.jpg,labels/test/healthy_0728.txt,145ea0a702f61b23fddc4ed0c42be8a5b954aac022737df20ec3e1236b5e3678,889353faed8500801bf1904604382dd96a85e457d1ef21eeededcd260d464d9c
test,images/test/healthy_0730.jpg,labels/test/healthy_0730.txt,3105f762a96d8d76ae4a6a050857849cbf936fcd62fabc2c6bce9ee331ea016b,58a357380376f0b70574a83544ed5985b7d31bd39406fe7fe66dd8f0ac6d9bf1
test,images/test/healthy_0739.jpg,labels/test/healthy_0739.txt,4a1b3f0735736952238593362c76c577ca3f4ec679f5236b381bbc3b2cef4114,e5fca36753bb79678057c2f39816f44b526a651b3d28147a6af37bad2c318932
test,images/test/healthy_0745.jpg,labels/test/healthy_0745.txt,f66ace08076dca4c1648ced274bd9fdfe5cf06c563014962467f9c19f19b30e8,805f5972c5ebb46889d9be270afdaa8708b0aafc0cbcd5f7dab33c14dcb55e16
test,images/test/healthy_0757.jpg,labels/test/healthy_0757.txt,a8d7f2e75f28cb804d92ff0f1d2fa27ed909a1a6d32f19869a382d2c994729d1,a8de10ed17a7ef6016abae1fc645f8b24d5829ed79d2141e8e78f319dd80a50c
test,images/test/healthy_0766.jpg,labels/test/healthy_0766.txt,24c3ceea287e5d87aa1efa6aacf36b84cae9cbd205d3da109fce0372ae0507e1,4cd38879967bd1a52d8d27c99ddaeaa66cb91d9fa7fc3c3e7a8acbbcc2f28b8c
test,images/test/healthy_0768.jpg,labels/test/healthy_0768.txt,904d208ac88e3475c9cb94869e4bd21f5521a22161c012a52f517a47bb5792c7,2e6af40e3e50e760f3f2920a7504636df9544158d1793877ebe5afe4472cb591
test,images/test/healthy_0769.jpg,labels/test/healthy_0769.txt,de90fa07b8ff26ea5829b027c45bce3b3d01dbd719394f2fff2b564dff1708b8,8a309445f19e4ef0fb5e4be2965104d6ffc69ff0e32df46d399e6be428c6d818
test,images/test/healthy_0776.jpg,labels/test/healthy_0776.txt,85b24df547592075dba612e925b1678b940de9a32348f7c775f67843dc8b0961,78b20fd5f015b9de4a69a579704f9e3ea3ff7ea3d92f3343ab156f27651297c5
test,images/test/healthy_0778.jpg,labels/test/healthy_0778.txt,9af0714097652f2aa2cd6f266d0a57b9d4e5527abf07d1d561ca8cf08b1f9292,91431154bdbb2e5ca8195cc656331c1992efbc67cb5583112183c83a8115bc95
test,images/test/healthy_0779.jpg,labels/test/healthy_0779.txt,95c364fdcb6d051aa248abf0edeeb9ba2dbfa96c35e9f20be69d775c55553c01,f95355abd945e3ff3affe1be4007be7445abc11fe9c43b259e6638c7e631e7ae
test,images/test/healthy_0781.jpg,labels/test/healthy_0781.txt,9e79cc5c0a5bfdb2570fddf6ce23338f289d1cd8c62854a46e2c5a4077877746,3f307a60fc76289d2ff3ed8a9afe8147311179163c04564e2d6b5c239651c1d5
test,images/test/healthy_0782.jpg,labels/test/healthy_0782.txt,0108e96c9a8b7c239b08299012bf1510007c0a9d40b5697b033cd83c3b089cbf,a3d537cf2846dc5ba7a13da123a28bcbb17a162c1c8fd0a59db01d38831af80f
test,images/test/healthy_0796.jpg,labels/test/healthy_0796.txt,7264fa65e5b30518c35f5c84bd15b14dbf15462988cb19c11fd6d7d17b1e5889,b5c2c1ea810fc35124240156a51a1baacc4151185b765fbda38c6237decde606
test,images/test/healthy_0802.jpg,labels/test/healthy_0802.txt,eec6d698045d1e3a8c75014d288fcfaa20663e740259cf5bcb983a5a1239f3db,1dbf69c5ec52e455740a9ff4879e0b2168c156f03734a37bc0c5d2887cbb5890
test,images/test/healthy_0811.jpg,labels/test/healthy_0811.txt,9994b88f12ad17f9d499540da8701a539045bbeb163929728c7c018f5ff6cd13,5b268a441cc9f84e4b6bd8db1f06fe4b1176cdacf1bc14fecbd1732b3d44fcf9
test,images/test/healthy_0817.jpg,labels/test/healthy_0817.txt,210509007cf296eaa2bbb876bdf7216835d2d60a7d97c38581129e08f21b96ad,d27a8b3f7c72e146970e486aca150723d3c979a218dea6a646275f0ee7a2c112
test,images/test/healthy_0818.jpg,labels/test/healthy_0818.txt,7238d88361b4ff9e3a0ab8fdca7d83dd672946ff2fff21f003b8b9ffe59b2857,61fc1e0e78b250467ab41f2eb73d203bae1df1df5a350e9f50688de553157961
test,images/test/healthy_0821.jpg,labels/test/healthy_0821.txt,141d446917f8b3397469323d440d2d525ced98dcea2bec7fa518f7613993654c,114d23ee206123fa869f144cc209532d9d258e4552330d15d6ee6da25bb09757
test,images/test/healthy_0826.jpg,labels/test/healthy_0826.txt,2889723ff834b2b6906ffb20a4834200c01ce38be7eb5dfeccd14bec35802a71,7a5b331d1d86918607e8cae1232ebafed2a140fe102a6c6f670d0a3b49df29a4
test,images/test/healthy_0830.jpg,labels/test/healthy_0830.txt,65df624323c752c23893d3751d7418a0434080e6157f34889cd28dedb35aebee,0d962b9bfb55a4585cf177846baafa2df6af253069b8a70e7961a22ae76b875e
test,images/test/healthy_0832.jpg,labels/test/healthy_0832.txt,6c846decdc44388896cdb92fe50e757c46020f13336acdad87a1e21f0ac724ee,c6436f0e26b856edfd740d9b6d51c96a3f5c9df4868c98f38e8f7ba5e6d8188a
test,images/test/healthy_0837.jpg,labels/test/healthy_0837.txt,d5484ab02d9eb45bc8612e2be08292bb066dba5ef5752b1e8f76be9655bed24b,1d53c5a55e0e02241eb1e54aae3a94f87eaf88143f24bad957d3df27eb6147d6
test,images/test/healthy_0840.jpg,labels/test/healthy_0840.txt,a379ee85a13d5319bfd14099831d4d7d32bb1a6c7ca3dca4d2ac92ffd778d07f,047751e43857e68470cf6a63882150cf717fd05cb2f261384ef32d603976957f
test,images/test/healthy_0850.jpg,labels/test/healthy_0850.txt,c3cab815007ad7415fb31de7c87bf4343a8ec97a0b49bc5cf5ba0ab5ede55ffe,0ff9a710a724cd5946d314cb141cbb4caaef01148f119424fedfb8ae4539d3ad
test,images/test/healthy_0855.jpg,labels/test/healthy_0855.txt,1be8eda385ab3ee2cc74bc674961462db7669713c47dc91861e689f4555b4720,47e07b2a5d12b9453f5d450b3ca1b7f443006ccbf2523f6cced3baf712bcdb21
test,images/test/healthy_0865.jpg,labels/test/healthy_0865.txt,11c87efe7ce963735a32f8c45aa5260f0b80187e7dbde869889c28e3ec197ade,95d0e9f9175929df6207ba9b64cad71d65bfc85bb925fafb2e4ceaf8d439c81f
test,images/test/healthy_0867.jpg,labels/test/healthy_0867.txt,d6975bc16fda7d1d109e7ce2bb39f3b63fe93c097fcfd2d88299d1cc82c70b19,17ca6125ab88f4a23419413dae796a74ec3de45f0c7c94f9b3b5edd068e1f0e3
test,images/test/healthy_0868.jpg,labels/test/healthy_0868.txt,42d54d420e8b85286da38adf08eb161e4a947211aeaf9743152368b54edae18c,aeebd654443912182afb97996f81ecb83e744864f558c3a5afe32220e858f66f
test,images/test/healthy_0870.jpg,labels/test/healthy_0870.txt,3e0f8e9a2c077a2e4a551ffe1aabc55a7efb31064be858fd33c16540bfa5eecb,7ffef29c84464fc2fe8e4473ce6dcf281bb8ece350a1b2791612b0cb29cc00f1
test,images/test/healthy_0874.jpg,labels/test/healthy_0874.txt,de2a012f82df1d3dd81d76d9b24d31305ba8a13927eb9b7fc135090615f1e273,7e6bf6216e2670a72737729f97a71071546edb31c09522efd6e0ed9a5802457b
test,images/test/healthy_0876.jpg,labels/test/healthy_0876.txt,5792e32b031a5e567ac29cd7a28e864f1c543076c96ece78f64a68b40484f2ee,5b236d71d18100fdc0921192ba7ce02cfbd1e37d5b4a6628a9b42e7bd29c1052
test,images/test/healthy_0878.jpg,labels/test/healthy_0878.txt,1ed8d536824b3b19e52e3db3f3d4f3503dcad853d5c396a2eda515119d9c863c,56919928272e3e67953db2c8805bdb76767d86bfbf06822218a1431283e485a3
test,images/test/healthy_0884.jpg,labels/test/healthy_0884.txt,9134edcb9ae187cab54ea42c01c31e57f4b3adda18df08954c588d8e8ef3c53d,c2080b195706cb7df43d70dd84ad45cdb94172aed51371c53a6d5cb96f51d34c
test,images/test/healthy_0891.jpg,labels/test/healthy_0891.txt,f58d80abb023018e54e8a9f6e311e8281eabc5e4e0574a4e1ba01325f82ed31b,f49758f164eb928dd324339685c83ea4e628ecf320d700704d51f3d96a5ece6c
test,images/test/healthy_0897.jpg,labels/test/healthy_0897.txt,bcaf0985510acda7476b526b8af65f1a522d04f3d3f280ede5a6539a1ab106d4,a89acc497f15821ec519dd96851c0dd864b660e34d5776970aa7f279ba8b0beb
test,images/test/healthy_0899.jpg,labels/test/healthy_0899.txt,9de2fa458693b8a880431dee98256a193d42d60571a866ed0c9ee09ae4137c1c,9e74940d48c859b3bf33e8258b7d70b25d73928bf0605d538de54d51362b55e2
test,images/test/healthy_0905.jpg,labels/test/healthy_0905.txt,9aaad5fd50602a1eb173bdf70eb9899d0daa99d03227b61c8730e7e273172ab0,2dd695b2502f580f08e07e22f92e8b46c3c118a25b6c4f867cae2f5d638f182b
test,images/test/healthy_0914.jpg,labels/test/healthy_0914.txt,ed2d6be0cfe20041f80a5492d17de6008c17b2a8b18a510099addc654fc8cbfb,6412c3f88e680fabdf2a263aa08ccdabdd4e3747b89627f715b417e2643da286
test,images/test/healthy_0918.jpg,labels/test/healthy_0918.txt,7afacc86b6d17824715a3405bbcad67896fb374dee46026a5e084252a7dd184a,80aff7dcfb8b4fbaed1d28b766fda4ff5f98dc79993ecc58bf5b10932bfc05e6
test,images/test/healthy_0923.jpg,labels/test/healthy_0923.txt,1d576604d88edbbfbc402053dc97e6703086fb6b221da93b23d597592135edc9,73dcee424f0534b02c51d9989c5e142dd4a456856a549bef27952a3781ae7f04
test,images/test/healthy_0925.jpg,labels/test/healthy_0925.txt,979ff54093715a49cfb009debc2a3371c942a90a2c6c0d7ff227fa283c608266,30faa6de812571c800b79a2ca720bb6370c5041d9dba9873aa7a990ae5459238
test,images/test/healthy_0926.jpg,labels/test/healthy_0926.txt,30128bb3c57ec43558894b7a588bd9e8594ad7518fb9a1709344beef7af18cb8,235189bbe011defdbfbfff81bbd3000f82ba7a8f0eee927c155ae112ae4cb1bf
test,images/test/healthy_0933.jpg,labels/test/healthy_0933.txt,2e3d459bc8975409dceba8882212931781725b67d7f8303e9206579ff7c0c173,7cd2c238bf073c17aaa629881662c3173111791872767a62b73d3cf47eb114f3
test,images/test/healthy_0939.jpg,labels/test/healthy_0939.txt,ffa1e2b195f6b8221ab69cd2b667ece04ffc20a9ac4aa126bce5dfd7d53d81c7,742c4a6ff2a84bcda841c4e703c1a6d9a0633085aecd5c5aad15708f9e296e38
test,images/test/healthy_0943.jpg,labels/test/healthy_0943.txt,f4a6ac00de4a45ba6a47ecdc2ad600ee0770dbf9c840d185307f920962b0714b,6713cc88d73bfda423e8c2b4e180cfcaa7a3536923f6dcb99eedbc1f3361b07c
test,images/test/healthy_0944.jpg,labels/test/healthy_0944.txt,150e544ded17fd885047d083544bee5234770db2ad1458586832f52b8125f494,a9adcda8edaa1fdf22087980d7288bc156308e22e19e15f76e052a676da4f81f
test,images/test/healthy_0949.jpg,labels/test/healthy_0949.txt,596c9c5b592a460064e9e8dde6d2b83f9fd98e27f79943f6e6f0be5b364af15c,d986f84651f3f2ef1d04dac7bb2bcc3b1d53d0e1a9fa411b0ee18697cf19eab1
test,images/test/healthy_0951.jpg,labels/test/healthy_0951.txt,827c3aa9ac6f2ec0f520e12a69b0720176ee8dbb1f051c4ae00bbb09e0f4e226,53172760268ccfc4d0a988abc838a8c84f39e24647b562c4a2d541451afb52e2
test,images/test/healthy_0954.jpg,labels/test/healthy_0954.txt,f773dde28b9557767a78be1267a1148c5291fe5b1c7cfd3d5d24bae983056c49,4ce1161ad9b06552cea830abfe516f9e02cc9aade5dfb764fdec369acb8bbd5e
test,images/test/healthy_0955.jpg,labels/test/healthy_0955.txt,d632b86be998351be802a154e202cc1ba9571869db7e3118818cbf8563b879c9,8e904d13d29c45b6dca580fbefe7345eb22d8484cf744e477c63573ca3471095
test,images/test/healthy_0957.jpg,labels/test/healthy_0957.txt,3a741638b40713929b213ef768253e05355f71bdc837021641badedf8f3024ec,caa30dba2d54358dbedaf4284d69b352d31e5fe9eadd6f9836db92ebe3af4c48
test,images/test/healthy_0961.jpg,labels/test/healthy_0961.txt,cf5e797cf9188ef1c828d7766bcac7b1da4a325b46b7646b0af8aa201ef74a14,66b85f52a9496dc0748720753f69bd2822e5f89394fbf1995465018101a49bb6
test,images/test/healthy_0962.jpg,labels/test/healthy_0962.txt,1821cfcfd094cc727fd80fdc3ba47632c587ae78c5ff48fda507a94233f4ed4c,e503998551fe84489bd760d6df718102f6578dda36a5c7cffb78943c490bd353
test,images/test/healthy_0966.jpg,labels/test/healthy_0966.txt,24b7ff66969574e9f1bbed057d7df6178ba4d90f6bbff295b18a6d5c396bb069,89a411dbf3e00aabe470947b58a6694ce60ff2a1b8d5406b27562eb7bdf744ed
test,images/test/healthy_0967.jpg,labels/test/healthy_0967.txt,bcd12cd60e12d36e271327fc6087cdddde507ad18b731a5077cdb7fddcfeb7e8,dc3cbd4bc05962e8a4bba50de5bb7dbcf89e514a6002e7f76bc007c58976b3b3
test,images/test/healthy_0972.jpg,labels/test/healthy_0972.txt,f03e4d824710154315650754d0f2b5f4608f00da98bf713586975eb7b12dd255,75f3f501b616901716c260ed6abf08d514a0b78a3961be9ca6948b6e96d441b5
test,images/test/healthy_0978.jpg,labels/test/healthy_0978.txt,fd86abf36939d3a975dd936ffb355cf203f175e1b5067d4fc05710dc0a530685,6268eba9ac8abb98b2f95707a1f0650ccfb0d3e4ec82c3140fa38db3e2277214
test,images/test/healthy_0980.jpg,labels/test/healthy_0980.txt,f5e78c4d93be09e186070114ac953ae9234b2002a15f0f8c5e9facb2cac5bc26,b31327f5c56eb506e9a7dc8bd8a78a0db5d5e1a59aaa2010929f31b2e549b477
test,images/test/healthy_0982.jpg,labels/test/healthy_0982.txt,4df14a35bbf794cca4f48d972739a6e450e16563447ba56a534c4ef5be852730,103c5dde130353102431dfc8b6df969c38b4607a868109a30e95eaaa1b386744
test,images/test/healthy_0983.jpg,labels/test/healthy_0983.txt,e42ae708ca0ccb83a358316775130a5b7e58e3ccd20d19e5cca4bc6aa3b94d35,50a9bcf96de342fc1911174d0f674dac5a82e68b85cd3bdb0c1a45e936e24838
test,images/test/healthy_0985.jpg,labels/test/healthy_0985.txt,f21338209bc730991037b695ecc6c093d484c95e604b92032f0552fc372e518e,37c0d9cc376c950d81339be7717fc20753de761a58a67c43b60244ec2eae1513
test,images/test/healthy_1001.jpg,labels/test/healthy_1001.txt,041057b3aae669691291b4fd777f83779ce6eecf2c9e7b2242907c8f058df2b4,352f5536df735355801e6ba4dcdad926cf551b8f08692a2ed81e2526760a13f9
test,images/test/healthy_1004.jpg,labels/test/healthy_1004.txt,3bda29bb375f317b2b16dd568352765fdb0979b4a444fd29293925c94cf711d5,14b2e0637e24403331a42501f91805230e89402a635a9644f1fa3dde6e7d3ced
test,images/test/healthy_1014.jpg,labels/test/healthy_1014.txt,d870e608b27aa4f0047f884488fa9c908ec98ea84735098b2540d80bcefd013b,03c680d56b95f849279399fe035e4b1eb62da6a13b85d5806728034bc399463e
test,images/test/healthy_1015.jpg,labels/test/healthy_1015.txt,5562db661a5f4992d304023d5b0f886bc1958449f9cab0b057d69c1cfd0a6fa3,6dfbfb1e6bbaea8fcab552fb8bc1fb67432f31b21fdeaea325540e9e43869377
test,images/test/healthy_1023.jpg,labels/test/healthy_1023.txt,4d645e85ac44b712cbb0f1c4127313e989baa8f8ad51a2794f8680279afbe594,a28d408a6cd0f226cf16a7ce392693c6e2229281c9ac5d433568eab69958c63c
test,images/test/healthy_1028.jpg,labels/test/healthy_1028.txt,7703ee04a7ec0340f7b08fffdb64a7f891f5d9c747a98572ccdd205e382829f0,2175baf892ed59c273639ddba92ed845566dac2047e272ac7f509a95b8799b4e
test,images/test/healthy_1031.jpg,labels/test/healthy_1031.txt,3503aeee1f8b9f1688491f9e745142ea00a51de093810c0099865eed18c61595,cfbc036038dfbf5325bb961a51bd3e862a8b234001cad47d09f6e023d54b714d
test,images/test/healthy_1032.jpg,labels/test/healthy_1032.txt,2875c8f6f71f57762c545cdc2aae2a12deba56d9819539f4bb80bdbffd14bc31,278baaa3861de2ffb9c740571830a2f8711bcb1b5eea9fc6b7f9ab1bc1dd857c
test,images/test/healthy_1040.jpg,labels/test/healthy_1040.txt,050bf17b8da010517df19ab389a2a0e9dcea2a3269d020d44181c28d11b2ef1e,968a60b764fe434e246191e0f159a465f251c4161e365d18c1a26bf4df94701a
test,images/test/healthy_1041.jpg,labels/test/healthy_1041.txt,050bf17b8da010517df19ab389a2a0e9dcea2a3269d020d44181c28d11b2ef1e,63bac0b493e3cbeb45adcee777708114c4da9de229a23230f6c731363480525f
test,images/test/healthy_1055.jpg,labels/test/healthy_1055.txt,a7779192d759ab7137f869249b0d79ff81c841e2581278425801b8f5b0f98717,5c7d094fa945906020aa8ae704cd3537ecbf3e2dd9c519bf34a2a04e444f439d
test,images/test/healthy_1072.jpg,labels/test/healthy_1072.txt,7df5e6d7ae4e415928cd062239a89cb602187e19300c50ec55b543c2eaad6829,bdde87525de4678208c4487fc00f7ec9c05efb99c373a2fe185073b53ce1a788
test,images/test/healthy_1080.jpg,labels/test/healthy_1080.txt,1d201db2812b17ae699bba189c0d1c262c8d82953be59fe9c39daeb447e5a18b,68c3d8634eb72ba3005b285412ee844f01249e80c128f2a583ea078ae8e8a257
test,images/test/healthy_1088.jpg,labels/test/healthy_1088.txt,ebc730f6506a229421d4306e86bf1f1956fe5746f56313418a643fc00317efe5,9ce5acd0dfd47e44cfa45d17f09f6c582109af62dd61cff0c7c1cf780563f78e
test,images/test/healthy_1091.jpg,labels/test/healthy_1091.txt,f4f8c0454f7aaf7a093a66a4271c6dac713e9d62d100448aa1a61034dd66c543,f3ee77b3d06ad6da7edd48564a17407a68afe89280e35600f45d496ed85bc914
test,images/test/healthy_1097.jpg,labels/test/healthy_1097.txt,8c1d171e2ffb0122fabe9831879ea97bfb28ebfedaa7326af78c98ee2d6ee44a,3bdc8cd38e8954e9a94e2ec091ff4513eaee33515761f0ca8948ed8f4be6b228
test,images/test/healthy_1099.jpg,labels/test/healthy_1099.txt,4895be8a1e831f360372f1125dc16574bde81cef39eb7bccbb1d9327d84a3ae9,e730b4b97737441820633580c57c93c0c5a3f27f50f567f3d72155746cd148f0
test,images/test/healthy_1103.jpg,labels/test/healthy_1103.txt,47562e3b8464443f7724bbbcca005da31332c73a51d899c822235d4ab1a45d07,4b7556010d1e0e7de753e235ceed4651d8652da791cd02297c06ffc5ba450495
test,images/test/healthy_1114.jpg,labels/test/healthy_1114.txt,5c7fc31d031a3bad9ed36b43b241606c7dc720dca64d0257085b926c903a6663,c4fc0b24c0a31767e54daab193c5b3d9bdff0cbc80c35446788c1dcdfdf2f7be
test,images/test/healthy_1117.jpg,labels/test/healthy_1117.txt,5c2bdc277b2b40310d6e5bef320c5b49de5244251a91e73115f4109176897b7e,fbc1f8cb6ad2d158d4c0129881a16c6814befa144bba95c7136dedf00a05bcac
test,images/test/healthy_1119.jpg,labels/test/healthy_1119.txt,14f2a2fbc8be22222597d55e6ad06e07afae688a05f9135c626c8140a95b664e,171edc62abd9999eaaaa72e243ed46bfce5d1f1cf45cfcb26385e7af95f9f3bf
test,images/test/healthy_1142.jpg,labels/test/healthy_1142.txt,a6053f855aabccd595f5304f914dc782d6fdad2276779f8c86e700a13b514d3b,38639c196369dc35b8d9f24d4c71f3b1afe8b0372f2ff3446edb1edcb53b9637
test,images/test/healthy_1147.jpg,labels/test/healthy_1147.txt,e7ee92082a9edb896688c0f6ed91850ab2907f86a49866164e39c93fd88d08cd,c6932d03de37aa89ee47433f18c9fb1dca128e836c1e2daa6073a63a4cf093ce
test,images/test/healthy_1149.jpg,labels/test/healthy_1149.txt,0d0393b6b0e79b248c70414f5f80993d968c9baf916ce9b7449c9a0deb538678,7acf28542f346b54feab81b1de8952e502ed755512aa133e9745ca8bf3b8aeb8
test,images/test/healthy_1154.jpg,labels/test/healthy_1154.txt,2edc1e272ee16ece69fa431575af1ebc6b01913dd2842bd61948f18371463507,0b08b0c67a34c60de45718ea7128d259e4538e8987a3fd0bb993c178fc107353
test,images/test/healthy_1157.jpg,labels/test/healthy_1157.txt,830cbdcc3342408bbe8cc4596e7928908e2c972fdb09d0cdf84cf2b01f89c27a,e2ee81f596b7a946ce57b0a5cc672ae236deface10cb6a94ec3690b46b2bfa9d
test,images/test/healthy_1160.jpg,labels/test/healthy_1160.txt,4724e3dfbfd23def948682a22b8ccfdd1f418680169803a00ad30439dc94336e,8cfd3a54b7f39048b12d3f22e8052adb779bef11490e2b3fa6ba9fc91db2b498
test,images/test/healthy_1171.jpg,labels/test/healthy_1171.txt,ed09d99a5c64d26808c27144035c1a2f460e5b6d7ce0c5081b21d6e1bcd304cb,d5c76b16a1f12c000f7df71c94cce584e0ffacd857ee65c34fe4f20a48da7384
test,images/test/healthy_1172.jpg,labels/test/healthy_1172.txt,25b745765eb33e7c8c54c68c128675fd35cf8fdbde365d599ab733ed52e8236f,f730fcbaa6cc3dc8061b36a86c9e691151033c8734739b48a3dac4fc4bad352f
test,images/test/healthy_1178.jpg,labels/test/healthy_1178.txt,138db40ea4127127965309b83a34b1dfac2ed618302566da4903f5e50c4e7fc7,4499dadde954d9df6d142448dba956326da625a76eccff81944c91650b12a9e1
test,images/test/healthy_1182.jpg,labels/test/healthy_1182.txt,7c71c1d23d2fda0a9aa770392affa3d61853610967230ede87ba992f52ae1046,89900e4c8a00f6c15867be05b9b3ab73939a9bca24f4c1932a19feb27391f7fb
test,images/test/healthy_1187.jpg,labels/test/healthy_1187.txt,917fa7aef40a9d01550595e67fbea063ea6459731e01d61b337db97b200fb423,88f70b1822d4db420c75d7a4aad2d4a2489f34a244f7d90f3e1fc89925819af0
test,images/test/healthy_1188.jpg,labels/test/healthy_1188.txt,fc455d6cf6481e9ed744ecc76228b5057a4353aba1920350a0ac6c949702d6a8,9f746e895c4736eac2581f06ace62f85f67b250a4c8c5fb622cd2b4161037939
test,images/test/healthy_1195.jpg,labels/test/healthy_1195.txt,214460569cc18919da709fa019d12b1e027e0b0dd1a9db29feb729501f6a12b6,af53d031da3ef40f4268116fc83510ce9035d35dabb39f8bf96747d64d731769
test,images/test/healthy_1206.jpg,labels/test/healthy_1206.txt,65a3c797f309d20885235d1454c57dd66bf223df34655ab351a182d14e7799d7,d74efe99ac58f7be43451a918c5d544e3974043c517c24751720d20fcdf66ff2
test,images/test/healthy_1209.jpg,labels/test/healthy_1209.txt,ef00cbf9a6a323fd485ea280cba8c49969f28bb93940607cdb968ee8e922d30c,dc8294219f412cd2b2ca385e5dc05366450c4257aef7dff86d169330f8fe504e
test,images/test/healthy_1214.jpg,labels/test/healthy_1214.txt,59932e0dae5f91dbf2b1f532492bad2ac8dda4d6e8e31a91ba095fbc95f016dd,dc6c0ad58f44480e35e061f3ff83bf8a4702f48d1041594390e83abc760df3de
test,images/test/healthy_1220.jpg,labels/test/healthy_1220.txt,94639ff74384f1bed5126b93fe02f5b5b7a56bf3f576cc9862ac52162eb0de41,5fe3371e3c5c07c9d745f9ef68140603eaf5738394774a237449d4e0e5541e9b
test,images/test/healthy_1221.jpg,labels/test/healthy_1221.txt,94639ff74384f1bed5126b93fe02f5b5b7a56bf3f576cc9862ac52162eb0de41,d8838bbc4e2c69b95652b1bf39675676c2e736654747c0c8f6f70ac5cd4bf48e
test,images/test/healthy_1228.jpg,labels/test/healthy_1228.txt,670070362dc957cd56999a8a14e8b4551c17585cee6321f9975fba694971a696,45e851be9a3b7e5dadb9dfa02fdb9ad8d7552d976ad09bc291d5b57fe9d40169
test,images/test/healthy_1230.jpg,labels/test/healthy_1230.txt,88f559d46074f11f0b9a9ee5632e64b95a6f4e9e5b288b62ad104898b8ee8116,f909755433a783f79598a4b907612aa54b11cc7d91f62f42200433455fd92c21
test,images/test/healthy_1242.jpg,labels/test/healthy_1242.txt,3457e2206fc2420b12bdda173bdf85bd9560bd9b259f170c7b8d871b2f8c9f64,a74f967432df249f11953a6f5c51b3be4603b215eb14545dc7795455b4b25474
test,images/test/healthy_1250.jpg,labels/test/healthy_1250.txt,cef6e323ca0eaef216bff3cd3b08301a3e9367cb3e8f82ae36e4b73339c5c8f6,7b39d2fea541db68822bed46590e644b8e70d799e215d345585c1ce9729e59f5
test,images/test/healthy_1252.jpg,labels/test/healthy_1252.txt,f6d03d91e67710f18fbaf74d513a386ccb0f015adc2e25ccdf4a3d3fa9623148,4a57d7675999e1a483521bab942203a58e63aba0d2dde1fe18d8154b0487b616
test,images/test/healthy_1255.jpg,labels/test/healthy_1255.txt,c481cd49cf839dc06088d63564edf78326df8e4c453af4e5d9d4b33ccc515bf8,82253b5c369b623c43041e4709cea4d5881e986a5001371b56dda5245e43dc4a
test,images/test/healthy_1260.jpg,labels/test/healthy_1260.txt,11ee3f4aebec5aa65e00d19011a39092f11db793991bc32087f183e9d43e444e,9b5da54d6554c82266c74fe3530e598c9ce601b23a45871ba9d37b3fcf4c3f39
test,images/test/healthy_1261.jpg,labels/test/healthy_1261.txt,a878f164319735f6c37e0416a9edb1b7a62f416a6d533163bf073b145c4e7691,b6230fbcf6162e9e926ef77492bb77e26f2cae9a7dbfaed9f03ea02ba895d068
test,images/test/healthy_1263.jpg,labels/test/healthy_1263.txt,7ffed76f005818e507ff808f91380f36fe1bf8713207992aa8a2b20e8aa65a1c,88dd91b0643c96506e775013bdd7ef5df97a8e5f52eef279937f40a2c325143a
test,images/test/healthy_1269.jpg,labels/test/healthy_1269.txt,814b76ce26d3445cbf0b03a5930658277db079ba2eb9b22a67433295882d39c8,52286ed003310ad53118280d59ac076a8bf7bccb779670a47a3b8174d8691582
test,images/test/healthy_1275.jpg,labels/test/healthy_1275.txt,c0913ef14e3de85572d632ac87bb8ecf99cef8b7226bb8b766d2b1af811aa382,7c188486b69d4922941f72c3310ef739b2eb953a4e55551b116d170cb2b9f42b
test,images/test/healthy_1278.jpg,labels/test/healthy_1278.txt,e121daa1a58977970e1382388c09267e365938f6a49771d16a283f546dd6789e,05a56c7047caf037f75ec0b13cd1301f81d8e498d19c05c6ac5aa3c774c25150
test,images/test/healthy_1279.jpg,labels/test/healthy_1279.txt,0cbfacc4e8b3d937ecda844a08a85c7b181963f6d93925f50c6580d65213612b,918c30d8f5f55d98e672036e2f67efc334878eb47431cb07c6e3823781feb23b
test,images/test/healthy_1289.jpg,labels/test/healthy_1289.txt,4ca90e1cd3f2f3df88b1cea8dcb341fa8cf6c4b55bcc9ed66c2eaad3a4594346,78e6f04acc19b24971ce87e3ebb90e49e3e1571aca174353c3bcf67f7903652d
test,images/test/healthy_1290.jpg,labels/test/healthy_1290.txt,e301d598eae03ff942c0fc0bb8f161a5250a27bc54c83d7e354419f579e6b0b2,9af1ae2b5c686aa6eb98a72c520821d205752d2069bcbedca01d7d1782fd7f8a
test,images/test/healthy_1293.jpg,labels/test/healthy_1293.txt,5eb205b3b463f1212c556a04422c2dd1086e77fe27e3b0b23f565a71fb4355aa,8c66a1d945ef45bf566c5e7400cfd6dc21a86030e573584da0095fc838c61a01
test,images/test/healthy_1301.jpg,labels/test/healthy_1301.txt,90631f34684dd68f555d3bf5e5c9baeb4013307e2698a1b35d96d0e280866ccc,72178b7af637d5a868455adfc516864c6ba0ecf8d75ca4ca11233ae46fdbedfe
test,images/test/healthy_1302.jpg,labels/test/healthy_1302.txt,e8fc96d21be745e5c799287d39b306b7b104428f358829a4070820bf3b90a1e1,944ac55ddbed01413c0ffeb95bfe64b1c1f16c3c1d1207865ffd89189f43c11e
test,images/test/healthy_1304.jpg,labels/test/healthy_1304.txt,4640002eff5b451b472f692bc41fcaa21c858aea8c3cf0ed3e408d686d1315f3,084949f3aa29ca07ed91802c9cc917129b86d3235b456167ccd832b0dc8b3842
test,images/test/healthy_1308.jpg,labels/test/healthy_1308.txt,ad7a797b85672dfc20a22541c750eb7672ede51a9c71732c295a9f15365bc6b5,78521eca3530e60b404c01a7d4e6f1c98d42511c21d15dbbb364575e7ab8da46
test,images/test/healthy_1309.jpg,labels/test/healthy_1309.txt,2be0f47297f515f0f9c8850a7eaae13e75eaf272428c41ce991de485507d5e11,336abdd54da258063275f8f5cd77cf51700c8279f8b988f34af1c9def264770a
test,images/test/healthy_1317.jpg,labels/test/healthy_1317.txt,3641ba18a89d598b861a0b0c337fe714499ea510000cc748c45980637e7ad361,ad6b4129dae2746469500a032ec610d46ef0b25e081e35e6bd59f493f30afcc2
test,images/test/healthy_1318.jpg,labels/test/healthy_1318.txt,3641ba18a89d598b861a0b0c337fe714499ea510000cc748c45980637e7ad361,e09d910dab9c9d98235cc3db310bed321cfb4c25bcc3f3bf7fa5be6c916b3138
test,images/test/healthy_1323.jpg,labels/test/healthy_1323.txt,9e277ce7740552b6dbd4beeac97554166a0ffb00b57844c6199d9df7cc756b02,44627c60386e6c366769c0e8ff8ae8349ec273bcaf5241cf9e2929aced22aa88
test,images/test/healthy_1326.jpg,labels/test/healthy_1326.txt,decd2818d30ac4f4b4f912a2a5dced7e80954083367773b696676dfcec2a35dd,f6428243760afbf4b7e90eef07924dad63fe695e2fd062e99768f2bac32821b8
test,images/test/healthy_1328.jpg,labels/test/healthy_1328.txt,1661d7087ed2c1322b6ec44955e0122250bf11ce48cbfa6e8f932a88df0339ba,13078d692b136119c176dcbd07774b5b4df813c7b92b3280246ceedae5dd4983
test,images/test/healthy_1332.jpg,labels/test/healthy_1332.txt,2f815bd9243ae25bf97f9038c0e5ef3bf9af5014b1eea8a14c22b4002f68fe3f,6db9159a1156cd43c4d2508428b5b31e2b99cbec0b40db466c8d65dddddafff4
test,images/test/healthy_1337.jpg,labels/test/healthy_1337.txt,4be2ea8e55e7af7d4f725b2e836ef650dff8ce581cae1d783b06bb0bc6993882,a0ed11b20b27bd5ef5719ab46c96edaced3f959eaf66d9f14dda533e07f341a6
test,images/test/healthy_1343.jpg,labels/test/healthy_1343.txt,714fe7389053239d9071e41926c8bad0f0317c1178fb5b33bbeaba024dc3d710,7c2127ea4991b0a3228e6334d582a58174c69075df53cff2ea23e863eec8b7db
test,images/test/healthy_1355.jpg,labels/test/healthy_1355.txt,dfac09a2925cda3edf4a9c466d223722a7a3d08ac7176c8c37fd33706489bf18,36b1bebc9dccabbbc3d68796b3d9684039a39d529701413db15c1e3cb70c9071
test,images/test/healthy_1358.jpg,labels/test/healthy_1358.txt,74dbcc9ab0e81ba957c30f724b8104fbb63149eefb0075dffaff21bfe5ef09d3,83ca28d5b5f81b67253c8501c04d20890420362de3a48324aaebd4199983433a
test,images/test/healthy_1360.jpg,labels/test/healthy_1360.txt,439c8a6e343a00514cf7cad868b639b356ae3f1c39d6134f85909275e8c6328c,d3983179cccf1d1f809111ab5b8cba8e9f5268f9d45cd5fc292273cf7cb93789
test,images/test/healthy_1378.jpg,labels/test/healthy_1378.txt,55ebe34637f609cada7083a727996a5a9d95a4217f73ca4a18be5dca341ef2ab,5103f9cecfc6bc18402e06dc33121e5ca39fa0e843bfa1cb3b967f4a3151e29c
test,images/test/healthy_1379.jpg,labels/test/healthy_1379.txt,ea819e0a8435ea098ab82b3fbe929d8a5900972e01846b4279234f06d7e46e82,6072cf723622cc831f8e815bd9d48476bd79ac792620ad66691f2d3b80565908
test,images/test/healthy_1380.jpg,labels/test/healthy_1380.txt,27f97f5ccbf9d76d03e9a8546bf9a588a2de15f793661760df1ad1357654d3ac,7c9941b19887787d473196ec27299b628afa47706a56f96cd4739cdc1c1a7bb2
test,images/test/healthy_1385.jpg,labels/test/healthy_1385.txt,7aee7bcf88b29d6e5b5747cd45234df58ec10e672a748df4c5cd29e583fedf4c,c231c9ec7a7a625717e2ecb4885322d435a25b7230e3caae085f46f5590e32a9
test,images/test/healthy_1389.jpg,labels/test/healthy_1389.txt,fe5820864ff30679a51ff2409c8181f4e246371930fb16187d247594cbe35454,6b30f6679076cef87188c9544e7fb81c3871f4f37d55f639a027671c17edcca2
test,images/test/healthy_1390.jpg,labels/test/healthy_1390.txt,b2993da38b6c631539feecfab6d7b19a6ac7fd8506ed91634b89c14629d5673c,f3b124e067d70e0ed58d1f66162f0bfcc382552527646e60d879f8defc940cc7
test,images/test/healthy_1398.jpg,labels/test/healthy_1398.txt,ad4912ab7f69bb4f0dda3ab60e0e8e14e2eddbcee0fefb7ca692772071d24f86,f6869822236552ddf263f17878ddeb569a40e9e311a1ae36364e2d8879b4d69a
test,images/test/healthy_1407.jpg,labels/test/healthy_1407.txt,2f8ef078bf3f250befccc6b32298e398a7a0d4a66a914fd0ba2cf14cabbe6e70,6fb3241685b531077936dd7fe9344fa1fccde167fead050e221d96fc24fecc31
test,images/test/healthy_1410.jpg,labels/test/healthy_1410.txt,62bd0022a5f4895d011c849fdafdad9de0005dd2f37946688d43656f24d061ad,6d55a95d2e2d1313fdfd4a5af8534108c9bad1d75d5338565049ec3dd9158bdf
test,images/test/healthy_1411.jpg,labels/test/healthy_1411.txt,f3574ef3304edfe9e5c3341f7ce6d52d7393c57c40afce3a1b1be0f05dee7066,d5e56426e480d7a45643c8013dd152e7a3e5d2d0fa720dae2c89bc2a1a602064
test,images/test/healthy_1412.jpg,labels/test/healthy_1412.txt,06741d0b6a7f6c4b62a5f27d7b7a543e490bb2ac754e28f4fd1b099f57530c3d,4f82b56086a90ac419fc0423a473263428f6c7537275470d4368aaaedc62bf17
test,images/test/healthy_1413.jpg,labels/test/healthy_1413.txt,a234b51ed4851d84bc3b56051d55f9e4f61db90135d1505efe66dc56f215eb3f,ca9dac6566b224281eddc5850df70c0ee82fa658439e7379f6c32da7dae3c03f
test,images/test/healthy_1414.jpg,labels/test/healthy_1414.txt,34364a13b4131fc4b71631a177eb30926bf5b7774c400df11db96d68b7425a92,8b36df5103d30a8dff8a4fe1c9fd2b93e93c31d6dd2dca8258402a099e4d3686
test,images/test/healthy_1415.jpg,labels/test/healthy_1415.txt,d3f8c36932880f02d7d90e3ca1eeadafb468e5864df8e86168a3cfe397572694,54171fe4340d5247f66bb8195b5df99b052a65858387bf0dbecc2133b930e5ec
test,images/test/healthy_1457.jpg,labels/test/healthy_1457.txt,71f9862dc6acac9b98d1d4670584dd643cbbc537a9c4edb6d9d95fdc5ba66826,de70a849fba56fb0506efe19ae10d5021ccdf8f4f0b0f773334844922c57e102
test,images/test/healthy_1458.jpg,labels/test/healthy_1458.txt,0c02c4ab0457a45505fded3b79e191df3a6282458ea536cba3db2dbb8d6de708,05393167815d006fa44669a420e8eecbd5c66dc77ffde53350268b1da09e47a8
test,images/test/healthy_1459.jpg,labels/test/healthy_1459.txt,f8d0a0c443f5754e37a0adc00372512b1eba81571d0dcf151ee715d6fa9acf53,354645295e1cbb964be8329394fe1a681aec110fd2fd14ff96482ccb442a4a6b
test,images/test/healthy_1460.jpg,labels/test/healthy_1460.txt,9c5bdafe9871a29f43ddd8405b58d3924bfafb7f9f44686c224e5a3d88287dad,23a01208ba80026d3efc32fb92da63223a0cd99bf81662c5458c99b760def656
test,images/test/unhealthy_0252.jpg,labels/test/unhealthy_0252.txt,7398701441bfdeebf2b23e295275846fc359e5a7be0c1665e5aaba7218485cf0,223a21213f122dfb379c3293c758ad86630cebe255be407e46974588c2c4c05b
test,images/test/unhealthy_0253.jpg,labels/test/unhealthy_0253.txt,4d81b38f2b143572383cbd0d2ad88cde099e9c78e5f34d06320e7237e2d7e056,1294d5450c9aef707a04780af773e31623491a51d5148fcd8a32e249c99cb777
test,images/test/unhealthy_0254.jpg,labels/test/unhealthy_0254.txt,91bed5c1a40b0a402c4305df80e311ae83cdb112d96bdbc021856c1585596d7a,35b25e495ff00a2b04153a40193f428b3ebb7581dbb63fb455e7ff214e55b792
test,images/test/unhealthy_0255.jpg,labels/test/unhealthy_0255.txt,79644d4cc2b50027ae5b6404c13ec1f2ed6932fdcac2fa40281f949acc82c54a,c059b10241e75d76dafad156f8f0e9ae652e02a5a221d314a49dca44905b5673
test,images/test/unhealthy_0256.jpg,labels/test/unhealthy_0256.txt,e4a7df6b92504c818979afd54d4e785b8e6a5c4c714855690002c97546ad1ccd,69cdb263a11a6168a088c43bb3789608c8c3bb0b7e7e243ea9835a8a12185d5f
test,images/test/unhealthy_0257.jpg,labels/test/unhealthy_0257.txt,8ded5b9c42e23625c6308f09f9d1e4ea8d22260c7af0b8ce74a17349b62c5de0,454548bbbe020fb17698367eacd293aaf1d84a5a81ab8c4cd33a6e867336f14e
test,images/test/unhealthy_0258.jpg,labels/test/unhealthy_0258.txt,6de45fb133c4fd08441dd2023946857d67c57b89c4990c88d64070d6809a758a,1a415b3dd327cc7e1764955ca8f87504a7cbc16450b6ffb91ecf26473299a2ce
test,images/test/unhealthy_0259.jpg,labels/test/unhealthy_0259.txt,3561368d1a813826de919954f66cbd99f95fc691193951254d8748fbe6160aad,c83ad920df11e288eb101d6eb4f00ae8c5bbfd0142503a51554e8d84683177e7
test,images/test/unhealthy_0260.jpg,labels/test/unhealthy_0260.txt,99a7b6e4da87a14cb5c95190be5a21e557621ba4b3c569e5eb9549f8b91931c4,46b2410861c7732e3b60e171dd3b6bf938640e7dd7ba03115d2c13ecf272f92f
test,images/test/unhealthy_0261.jpg,labels/test/unhealthy_0261.txt,1fb37c43941ea306cab71ef6ebc2464313d3f6f1868e000eefbb3ac95f2e6070,47a566f4af93d2830b9da28988756b373279515a6ef1be8153c794633830e9de
test,images/test/unhealthy_0262.jpg,labels/test/unhealthy_0262.txt,e6524000da784213820ca710b7b8ac541dc1517bf7d416010891eca106dd371c,2825530c0aafe19dec008e53b1afe4cb6f7413f14c8fd90b4bb76bb2c45ff83a
test,images/test/unhealthy_0263.jpg,labels/test/unhealthy_0263.txt,cfe35581e1f1a4b5c0bad9dc2a23003a4d9953bef6a46ca0f4be1eb9a409a923,e1ecd624b6608d7d105a663a0aabe87fc90120cbeb27663b41cb70f89fbfae20
test,images/test/unhealthy_0264.jpg,labels/test/unhealthy_0264.txt,68cb287dd0f8986c7e83b9a3d94ce8eac4fae3b3a89c34db35d977a29c26a232,a4cf483d480f21997a4e560f2f48fde621df59ad47339fa5196fbc1896da06a1
test,images/test/unhealthy_0265.jpg,labels/test/unhealthy_0265.txt,481a4f8b7b50b722d2059013e9852cb5c55ffeaa6efd8ef066a6c02251b5f536,449396744726d64a8d9f7d02696b80794bcce856f7861ee504e4b9f8879276dc
test,images/test/unhealthy_0266.jpg,labels/test/unhealthy_0266.txt,10974b996d10828aaf9a2ca6cd429bdf2bd25800bc89f33b55856d77fc6197cc,58631f9f61cf226aa67d3c81ac7c99246b470008b044859e1b1eb07c4e50b0aa
test,images/test/unhealthy_0267.jpg,labels/test/unhealthy_0267.txt,468a1a21cec23e7df9622f23770b0f0b9a5bab2038796f72530a1dbe76c6f7ab,5c9ebc85fdb6fea4cc56ff61a66064f4f032010ddf39c14285098a5ae3608fc4
test,images/test/unhealthy_0268.jpg,labels/test/unhealthy_0268.txt,31e73419f291d1935b884d513c3b222c0a63fcdb613be367ac9ecaf313a01dfb,44dabd2045168f5185f64f48045fa3da000447bbce3638313ad620830918d5e9
test,images/test/unhealthy_0269.jpg,labels/test/unhealthy_0269.txt,d075015d64778a9ea7452f605aa9f12fb8ec1f416be2e6b10d2dde2136a0b000,1cabd62af62b37a504f158ebd7b4b45f8dea0d583166f0b226d99cab1468e2ea
test,images/test/unhealthy_0270.jpg,labels/test/unhealthy_0270.txt,df342d3c61bc27a6ac4eac8c1c0ea4fa8fb8cd6dcd91069d61bba50f9745928f,8da5bb7ac9b4f939fbd79248a46bd29aecd17031fc9ab33a32474790cd71e9a3
test,images/test/unhealthy_0271.jpg,labels/test/unhealthy_0271.txt,d01f6e24913e57c78e10a9f40310d19605fe1d1040a4d1358b78886cbcaefdd5,72dcab4363bb0219a52af31c302a34fed114ebf590eb1d10ad0f60232835b481
test,images/test/unhealthy_0272.jpg,labels/test/unhealthy_0272.txt,6a932426327453ca00983d66005d4c43005fde00cce7fa5660bdcf920e11ac1e,2edf60c6a31c48fb90a0231981ed9ebc7667dfd301423e71345a61aadb77a08f
test,images/test/unhealthy_0273.jpg,labels/test/unhealthy_0273.txt,ecbc3669a2cfc2f4c162dc7d9c81c77df87a092e60644fa3f389bb6008b44939,5505e7bcb5660cb76d963ff238b424d03c5af94bda3f4f02314f2c505cf5e14d
test,images/test/unhealthy_0274.jpg,labels/test/unhealthy_0274.txt,e6e492595a680d55f4ecc9eeb3c01a53690ee4ff8da62926c0632af23d1dfa45,66ee846ddf3ecdeab35f6464e39f2a74979d0bd6207b76dba91503a6dbbf86e6
test,images/test/unhealthy_0275.jpg,labels/test/unhealthy_0275.txt,6e81238ba027aed853dfbabc450391bdd78801cb48e5eb1f69039e1f0a564333,fc5690896f108fb99295625594dc97ff945cfba7ed48325846452d0ff1682981
test,images/test/unhealthy_0276.jpg,labels/test/unhealthy_0276.txt,c3ccd9ca9e3d21315e9a7ca458bd90afd49cb1fa3649fcd646f74a62cf09c953,89a8bd6d53084d20d26b2f3684bc45de12b4fef03f3a4eef8b5c214d8ec43921
test,images/test/unhealthy_0277.jpg,labels/test/unhealthy_0277.txt,edb799fc18ecfd71549944d4cf5bb737278f9f3b9631a4214a3219b0a97fa3cb,985181cc67bdc1756a137a35f438b7479fa0fe59f6de80ff7e8059084d3c0757
test,images/test/unhealthy_0278.jpg,labels/test/unhealthy_0278.txt,42ba74d134f5e67063a3bce093f03a59154538ee89c91413908e090f0d576379,e134c103b3b387f14fb7f1846942d80dfac7a7a0bf5dd01bd6c7c5f8a3673c97
test,images/test/unhealthy_0279.jpg,labels/test/unhealthy_0279.txt,e79f9b36ba8fcd13fed6ba5213ed2b8ab78666465eeacb16f2b74a030ddbbc07,42b8d5470a4ffead0bef96da7505465f4fe5c2d3e87aff3877508f8245210a4f
test,images/test/unhealthy_0280.jpg,labels/test/unhealthy_0280.txt,34d7cb9e0c66a8b3022ede9ad639fe586903bccea79b97d39a5d04e165714f69,889e4d198a9aa3ac46ecdc7d36934ab3a16789eba531981b0e818eb357e58a5c
test,images/test/unhealthy_0281.jpg,labels/test/unhealthy_0281.txt,34efb3f843d883218185e8e11a0694052e8ea9ed7b4d58c1ce4db78429e4a45d,f8e9bccf8785ed6365399801a2912b36d06df9afd6ce58d4f856852dc44f59b2
test,images/test/unhealthy_0282.jpg,labels/test/unhealthy_0282.txt,83e670dac0adcd20cab7ee29d99ac61de31c06331ae01414b8b93122f1fba9d7,e81a7173b067c37bf40d8a6667796523f320c8ce173ce51316fda42dcb7a1dd6
test,images/test/unhealthy_0283.jpg,labels/test/unhealthy_0283.txt,fbeb7562059f05e9e920601063c1c37e6586353d72c9f77805d179ac778aa12c,b051594ede7fa345b6c85b845d532d5f220af3edaa28447e7affe3d01e69ba8a
test,images/test/unhealthy_0284.jpg,labels/test/unhealthy_0284.txt,4c44299e2403b90596771059277d9adc393ab602bb1096cc715aba717f2cbfa1,a574b222e413c4c76ed0a4058274fa4f9419d1b81eda82e863ad544791999523
test,images/test/unhealthy_0285.jpg,labels/test/unhealthy_0285.txt,cbf9693bfac7125ca713b4489f6f6748ec038c67740eda80b2361f4f26d3e35f,5dc9e80276bb1be7678c110a244cc832eb6280eadce3dbe3b5723d8fb315f104
test,images/test/unhealthy_0286.jpg,labels/test/unhealthy_0286.txt,e4f226f2b44b4c7d58f25130a26dbc98c3b4d45b8337ecf5ca946898e3f77eb6,756624e3d33bdfdc3d0acc1648c0fec7363a8165e9af0812dbc2c87f02af54b4
test,images/test/unhealthy_0287.jpg,labels/test/unhealthy_0287.txt,604b47ad8378571f72c39d91a40ade1d6ebddbfc2b71c9b73539d1d564a36c74,36a9a75c686a0290086f60fe29459aa6cc4b295a0eb48fd5add66684ce560588
test,images/test/unhealthy_0288.jpg,labels/test/unhealthy_0288.txt,2888dbd2ff5b5d0f13a6773367c66393b10a6b22018a1ddf108386101b9245a5,9b276ed25a6e503d04b1eddf4eda0c038b2bc78532f055e3889012f29447169e
test,images/test/unhealthy_0289.jpg,labels/test/unhealthy_0289.txt,24a1ff47624cd9ed09ebf67993d15d84f7571c514cc68c13b00937407a30e125,8e61b682e0af9a1793567db1dd01137a473673b598023d55ca8ac6aef0582aa6
test,images/test/unhealthy_0290.jpg,labels/test/unhealthy_0290.txt,af041dc53901f03ab4fb6e2c809f3af41f09333ab687f00cabff702a073367c2,b6959c3e18f1991053829d77acd4f243a0b54a8dcdc3ace3e34e22e3739a4646
test,images/test/unhealthy_0291.jpg,labels/test/unhealthy_0291.txt,8bda76ce687548fc39294c151e9786e75e86ba7d0c889fba766de43353315eb7,c3be1d05f4de85cc1fc0b8a10334828fcceae4793ab2a08273b07e2926fb4176
test,images/test/unhealthy_0292.jpg,labels/test/unhealthy_0292.txt,743d0164d045333697f55145912821459c463d1aaa48ad82f3abc1dc099d28ff,90389efd0314f3e63df7604e13a8b2560ce84b662e9e31c53b754ed5565054f2
test,images/test/unhealthy_0293.jpg,labels/test/unhealthy_0293.txt,b46241f443fa4d7bcf0c18ae8b3142ce31c43d2ec0595bd7cdbfcc298828ed18,881b13239806fa9d35eb94e68c3481d3cb253ad327240e59023e8cedd56c60ee
test,images/test/unhealthy_0294.jpg,labels/test/unhealthy_0294.txt,6c71887c040d583c278e66e9b7f93ab3facbe1afa3872045d5fcf999b4a30ffc,12f7ed3bac8c14ad5343672f2e8105360a3ae457976a2bb8a54e69c402e67fba
test,images/test/unhealthy_0295.jpg,labels/test/unhealthy_0295.txt,284b8e4d76778f25b51ba42faff147100f2542ea0d6c2c1fdac06db7ef179c45,2cebe0c15b99151034a595742ec64628c3f5512505a8df156f2a2ab70d49d927
test,images/test/unhealthy_0296.jpg,labels/test/unhealthy_0296.txt,b3636fa6af69e03961448ddb7037bb5943911d2765559c3ab04b95847c764312,60817627e6619e6d89f567675e34c4a5c4998ed5b51af71dd8298a8ebc4b6f1a
test,images/test/unhealthy_0297.jpg,labels/test/unhealthy_0297.txt,599165e0a4142b5515badcef469869449a380bafd2afd8fd3f849671b0fc1516,2d78f5767518e65ae3becd2a7f5c9837804659c2d7b8bb94e7f6577b942216e9
test,images/test/unhealthy_0298.jpg,labels/test/unhealthy_0298.txt,70998a7d7ef911e95ee956d84bec8856b80f0122ecc2b476cf72d4159e7f29c6,13d22d46ded97a1ec30a128006113f4301dca58a23fff34faf34a586e8082867
test,images/test/unhealthy_0299.jpg,labels/test/unhealthy_0299.txt,445e55fdffd9ac7709fe0dbe6aaacf7ce601433778e84490fe768e6fd4f981a4,f672b2025baf9f7d35dd64d6be40c79ea762d81b3dd1cc58d13302ce03a2771a
test,images/test/unhealthy_0300.jpg,labels/test/unhealthy_0300.txt,387da751635b0eac2d035baa98a3c67adc37cc40990c2cd1e6f9259e5dadab3d,142017acdbed49a8e3ec58d167c4d745980d95ecd49f206b2ad4b40a74a6e3e7
test,images/test/unhealthy_0301.jpg,labels/test/unhealthy_0301.txt,5ebe953efd3f98ab9e48a2a83b83c89953dbe1194a712494099bcc4447532dfe,06ad1304abf62d72ebc36243e32f6ba73ade10d052f12697081a6fee25a28fce
test,images/test/unhealthy_0302.jpg,labels/test/unhealthy_0302.txt,14d533b63471b38ff180ee4d38b63a16c090280d67854451d22ce2bab2a49191,975896ba7cbbfda4127e3deaceafc0a8ff07a19d726d88440033025ec04be44d
test,images/test/unhealthy_0303.jpg,labels/test/unhealthy_0303.txt,471909c189ef6a1184307735132b13c2f6d063bc8e3847cfa5e49c55744d58ba,d2157678ac0dc708675b0fc221231735aee69cef875c71ee07018f0d12c75bb4
test,images/test/unhealthy_0304.jpg,labels/test/unhealthy_0304.txt,b3ff12c27b7f8c5b81526607f2a657680e25e4992a8ee688496b81b9185925a5,c7ed1e6a3d7516bb469f267055e4da754085e7e7f1e4d5c0ad2c222e902d6f64
test,images/test/unhealthy_0305.jpg,labels/test/unhealthy_0305.txt,beaebb7d964f58e51bdce0fb60f654d720e35ac83491d67ab04bcda206595bc8,b23bdb7d8c90627a401711fc01d98730326dd23611ee382bbf21d6c1f41fcf39
test,images/test/unhealthy_0306.jpg,labels/test/unhealthy_0306.txt,4f33175b3babcf63027a6dd70fd1960fef284bbec1a9c33980d71c5cae2f9bec,3d0021145de8d0b5b3e714f88faa3a7f317c63b736cc769a66aff5cf8e4a4ea8
test,images/test/unhealthy_0307.jpg,labels/test/unhealthy_0307.txt,bb6b05bde3a109dfb3793699da808d084a1277b06f20e8f4f05ff006bec2676c,218af29fdb82dc4b160afef9d8179624fe07e5b85b51e59c739673131a85094b
test,images/test/unhealthy_0308.jpg,labels/test/unhealthy_0308.txt,b01ff545c788e46992b2da0b24d1d065aa4273efd2d130a61c9223bb5fa7d539,5ad9b04f41f095fcd35beec0a4c5ac623427e656a63be52f5d20d2312871656a
test,images/test/unhealthy_0309.jpg,labels/test/unhealthy_0309.txt,d1ecab40a71ed75bc2c6c96cc28e761835323b21829e6eb8c480e59471686294,52c7f18b2ef5b4d4d62762cb0d2a382065a67e149cfec63700481d339ac03e90
test,images/test/unhealthy_0310.jpg,labels/test/unhealthy_0310.txt,404718c8bbb4ded9c27c294a086d94b48243a6d4762504ff58d41581e7f0f2ed,9cdca22d46ba18399c19b23935094d3f82f278ca2e5dda341934b9d12b89a6cd
test,images/test/unhealthy_0311.jpg,labels/test/unhealthy_0311.txt,8df6bafbe5c10b0566804839749b3407ca20caf94768bff7d8812350a0db1050,538f8454932825d3466c3ef63fe41b92d39167258cd64dcdeb4d7f3eaa2ce5ab
test,images/test/unhealthy_0312.jpg,labels/test/unhealthy_0312.txt,ebc91821898e6c1366033b946811c49ae6db62461c9185bc54d42d2658a614bf,c888205c3cab9939b677675f731feca6398a56cbbadb193231490dbd7678a7d5
test,images/test/unhealthy_0313.jpg,labels/test/unhealthy_0313.txt,ac3c4f0752dea287a7d7e9e27aeb80523db1f91e7a574802272410ed55d7db05,3539a0becc12414ce7d4d80b07ff69aff4dc44189ca21bf9133a0c46f40270fb
test,images/test/unhealthy_0314.jpg,labels/test/unhealthy_0314.txt,01b4c41d73bf74e725aa34c36bc6ece448915af4b9d863b2c8acc96f718706bb,517ad0fd853013f2093edf24559eb60d04eb39c9f512ba645caf8e875aa02d10
test,images/test/unhealthy_0315.jpg,labels/test/unhealthy_0315.txt,99353875276ddba46193e306f82fd6c13a29446867885a0a20052883eac19772,110b2851a944b7f07504c4721c353239ee118a861af37a4941b1c9616bac4aae
test,images/test/unhealthy_0316.jpg,labels/test/unhealthy_0316.txt,78a5c039fe341bfb936ae2f69cd3a3b2eb0f6e36bbc99cb2d788aa9f0f689b29,c5988fba86c88bc8f2be7b1b8fd00083820e51fa9ec60f5d47e5affebf1c2646
test,images/test/unhealthy_0317.jpg,labels/test/unhealthy_0317.txt,dd035d80beae2630229c8125ec8fe41cead389c5f4bc7e90dd6cc7a9ca6d417b,96bce5d1d602e85cbb49a87771cc67f5df73f732a79ee7af705b656ea691eb6d
test,images/test/unhealthy_0318.jpg,labels/test/unhealthy_0318.txt,ee21e191eeff2462dd661d8178059501819e02177030fcce355a0cc755748d16,a1bb28ca58555137ed944db603176179fbb860ab541383d5cd5da6260bca9c8f
test,images/test/unhealthy_0319.jpg,labels/test/unhealthy_0319.txt,3764170172af895f85ee7afcb9d20728ab90afe28ed3e692f26912548699b8c4,83c2625da9cde736583f7c9ea65b414cac1ef528c3a27b5a8f822a7e19b66e62
test,images/test/unhealthy_0320.jpg,labels/test/unhealthy_0320.txt,a7ffc280875eb295bbcd8a441ba2c5276e4aad65bd51d9f9587b88deeb034144,948eb13bbcf1134cc6f38d07b3e2050577ecd4d3a566529e4d6185f3220ecbcc
test,images/test/unhealthy_0321.jpg,labels/test/unhealthy_0321.txt,afdb79cccbf99750605edb60c01a4d39eae18dbdbd881f88d2eeb6f7ea1b054d,ba8a568007d41cc304cca578bcd108dc6919d27d50e9f0b1fe38cab70f283368
test,images/test/unhealthy_0322.jpg,labels/test/unhealthy_0322.txt,58357324152495d04629da95be30b8eb768a5aca9efdb1046a74a9ecad0a5d90,47cca4021071ddb059565d9869c4cda6ecee9f292267e97c1fd85c7eaf5c9224
test,images/test/unhealthy_0323.jpg,labels/test/unhealthy_0323.txt,1790a42ba1ea97ce3b71a2fb8edf2e318b3c8195296faaf20dc64a1f4e8735a9,81d186676c84a6f47bf3018f19b163d2b3a084f463c8a0a7ce7b55a0ee8b703a
test,images/test/unhealthy_0361.jpg,labels/test/unhealthy_0361.txt,3af89181a5e3d95ea8820d86fc9209c48bfd31efb0e0f67638045cb76c3cbfd4,306e2bd36a66a6dbfab5e77ddd5050c605ac76395bfcbdbc946e211e77efe3dc
test,images/test/unhealthy_0362.jpg,labels/test/unhealthy_0362.txt,8870251eb850178ea37cb363632a1622d04413ebebacb6d61932f58280b62f0d,258bdb4dd23657e05a985b1088c5dad43dfffc5dfea68bf6b262df5264470b4e
test,images/test/unhealthy_0363.jpg,labels/test/unhealthy_0363.txt,8870251eb850178ea37cb363632a1622d04413ebebacb6d61932f58280b62f0d,c563b8f6efd6c9d3b62add837582b856577c941761db6ffc3f74f23efd46ab1f
test,images/test/unhealthy_0370.jpg,labels/test/unhealthy_0370.txt,610abe8cc2a7b6624e450bbf6e9f590daca0a8cb6568a7b34c587cd5b20498d8,5c97046a8e443126a4f91db7afa97e557023effc44659752c1db1d5d428aff6a
test,images/test/unhealthy_0371.jpg,labels/test/unhealthy_0371.txt,610abe8cc2a7b6624e450bbf6e9f590daca0a8cb6568a7b34c587cd5b20498d8,df559020604c3f9a6b0a0f2b09759f138ce9d2f59199e102d2bd98a854391c21
test,images/test/unhealthy_0372.jpg,labels/test/unhealthy_0372.txt,2d12792d0ab663891c39f576c46f30c3a6c24744519d9950582d993c7b15cb5e,5b6ad16abcf73af3b21eb6993020a9cb4050035fd02edf4cb58447141d79c079
test,images/test/unhealthy_0373.jpg,labels/test/unhealthy_0373.txt,2d12792d0ab663891c39f576c46f30c3a6c24744519d9950582d993c7b15cb5e,cc8423cab700aec72eab9e6e9409ebaf43aef42bb60a7bf4bccc9124b978f054
test,images/test/unhealthy_0374.jpg,labels/test/unhealthy_0374.txt,f3489305e975e5752456c2ca5427ca07a88d757e90e727ea9d2ce2ad19d97667,861e46eed6536d91a6510a28344ad2e0f07c05e2eedc930c859d37d495399ced
test,images/test/unhealthy_0378.jpg,labels/test/unhealthy_0378.txt,52d5b48d32130ef3b5770e4c78940aabbe45f0e6dedc0385b6ce54fc7c23d24f,f61bfa265001c4a1e0f6c33cc2866257f5340fbceb47f75637bc2d27d794f98c
test,images/test/unhealthy_0379.jpg,labels/test/unhealthy_0379.txt,52d5b48d32130ef3b5770e4c78940aabbe45f0e6dedc0385b6ce54fc7c23d24f,ffbb28f52897bfd3b7354c3adb591f0c266dca6a3414101e5c9e6bb5d36b4959
test,images/test/unhealthy_0380.jpg,labels/test/unhealthy_0380.txt,14f1dbd898161de8088b357eb5f6f2ad4a4ad43127c5cdc22fd2ec5c9e252661,663806ec1733c6876b1675ce51def8c627b4495748a50b4a0e1dc31ecb87a3f9
test,images/test/unhealthy_0383.jpg,labels/test/unhealthy_0383.txt,7a08487150c8bd50964e4cced8eba5e5fac31f627b354789e9946523b2fda70f,b0025f87ab678cb1e1c1ed04af195a1f5726f72e5fba5ec63d8dbfa323aa4c60
test,images/test/unhealthy_0384.jpg,labels/test/unhealthy_0384.txt,7a08487150c8bd50964e4cced8eba5e5fac31f627b354789e9946523b2fda70f,b93922e0f7d3914ff7b4e2e921dc262e50b4cc3fdd71b05c54e9600a36e42094
test,images/test/unhealthy_0385.jpg,labels/test/unhealthy_0385.txt,b3a69a50ae1bed0b7c8c8490074ecddeb87f11600b4dd4c1a659ea6e106ee6b1,2f7e9edfa3cece517fc6f680e8711422d070ac38cd009b5413e075714d402e43
test,images/test/unhealthy_0386.jpg,labels/test/unhealthy_0386.txt,b3a69a50ae1bed0b7c8c8490074ecddeb87f11600b4dd4c1a659ea6e106ee6b1,a85bcd9922c5aab800bbae6f04d14c4a7132d5d6b86b11175fc44e0326b13159
test,images/test/unhealthy_0389.jpg,labels/test/unhealthy_0389.txt,e4ceaf132775c014528816fae6105d41b12b59d15815c11576c8496a274cb706,0786cee34466b849ace7c2e8c94fcbafb9e6606bb85297376c2e66649fb2e8c6
test,images/test/unhealthy_0390.jpg,labels/test/unhealthy_0390.txt,e4ceaf132775c014528816fae6105d41b12b59d15815c11576c8496a274cb706,a5563a90508e273b0362e82c3796a8c9ff600e081dabd3a9da758baa11b612ce
test,images/test/unhealthy_0391.jpg,labels/test/unhealthy_0391.txt,261a8283048d29d694ab074b643b60f95a7ccfd06b75525d3699e6ccacf42740,0909ca596fa63b7c61b7eb8ff1793519d4f402064bae66c6ca769e656ba59a43
test,images/test/unhealthy_0392.jpg,labels/test/unhealthy_0392.txt,261a8283048d29d694ab074b643b60f95a7ccfd06b75525d3699e6ccacf42740,5fd6f95440f94b0dfe8dcb94e16f9bb387a50b0dba8ba589babb73b2105229b9
test,images/test/unhealthy_0395.jpg,labels/test/unhealthy_0395.txt,f9b1e54ef41b57a896a5523c572872dd4d934a51ff22e1e8d9feb9a0c0a74c0e,57c41da0dcf40d2c165843404a391352777e6219e10005784fd2a16064b91073
test,images/test/unhealthy_0396.jpg,labels/test/unhealthy_0396.txt,f6a819a6756de10f84c5c3c045bcc50a684e923b1f55f65671b83504fcaf914f,f84a5d6a8e8ffe590691498e2592b19a6cbb3ba46912c14b514b03ed5062e452
test,images/test/unhealthy_0403.jpg,labels/test/unhealthy_0403.txt,54e0319909620e4d6739f42b825ec2d8209eb0abd04e66c7818d737434628f90,f00fcbf2a52f1f1c3089c2214fad113f896febd00f8640f13b1796ad32134947
test,images/test/unhealthy_0404.jpg,labels/test/unhealthy_0404.txt,54e0319909620e4d6739f42b825ec2d8209eb0abd04e66c7818d737434628f90,e940c6058aca44cf893ba419bf3b4f9c71201a8aabf6a8a7026f5beabdd2f7c4
test,images/test/unhealthy_0405.jpg,labels/test/unhealthy_0405.txt,e75a2d42b816d1c5e58844f6e2ea4e09e31cfae86475aee8c4b0059571cf2a28,17203258a2479004c1b8898753fe88bff8bb4ed27e4512b47037030317c45e2d
test,images/test/unhealthy_0406.jpg,labels/test/unhealthy_0406.txt,e75a2d42b816d1c5e58844f6e2ea4e09e31cfae86475aee8c4b0059571cf2a28,b621505e4a0c07f58cea54ec50dca7a326868deaa8e9d5012dc1db37b44743f5
test,images/test/unhealthy_0407.jpg,labels/test/unhealthy_0407.txt,ddb8fd7b20ae49437a193ea04d6be058b31145755291e2446a5ab6393dcfab5a,7ff5eeb437aa7b81387ed3d17bd4f90a682d9e007ec5613b3c2ea007a58e17e3
test,images/test/unhealthy_0408.jpg,labels/test/unhealthy_0408.txt,ddb8fd7b20ae49437a193ea04d6be058b31145755291e2446a5ab6393dcfab5a,144130fd6440d475823b736dc264279e61615147b9144edc7d385e9b3a20c7db
test,images/test/unhealthy_0411.jpg,labels/test/unhealthy_0411.txt,00bec303bec40a99d695aa1d867c2dcf8d567e383d143e7bd5d907f5f6d0a6d4,6f9a2a41405bee30aeddf2c0cc6101c03a385ba73ebb7c24c5239699a9166d57
test,images/test/unhealthy_0412.jpg,labels/test/unhealthy_0412.txt,87a73653441d9efe7e648896cb55aebaa7bf70af81be89d874580f1f26d3dd54,13669de460865df377f53a84c4e3ec9cfd53307ce21a0b9b54c5d6f043e6e130
test,images/test/unhealthy_0423.jpg,labels/test/unhealthy_0423.txt,63b4a4fe56e17311fded5630efa6f27307085e3fccdffa36305f84e1dc46a684,aa860ffbeec2efebc861445c2dd8eb82dfed3de73ccfa2a85d7d5cb96047f739
test,images/test/unhealthy_0424.jpg,labels/test/unhealthy_0424.txt,15650487142bb612f9a11f7f78ec66a06ad1d6c3e5a72768f66c3711a3ca1b59,c358b55931158373109adce426b1e40501b2d70b9808118f689843d602fd965d
test,images/test/unhealthy_0425.jpg,labels/test/unhealthy_0425.txt,61452e209365f1c9f753853d76e02a9ef06519fccbb677861e70bc8b3af743db,0b9b631d2530991c25c425308be6ea69ba0e100a1202daeae8c45a4ed1bae4df
test,images/test/unhealthy_0426.jpg,labels/test/unhealthy_0426.txt,ed196b1ee2238e6e38f57d6cd66dc1b863ae16f272e65c275162ddff11c0cb9e,bd04ff8abaa9e3b33037d2f6408a9f148ad6090b5b4e934d4c1a8d1e77f8b912
test,images/test/unhealthy_0427.jpg,labels/test/unhealthy_0427.txt,c646d111a40adaa6b38024074865370e2707b3b4b5e4ef5bea3cc0513afff316,d9bf35e309017a00cb29e1e6907808debfede542c5837989b332919b9103c41e
test,images/test/unhealthy_0428.jpg,labels/test/unhealthy_0428.txt,e6b124220bfbf95d4d5a2f9b16dd9270389ced333cdc802e7510d8720965c530,13e3ad4832ad8471b06fa4853783b13804abf7bf2b6bd8d6fccdaf7fb3dc1869
test,images/test/unhealthy_0429.jpg,labels/test/unhealthy_0429.txt,c72de5b81b859aa26a0b616fd1c207d0c433336fd2833327bf0f572ae9aeb6c7,2ea40ea2538f97ac0e8814ff624bd6774bf3f83b69ccf08df82a3bfc19cafed6
test,images/test/unhealthy_0430.jpg,labels/test/unhealthy_0430.txt,7a076e33c3bad4b09d666108f1d8f2b4b6e3cb340830fdd34aca171bda427922,fdb15079c7f582147d5e511b6255c8294622b31eb65fb6c1e7ca4e6356673786
test,images/test/unhealthy_0431.jpg,labels/test/unhealthy_0431.txt,b2ef81800e6d4724954ecdf9ce103a34d9e604e95851f4c86f4078b04bc6787e,ade2bd2608b2e27b968cb04b0c81e292a7fbe50929817332accecc0fb484a09c
test,images/test/unhealthy_0432.jpg,labels/test/unhealthy_0432.txt,640a320b4cb20a9006053a5a27370ce51f3e78221d6d69b76816c07ff65b5107,b18880f9ba251cdd1675c6b9ef48350a53e54c2b97a4ca29cc57df632de0a485
test,images/test/unhealthy_0433.jpg,labels/test/unhealthy_0433.txt,6ec10cb0ba916991a80c3f3ebe94eb7f2fe3bfaa553fac21b47eed2e8b443a8a,93f55f61ac74237318622d9b3ebb72132899eee98d3d345098031b48ca60a3e2
test,images/test/unhealthy_0434.jpg,labels/test/unhealthy_0434.txt,21b734eccf850bee09b15fc1f08d1d105be2b90b978e63242807f25ab9d6159b,9f4a58ab3b32e65da9871c2b0a66aa45640390236df1208edfeff57e1ccf9314
test,images/test/unhealthy_0435.jpg,labels/test/unhealthy_0435.txt,76450cb30ff39078bcea5a0fcdeefe8495654a19a72957f09f9a2400d88843e4,2817a83065e0459dead15c2e20b67c8ed7827ae380f24c64125fd7b96837458c
test,images/test/unhealthy_0436.jpg,labels/test/unhealthy_0436.txt,a26f474a182d2d8676449425364377bcddc72575dc23083fa2c85c4289f4b6cb,0b5e02937f6619421d8c219d020ed792a9b5e38bebf8ff8382dc714f0828e055
test,images/test/unhealthy_0437.jpg,labels/test/unhealthy_0437.txt,ab074f3988caa873438ec2c10573bb7db4d5e14dd1f3a474679b3e3920f5a71e,51052d6da370a78ba2579450d0119c8acce20cd6c26fc689cf56b1e25a8d7777
test,images/test/unhealthy_0438.jpg,labels/test/unhealthy_0438.txt,9e59415c3295b63ec16ca7c4221e8e41689741d4d7605611c39a7a2e71cd7abf,4b3d9b371f76a6a1c2bf437f067eff4b1e94ca0690c5e8bf080c1cbee48b15a8
test,images/test/unhealthy_0439.jpg,labels/test/unhealthy_0439.txt,65029fe0084f15ec8306bd2bf31c8a3d8dfb6cf96b48e6caa8d94406de8ac027,88e5258cf1f9e062026d0cdc3ced0aa1d81b72ebf99e1bc63bd4edf53c6da6e6
test,images/test/unhealthy_0440.jpg,labels/test/unhealthy_0440.txt,8685bce0c8f9eaf82288e034c0c1c7a3708be80c8c1703a79918b76ac1dbe071,9352af2fa5e73668cb88ffecfe23add5c32858b27734975c04dfe1fb43b18df2
test,images/test/unhealthy_0474.jpg,labels/test/unhealthy_0474.txt,d03a384eae7b32d8bac084bce34edac8543b785699a5868c8d20659d17c5c9fe,43c5830d1ddf57b46b727e714068d284864ac8fd288cc16682b4e0d44fa7212b
test,images/test/unhealthy_0490.jpg,labels/test/unhealthy_0490.txt,9230495b154569809e8d6be816caa03025dbdbcd7318db74968e71fa8b62a0d6,2c52aa1dc03b31b99ccb973aea8d1c1176a137d1c0d01d2fb0399bfd846d5852
test,images/test/unhealthy_0493.jpg,labels/test/unhealthy_0493.txt,029676dfbfa56cca4cc144c1dec7ba3c3dcccb44ca959e2e7321d2e447cff1e9,f41dfdac9ac6ead648ab0ec0942d8288e562929c87044f1fec9826575fe2cd1b
test,images/test/unhealthy_0506.jpg,labels/test/unhealthy_0506.txt,4ad8cdb1780d2369a1e4e17a0e3523965170cf83bf03b280618ab79080d25b1e,853187c5512858c898ccac6fc5968f35b6a9ef29c0162681c2593f8790aaf044
test,images/test/unhealthy_0511.jpg,labels/test/unhealthy_0511.txt,1191af267341f5cf0fb1d3cfdaa7c86a965d867abfc17f5b2bcd4f2caae61884,9a9f254973ab4755565bed4759fa699ce3c80d57cbbb309a4d20951bbb9c6868
test,images/test/unhealthy_0553.jpg,labels/test/unhealthy_0553.txt,a19c93cb6ce110c8865ab8656e755a2681b98e5f99543a9d5f106027935cd3f3,059cf6057b16ed6216b81a9ae44d94a31a5bd71f49e750d2c54c64d693ab84b0
test,images/test/unhealthy_0555.jpg,labels/test/unhealthy_0555.txt,682f95638ec23dfa7cc2775bce91f579e5c3cfec4460168530e06bfdb2546b61,4ab12992be6714fc57097da1983671716534ab2e2a2be95d9fbcb8ddf437b2af
test,images/test/unhealthy_0575.jpg,labels/test/unhealthy_0575.txt,5bd59876556fa57df80ceb836d396da86ad7cbd963e1ae1bff31ec1fef2b6249,b30beaa45e8a70ac6bf32e1d82c1826af692370a43393fd6a637d6d52acd2d4f
test,images/test/unhealthy_0579.jpg,labels/test/unhealthy_0579.txt,0a5b90762cb24248795c723aed8c851e63dd76f5d2255034cb981ad2399b7ec7,b721f35739e569f6ca16b8444037814a02def1602e7c9bcc6fca08c0a7a66836
test,images/test/unhealthy_0589.jpg,labels/test/unhealthy_0589.txt,9930beebd4a66b4c2cbd3e8d5556c477669ad6932e31be00c8397043d0874cd7,a5be304ebfa273b41cff41cc9055e8d2a877f2cf20b566a47737b842dcf6a259
test,images/test/unhealthy_0591.jpg,labels/test/unhealthy_0591.txt,677c9a8e5aec1840cd688e5725d9cdaf7cb671e24e4a905148ee1f8d8257cb6d,d9fda8b4de7da2a08f5bee68d197ccd75947124bb8d10afb20531f80580f75e0
test,images/test/unhealthy_0593.jpg,labels/test/unhealthy_0593.txt,dcd8f10760e2109a9ebe4037a69cdd12244ea3eb512bc35f0a2f529e775bebe4,2846e932fff1e60a6255d760045f942753b3cb6196f4a86d8e5ac0ba174f0ad9
test,images/test/unhealthy_0594.jpg,labels/test/unhealthy_0594.txt,1363158647a68166e630dae67f9c8b11738068ce284130257265b98450421c93,dfee33d15e0ea18cc84c1866a29737c32d1ab3f9b8268948d9138bca630a2ffc
test,images/test/unhealthy_0617.jpg,labels/test/unhealthy_0617.txt,bb8ad0eab416f6af686e9cdffd3dfdca4646fa5efc0e43b76ab723a1495aa1b9,ea1eea10a3b4641b6230f0144aa53108d4f29e573d61506b643c8961baef6137
test,images/test/unhealthy_0621.jpg,labels/test/unhealthy_0621.txt,8e62e005543a0c1e08d1044f418eb563cd47fb54510eb6a38788e73ebeb2e1a5,8f6e8b6a4271f08e33745dd733261bffaaf25c1c8e9adbbe6ac23ecfedee7be8
test,images/test/unhealthy_0630.jpg,labels/test/unhealthy_0630.txt,e6e03f24c6d6caaf7a6373146fb1584e6e5306ece7d67341a04c37a94ac13bdd,8cbf08f68f04fb6aa5e86f2b9c58e43bbfe1b54c58e70ad96572b58d006eb993
test,images/test/unhealthy_0634.jpg,labels/test/unhealthy_0634.txt,cfc0cb420e561752f8896ae6882cc88aad3ce87811d6e3579f2f0dd841d67d2a,61bb5fa98812203c00f6ef902981a01c07c731a7c0ab7e8f39d1e189ba3dad3d
test,images/test/unhealthy_0641.jpg,labels/test/unhealthy_0641.txt,b11ee9d341d7885d497d95216df24bafee22c6581f18434fdc5814a5db3a49a0,5c3c63050e2eabfe7a27e9248878e44311931411c85390d76643bdb82fc3c360
test,images/test/unhealthy_0642.jpg,labels/test/unhealthy_0642.txt,0c2095a1a9709fa6015148cc8451a020438085fd322ce7f45a580b421b24d6fc,1137aeb49fc8fc0bb679e304de80110e25b5c7cd86bd8e13e7b6f12e494e5c4b
test,images/test/unhealthy_0651.jpg,labels/test/unhealthy_0651.txt,5d58698d6267b9a44f8ee20cd0ebf720d8fcc46f1bafb39378c3e359aa3a7238,aeffd4fb6990e30c3593ca489628d0c4e482e395d2dbb331f62d581622d62c27
test,images/test/unhealthy_0652.jpg,labels/test/unhealthy_0652.txt,998111c7b39e9fd569f765639a57eca2ec260dd5598ca4daa78d28c9495110c1,9a31451a80054cf79cec614c4b9eada67445ef8e56049aaf961145c729274c5d
test,images/test/unhealthy_0654.jpg,labels/test/unhealthy_0654.txt,2fe58ddbb61c1a5722559ffe08eeb1935cc46c52139162cf2e0af06a56dd79ca,4a50777a1f00f9445dd4249d269c0d9a9832a342ece430d4e2c2729f8d3b1ef4
test,images/test/unhealthy_0667.jpg,labels/test/unhealthy_0667.txt,4bf22efc444193d8e913aa9c0e3123a9c872849edb9d475376b9fec7d94aed3e,54b0b32759a6300a334ba3b0ab772f1dfc492806cf298532a63d28ef5434e2f9
test,images/test/unhealthy_0684.jpg,labels/test/unhealthy_0684.txt,2b58ec3a8e1f0db9e4eee9a9e32dbce2a6ac195bb0ced86e6f150a3c882a0beb,3ba6f62e39ba3752b0cad1422e48f9915629423c449a0cdc74534590941ab3d2
test,images/test/unhealthy_0689.jpg,labels/test/unhealthy_0689.txt,3857c20848bae4e13862a22c8a570b99387139b70a515b8b4e1bce0af0d4a4ba,db83ed0c5dc9e76687081a2e020ab5658d1f1fabd1273ce030536e82c0041c44
test,images/test/unhealthy_0690.jpg,labels/test/unhealthy_0690.txt,848b188a8880e98e951e795c0bf72d6a2c8c424ccdf0108b9463ef5b7f92c131,442fe754c964536c05079492575fdb8ef98fd2f266f3fe694cc75c80208dad29
test,images/test/unhealthy_0693.jpg,labels/test/unhealthy_0693.txt,19bc4a28d5a23bef653984b5f31eea7c7aa2bc1c22c5358300ac4b00fd605d41,9f04a87bcd49cac411e7f8ce24ec2f3e6f063b0a9b094be20f5d828b680a2306
test,images/test/unhealthy_0696.jpg,labels/test/unhealthy_0696.txt,09e84ecaf41f71bdd5d9520670b9f6de8963eeb4c950ff81607c0af1274d9f13,01e294b9c16d1792c5b51730016f43986659cd24f28d94507577f75407bd4638
test,images/test/unhealthy_0698.jpg,labels/test/unhealthy_0698.txt,7f5d476fb5a9424fa67ef186d759f52561d8e51951149a7c838948f348dd2bf5,199d8ab6eec9e2780b635d94263ed14d6e0737c1fcaaa102b0ad207c263ec4f6
test,images/test/unhealthy_0700.jpg,labels/test/unhealthy_0700.txt,4b7d419c80d8de69e7032cb51c57c6bf636328e3b0cc109614862c09f1a30653,d1bacc15a387e29b1907575933b82b63c5f2dfe8de9dfffd51e6e734d3cf7a22
test,images/test/unhealthy_0736.jpg,labels/test/unhealthy_0736.txt,665ff88c2d2570e836ae105d392de92ae99ccb6882f9539772e9fab15a6e58ab,6ab41417a570b435edb2e9902f05aad2b300263faae166b5a66c76d5393fbc68
test,images/test/unhealthy_0743.jpg,labels/test/unhealthy_0743.txt,3f1350824301129eff6d1c75a3ec38acbc4febedff97959172dbd282e09d77d4,3e9535216e745ddcbd31b9864307010f328c881e95d11874f23513e0a63143af
test,images/test/unhealthy_0747.jpg,labels/test/unhealthy_0747.txt,b160576461042da25d24541049acbb71197cd4e042b39c264d9428ccd4c5e53c,024a20f344dab4c2b6365f225773850e9941f7fd663eae3b7760872dcf419528
test,images/test/unhealthy_0754.jpg,labels/test/unhealthy_0754.txt,0614dbf6d5fb5d0017d022230d50d06a52486809cf3028e8dc9c196938937d3b,7ce8e0c792e0cede02c4525cf952273578ea6dfcddaa243c3a14404878d8a9d1
test,images/test/unhealthy_0759.jpg,labels/test/unhealthy_0759.txt,3b9fa07602986bd65f3b6965d21af96de5f255a05e3251c7b372befef5eb587d,123e3477f7e791a1fea24a3ec45995546f768fcd6be4eaf2c53128b7d1d4d2e3
test,images/test/unhealthy_0769.jpg,labels/test/unhealthy_0769.txt,66192ab18d753cc341503b30581bc78fcb09d695ebd5dfb1d2ffe8260b3074ea,37f4e3531c81105fdcb3c1876fc78837824b2661846bb96a8b5a3a4d9fbd1866
test,images/test/unhealthy_0770.jpg,labels/test/unhealthy_0770.txt,bccb931716d52f69ea25ccc6be01803f9b805742a3498e0516d0dee91ace33bd,f856af56be2a2ff8c8c15a2d40dd3ecbb3c920f5a407bfe7a15a656cab0e039a
test,images/test/unhealthy_0771.jpg,labels/test/unhealthy_0771.txt,1967624a7d204ee0867284a9594c100a6b0ee7870a160552d08b85ce0a12a9e9,1cecdec0eac9982f1ef03afa251c2474fc03608230ad493e94557506e71dca17
test,images/test/unhealthy_0774.jpg,labels/test/unhealthy_0774.txt,1ad1677d30b95fdc7e165109628eabf97012c0e8a20def82f216e8ea17e0b3d0,be37f941df38c08f43f407fb90d92f6472024c63d9dc207e2388c9e4c63a103c
test,images/test/unhealthy_0778.jpg,labels/test/unhealthy_0778.txt,8091a259b276c127643993bfddf6eaaaf9c54c6e512a908aa966d2d798dd00cb,e164eb440c2985b6b82fbc8f22d200ba6ce85964737cac646f13e8cdf41a3a33
test,images/test/unhealthy_0783.jpg,labels/test/unhealthy_0783.txt,8e2543edd0f2c4608a6f0e881196b7c7d05d53e8e89caffbb1b59ee768170078,f887d4a489ade2ee3a2ac60c565f83c609a5ef1158741967f898b3c398673368
test,images/test/unhealthy_0784.jpg,labels/test/unhealthy_0784.txt,a51e313fa980a9f5503ccf253e22508bb110af34eea46de30617331a84ba7330,f0eb0d424c81dd4e2321220f68fd1ceba49eba8fb8c9cebf1a7a1a705803ba9c
test,images/test/unhealthy_0787.jpg,labels/test/unhealthy_0787.txt,c622d4c4f742f865e91e8645f299056fbbfd2ea29aad07599754161822c3baca,e3e4ad8785efb7143fa89451f66ea7a22950e2fd041740178d01f324b0cf9f3f
test,images/test/unhealthy_0788.jpg,labels/test/unhealthy_0788.txt,b2d8a5a0438097bfb782375b062c779cca579b3e81527382b32c5e0f729353dc,007b0d7e8deae00ee3b24af8f68126017bba1b44488003413aa16b5d92f19864
test,images/test/unhealthy_0789.jpg,labels/test/unhealthy_0789.txt,e1810c8ef7c3ffecabc6383fcec3d9922b76df4258c7190e0300cfcb64fdf467,18f8fcdb4d71de90c77a5ac988d4dfa763f814f4d88681e922b6ebe57b14c177
test,images/test/unhealthy_0796.jpg,labels/test/unhealthy_0796.txt,2a2bbe824406eeddf6a376c4fcd9cfd92e571d2427cbdecb28e56b92480f9011,b839ba8ad7959ad9f9eb994d4c1bfe140fbeecde6243aae8187d1881170e1e41
test,images/test/unhealthy_0800.jpg,labels/test/unhealthy_0800.txt,ccfbdd4e6b5ac38845d7abf6a4c50d432c3d4ef4d0be3bd282165ff41bd92e30,5241759640561a0f7b07bf15c6db883034a75599251f33c6c8015ab7ccbcb01f
test,images/test/unhealthy_0802.jpg,labels/test/unhealthy_0802.txt,8d55181d47c8500ae05a7fa397b03b6a8fe00f7b4e0d26fe57d5c8a848718071,ad11f3571bde27ec9f69c15b44b372d054b6dbe1524e6b99243570bec64a63e4
test,images/test/unhealthy_0812.jpg,labels/test/unhealthy_0812.txt,d910a3cc7cef437fd5813a0b815cc9423b6d96057466fb5e6a54ebf782847162,27bb65d9392fd036835632432d479a747ee8754ba5531b87628d6922c9441b55
test,images/test/unhealthy_0818.jpg,labels/test/unhealthy_0818.txt,65773189f4f73dff7d536a6029ef33fb6e0add780b450d41a8c6039eff81ef9b,56f8fd4ea065fce2d1d1d1b53e95b8cf35e84056988423b856536e6f73bf842f
test,images/test/unhealthy_0820.jpg,labels/test/unhealthy_0820.txt,b40eb40bebee246845ea4f67e06dcd5e16bb3ac8f2eb1aaca9dfd03477dc8e45,91539f26093018805bf24639543a5dcb0a2b504b7e4b70d8262ef22d4d781e8c
test,images/test/unhealthy_0823.jpg,labels/test/unhealthy_0823.txt,59a1fb809caabedde1dcfb6386b377373610a8b7c7dc05c27a8e33e33069d8f4,2c60bc6d92f9a089fc1f8e69c50e036f5ac323b6dbc0ac553100d8917aa7aff0
test,images/test/unhealthy_0827.jpg,labels/test/unhealthy_0827.txt,dcde70ee43811774beef123125a6bc827c8ff16724464bc55c4b1e0df516cba8,bb02bc3e5cccd1bd52c890eb5d84c84e507a9efcf9e433aecbe64a08c40442bf
test,images/test/unhealthy_0831.jpg,labels/test/unhealthy_0831.txt,f7da77c4307b9f13e6e0c0fcb42c293d983ca7325c776447d7b5996a7cba9015,db70351d3cfb7968c5fa8f684f6c6f55c503b3bf055aeb8a8c25da04cbc1cbef
test,images/test/unhealthy_0835.jpg,labels/test/unhealthy_0835.txt,930f3f018b8f81246830a17e01ff55f344cc1f273d8e862dcef576b2156b335b,0bcdf8d090694f07e932853857ad4a293cbee543515bdb512239986ab5950333
test,images/test/unhealthy_0840.jpg,labels/test/unhealthy_0840.txt,76bf2d6fed91a8ef9f79545884ea30c57c4314eb84536a2a804a8cf66533aee8,390d248298300f020b1cf012c528c1c9ae410de6e8a597d827721769660ca449
test,images/test/unhealthy_0849.jpg,labels/test/unhealthy_0849.txt,b95ede1fe1463375c3010459a9dade1388fca345f46077e9855542dc06b24800,c54689a08d33c765bd17345f3877db92381da9ca4de02199ee2ea7ebadc2efe0
test,images/test/unhealthy_0853.jpg,labels/test/unhealthy_0853.txt,4d7e3a7cbe535b294ae2ccb29320aad81770b1ebbf59c5bfa9e504ae2268a1a3,2c98a24ff596bb3d62ae15e9a5c04613a06a9fe35a0b8d0aedaa231f9316c7a2
test,images/test/unhealthy_0854.jpg,labels/test/unhealthy_0854.txt,cb3ba532cf20d8841e52b90fcfce17d8b848feffc27d6f8166a0ca6143eef54e,dbf8cb4073ab70e67401af3549bc76e1a0a7cd2f1ad9aa1991c46e64f4c5857a
test,images/test/unhealthy_0861.jpg,labels/test/unhealthy_0861.txt,d920f5806698d16633fff3c89854c58a61f6c7979355c9f2a54b9d14c469d5db,1a362916113bf641d33247e96ac11a05667a052a212603b31e5f54aae856aa4e
test,images/test/unhealthy_0865.jpg,labels/test/unhealthy_0865.txt,419445614e9ca31e5ff860f3350dbeca08ec777d2d918ec27688063ca4c4d081,0ecfc08cfb25d51bf38c53640e680e3a533c1941891520f3e1a9318b64da8e6d
test,images/test/unhealthy_0869.jpg,labels/test/unhealthy_0869.txt,b2b1595cfb11c68a78d1f1a8cdca107f12551412ce3dbdb2200d1aae87dd80ef,c5e597ec98d812264df7ff387e13434b97a148ec6de18b8c12300f4c90ead133
test,images/test/unhealthy_0875.jpg,labels/test/unhealthy_0875.txt,cb8be5623a3e4218dd5d799fb9e4eacde908a453a4a514b4337075b9e0d51f3b,59552b50b2c50a000f3530ac9678572bd78bd6ace340aa9b758a3930303d57f0
test,images/test/unhealthy_0876.jpg,labels/test/unhealthy_0876.txt,0fca1c8543ee412ff5e62c9f36c5394c3adc6229f280d7296eb333eb53721d7b,ec2295581eb95d7d9bc8ad4c55030cef4290aa7f748119af4cd9e9b074a04b3b
test,images/test/unhealthy_0881.jpg,labels/test/unhealthy_0881.txt,241316e6ff3bf312179b9caac5c2cba55b0bb1265b581f1179f78bd2c7b1bdaa,cd96b4fd609591ec21e66bdc953c891a2053159e16a1df707540cf174d3a9c7c
test,images/test/unhealthy_0883.jpg,labels/test/unhealthy_0883.txt,3a1e755f46ca5d956826ad689556c952f68fe9886f11399b2e6ddbb2780f9c81,f2a1e9a5cc1256ba6422a61d5d69a6b8190ba61816dc5b04de415cbdbef96b35
test,images/test/unhealthy_0889.jpg,labels/test/unhealthy_0889.txt,8d4991305b8d4670407719b42ef7ac69750ede3e192a3a9333c2301a17d8a626,dde3ded47930181fbb2a80331e3341dad5d9ce9108b960472a8790ebaaa00aa9
test,images/test/unhealthy_0893.jpg,labels/test/unhealthy_0893.txt,82932615279f3614794271d98aa396692daab0f31282d5576d5d48ed80757f2b,a3a25601f8a8431d7b44bd2f57ccd2d7e351521dac215f1fabb86a8ef4f4e5af
test,images/test/unhealthy_0895.jpg,labels/test/unhealthy_0895.txt,ab0e2d2d024d765bbaa0b18117872b10654892fe183e1f34af9347823e5a5502,4cd5c90c6209112cc6d46f3886dfa5c74d247ee302a78118221670bea1783306
test,images/test/unhealthy_0896.jpg,labels/test/unhealthy_0896.txt,4928ff03ae605bf9ca8660266d6301f2f99cff95652878b3c7cea3a2b5a3921d,8919f703306ea4012fe12f9ec614a78034195df56e50724632c51f5a5f430c26
test,images/test/unhealthy_0910.jpg,labels/test/unhealthy_0910.txt,09e6da906457392b5bb1831df50c318c2323d31271e6ebca8d85341c24be46d5,a1d782b81bdacd461eb49a4fa3b078b50a179cda81dbab4a135edfe209dbfc68
test,images/test/unhealthy_0913.jpg,labels/test/unhealthy_0913.txt,6d69a95aca6d13f3fe0390e4d6a15776b182d57b237685eab1021a952c94e9c6,e6e8b4bdeab00a05d62c706546c607eff310d963d796ac5abe668f96485c70e0
test,images/test/unhealthy_0921.jpg,labels/test/unhealthy_0921.txt,ae692b44834f03b3cae23d810149830e30da8eb37a867d8fa73dcb9422ba2ed5,ca29812059b27f165662c9b13844f17df4fc01780c753a76d592d9898166fe99
test,images/test/unhealthy_0935.jpg,labels/test/unhealthy_0935.txt,9777d38f265b7bc0b3e9aa67ce6f4c236852d050878def87511f198dd6dc395a,a3a8cc5c0a81e206fc7098ccde13156a5c3de7f634ff274cb66ef6195df7c17b
test,images/test/unhealthy_0937.jpg,labels/test/unhealthy_0937.txt,7d2dd71eb559fe3a16fdd000c9ea04b0d133b8c2f93b2aa21ba9c1be4d722304,b4b55b56c8f417ea05a27fa93e49afbf89a52892d6875172bc4306837268e206
test,images/test/unhealthy_0953.jpg,labels/test/unhealthy_0953.txt,c75a9f1efcec205d4aed233c2368bf932e1d3c34568ce60b2f540bcabfdd2bd8,96276930507166de7404c80001e8ec1e54d513069f0a062798064783a24031ed
test,images/test/unhealthy_0962.jpg,labels/test/unhealthy_0962.txt,4f458b5510ad2b119336ee9e18fdfa2903cc51971ab80960970ecea2debcd52d,828e7aac0d002ac7534165a04a60fea5aeec19588c539e7da21c7d37110192dd
test,images/test/unhealthy_0965.jpg,labels/test/unhealthy_0965.txt,199dee58c787d323265200d2210ebf27ebf1791b6cd7578dd8a5ef4decc6e2bb,11aa46c61373d85903cee60fc7d8890ad87effbbd71747d1e07e432b0076f73a
test,images/test/unhealthy_0998.jpg,labels/test/unhealthy_0998.txt,33ae38c59a9b78b5824ebf92d95c0e83a6a4217e3408e8ca05b4c720215409b5,026b129ae6345b53bd94273ebaaa04f10f46dc471d30f1afa98242b9ab360629
test,images/test/unhealthy_1002.jpg,labels/test/unhealthy_1002.txt,d16393c71c42fde9b80e32f39044bf89658a18aedf9129b65d4372bef30e7bfa,7b96d97ac55e86e376676c94d86ca8f71e360a0239ad5712db2eff52cc4b5f6f
test,images/test/unhealthy_1006.jpg,labels/test/unhealthy_1006.txt,6a85aec7dafb1fb91d940cd67031f1fbb2202416c8a62dcfbf2fc7a6bbcc6d5c,42e4a520f390dbea6babef322d859893ca34c63b5ee3dcaf407618048ed71680
test,images/test/unhealthy_1014.jpg,labels/test/unhealthy_1014.txt,564b4a5667d88ddf276745a20ab195e98de801ac2bd6710d4ac7416b19d06762,583f2084c1c7a56c2bd4c731912953bdbfe655d4445ee35757ec2bd51b98c9a6
test,images/test/unhealthy_1019.jpg,labels/test/unhealthy_1019.txt,8f81e071a74390196c62ee39085ff86a9baeee9247da8249f2097aa2c3c662d8,63f1c1e76cc589dd35e8c9b49b7e3b03fe819ed688dd92961fdbfcc2fa828847
test,images/test/unhealthy_1051.jpg,labels/test/unhealthy_1051.txt,0235ba1faefd1c07f8b19b88b282f48cf552fadc2d2f5283578126d5667608e5,151d297d8a00871d214465193bb3b4bfb4dda34c0daa9efc4eafe487f9508eba
test,images/test/unhealthy_1405.jpg,labels/test/unhealthy_1405.txt,019cdf6702c432cd4fc3e8bad776856402e774a942669416da0e2506505ba42a,f2176fcfa06ba2501f1186b71d03f9e7d01cfa3d4ce7e9557fd0c0de619c7fea
test,images/test/unhealthy_1431.jpg,labels/test/unhealthy_1431.txt,6c97ed63f0cf0b5ec84b0e14c275fafa8e03cd44572137452033b5bac9042a0c,84d6f70b560d74b281c463d44e836699cec571cd5e5bd5746c9af4251b01fe64
test,images/test/unhealthy_1432.jpg,labels/test/unhealthy_1432.txt,be1c201babcca2cf4845ced81a90f4c17ed9325b535716b39ca21249c261d46e,4d297fb29aee07651feab9f240617c7142be69eef7ab0f835edcb3a1f037c045
test,images/test/unhealthy_1433.jpg,labels/test/unhealthy_1433.txt,0f049b5df456a87f2dc3ca63d111c36d157c00bac52b2807b1fac3438c764055,b71ab2434b74fa0bd87b2772d2d368edf9d0009b3cc50cde76fe1db09bc72e06
train,images/train/healthy_0001.jpg,labels/train/healthy_0001.txt,6c8f3a0b70bf15618629fa591e15f2bf306483a8f8f63e2ca2bd020fdbc9b35a,2cfb381834d70598f55b81b4ef25da3fdee3f8097479fcb5b33dec6dee1ef065
train,images/train/healthy_0002.jpg,labels/train/healthy_0002.txt,6a546216c5845b68d23e3a46b4333a6864e759e89798bb6f29ebc503470e6f47,d34ffa91a90f5510f5112dc661c61ca851a45df1ee102b390d9b7ff753e06704
train,images/train/healthy_0003.jpg,labels/train/healthy_0003.txt,0ebeae81c234db3aff34433360cc7a515a84b4a590730202bf1ff6a1e67a4cf6,6ad192f0b9a89e05eb06a6dd27ce2228e7b44cb4e8600eeaa54948f4d8b69760
train,images/train/healthy_0004.jpg,labels/train/healthy_0004.txt,6348e88e88ad007357a98353f560204a1602fc3e10274c19538ac0928e9cecb7,1fd61f266d0cb45be40a187f3ef509621160ddcd63a432cdd78da91a1fc1e90e
train,images/train/healthy_0005.jpg,labels/train/healthy_0005.txt,04d27b30ba1f9bd3bc1a1f53fabf6aa905d9a1389f00973ee884fd5e19c5028f,02fd5c1f34cb6158db5956f9a0d2370ad860bd090d8925d2ff89e81bfd378d0d
train,images/train/healthy_0006.jpg,labels/train/healthy_0006.txt,61a2de8be8876258a8ba9ae8272461e58f4ebd3da31a7df9d6a47aef832888eb,d0ede2cb315fe593d7c7952c5b29d9ca953f25efd2cd16f0aa12cd22b54e6562
train,images/train/healthy_0007.jpg,labels/train/healthy_0007.txt,9e110840222a9af08f19580ce82dd001fcece7d329f4311d5fe293b67690d448,54927aac836bf17a9cbf5a55d3ced6018baf4bceede0a2ed987d5961cec71e2f
train,images/train/healthy_0008.jpg,labels/train/healthy_0008.txt,1140dbea7dc35681ece9252b357f58986cceb01c8bf615acd1a05bcc9d96a706,0dc43d9272f54f3166ab13f627f9f098ed7d3d378f4a1f4d36d408eb99e9ce1a
train,images/train/healthy_0009.jpg,labels/train/healthy_0009.txt,c4870f2065d36eb6e5e1a800caaa6391cfa4c7990a36f40baebb4f6965fb59c7,10abd94b1dbd277b73ccb537c8a4be7c3358a7f626d5a5503ec7903579c86bec
train,images/train/healthy_0010.jpg,labels/train/healthy_0010.txt,17ddc864560437964fcb8c32a1c86be2c864037015f3a76c2c11b994ac01c804,999687b6daa2f7b427e0ec27c3577a470e36c4ac7c6685c8e2e0ce4d72d8981a
train,images/train/healthy_0011.jpg,labels/train/healthy_0011.txt,15117fd8d9586adba4ba702b51771f37e33919837e82b6581a4ca52276032713,4d2d7d4957e0aa125b51844b60a732001a5e48aec9dc4b32c46fbadca20adeac
train,images/train/healthy_0012.jpg,labels/train/healthy_0012.txt,933fe7f3ec6d4e1cabc4518ed8ec0f9acc954515c2717611acc0c04f447e8e4f,5377d03897c59445155bb0e6685d94b485a418997cae75940ee7bd92440816a5
train,images/train/healthy_0013.jpg,labels/train/healthy_0013.txt,8be9322df9b90c25a694dc54564f7bceb70939c3f6c02eea7306446d172bb661,982c224eb119e31186027c06783264e299e537cb31d2d9c56fb913e403172ad0
train,images/train/healthy_0014.jpg,labels/train/healthy_0014.txt,66ea81c286a3ca497092b0be053023616d2cce379ef1cbc0836e8b9f32a62665,24ec57657c1b0108418d67039dc0404dd4e1d62a2eb9604162dff7febef3d069
train,images/train/healthy_0015.jpg,labels/train/healthy_0015.txt,5dc7f649d302f4aea77f0d3703874068523019ac0b81fa6f4bd11cebec344c1b,29b49b3ac2ae4891b7b0d14d77b672a95c339a34ba4afcd6b4a27168bb27704f
train,images/train/healthy_0016.jpg,labels/train/healthy_0016.txt,64a0ddf621f564c24e1924dcbb0d574e176ee5dfdc7f8038adfa32af505d7aaf,cf68f3aed7692256bee0aab636998b3571c8b97800aa5efcd37d16f56b56e571
train,images/train/healthy_0017.jpg,labels/train/healthy_0017.txt,bd82796b5a45d7e3e6a2a78bcb0eeaa27a514e320a5ac815347bc32d4e20a236,d96074f9833597cf9377a6c7bc46ea1f22a85fb0b538e790bd779bffc0631802
train,images/train/healthy_0018.jpg,labels/train/healthy_0018.txt,0e0093407df920c8e60d3e1397725a80607dfb78b63598c29e201684542d2a15,58d0207669523b68773a34fac8c8994b41be73a466bf37ba0c18462d2d12d969
train,images/train/healthy_0019.jpg,labels/train/healthy_0019.txt,817e82540024ef5bdf437e4b0db2b867db204e06cc3570da619d7c2712fcfb15,930718fe82228608d1a17685a6bb4573435c0359473d360139bd9913f43dfa32
train,images/train/healthy_0020.jpg,labels/train/healthy_0020.txt,7a7495db43c86c85a791ca48db86340c99b7369da5809d1393c45c7854bd3cb0,a517a0c7ce8b4ddd681536baedd883256b15aa889c81b83afd83a3c1fab33158
train,images/train/healthy_0021.jpg,labels/train/healthy_0021.txt,1cbaf7a6872bb1cc8ea4e765ed7464e98ad9cc4acbf2f24f893846f5a4632231,81be7f2fd27aa54ee22f66bb9664ceb890e1e696ed44871a18b20150147f0414
train,images/train/healthy_0022.jpg,labels/train/healthy_0022.txt,c57235c33d1624f2b09285cd3d7c8e0830e74aa5f17e9300ff9aeb0a4607eccb,ea8a625433feca520ad2bd0df7cc3cf8d7780bff654f229447edc28ba44d652f
train,images/train/healthy_0023.jpg,labels/train/healthy_0023.txt,5d3cb4d2cd3e4e0ffcaa5cca15e60938d7013f8fd072f32a820c3d829371c82b,8707f45d0179f36351fc623920b6c40d686e8330ea94baaf3f78e04b9ab35f5b
train,images/train/healthy_0024.jpg,labels/train/healthy_0024.txt,cca089a919151e115beea63ebf1b78f53fc97c112749859cb36279fcd8f40bc6,31a1141bcf995bf772d1a558f4f5ef367b731e358f1f918258dc3685bc204e86
train,images/train/healthy_0025.jpg,labels/train/healthy_0025.txt,bd0927ba6eca89d21dcc288d295e6d356c2345fc50243c11a872bf8d335ce295,44e11329e165bc98045aa90e3f2044b745d4e60321162ae1f630070f49857616
train,images/train/healthy_0026.jpg,labels/train/healthy_0026.txt,0783962be345d7369bfbcbd57be77ee837d6a45d1c68e352014bae727e70ecd9,aef85d4d0fbc9e427a0ca69e305e4e759b921035d022d960a95014f6b2bfedb5
train,images/train/healthy_0027.jpg,labels/train/healthy_0027.txt,a5b47ecd39b233c1e86abb4275a980fc55056fab37c5b6ffc2b209d9f5c6304c,b117e018c266d8417ef7714b0e1a7b709fd83fd4688bff9860801d56f16d90c3
train,images/train/healthy_0033.jpg,labels/train/healthy_0033.txt,46ad233cdb1438b26df651e94de2981e1195d558b5cd152f2fd18aab2484ccf2,f345838f335fbb7df08f7885e6b0d129118bff78882d14755edfb42d93fb0448
train,images/train/healthy_0034.jpg,labels/train/healthy_0034.txt,9ad22b09e8e33232a39cde63d5f4e1ea54023bb9ee292056c99f18bf6f81e841,e1700cba38ba10a90649b714ac7202bd3f488d8ef883fc5a196f158152adbdd3
train,images/train/healthy_0035.jpg,labels/train/healthy_0035.txt,7b5220f9d87ea6ef89891cfefa7f3b70e8ecfdb62c3ec71b2540bb6afdf69767,2740f8a9f5112d8007ccc45390467ff7c1862921445b6d2a3e907e516cb5339a
train,images/train/healthy_0036.jpg,labels/train/healthy_0036.txt,630d1f53cd78b882c1a09a32ba97d3d6db007758eef759c075cdac8843ce8194,c8780a50564294e6a6c66c9657e6b22ee71363bcc205f54cfb419d6b77d5dae9
train,images/train/healthy_0037.jpg,labels/train/healthy_0037.txt,dd8bc24b8c49a89ec36108989f81970274b83a9aaaaa3dee29a596605ecde79c,912342cb5546ed323759dd04441f1de7b0d9334c09e8c22a21273c64b39c2ad9
train,images/train/healthy_0038.jpg,labels/train/healthy_0038.txt,32a530e941ebd8a1aed80a76e4b16cc5ca576015e737caabe6c8791a1d970235,dd19554068561a6c98ab0c68a83a69e176295f1c1d7a364f302728453acb82f9
train,images/train/healthy_0039.jpg,labels/train/healthy_0039.txt,3641116b5b39d32d5fca53ec4a34082804f108fe8a8b65482dfa454b5a3d0220,b37ca954d91ddaa9375dc6e520405f4683a8bd5789bd13a9083471f71e066ad4
train,images/train/healthy_0042.jpg,labels/train/healthy_0042.txt,d07f735ff6b31389b1133e4f074e767c6d65ea824d35a947ecdd26f52d2c5329,925a418b3d7aaf44123997ef60fc0dd3d720f0866b2ea0f9c4b8068464c48aef
train,images/train/healthy_0043.jpg,labels/train/healthy_0043.txt,b674bca22ccc5751b634e0e0e9be9ce10a8290c717781d46207c40fad261621d,16b4432f65cb582fbd17cab5a5a42e94e3cc85d75bce1a6929ffa8b350370fdb
train,images/train/healthy_0044.jpg,labels/train/healthy_0044.txt,bb944c2bd965ee4357071a7e4a8bc38621ac9281f07eb48f3d4cadaa5eeb81ff,723486ea16ba98297a94964a0955aa3ef3d9cd35b77cf5e0c4954f7380f56c74
train,images/train/healthy_0045.jpg,labels/train/healthy_0045.txt,3e442818ae206065740fa922852f7fbe04a47b0f96d7a58da8b0ed4a4bc83692,f1a3a58f6dc9b824392f6bc07d16ef41bca8d12adb24b239d69f28c45af9553d
train,images/train/healthy_0046.jpg,labels/train/healthy_0046.txt,e78c077122bd1566112a328eda075a90582365d5001e02e38ff1d2ccd1000937,1f262b15a794c1d7aaa9f20ca6fd362d4ded2d113ed30c1d2b16b04d28a260ce
train,images/train/healthy_0047.jpg,labels/train/healthy_0047.txt,75a752be3c10733e0fdb52f8c8f1b0b1ea3598285d95cf031c0c11f8a6e1e175,46460f463560a5fddad2ea3eb8cae85d260049a6213d1d327feda1076a82a680
train,images/train/healthy_0048.jpg,labels/train/healthy_0048.txt,7eedc3c2e0a252da61fb83fae4ba1328730de790be55adb19c45b7c4b63f5827,73cc4a708d6a5bcd07ac0dd1e3824b3570bf7c3189fc01b99c8ad976b2df6621
train,images/train/healthy_0049.jpg,labels/train/healthy_0049.txt,29b72686ce86efa8a0e4e644f394accb034747c4c0415c0439cfbdb5f82314c3,08c07aa180c77529adb2f2746a33394ea2a1ec2d0f7abe4a16f88174408b8e8c
train,images/train/healthy_0050.jpg,labels/train/healthy_0050.txt,f45a43a927a5c5cf4a1dc415715e208823b194e5f034efd6d16ec07983b05f4c,8b05939cefb3d98d46b6723766fe71e129871365c5a69d685c0bf6c3facb1f58
train,images/train/healthy_0051.jpg,labels/train/healthy_0051.txt,aa1800a4575717cb6a911b29943d29390c8db2f5eac861455ba67229263dde55,001ffbc68c43520b74ecfb1f83bb9b2f06e06b4c6aeca363fe632097ac3b423c
train,images/train/healthy_0052.jpg,labels/train/healthy_0052.txt,bd75b3af98c4ef90ab70bc7dc8eddface4bbe270f4372742165abe811fe7d295,6c5fa5642840a8dc489fe0ec157677516bd9404d1fd9dd7308f81291b86a4219
train,images/train/healthy_0053.jpg,labels/train/healthy_0053.txt,7d558def482df14b2053399255fe4cc6a911533fb49b221960ace50e7befd16f,71fdb8532297caf5fbe4f8627fb7a0eaa3eb5ea0a356051bfbe0e400065429b5
train,images/train/healthy_0054.jpg,labels/train/healthy_0054.txt,382808ed675bd820df5148a03a7a07008da5f73e5903a2ef531f2fac008941e5,a715667b1175d34495008025f315b785588f36816eb7dc5888cbc58c985e16d5
train,images/train/healthy_0055.jpg,labels/train/healthy_0055.txt,dc28101c5a15249d3a3eccaaf206bf89c7eb39a1b5038d1ccadfcc2b1cf03336,72af265210ccced3fbcb898edf1af4ec99a34d727cb2ecdc492a6f3c53ffdb8e
train,images/train/healthy_0056.jpg,labels/train/healthy_0056.txt,5d240168abd45aa24a56d073186feacd94d1b2ae7360091561439fa008347c8e,949636a7625633ff261d7e1d2d86e32a44bbcf05cd3cfae6a7e5ae0fb1aae37e
train,images/train/healthy_0057.jpg,labels/train/healthy_0057.txt,220947ef6e9f42e5e76002d919711d6bc241cf4006a2ef27d7a002e99c035fcd,e9338f6c149694d268f130009bbfa6d322b8d445dee413907c6f8b06e82fa8e4
train,images/train/healthy_0058.jpg,labels/train/healthy_0058.txt,65069d8e05dd54ea4a53aadc286aa3682ac7108442af7e5dbd072ae1bb4af286,e34ccbb448cd19b27faae61b5b9c991a168fecefbe0747bce7f4e40c9e6879e0
train,images/train/healthy_0059.jpg,labels/train/healthy_0059.txt,c7f9668cb2a33216c8398f60bd43fad57a9e2e7132eca8dbf01133c7dd179983,9dbf26dd7a387fc56b4a0709a272bc79dde9c204747733d8b3f93601aa1596b4
train,images/train/healthy_0063.jpg,labels/train/healthy_0063.txt,c5521b2e89ae42842cc19b2edf788dae70fe4addc18cdcb75ce30aa72a4d4df2,8d765e80c3111e93310286ef69e3179a0e488f252aaad0f0de4cbdf29bbbe15d
train,images/train/healthy_0064.jpg,labels/train/healthy_0064.txt,6e5ed4131de5c9a504c6135cf4d10ee48fec7f0a7a4da80f31de7e76033cb485,9a7fcc70a039228fafd5cbdfed7fabed10bf014a81cc84881789418ed167bc83
train,images/train/healthy_0065.jpg,labels/train/healthy_0065.txt,a49afda39321c02add4809964b83f7ba9c8ecf00b0312681a795dc6d2dea53c6,e51a11e56d1654c321a379dd5a68d239f110c8f7d08314c0cab6627f435e5252
train,images/train/healthy_0066.jpg,labels/train/healthy_0066.txt,204336d180dcb06a5dba390f561b47886817d4c553e68a36c80532ff16d9f2dc,0171c868664406652a6fc525e10370c93a1119dab0bd17e1084ab7900bd71640
train,images/train/healthy_0067.jpg,labels/train/healthy_0067.txt,31752e96882d091c2dc2eafb5b16864e45a9e236f810e97a77e8350dd61d81ec,e158f19cb3ef53ac95f0ecfa8f157f3025216789e15d972fbf15e5dd2992ece6
train,images/train/healthy_0068.jpg,labels/train/healthy_0068.txt,149fc6ce7fd083c5b9c5df300e209b602d6b6e5a80a6d5f51f8563c9a166910a,08343e3979ec65e5711e0f4a322624d874fe2c99ce258369514b2cf23a9ea882
train,images/train/healthy_0069.jpg,labels/train/healthy_0069.txt,aecf6cc04563caccbeabc807e2086d7130ac4758a858fe38f8f46139d49e5949,03d6cc7a51a30ded0d03ace9d463e1b451aed46c8f29256c0d0995f090ed39d0
train,images/train/healthy_0070.jpg,labels/train/healthy_0070.txt,f5b2b1c80ce058c2886ca51dbf24a580cc90df77e070d8bb95faa4620de35dd0,82024a09b6b5143fdf558e81b1e4e1f4a1f9251049e6f3b4d7b2392cbf231579
train,images/train/healthy_0071.jpg,labels/train/healthy_0071.txt,8046437a9fc367af3fc77ba47d2740492ff16756d53b6832a67aa1b3a4e41503,b47566dd5c29ea25ed6a3aea815e97ae653a759f86f04c64ccfd19893c914a04
train,images/train/healthy_0072.jpg,labels/train/healthy_0072.txt,c35d43a5b41a1f98c9e0e8c0a5d04fa5ecbf02b5300b6ee911e0ccb54839ef25,ac6d89e5f39eceee837eb2c8aa8ea5d8999558f7637820829a938cd8f83902a6
train,images/train/healthy_0073.jpg,labels/train/healthy_0073.txt,a1b4411c351fac0fc06179e9aebcdc12b6037595a4a746865177cbe1858837d9,6383972ce573c1e710f258183a4040423911f06953e85d65427bb59528916572
train,images/train/healthy_0074.jpg,labels/train/healthy_0074.txt,a9d21e7d446f3056f02127de8987c1ddc4df0a83c7f45cc95528f4ec97239003,7efc722873e764b0a231efb3e1f0456a4ca5292ac9f26deeeddf1811bbf825f8
train,images/train/healthy_0075.jpg,labels/train/healthy_0075.txt,765ecae3bc7f52053496b2fcb86429829f4d4150aa71a2c5a2fbe9ba5c234488,2a48df2d19ec01ae9513d2c884ddf652933f0d975db6fb85e4d1a801e309b19f
train,images/train/healthy_0076.jpg,labels/train/healthy_0076.txt,b7495f9684d4834a1449f22cc8798e5e4b072575e5340a5b7e17620d208626ad,f94193c8f15e865e3dda74b2b7a06afb77ad8eb6342ea33d3360fed7fd966943
train,images/train/healthy_0077.jpg,labels/train/healthy_0077.txt,b7c1eb7f64f93b102546d2066183e5bcb99ae6de017d009da9f3d13ef9e01382,eea60d7928bd77be1c3280b7ca38b4bc5e388ee3fa27102a32e25f8dbf5de72c
train,images/train/healthy_0078.jpg,labels/train/healthy_0078.txt,1868a17cddd8076d76210819371500bb8b7a5c40646af8061a5ea0e922efc02b,ffcce18a4d71eec014cbed49df70ef640ecf81c6c22bdbbc62dbc491d40497df
train,images/train/healthy_0079.jpg,labels/train/healthy_0079.txt,4181972e1d8d739521b8ff3a3776d1601413b8758010c62c940bd936176994db,b53188b0165166df25a1a1b6e4fcb6c340e6091442fe90f7228b53878f6cbe9e
train,images/train/healthy_0080.jpg,labels/train/healthy_0080.txt,91de7d91457c689930938e8a970c32d4801e6dec333729fdcfd4b2ab04f60604,c00c75d37817218287a3bb0121a59ffb74e845be40b0418834a933fda9e90037
train,images/train/healthy_0081.jpg,labels/train/healthy_0081.txt,0653cb96b8cf4046a4f4f7499ea71924c88de3a22feca553c9c3c8890335671e,6a4273eba455a481274f6457150b7696b9b5092696ef67e821c2ce245bc34ced
train,images/train/healthy_0082.jpg,labels/train/healthy_0082.txt,4896fb166bbeb8d17ea4efecb07978d8956018ae3e9c4a8644e6abb2e6ea80ed,eda2bc91ce8d7d89bd1781fbb6f939dcfd8cbc67bbf0268b9254f37851943ca6
train,images/train/healthy_0083.jpg,labels/train/healthy_0083.txt,ff4d8637044a593baecd666ab215447cd9e98c321df1948701cb835d7d9495f9,51dda8c890ee341eeaded9a7756b655609ad2ff59ce96428d870e8933219abd6
train,images/train/healthy_0084.jpg,labels/train/healthy_0084.txt,834243b5af0a3b9fa2887401ce9e5409cc5f01d01e8da588b8a4698ddfa5ca45,ca19fbc097512980abdd149a80336fe914cdfb3cad652ebf1f3828a94e5e0262
train,images/train/healthy_0085.jpg,labels/train/healthy_0085.txt,0e7ac95bf8c815489b83465ab9b55ac6c3cc1ea9bd844d35a3d701f6d1c813c1,20412ffd1db3b87897540a1facb5e1e3f0d5a27e6985123e32848763daeb2b29
train,images/train/healthy_0086.jpg,labels/train/healthy_0086.txt,0f38b1472dbb1ac5213ffd97964182a49d2bbc6b51ac841d28eef10537e4a4a0,73019a0fd5b51b54ea7071827a071afebc9d860944d78fa4fd3f650a44419da5
train,images/train/healthy_0087.jpg,labels/train/healthy_0087.txt,71f9862dc6acac9b98d1d4670584dd643cbbc537a9c4edb6d9d95fdc5ba66826,de70a849fba56fb0506efe19ae10d5021ccdf8f4f0b0f773334844922c57e102
train,images/train/healthy_0088.jpg,labels/train/healthy_0088.txt,0c02c4ab0457a45505fded3b79e191df3a6282458ea536cba3db2dbb8d6de708,05393167815d006fa44669a420e8eecbd5c66dc77ffde53350268b1da09e47a8
train,images/train/healthy_0089.jpg,labels/train/healthy_0089.txt,f8d0a0c443f5754e37a0adc00372512b1eba81571d0dcf151ee715d6fa9acf53,354645295e1cbb964be8329394fe1a681aec110fd2fd14ff96482ccb442a4a6b
train,images/train/healthy_0090.jpg,labels/train/healthy_0090.txt,9c5bdafe9871a29f43ddd8405b58d3924bfafb7f9f44686c224e5a3d88287dad,23a01208ba80026d3efc32fb92da63223a0cd99bf81662c5458c99b760def656
train,images/train/healthy_0091.jpg,labels/train/healthy_0091.txt,bfee4ec46be87fc666f8db951e3a3203f17d80801a6e595816475be9700b8e90,b8ffbc4e877775466ec8d9a2f34373c18a7e13ae261568c09719a778ca2504c6
train,images/train/healthy_0092.jpg,labels/train/healthy_0092.txt,7c7801f6da5d8cd95ad6fbe96258e9fd136532b70b026186d3ab98fda4192398,be47bb187d46f89267ebc22fe48832ad61ef979fc80ed6ab34c47994a6442879
train,images/train/healthy_0093.jpg,labels/train/healthy_0093.txt,91d37a3399bf61b53b75f7eddc122f5dcc02bd602982a3d05bb39d6cf9cdab34,578876765926408c0b3f36447f660271e5a920d157d925e71fdd0c12d1f72adc
train,images/train/healthy_0094.jpg,labels/train/healthy_0094.txt,fa741ae4a599ed381fbf416c826a0bfb6a6bc87cd1a109d57d69fd62914acf05,548a2c6fb5c431c4fc23588275e1d895d3f5bf0e3476614eb8fc70f84404a631
train,images/train/healthy_0095.jpg,labels/train/healthy_0095.txt,ea682b4b27126355538740ba80be386c775b7c8523bb00f9142e48cf6d9e0a3d,e7893404357d003abd00b37575bf291c4be0aa5e2df2a4114d53ac8f7a39b07e
train,images/train/healthy_0096.jpg,labels/train/healthy_0096.txt,60cb6e44cd288302e442a7ef23d7715b504ae00e9f84fd48b0fba2ca98e1fe6a,60192d95f7589f00e8c8c5ca1e27c164e3a6a980d55eaf8e4415e1988550ddea
train,images/train/healthy_0097.jpg,labels/train/healthy_0097.txt,a44e6854f8ae99edaf71cf30a625373c5840aa4474bceee43c82a12426879665,777256c26c8b66211b553e34995ab0964f977e6ad2bb1996ebb17bb7512079a0
train,images/train/healthy_0125.jpg,labels/train/healthy_0125.txt,3f637f159f43a8d3e2afcbdad367700a84c91a3075345b3d12548d992f25af20,85f5250a967b3b5dcaf74ce6b411347cea08e9f7f1bbaeead46485f5e9d90baf
train,images/train/healthy_0126.jpg,labels/train/healthy_0126.txt,9d3af829c31dc44fb780f453d7b29120be6ca13abb8e6b898934e2ab475a0d3b,52fbe5ecb96c060bfa2da9f3a25be0b17d273447be6c51a6a8bac7029ec2383a
train,images/train/healthy_0127.jpg,labels/train/healthy_0127.txt,0d4d7f3ac496c879f048fa82d3ca6c509228f0e78d1092c428d95c96a478e42b,dd1fc8cf1a7b10ac42a4b4921ef2a933de5443fe50d75c2ebd313b8a94c2473a
train,images/train/healthy_0128.jpg,labels/train/healthy_0128.txt,fd0e736696611449750c09aa48961110eed42f5212949d80fd2cd86605682665,da53ddee9e7ac2cb9120f4fa70e5850c23a8227408675d1a9687024e38111b72
train,images/train/healthy_0129.jpg,labels/train/healthy_0129.txt,7f908e982110fb64cf15feac683c15b6cf218f925a7a0a3e036e0dbdb06e4c38,952af11ea26eb5e0ed731c23e6722aa4d9ae728d91892d7d156ece73336b5e74
train,images/train/healthy_0130.jpg,labels/train/healthy_0130.txt,99d1109c98da294d05bdb4a78944bbcd3a798357658f8bdd1af27cd9a44390eb,3f3736e14d163319018acf9ae0d9af29e3ca23aaae9af419f4db56607a6cfa13
train,images/train/healthy_0131.jpg,labels/train/healthy_0131.txt,c0b876405638fe7b47d1d4962bdf44ff229368a5f5e02b0989381e03abe3a5b5,18e2947123ce856287e92f31b98d96a15ac7a9e6711e4d481213347b716f065d
train,images/train/healthy_0132.jpg,labels/train/healthy_0132.txt,7ee3a94568668241bc95f9cbdf83e62ab33559f16ad3d2c75618397cc798a3a5,c4e3775f517733c8bde7a8adba225efe67aabc729cb9ac07081d417726367c64
train,images/train/healthy_0133.jpg,labels/train/healthy_0133.txt,daf6ee1336fee657ceee210c0b4559cd1874ee73ec0e0198954e23894a478995,054cc70b0d1e29c20b9bb953b41e2f9a1083c33905058048d018c2804374d987
train,images/train/healthy_0134.jpg,labels/train/healthy_0134.txt,43d98d37e9abc64924c0736483b66dc6f240fe68d9f4459d6a81d85cb28d0e0e,0513eca3632f3ff9b4d209754c8864cdeb0d30dad791c447d3b77b0702a17816
train,images/train/healthy_0135.jpg,labels/train/healthy_0135.txt,4e37dff154e933ee75a3874695ffe53c99b184f66d6e87323dbf16302930cb40,bf8029bb36cb6479352ce36751eaf8c17e2c62b84e92b41e297b7aa76fc8d006
train,images/train/healthy_0136.jpg,labels/train/healthy_0136.txt,15516b18b87515ca5c2ea28f3dd557acc3fa25248d2d9d257d39fa7dfb1b1a6b,1cf68e608df39450c332082b014ca05fa755fa19001be6ea798c61156cfc51c6
train,images/train/healthy_0137.jpg,labels/train/healthy_0137.txt,76450d4625aaa180842b4f705f3ac4a670731866b5e9af15c246d6f65258d07d,5a410e54dba4ea23f0b3be41bcbbc5f49dc5b52617c1ff94a239075e47be0ea7
train,images/train/healthy_0138.jpg,labels/train/healthy_0138.txt,e214bc635a7b2e5274bc75d1f139211c4b9adb6f17093697c7e2872c388fbac8,435315633244d9b5b00af44be731cb071076af425350ab7ab3e264b674c792fe
train,images/train/healthy_0139.jpg,labels/train/healthy_0139.txt,a8933ba95750bbc96337693889cf150b3ab99b475bb424ed14baebb401ff3953,76b80139e7a07a43ecbb3b73b55b617737e1e75795c591702649cc1ff1fd5d2f
train,images/train/healthy_0140.jpg,labels/train/healthy_0140.txt,bbb6100d4afe6212caf9d188b1dfd580e4daa1f5a3a577501d98073447ea76ef,54b82e05835fe3bd0dd37a272669197e8c983bfd879d797549cd6403b82fc6dd
train,images/train/healthy_0141.jpg,labels/train/healthy_0141.txt,fed7f942be5b9f3ed4dd9ed6f7d9ac573421b4d9793ccaccf7b55b66f530a6d0,741a9b280e213d4f333c8014ca2c1a1eb591915ba5ff7bc31aafbae48659566b
train,images/train/healthy_0142.jpg,labels/train/healthy_0142.txt,fed7f942be5b9f3ed4dd9ed6f7d9ac573421b4d9793ccaccf7b55b66f530a6d0,8624c249a35718755509195fe2a7d1e3c89d482918c7670fc11d536ea8c79bb0
train,images/train/healthy_0143.jpg,labels/train/healthy_0143.txt,0a962fc3c6792ee30d4f2f08b05fbdcff2a69631e764af9fee8da5625d998f82,3b1d64ed53b5f5b75ad8b03271ad1f0e71467342755edccf1a3a30089e4d9977
train,images/train/healthy_0144.jpg,labels/train/healthy_0144.txt,0a962fc3c6792ee30d4f2f08b05fbdcff2a69631e764af9fee8da5625d998f82,21d9b0b7391879a93d744de446fa609e9fee2fa1a612a5735dd7261e7f2236e5
train,images/train/healthy_0145.jpg,labels/train/healthy_0145.txt,a22591830bc2dbd9386152d9cc55948b4ab4eb73c6d1cc7a23ac6ac825691b02,b5c21fd9819580662c56996cd6de88a7df9ef274a20113c0b526114c3e9a6e8d
train,images/train/healthy_0146.jpg,labels/train/healthy_0146.txt,ad841f91dd7ea63228f67d2afc682037ad3fb52ec9a2fc1bfb50f9796e69173e,654594d22e6fa7ceee2ecebbfc7fce6bdf6eb972f37c7dcf865f68555fbb3e3f
train,images/train/healthy_0147.jpg,labels/train/healthy_0147.txt,6e46d773636d7c49e4ba4cd74d9a841ff23e4427a429b33524e1b08f9c18a889,69dedb04eb9ce85b0cafdeef0c8df96ec7a1046ea51187e7a5a72fde28267d84
train,images/train/healthy_0148.jpg,labels/train/healthy_0148.txt,fcf0089999ef51f49af545cdc4a48695e72eeafa85acc3e8111cabb94765a7ea,c3a19b92a430af3f8b4fd52098afb7639b6558958dd13ee5aacf68165b0df08f
train,images/train/healthy_0149.jpg,labels/train/healthy_0149.txt,33ac3fa3659905fb5a0d5056c7addfb53897f245e0311d2ff9914991e6089d49,f8392fb5411ef61255658202c77dc192b6712f81cf5ee07e4725c92da608af21
train,images/train/healthy_0150.jpg,labels/train/healthy_0150.txt,22f3184446949b057c938641a8420f5ca837e0e8165b36a5cd595f77ba947b71,349530ac20fd9e48347a5f478b6e2f3bbbb5a022b7e5b896da5d435f35fb22a1
train,images/train/healthy_0153.jpg,labels/train/healthy_0153.txt,4237fa8211d986f46fd6c663312b32c66f5328cfd10012d9210f8a4759832776,1926116ea27745f4afc16f0fcc92a6352be710fe33b13dec55e5ad899c340097
train,images/train/healthy_0154.jpg,labels/train/healthy_0154.txt,0eab76beca64d497b8a26a628c4fb32457e70691529d4657c7c660e352a95918,0175bf58c3c7e8f5d0c3e69b793da9ac9c9d8879d2d5c961196f082183aa97c7
train,images/train/healthy_0155.jpg,labels/train/healthy_0155.txt,482d4dc53a0d15fa10f78fd3dcef2d2d9caa1cf0f9fc3071831d01b4975744fe,d4662d19d2633eab44db9a5fd736d7f278e6ab4590c0599152582b344ab184dc
train,images/train/healthy_0156.jpg,labels/train/healthy_0156.txt,134059cc8db97c723add39273acc687d94be98c379653f45b891178e48556713,09cd622f462401605a7a03adeb92885190d3b201d79e9f72539256e15d2df891
train,images/train/healthy_0157.jpg,labels/train/healthy_0157.txt,74d42345fd3be86e98146019085bba82fe628c66db7c8956313df613e154703c,83410400399e0c16da7125bb1b5a1f4c06d967fcb8eac178aa88500c4548ecab
train,images/train/healthy_0158.jpg,labels/train/healthy_0158.txt,bdf9fd9d7b71f70edc013093890a2865eba85682480bcb944c19dcfe130c09db,8e493e1bf39e9193df65fecef6c9255a0023c63e2469944be33dad2e5f4764d9
train,images/train/healthy_0159.jpg,labels/train/healthy_0159.txt,118eaa20a74b038d249fdd08e66ebc717d5b2049fb738aa396dbe1038390302b,47241fbe7c8a4bf7b3e3ceda596943a8ed4585bb215eccecc32059c070aa102c
train,images/train/healthy_0160.jpg,labels/train/healthy_0160.txt,74011ba4804c3c9f4145fd286d9bbd9765fa27ede08131102d19936e5ac5ed72,1bbdf37349410315cfdc56114fd61625db908f0f894696e08069efd208f8f72b
train,images/train/healthy_0161.jpg,labels/train/healthy_0161.txt,ce2014eb7d9b5a12586949921736874fbd59194b162416460c0896f241d96665,2e52e6e44542e0f91956696ed85c115bbab4f1ca33bc49e79ed7104711a7c04b
train,images/train/healthy_0162.jpg,labels/train/healthy_0162.txt,d0b638cd99d0b918520c9126ca2c5f5d985b5c20cfc7641e21250b28d17fd294,f1e9a70becd6e8956e65fb592f69de976e70640aa4a0e9b12676f330d346b00e
train,images/train/healthy_0163.jpg,labels/train/healthy_0163.txt,bea8a4c206b4c3a2e509b387d6fc1c9a3f9eebdc5d39c2f843463d2edb0970ae,f4d56153dc89a2af583e567c389392d304c14b4956e7794227fe3a37999c55ba
train,images/train/healthy_0164.jpg,labels/train/healthy_0164.txt,3a5727ef54e318de447561cf8b3b4d0656c16923c3febaccf4bda719b73be9d4,2c37817ff8305e527a5dca439976a34d80a301a85a562931b3d058d69b8669e2
train,images/train/healthy_0165.jpg,labels/train/healthy_0165.txt,ab3a72fe234a408fc8afd39c27a8b9574b687d3fa45e3e5ca96f6135a6732213,fb0f91f2dbe785ae46381f1df74f1331d2d8a480ba99fa19c354096cffe6ba47
train,images/train/healthy_0166.jpg,labels/train/healthy_0166.txt,f6ef15591be2ae60e122afaafac299b28ca92a363652189d514560218f635d5f,83bb7e3afb912add1b6e196a6755bfad1df34ed4730a8cd437123154d51c4b18
train,images/train/healthy_0167.jpg,labels/train/healthy_0167.txt,d1c9c4cde9bea1dbcd2fa41095eee715c3391e76aa7726a3329ba0f78d4e41b1,516f733484f07497961002f07ff954893b2ddee04c920621c6629393483d90e6
train,images/train/healthy_0168.jpg,labels/train/healthy_0168.txt,4d7e9758de89b2cdacc69295e276212ca9168b06f4a7878e417d73e5558578b8,c8ce8f9bfd8ee2756d6148d8061d968e82ba23408224ef787812bce422263935
train,images/train/healthy_0169.jpg,labels/train/healthy_0169.txt,93c618473431886b38d9ba90ca961de53d3bfe8961a80646fb815297cf085b04,93f7818b057a695fab26a68e77274195e8c475e4c242f36be6972ad0283a7a91
train,images/train/healthy_0170.jpg,labels/train/healthy_0170.txt,50faaefb1eab44d562f7ce74bc39053bb8d9522ce4c9b896e3db3d62c56c9033,4058f6a4bf720e67fa7b8d46dafd435c5348bcf95da44317311ae58504490a0c
train,images/train/healthy_0171.jpg,labels/train/healthy_0171.txt,cd15f8f7cd9ccfe7a0725438e9bc92d0ff51070f9850b4cbf7d0b78afff68f71,1f0ebbb190ae5af1be2b7cb18538f21099feb0fb8d52f3687887889d493878d6
train,images/train/healthy_0172.jpg,labels/train/healthy_0172.txt,34526f7c9ed62a46c9c62eb34b6e482522408dc0e2687423ef637081ec9fdb26,c7dc43b28f3644c046beda8dd172b397bc5e6db23e86f08af1b2485db7c55526
train,images/train/healthy_0173.jpg,labels/train/healthy_0173.txt,0a7825df736d91ad19bc105526184d56b36a795644d87080b6017114d35cb1e1,b729d6bd3d9b0b484176716f42014f03aebc241b7bd30ecb8dd038ba89e73450
train,images/train/healthy_0174.jpg,labels/train/healthy_0174.txt,eeb5b452aa1e66d94bd5ea7a316eb1b0709267857692ba119815df1c6c99e4c3,e4566a982482b000baf60a74ae619d99eeb3b531751254bbad0b8916bd96bc2c
train,images/train/healthy_0175.jpg,labels/train/healthy_0175.txt,24ea2eb1731e13a414a67c47e4e38cda6f3fe96e3a7104240f7098a67b6bb456,2a58c586e29c2b95c9ed8e724fd5644dac7be1bb2f3b09fa84a87ea187865d4c
train,images/train/healthy_0176.jpg,labels/train/healthy_0176.txt,057d3be7240a034ae83a362d1a370a0b4a1c5e5ef441228b922faf08ab6f8e06,4b7a4773b4830a1a08dddcfa62b3cc0f4099a30e10d2551e0130744965fd5b4a
train,images/train/healthy_0177.jpg,labels/train/healthy_0177.txt,7223636f289dfbc4d474baa8fecc9f36a95823f4be897364f9e561c4b296fdd7,17190fcbf36df3f87473bf72db8e5fd30b13c0294e99114b5598990839ad25ba
train,images/train/healthy_0178.jpg,labels/train/healthy_0178.txt,ce1f8c80ea04f6d6bf6e99d73eb0479e8ebaf1f0eb54362866af01e03be25694,14b7bc80c867578497e478623cb9c0eade30c85b425a5867b013674b46b39061
train,images/train/healthy_0179.jpg,labels/train/healthy_0179.txt,baf2a597ea85df63878fc5409bbf31ad2c26dc2abd5eed1b3c07c568b39befbc,5a5a1e47f4edd51d9ba21bdc920c555e7f01fee37f73f1dcfe798fe5ff1b8cff
train,images/train/healthy_0180.jpg,labels/train/healthy_0180.txt,c7e371ef2ceb3294ad19fc7ba3a8f71c34c922b8272343ecc5e012eb6ee917bb,9f3dab3073a461474688693f77397930039b51af1237fa65742150c00be71618
train,images/train/healthy_0181.jpg,labels/train/healthy_0181.txt,85d74f8223c26f5515bdeda0b524d3c38260f3c1cb3d21c185654a6001a5cd82,f2f62bea510a8887155630026165bd44b08e647b047bdad09ba8ce3536f2bf1e
train,images/train/healthy_0182.jpg,labels/train/healthy_0182.txt,ef600a69d113765dd129a66933b549dbe30f17268712ac9ba774efded8d64b7f,09c295b7fe69bfe42f3dabd33c37e500931cffe000b4f9097adef4e6d6848b55
train,images/train/healthy_0183.jpg,labels/train/healthy_0183.txt,c1e8a0ab07150eadf8c4e3a4726c062a3dca625561f3bf5c97fa51a03861eaa9,f4055761d27c0f0dd17561a461bb545aec538ba0cdcfc12095ebeb876473a2ac
train,images/train/healthy_0184.jpg,labels/train/healthy_0184.txt,466fb6a500a0832354699c53e006b4a996a352d814afd994c890a6201ce272c4,af64db57429ddd0b6f42af02ec3c4f79a2c78b904d7b8ee702f76355bab03033
train,images/train/healthy_0185.jpg,labels/train/healthy_0185.txt,cf2fee63d2043aebf3fda480c68f92425dd00c7cb959ec7740b095acec76d78c,71d16c7a83aee531ba3a9de2f25ef705c5b06a28f8d53cb8020411f9705f557b
train,images/train/healthy_0186.jpg,labels/train/healthy_0186.txt,d748cada6c058bb6b754b752b8fd290b1c856c4377d566a876674856bfd4b5e7,fede2daec31e3138dd7195cf962cea401cf2f73b96afbb85ed27fd9aa1dc80d5
train,images/train/healthy_0187.jpg,labels/train/healthy_0187.txt,76910b8ddd3ff572b5bc7661dfd688a2c0ae0375a2ff2b0fcd507be702178536,ce0ae65b815d1254e9cfa39e9261f14fe49f874468d867fd6ddcf0da96bcbca9
train,images/train/healthy_0188.jpg,labels/train/healthy_0188.txt,7fe998901ecf6408ebf0c382373cdf3f3e0b6dbc68ba4eb86fd6155121f4f299,e7778637c25264fce333247df4508479a8b31969432a9273be13673dd9ce1a52
train,images/train/healthy_0189.jpg,labels/train/healthy_0189.txt,4a82701f21fda376eb286fc57d48c873fc2037803576c6889914847d961ed2d8,64f17287f2d5f8fc03b0c53f7cb7764233a3bedfff027529b3c6a69766f218ab
train,images/train/healthy_0190.jpg,labels/train/healthy_0190.txt,a36282a155c9d5ce73d12cef60703ae6c3cf1b8c1752f1fd7f71876f186055b2,7041404b7d58367f1c365c0f1835a47ecfd1052a9c132b949145b09162ab7d15
train,images/train/healthy_0191.jpg,labels/train/healthy_0191.txt,8972c57a12401b847627e1c43551cc5d81650604565bdbc27479e79cb5fdcd51,bd7fa1170861995f4d2287676c5b89373aaee6de5c7749dc600679df73dfadef
train,images/train/healthy_0192.jpg,labels/train/healthy_0192.txt,ed162c9649293b9c7083f118c537b27af53211c55a0429b167bd46cad110ec1c,efc0ddf30d2f03899af5e8c6861fe89d5ce34bb2206b20ac4a566b5302beac82
train,images/train/healthy_0193.jpg,labels/train/healthy_0193.txt,bc1e1cd7f697a5d2fdb248f23e2a6ceeeff98b117e8ca6bb41c9cdb92ac29ece,a469ca2ab550acde6fba45f8cc01c058f3d8672e6c6acb68aa8d3257cc25824d
train,images/train/healthy_0194.jpg,labels/train/healthy_0194.txt,eaf9b7f85d02649f959c8133db62e6e66857243ed97146837440519b6fbc6168,4dcf012b472aa4d9bd977ee12b4f8d10d4f8e121e2c54b8aa18cd9d3e387c9dc
train,images/train/healthy_0198.jpg,labels/train/healthy_0198.txt,b8deeebe0008c889fae5b387991f5e96bb07e1a8d06ac0134f23a83d6a2a6477,7cb19cead445a443f391ae980838fbd108224f9e6363489bf89175c7a5d178df
train,images/train/healthy_0200.jpg,labels/train/healthy_0200.txt,5f96223a9497aab3bad0acbbfd3b613e88ba50e4081e307cfec5986bedb571f4,9e615cd5e26b03595fa77d1397274ae661546a46f2eb39f4d2b20f07190db33e
train,images/train/healthy_0201.jpg,labels/train/healthy_0201.txt,2809aaabe93fefb6be479a54a02c3fa9db79cb9a61f9e4d284cfe6fc94af2364,02e9ed2ee61bfb87143753d97d040fa410b9520b8a06946b9de63706bfdc707b
train,images/train/healthy_0203.jpg,labels/train/healthy_0203.txt,3b038c6b54cdc320219300ae2f199de357d30375ad2e5f6ed3ae1790d89f9d56,74565c83dd4cb2c205a0975eced4e355fd7d08b1812d11b7f026044b462e63b4
train,images/train/healthy_0204.jpg,labels/train/healthy_0204.txt,2853539ff35dc255e3d9bbe4105e93f29d7025f41242109aa6c90fb859aae3f2,80a6514b32d65164b3f5909d02680bc451977a77ef9fc93ce2fbc5a12d77a4cb
train,images/train/healthy_0205.jpg,labels/train/healthy_0205.txt,f88b86f33b20f6a2e393df07ae4cf5bd645ea21b70164ae6809f831ead042259,25ccd08d5db20e97522be0cbb7095c87a841f3bb8ec562a1f4f4e696d54b3c83
train,images/train/healthy_0206.jpg,labels/train/healthy_0206.txt,26f809a5e56b5abd1dc12792dd559b341170013f879735bd1e7b12363a55a6a9,74f11defa666b403405551371afd14e77554e3bb397108d41b272824bb63d6e7
train,images/train/healthy_0207.jpg,labels/train/healthy_0207.txt,3f76099ecf885b0e18d52f9190942b1f4b3d908266de4efc8a48316f87ad09f6,4632e84057a1e9f1d6e9e44b6af0f2767b0e9b0f2da07fd6944e53f4ea6a4a6b
train,images/train/healthy_0208.jpg,labels/train/healthy_0208.txt,83d0fcbdcca9918d26d5c2b1e1835eb622292374491f21c7322e2e1e1b429be7,15c71b2511244afd81962ccfe3f98a055c49d0abfb5670da869f7c9bba591db0
train,images/train/healthy_0209.jpg,labels/train/healthy_0209.txt,b10f70d8688aca13aedc0350997925de086062efc6a70a7219a635218b88b76c,2397419c2b5d53f25f754e7989da5a47919d88400ccad859e9fb45171be44e4e
train,images/train/healthy_0210.jpg,labels/train/healthy_0210.txt,9e62d408044c8166a470a0d5b49fc9e85bce1981e55fc35e397126578320ecc0,7cac11abc21f22a368c0844833c892e254cc28ee04ded68728c55899acced6d6
train,images/train/healthy_0211.jpg,labels/train/healthy_0211.txt,ac64bc26f043673b1c589e14cd98fb58184c8d38612144692db0ff2d200ed63b,e8e83ad7db3430368d4e3cc5759f41c23abe02f1adb9f60e27cdc1d50b904f53
train,images/train/healthy_0212.jpg,labels/train/healthy_0212.txt,3204eb5befb00a7356bfe1df63e67084495cf9db564ec5b6e659c42fa2770d3f,39d7a0f131a3a7e2c68afa8b1e32e988e8c2b65415e6a32741b2fe17249998c1
train,images/train/healthy_0213.jpg,labels/train/healthy_0213.txt,9e307646a837f37abe0fc87acdabb8864302a52773b9a85eb9475278098f48b6,49e45b85475745f6389888d9346c34636d2757bce3310d274be55f63a7ea089a
train,images/train/healthy_0214.jpg,labels/train/healthy_0214.txt,5e6b41ab832805e270173e39b09129ea357dffba8847f4334883d58b5132bdbb,9e12949cae4987dc2d7afd5ccc5ce43f63d1ec55239213f256c17523bfba38b9
train,images/train/healthy_0215.jpg,labels/train/healthy_0215.txt,9ce9791fa58ac03fcef85e88695fb1d6f92388f5228bfc88740b31c647d5d39a,30c6e2f2533786b55ef7d8f30c4eb67bf560b32484a0d829dee5e78a8a82764e
train,images/train/healthy_0216.jpg,labels/train/healthy_0216.txt,9eeab3f91d88a19fc01c96a0031980173a4d96ecd922df1d351bf857992797d4,5cc6373566739fba0ee704f82528a4276cb350bc14444b12a1e57cb6c3257ffa
train,images/train/healthy_0217.jpg,labels/train/healthy_0217.txt,96c0a71cd31eccad5ac47269f2454d6bbadba8a11b311d4c038dc030cbc3ef35,4866ae1af4103d1632eb97a04d81341fa0ca241ebce5d97528d264dd7a4f436a
train,images/train/healthy_0218.jpg,labels/train/healthy_0218.txt,9b44a7e6f4b9692cb38579293ef9f727f4f4c30075a1ba8de022e71ca7d4dcfe,e8a47cec9d937e46b06cda81228451857b8bd2ee479ce8db3c7ef6e2e7dd037e
train,images/train/healthy_0219.jpg,labels/train/healthy_0219.txt,04d7a832c1ba4de8ea6254a1f54985c54ed2d53a61b24de9b1e6d60feeff5f78,c1d41084e5a2d8516360c8cb930e3da192edf64b2c585f450167bb9960c16a21
train,images/train/healthy_0220.jpg,labels/train/healthy_0220.txt,7b43c13be01d69393fb27e8678ac3abba5b4bcf2686c3ce36656d68d836e05b3,44316812b1f4d0845c0a2bceb03f734d66af8a896e6a42c92ded749b6e572b27
train,images/train/healthy_0221.jpg,labels/train/healthy_0221.txt,56b56c56ef79f85bed0c4013613b7aee41ef06ed3eedcd144870ce1a8dbfa7fb,816f92d59309b59c6c03419d7b9c7fa1696f49231b51073373fe07c5cfa2eb14
train,images/train/healthy_0222.jpg,labels/train/healthy_0222.txt,9f25492849df36bd4d48e1662d907f14ec77f34977688d6694f0086676a91932,39f2fdd44e30276ade0c0fa809f03415e254849156baae3ca3bef6cf464fb3a9
train,images/train/healthy_0223.jpg,labels/train/healthy_0223.txt,48865a2d5dd7087452e8ee57850ff12aa3d3d7d64bd8c59c7c5fc413589246dc,351059911d8af8fe947046d60be90c4b00021231efd3f0f4b1b20bb5afca6297
train,images/train/healthy_0224.jpg,labels/train/healthy_0224.txt,05b63782b118c7fbc1cd18c3a7d611ef819aeb85c5524e6cebd95140015ae79f,4c414b4afa381cdfe19e3990f2a17c707e13aaa9f4594c5ad10477a7f924e5f6
train,images/train/healthy_0225.jpg,labels/train/healthy_0225.txt,651ba027bbfc81d57ee2d28b8875aa76bdaedc04a77df2196654ed29e7895b29,5ce72f2fd7ee3543e24f44c10bbc57254211d7a978cc4f2863279e5542d14bcd
train,images/train/healthy_0226.jpg,labels/train/healthy_0226.txt,db5d4efab948f8638ec395f6ee2346756ae0e6c5eead88bd80301c9083d0fc53,814a3479057410f1a4f5cfad0dd6b2da01d2d7925e8ceb086c36824b986504c6
train,images/train/healthy_0227.jpg,labels/train/healthy_0227.txt,89cdc1b3f7f1e2260475686c056e388533f01a0c207a10aa063b06b72a4bac9a,ef145b59084d0e288d735d60a99065724941d19460d47e8f7b7a47e0d1bb53c5
train,images/train/healthy_0228.jpg,labels/train/healthy_0228.txt,a17df58e1e6a0b17c9789bfafd11875b9c80082bc6f4b800481b45f006560585,b2e25dd2623d984e85fb4e4d0cc9dd1bdb1ba20560c065dd47c3a3a88592f248
train,images/train/healthy_0229.jpg,labels/train/healthy_0229.txt,9e69f2acc253755a4397a015c7100883245c7aaf7df322ced5c2e1fea04cfec1,0eacaea50eb0435cfd8db5d5fa6a0d272f6dc6c4896a432c920719b3e7d5a403
train,images/train/healthy_0230.jpg,labels/train/healthy_0230.txt,7f46cf16565ea7bd1dd7847ff45ce7685d40cbc099242e070d649709b9790ce6,68f3e05046e1ae2d8f737c507c9234e5ffa13e930f03167fc32f51d0c06b520a
train,images/train/healthy_0231.jpg,labels/train/healthy_0231.txt,135d001a8704da00baa51c27bb7ddd1898cbb2803cd422c4de8d08ad418fda9f,33c6f622d9fea88baa62b95969858e38b66ec73cc69ccc30ce4b306699b45411
train,images/train/healthy_0232.jpg,labels/train/healthy_0232.txt,c51c4b358e8ddb0625329b8c406e71bd82bad00f290bb2ba8743cde7c156914f,16d3ef21f56d535ae86da5ca286dfc36d4ac97409c8c8863a76835fe169db10d
train,images/train/healthy_0233.jpg,labels/train/healthy_0233.txt,381eb2882455f15c4d8231b70a5e799bc5cac8fdc5745d6ad7e50f8b8cdca292,50eaffeed6cba3650164ef204bb16c9d03d6f16ef88ce0694d329e72de079b54
train,images/train/healthy_0234.jpg,labels/train/healthy_0234.txt,f7b17a9a5a0c86937877a77ab4f26a49065b8ee15c9a84f5ea8904c9b9ef82a8,d75ac5c173915daa6ed0a64b9442013ddb5478b97831ab2e7514766751c2550f
train,images/train/healthy_0235.jpg,labels/train/healthy_0235.txt,5d8431f66fd34dd61c9cc12f3a8373088090b1c7fdfe45fb8d795ad9e3f35e61,59e1a542087291f868617daf47313a9a62f83238c5c380dea49163336c991c71
train,images/train/healthy_0236.jpg,labels/train/healthy_0236.txt,bdd2a054ad90a8389c22822f69849944110e4051689bea9e849934060da1c39c,2609c6d56e6943afffb9da14d734c7791378d17d14ed68cebf591b01def54ad4
train,images/train/healthy_0237.jpg,labels/train/healthy_0237.txt,82240ccbf8556ba3439f42629a3b94c49c1dce23916560374d9ec2b57daedd1f,e61744950b6dc6ab5558ec0289d63ee53b6ccaefc7baf4c71b7de69bda00d3df
train,images/train/healthy_0238.jpg,labels/train/healthy_0238.txt,379b4a1576f637a0d337ef63ce4c7cd9c3c3f469ccda17b3a56a03627e2607c7,30e80a3bf973d8a74dedfb4df181cf2a545dd8576ae7156d8f8082a60c7b5275
train,images/train/healthy_0239.jpg,labels/train/healthy_0239.txt,4648b537c795f02295ae032595726fefe4f028220ad103b05b60ee30c375489e,2cac05c7a84f16bcf82a47c26f5a454845825624d19a65cd16655c8e293ed5bc
train,images/train/healthy_0240.jpg,labels/train/healthy_0240.txt,010fcd576c12dbef10fa5ebd9daf48bd923688a446256c900459598cc38df7cd,59f0c0ae2003ab0a5d545affb668d925cf921739d7ca1f42dde45a9c318426cd
train,images/train/healthy_0241.jpg,labels/train/healthy_0241.txt,cad2e4a2690586eb635e4e62da4303abfef8e594387c9330964c6a9076da6822,cec0ae0b8e0bc61f52086eeb227d1365ccdb5d075f14d9b338493059475b11a4
train,images/train/healthy_0242.jpg,labels/train/healthy_0242.txt,f0ce19a501dc59bff5a1115f111968c5ffd1f6f61360372a1296ef37c1d19053,11606d1473dabfe6c4f038de6788cf126568ffc76def0f89a557636030bb6616
train,images/train/healthy_0243.jpg,labels/train/healthy_0243.txt,01d5a44752ac21ca261b31fda98dca40c06fdb10f599acae52006ef0a7068fd0,c7288237ec599479d37f08e8f7618da0bcaea6a7225539f49fb29398c3d916cf
train,images/train/healthy_0244.jpg,labels/train/healthy_0244.txt,6035398333a0370579752f89d5ffbb44671894ec5d1abf0362d700f6fd1f12c6,2f688acdf43a2ba5ecbe41fc96f61a4b2c0c55c54c5d8af90d9a8958f2d2e673
train,images/train/healthy_0245.jpg,labels/train/healthy_0245.txt,22ca1763f8f2ac03c95b267a71dc51b4e730146d494ae8d079510b5045946ed4,95b63c8733abbda39a891f5a8488e06fff592ab500ea9d4842d9086b0d70e297
train,images/train/healthy_0246.jpg,labels/train/healthy_0246.txt,b5b0935aa725e488eb91e208a66fd59ea30d856c8c5755e6af3f2c8d52f9bddf,224b55548b3c19d26bfc742c1e37698ceaf13a4285f14bef67b3ab63274f88ac
train,images/train/healthy_0247.jpg,labels/train/healthy_0247.txt,774485c752d31f4423e5634ff6b13ace9808328c6c099f86ab30d832845379c0,b40a75cb953fa1deb59e8965e0f644f746ba71020cbe94e4505506261a060f31
train,images/train/healthy_0248.jpg,labels/train/healthy_0248.txt,c55aed3dee377a9d5674227e80da10bff08033a1f8a1f10dba45499925fb7546,0fade95a0f153dbb473c3543b4c3d65f85182d1edf41cd0a53a5c57f26e1d2ba
train,images/train/healthy_0249.jpg,labels/train/healthy_0249.txt,2375e68e46c3011e75f55b08064654759fd85385ceea0e601411ec5fe1a1950c,f569f36018634c90d8a1c7539b40aec333dd53ae9cb5ef11823f28be5d70b0e3
train,images/train/healthy_0250.jpg,labels/train/healthy_0250.txt,55b433771273bec642c89938f34b72fefe3f62f0fe90fb20b883730b7445fa87,26139c5ac455e33c0506e01b447ae90560d23769107a9bfb4ace37c956da331a
train,images/train/healthy_0252.jpg,labels/train/healthy_0252.txt,26c21e788db26949989b325c96498124dcd8cd0f5481ba2bab11578af4044ed4,d676f044983d134187c00c1f31af4c2334de4540a218f860bf4bca2de052099d
train,images/train/healthy_0253.jpg,labels/train/healthy_0253.txt,e95d08ef039155698d36b67b25ba501447f452d2938bd6122c5cbabf5c184833,701430b8977c2c8e27a1cd09e2a7700fa02c34105ae3488475fea2ca106db31b
train,images/train/healthy_0254.jpg,labels/train/healthy_0254.txt,8b76466114a530580552688a2c025ee850f00fe6ae4c0b5a49e7ab0029ee332e,fc56639c95f90df6070bb4cd9b57ed639e880ecb03dcb2cb3a88cfa01c81e81a
train,images/train/healthy_0255.jpg,labels/train/healthy_0255.txt,014d5b43a5b95f95eb45e0524bb97d9c5c3d6e9eda333893b925383ed25e763e,b57b9494c570dff4aa7c0e88f028d6ae6d56f464afb9713894dcea09c2696b98
train,images/train/healthy_0256.jpg,labels/train/healthy_0256.txt,a27362136cb6e9c67b3038f688c9439383cd68093384cc93d2e55a254c91d4cb,273e6a97689be04a42a001b4c85baa3147504713cc8902509938bebc3ec909c8
train,images/train/healthy_0257.jpg,labels/train/healthy_0257.txt,8a9f5dba4ada209105b83eb8d0763a487cd9a4d6feee7111e0bf1afc7c70578f,a2e1a1785ae4b7178f5c278c2a38d86d1992506f7f5dc0a9d9794dd43baa0a3d
train,images/train/healthy_0258.jpg,labels/train/healthy_0258.txt,b751656866a615b3560130b18f5e2915f9bd660501ff6695f2d28d08b35ccc92,c37dc2f2cff07ab6c8d32d8f2c5bd1dce7d6c73016eee43fbf033aa180b29a5c
train,images/train/healthy_0259.jpg,labels/train/healthy_0259.txt,c5c4718380ce1c5beb4f6a593b79f41ea445678d7b75fdcd265261d5c588f817,e081b2afe5b4d22e53a36155d2f50f73ceabac330a430a2cbdae003a585f2394
train,images/train/healthy_0260.jpg,labels/train/healthy_0260.txt,332c588689115dec3b9584a47f336b10a88cb71faa1e3537659064e8c877b18f,facb76023e70ffabbf9b9c40ab5d48df7a7e10eadba817a026dfc19c50f54482
train,images/train/healthy_0261.jpg,labels/train/healthy_0261.txt,ab225d6118be0e6049d7dbf35c357e0cbb49be5a88b451b430fa81961193f9bb,28351e97e90f774bd103a72611a41bb79be88388abc78d3452f3be193a44f236
train,images/train/healthy_0262.jpg,labels/train/healthy_0262.txt,771eff81e1506e32892475777f7085d3420a52f9da7bcf5b1159ccfcd8122169,3927014785959b2be56ec6453274061beeada1a50b8750ab4c839ca5255590dc
train,images/train/healthy_0263.jpg,labels/train/healthy_0263.txt,6fcd5e99dbb25f516e2fd52e987b7e388c60ecd58d1b24aa4e6c884050cc1f38,c630ae2b4676b4e43a458638e6be128d309daa66ed8e54ab0e9c9e25a6113fee
train,images/train/healthy_0264.jpg,labels/train/healthy_0264.txt,3f465540fabe7bb8a4720141c7c33b8f9198809b58b4c08d9e90b7ded963c4ed,18faa4c022fb361031c7d38c2e3a7786c7dd78746c953fafe3d0b256960be247
train,images/train/healthy_0265.jpg,labels/train/healthy_0265.txt,d32337dd2cab9e891b1ddc652e6b27de1f57c1d4f6b0566da4d71ecc7f9cdf0f,f982abe15f1f03790b5c38a7f961e0a4b62b6bcee2accaa41931569adfc34de2
train,images/train/healthy_0266.jpg,labels/train/healthy_0266.txt,60ad1791359fbbb374f841bc33cb156283eb11d723e377cb8e9c4b1bd3b6a4de,387f2491be6c135f4711fa5e8319ee5640ad89eb66abe7e141ea76257a268b01
train,images/train/healthy_0267.jpg,labels/train/healthy_0267.txt,3a1dc344a0d043d3a0a6916a65cadb008ae6d0705fe24c094d13c09ca33c2a73,1189281841e9cf5a70e9f699969f1f85cf78715a35d40c95d9f7d72d10c3942e
train,images/train/healthy_0268.jpg,labels/train/healthy_0268.txt,3a1dc344a0d043d3a0a6916a65cadb008ae6d0705fe24c094d13c09ca33c2a73,326f9ca751c29c1ac69bb76d6b563173b6a9bd8ebde62eda48d3cef8f5dcd334
train,images/train/healthy_0269.jpg,labels/train/healthy_0269.txt,5b01579c3d405d60959de05a83801282bbaf413fe2c2a3175cbb13d84f3dd6ab,b23553c7a69347c33ab8541c07d3bdcbf9919f29574a1f66cb872924caa713f8
train,images/train/healthy_0270.jpg,labels/train/healthy_0270.txt,b82763b4e4c3c6eb5b191c63f818afffdd9494199675ea3cab4a8920dfc685ef,e87031e7b9d77617060426b02e8e2bbf2d170628f27ac25d7e3252308fc6e6fa
train,images/train/healthy_0271.jpg,labels/train/healthy_0271.txt,b82763b4e4c3c6eb5b191c63f818afffdd9494199675ea3cab4a8920dfc685ef,cb1ec8a7c2d0ec1a754551c8014c6d37cc9bde0119b2d6bb87ebfc266f7eb4ec
train,images/train/healthy_0272.jpg,labels/train/healthy_0272.txt,84f4a1a065a543f3bdd59e1e763e8f2cf50195e7ff67385a97b620365b7b38f2,d632d8897e04e6b2121ec9b4445fb39463c95a49356b2d497e2c7f6c7a18d68f
train,images/train/healthy_0273.jpg,labels/train/healthy_0273.txt,84f4a1a065a543f3bdd59e1e763e8f2cf50195e7ff67385a97b620365b7b38f2,77239ffdc11ff99c0cbf5a5cd0a720c448fd4f1200882a20e9e5276c8ff85c44
train,images/train/healthy_0274.jpg,labels/train/healthy_0274.txt,103f0f9518aae695aeda72d03c8d9d64ad848730fa7767640829031c7b5cb019,519a6192f47d84a7186a1772cd35eac015d6efbacfc5b3fcf3594d52034f4dd5
train,images/train/healthy_0275.jpg,labels/train/healthy_0275.txt,103f0f9518aae695aeda72d03c8d9d64ad848730fa7767640829031c7b5cb019,c6711181dd1c1ac153be07112c8dbee7ab954e4eb557c24c8f750b810a4727d9
train,images/train/healthy_0276.jpg,labels/train/healthy_0276.txt,8918dd5024c2bd76803c5941c3f0c7ca27ecaeb9b271fcc5f0ad50b8966a1bf5,bb14dfda1b04c99c81fecbcb396375b45b62e8d009200a07c2f95d67dfc9882e
train,images/train/healthy_0277.jpg,labels/train/healthy_0277.txt,8918dd5024c2bd76803c5941c3f0c7ca27ecaeb9b271fcc5f0ad50b8966a1bf5,0527352774669a65c1a776733a2359918e7c7ff298256109adf6b7123b4ff8e5
train,images/train/healthy_0278.jpg,labels/train/healthy_0278.txt,7b0b67258f44922250735192330de6d6682d901e196c51c3f4319a83335b8026,7f3791a00209c74654f6a18e8932329cec5507eebf707b0409337fa6bf90f275
train,images/train/healthy_0279.jpg,labels/train/healthy_0279.txt,7b0b67258f44922250735192330de6d6682d901e196c51c3f4319a83335b8026,9e33fcf24f1f530df9aa52f69ec80cf565d91a50b12e504452425e463c5fad52
train,images/train/healthy_0280.jpg,labels/train/healthy_0280.txt,59e0aabd97796b572dd8a7366a8333b49f7a81148f383da3e58c7c9455334373,28db4dee56962af2fc49d2279b5c6d4d6ef43c38f4c7229a44a13f39f30ea574
train,images/train/healthy_0281.jpg,labels/train/healthy_0281.txt,59e0aabd97796b572dd8a7366a8333b49f7a81148f383da3e58c7c9455334373,e68af250d8a8f3b09b294a41b45840c4b508895c68fb3b38113555f10d2387a0
train,images/train/healthy_0282.jpg,labels/train/healthy_0282.txt,b626504238f76f310d877d0697cc3f468d26737a385113910799da5607fdf376,6399df26ff5ffd404b2c1f88427001a7ff8295edae4078e615d16cd85eb9ad14
train,images/train/healthy_0283.jpg,labels/train/healthy_0283.txt,17f257d15de89913e878006da945825ef47082553e777a98b14ad494a1ee0210,4aac3201aa851fc5ca4085a81443c1c1a028b5a6e936c184557bdeb1cdb74280
train,images/train/healthy_0284.jpg,labels/train/healthy_0284.txt,f691e4611b621cf79db563a67f4ee21db19fb349923a56b1e22534dcfd8d9796,69e788fdcc6975c1eb8d5acb87a9a2270134792f84ae71380ca8242a362bf934
train,images/train/healthy_0285.jpg,labels/train/healthy_0285.txt,e527478317cf26d2c2d42678b1b53a984df30407b55f6c58a03e0086ebfddc34,4480e460ce0da433065f45604db966f477fa0d3877b5b80750b37b27584b0278
train,images/train/healthy_0286.jpg,labels/train/healthy_0286.txt,e527478317cf26d2c2d42678b1b53a984df30407b55f6c58a03e0086ebfddc34,52bec8526b7a320c7f31e3ddcb24e56bf506e5eb93cf7547041a61a601df6809
train,images/train/healthy_0287.jpg,labels/train/healthy_0287.txt,b2594bf503233a7a1c3a9c4f60a985189b87b51ed96a24c62c269e0250e50efd,840339142b3fc50fd25e9618c70a3f027541f1501d276cb1bf661889d459edd4
train,images/train/healthy_0288.jpg,labels/train/healthy_0288.txt,b2594bf503233a7a1c3a9c4f60a985189b87b51ed96a24c62c269e0250e50efd,0d8aa579d64e0fd6c6cd40e62fa864da425bb1d0a67f5174f1ed8ef2abc029bf
train,images/train/healthy_0289.jpg,labels/train/healthy_0289.txt,8115cd8b9e41fbcc4eaaf29d2b93794824a2adc5fe11da648bb9c7a91fe5fd11,e9ccd7a753fd97f0d055d7f33dfab047a733508258a5cf47922ed040007d492d
train,images/train/healthy_0290.jpg,labels/train/healthy_0290.txt,8115cd8b9e41fbcc4eaaf29d2b93794824a2adc5fe11da648bb9c7a91fe5fd11,47d5f88b2aee36d7f42b0a0e794eddb3666cda8063bdfc4adf753583b8e49f19
train,images/train/healthy_0291.jpg,labels/train/healthy_0291.txt,1a4555bc833b1fb94dbd89d55fb12bde8bf243fda0e175f2ed4a481282f42651,6a2d5d957e7f8867d4944abd6b353d94397f6e142e4ad9e951308a450734879b
train,images/train/healthy_0292.jpg,labels/train/healthy_0292.txt,1a4555bc833b1fb94dbd89d55fb12bde8bf243fda0e175f2ed4a481282f42651,b1e3fc5ab8109c44d79803dcab59d1b4ba4b8ba7e2696cbe2a2daed383d15c28
train,images/train/healthy_0293.jpg,labels/train/healthy_0293.txt,d1c46a4ac8db321e38fe87433c7f65f7fc6ea2e33fa0e02e7b3c0c1cc419daf3,8c4ba4dae31cad0b061820e2e8f23ca50af1c660e3279a98d869b6c18b6688d8
train,images/train/healthy_0294.jpg,labels/train/healthy_0294.txt,d1c46a4ac8db321e38fe87433c7f65f7fc6ea2e33fa0e02e7b3c0c1cc419daf3,5042d3ee0860d5febcaa8d31b8ac05e084971fee29b439a40ed92d2a687abef3
train,images/train/healthy_0295.jpg,labels/train/healthy_0295.txt,8f123719cefc54dc7e03e8a9c7fe95861acca7bcd7547cda78782164089e6d80,e423562a350f257dc8b72765c632cf77352aaef7f4a41699d5ee97e9ef827db5
train,images/train/healthy_0296.jpg,labels/train/healthy_0296.txt,8f123719cefc54dc7e03e8a9c7fe95861acca7bcd7547cda78782164089e6d80,2eb3e6d430a650db4fb320b2ec3fe53543c5c4c71e0b1210cf0bfc7fe1d79e46
train,images/train/healthy_0297.jpg,labels/train/healthy_0297.txt,247268f9f76bab6e37cac32ef8f4dee475563f2ffaac14f72ac8de21fe2452d4,8611d3d555a0435c963dd3d9deaf26189ea0898ce9e569665bb265dce8768eb4
train,images/train/healthy_0298.jpg,labels/train/healthy_0298.txt,bb4c29095f81a3c9d1c4f6951c13f84702e30ace5c2230e26b1776e1ff8b38c3,30f33822ae521c97d2f414cca84898a2e5814b3188b1bd6ce386010249a7f320
train,images/train/healthy_0299.jpg,labels/train/healthy_0299.txt,148f7c393c9281b6eae02ede624dd22ab8d3b4ab7da580d7ff408c27c9c35505,5fd598969e23a10c3bdc0a34802d61003be84edeb9c487727a69fed0324349e4
train,images/train/healthy_0300.jpg,labels/train/healthy_0300.txt,dcdc1c6635ca4dd5ee4a40577f47ac08283d5a3bffbb476a05c08ee18fc8d6bc,9c8741f6cbb05163ec68730729a60c1bc1fae87cb7ca7db3068b40779794831c
train,images/train/healthy_0301.jpg,labels/train/healthy_0301.txt,eddcbb5689cd1e6cd710902aa393687ad3c5718f94ff32ea8b8de26b0e43b9ea,27801942e109a8971ec5f455df450b08705f1fce90e9e38d3c0b94cbd2330da5
train,images/train/healthy_0302.jpg,labels/train/healthy_0302.txt,eddcbb5689cd1e6cd710902aa393687ad3c5718f94ff32ea8b8de26b0e43b9ea,3187fdf68dad409fd61a43b530024c94cb5183741e850e810506e220669fe53b
train,images/train/healthy_0303.jpg,labels/train/healthy_0303.txt,96ffa30e86bb95b047a196c6657f863847bbce7d3ed28089495e8b13e01e5f30,c61ef1bc6f2688042298e34be8ce708f1db1b1b91857fd99f1d72162afe58692
train,images/train/healthy_0304.jpg,labels/train/healthy_0304.txt,96ffa30e86bb95b047a196c6657f863847bbce7d3ed28089495e8b13e01e5f30,f934f0ffc99ecbf9f3b39897fae0b86907cc3fdc516234f81200fe3e15efc716
train,images/train/healthy_0305.jpg,labels/train/healthy_0305.txt,0c58e97df380651d1f3edf0381e4e3cff712c33d1d3d6b647f1165002186715b,9c6e3d58e5a712ced4388a3555ba8bd98a8317f142d2864279f3f6c1dbe5b75e
train,images/train/healthy_0306.jpg,labels/train/healthy_0306.txt,0c58e97df380651d1f3edf0381e4e3cff712c33d1d3d6b647f1165002186715b,7c02faa7484ac24447691de3e9eba215180d33046f089dcb3357d46ce34bba94
train,images/train/healthy_0307.jpg,labels/train/healthy_0307.txt,efbb41a1752980cd9acc38160f07f0dbbee096d7604dd02c9f49bbc68aec3177,a1c6ead9ed2ece8e6ee38cf2681ea25c4e1ff0eb62eae7e499fd6cf065fa4928
train,images/train/healthy_0308.jpg,labels/train/healthy_0308.txt,efbb41a1752980cd9acc38160f07f0dbbee096d7604dd02c9f49bbc68aec3177,3e569b2561817772700340aed93df7418ee73bcde7a04bb12024e45495940ab7
train,images/train/healthy_0309.jpg,labels/train/healthy_0309.txt,8d174d18b4424ef13e2d280ee304470f670eddbcda32b8229ee0100487f02502,deefacceeb1c4b5e8d877f321f1589896ca0786852e33d1ff730a2534ad494e9
train,images/train/healthy_0310.jpg,labels/train/healthy_0310.txt,8d174d18b4424ef13e2d280ee304470f670eddbcda32b8229ee0100487f02502,85bc167d3aeefdeb3293c179890e30e3bb23404b0cd73fbe5f4e5bcb3506dfd6
train,images/train/healthy_0311.jpg,labels/train/healthy_0311.txt,892f09cc7439fc52f1d15492cb4f4ece970c3441fb0887a8e22c56e20eb55e4e,475bae474e61aa9c6419cc91eaf4c85cfed84115a2f1d384f72992997a3a76c3
train,images/train/healthy_0312.jpg,labels/train/healthy_0312.txt,892f09cc7439fc52f1d15492cb4f4ece970c3441fb0887a8e22c56e20eb55e4e,787886574c3e569840fd6f2869255e03366f06d5fa64480d8841f759c25a64b1
train,images/train/healthy_0313.jpg,labels/train/healthy_0313.txt,83c71c3e288ec720368671562425a9934221b7373ca9845d029a32d6ce30d4f7,dcc33e5e8bbd573daf2ccd812bbaa48e1cbcb4dcf4f19603885aa3c45c944a24
train,images/train/healthy_0314.jpg,labels/train/healthy_0314.txt,83c71c3e288ec720368671562425a9934221b7373ca9845d029a32d6ce30d4f7,5aa12cb53e767c3cdd66dcad3f7ff7532a2d82a3ce7c717ff8d66433c60abc2e
train,images/train/healthy_0315.jpg,labels/train/healthy_0315.txt,fc8b3e0d1b49fb0ca5f823b5b608b7f3ebbd7ba97e5f66e026455105d43ad9f8,c3a89e1d679ceb40ef1dc614f3bf8524e014dc15bca9b5811d39072f5b8166f8
train,images/train/healthy_0316.jpg,labels/train/healthy_0316.txt,fc8b3e0d1b49fb0ca5f823b5b608b7f3ebbd7ba97e5f66e026455105d43ad9f8,1d6d665a3ed2235231889ef9508665ead139ff3076140ed4a032ddbea36d954f
train,images/train/healthy_0317.jpg,labels/train/healthy_0317.txt,08e8c67f895ce733106951b74635bc71ab2c2f1f5d74186be9ac1418d3fc8dd9,4aa082d996832a23c41b87842764dda3cccb5e608595e3fcdc6e5c94f43852b1
train,images/train/healthy_0318.jpg,labels/train/healthy_0318.txt,08e8c67f895ce733106951b74635bc71ab2c2f1f5d74186be9ac1418d3fc8dd9,e022bf53177f1d1ca14b2c8802f77c96435db03d2fed44e9d1ce5379874c6e85
train,images/train/healthy_0319.jpg,labels/train/healthy_0319.txt,40d82f7912d3e352cf5a1555a1c93e24d56fbb0458da9a78102fb122ef4b22aa,d9270846781bc507fd7846ce1029e8c042f1366d9d56612aaebe278b122eae07
train,images/train/healthy_0320.jpg,labels/train/healthy_0320.txt,40d82f7912d3e352cf5a1555a1c93e24d56fbb0458da9a78102fb122ef4b22aa,dd503c20fd9970d62968609b50883e85557db0eebb061f452db174cfb21e281a
train,images/train/healthy_0321.jpg,labels/train/healthy_0321.txt,860e3386da3b0dd1778b1ed6eda69f8dc07fe1d063ed7274b0aed77956e1cdfa,fe5ad6aed2d3a114d99262d7db1706a6b4c22c80feeaba16b65bb4d870581518
train,images/train/healthy_0322.jpg,labels/train/healthy_0322.txt,860e3386da3b0dd1778b1ed6eda69f8dc07fe1d063ed7274b0aed77956e1cdfa,c5529416af993f8cc9e212bbb5b16760039de13bb208a817b70f077e1717fbff
train,images/train/healthy_0323.jpg,labels/train/healthy_0323.txt,3371c0c6d3c29e4668facdb4b2f3c541c579f81ca7d77849de1fd1b859d7fb5e,49897b5ee8f82401a80acf4d4c63c5d5c68af7b61826175ee2340b9361752ed6
train,images/train/healthy_0324.jpg,labels/train/healthy_0324.txt,3371c0c6d3c29e4668facdb4b2f3c541c579f81ca7d77849de1fd1b859d7fb5e,d41ddee897ae320cfb54f87f41af3f7676185d5f2b6f2bac51d44d522a1b7dce
train,images/train/healthy_0325.jpg,labels/train/healthy_0325.txt,7091bc335ce8a65dd4d3f3de553f55091e9e992f95cbf844867f98194df32f5b,3fe31c7e5f69c7b10d5699df9764eebc988a1985a84efb15f30f5ab2fa9c5090
train,images/train/healthy_0326.jpg,labels/train/healthy_0326.txt,7091bc335ce8a65dd4d3f3de553f55091e9e992f95cbf844867f98194df32f5b,90b96442b37cff7023bc051255b015faa2952406bf9a81e2a6a84542bb7c1618
train,images/train/healthy_0327.jpg,labels/train/healthy_0327.txt,4f042bee059da463bc70ed8f33c7068ff73e4aa4dc31786ee7ea7949dcc685d9,38aee2e7398e0e14512754dc587c8e49c9b6177171c69e48e4211c027b9c48a8
train,images/train/healthy_0328.jpg,labels/train/healthy_0328.txt,4f042bee059da463bc70ed8f33c7068ff73e4aa4dc31786ee7ea7949dcc685d9,570c9fb6ab5ed60672462970962b5b63b749892cf5b9147579eef169467b161b
train,images/train/healthy_0329.jpg,labels/train/healthy_0329.txt,d825905f21c2a97bf783a2087d13a7496bc9ceb70740c44c3c9da465c3347153,b995482105152efd45c1ccbdc31f4460c37170f6d8dbfd49c9b96d9701ba0bc8
train,images/train/healthy_0330.jpg,labels/train/healthy_0330.txt,59f2848eee0ce074c2686502596deaf4f64fe823d83e88bfd3d5112b893309cf,ebde012c73717bb9f2462cb99374a68b1545acd14bdaf3c9488edea76c99912f
train,images/train/healthy_0331.jpg,labels/train/healthy_0331.txt,8148a6822bc9baa323c09123d98243f16a485413e80369b9c4abe42299ea489c,95029ccb4e4737b6e12f18a62f324f3333d5e0783b5790cb136a88260e95ef1f
train,images/train/healthy_0332.jpg,labels/train/healthy_0332.txt,921d709580a5db620b4ae1af9ba1f91eafb34cba2ef55f6d660dfcff3e17f143,7c4240d81b44a0a9085aa6adad042c32c4f9ae7e1ddadbb96b24d5b522a60e9d
train,images/train/healthy_0333.jpg,labels/train/healthy_0333.txt,d6734a93ecd93f070f0ef662d4241d941e73aa1792e1f5d83a08fa56cc7ec88a,e082226a3331a7faf9c1f73bbf9c91ce29c212c519e62abdb8cc09db93b789d5
train,images/train/healthy_0334.jpg,labels/train/healthy_0334.txt,d6734a93ecd93f070f0ef662d4241d941e73aa1792e1f5d83a08fa56cc7ec88a,92eb52f48d7c0e063423b5de7ef69e6a27861d355925bcd5cc7825fa29f54818
train,images/train/healthy_0335.jpg,labels/train/healthy_0335.txt,062e9d5b17d7ad6b196d48cba0fba0fd1c758760e05ad41604b74b52eda64dc6,91b0411e4aedf5bbfab07277934c289c95fc16ab43b6c56543cd7cfabf56784f
train,images/train/healthy_0336.jpg,labels/train/healthy_0336.txt,062e9d5b17d7ad6b196d48cba0fba0fd1c758760e05ad41604b74b52eda64dc6,da8abb83bcba8ec5a3b072653a8a39f849cae945a879b514e62235df1f2c5dc8
train,images/train/healthy_0337.jpg,labels/train/healthy_0337.txt,9f4d5ae0e64963e5e1470b9bb5d06eae8e185ce01152e953b40ebad34b9f8cef,db0a88e7883f63a4352838f0ba4af5f486674b634f5e3a1530e91784a9f4ec81
train,images/train/healthy_0338.jpg,labels/train/healthy_0338.txt,9f4d5ae0e64963e5e1470b9bb5d06eae8e185ce01152e953b40ebad34b9f8cef,741d173cf8faa38cfdbc1c400069b6943d3cd20136096d2035ae1a3c97efc880
train,images/train/healthy_0339.jpg,labels/train/healthy_0339.txt,4ff1e94c6ec63fdd5645cbc2a936a577e81bd49c3d3deef7412ffcda6960f9da,86ec441674c1786d585948b2d158389fca2039fcb8d82150eb80ba23e642f852
train,images/train/healthy_0340.jpg,labels/train/healthy_0340.txt,4ff1e94c6ec63fdd5645cbc2a936a577e81bd49c3d3deef7412ffcda6960f9da,0d1e8c9d8faa4b680fe4b81a9ad9d0d9a63443bf110b3434ddd99477700dad15
train,images/train/healthy_0344.jpg,labels/train/healthy_0344.txt,722698b4a5226092a4f07b11d6adf60779b260efd1c5b79ef2f7430f7cf06041,b2b226338d7e311a939f0e2220ad7bc5953af2220b5ef35d96f26a4ce981ddd4
train,images/train/healthy_0345.jpg,labels/train/healthy_0345.txt,dbbe0111b0cc56102c64f2ef47c42b57c0e2215de72ab149ae516b360ee7935b,5cdc570238ed78c51b95464b890be3bafe7ce0a884a3a9c083fc0fd006d821bd
train,images/train/healthy_0346.jpg,labels/train/healthy_0346.txt,f3e0683b32ce3f471bbb6037fcda06c33a0f4a2d0b1b0df7e8458cbe96214150,ab1e6928d85db97f3e88a5a024625ef807e3fcb95123e49ff5ba8f789ca305d6
train,images/train/healthy_0347.jpg,labels/train/healthy_0347.txt,9c6fac544ba0845fdd430dcc858539b96e596730078462297517653912844a3f,04ff256ce1f94c77c51606cdb0a0aa6624a4d87300fd0c7febe0489439e9c598
train,images/train/healthy_0348.jpg,labels/train/healthy_0348.txt,d9364118f32a3241c94b61538550d6c6274db10b94d88b0c960527a888f8a181,a9f12571b6cb4d974b5194e889102ca4c58500c31d8a2fa17088db5f23c8c5b4
train,images/train/healthy_0349.jpg,labels/train/healthy_0349.txt,9d189086f9a0ba81c26cb9a7bdfbc00a77df1b0ccc4a48bc9bf9d7dec8599236,e8ef7e1637466cbaa0fe3233da405d7b3a8e81bd6fc6ad2b15ccfc2252ba6e81
train,images/train/healthy_0350.jpg,labels/train/healthy_0350.txt,9d189086f9a0ba81c26cb9a7bdfbc00a77df1b0ccc4a48bc9bf9d7dec8599236,9745b76c94c933ce0a0d9d14da514f71599ae34d564749469cb40b5e6fab3090
train,images/train/healthy_0351.jpg,labels/train/healthy_0351.txt,fe7e2d5aabdc6cf7081adfe71bdd874567f9e37c23d5330781b85d388c0521cb,04066f4a5e3de9e1ebd7bd8fbab2b2ae4ee4428b435d010756dee5b7cf52b680
train,images/train/healthy_0413.jpg,labels/train/healthy_0413.txt,971f4ebedc72ce99fc3d56d00db7cd00dd93e78ca99df0aba0b0c896b9e1de88,a2e6669b015b6e42ae6fe7f046e86432d0c7aaba878aadb1594cae90bfa3d4f5
train,images/train/healthy_0414.jpg,labels/train/healthy_0414.txt,1af9789af8f6686131226a1a24fcc84a32f75dd64e8a85ad336ccd01a05bd3e8,f2835f1d96bfe02b3dd837ad9cad16cf07f142a573a8ccae65ea0e46d4846a5d
train,images/train/healthy_0415.jpg,labels/train/healthy_0415.txt,d3cd3aa62db3c85603f20e0c96da69adc1377dcc9ad58d91f01f1f756a2a8669,5fdf298845110f682563bfc5e2e0c0e6bd208b6e6e8eb43b35dadd09600defef
train,images/train/healthy_0416.jpg,labels/train/healthy_0416.txt,cdc2c64c6096cd70e40d71b572d1d2ab695866756820de6fb456fb9189cd72c4,e3ba4b31f9ce9c48b86079ca1ad0bf2d9b725ecea2be6d54a33230d8f1b5f0f7
train,images/train/healthy_0417.jpg,labels/train/healthy_0417.txt,a1974ac5b811db9a3ce05aa391bd3c603300500e60a681a6e82a5dd82e517a35,2b01e94554e27fb458caac6874f7ba4fc03f7bd5fc6d2dc91ce9eefdabe441d0
train,images/train/healthy_0420.jpg,labels/train/healthy_0420.txt,3a582566313f6f0888172443089e0497b31b74084126e7f3e74af2edef8f24c8,477249987ad513e9def3912ae58343508eb317506dc5a17f70981f60d766d232
train,images/train/healthy_0421.jpg,labels/train/healthy_0421.txt,0df88b950fca4b34d927b1732cea8efdd6337202784eca4ae9ee1ac4b777bbfa,b8c0a301b631b78e46e1aca22662956299fc0bd75e8d3975bc6da2e98cd21c5e
train,images/train/healthy_0423.jpg,labels/train/healthy_0423.txt,f7cd9d784ea759e180065da05da54c1ae2ca18778b0665ba310306a4cf388b6a,3337303f79b3d7d67173ebc1b32ade592bec597186e516b415126f1393d106fb
train,images/train/healthy_0424.jpg,labels/train/healthy_0424.txt,163787e756eb2383925adae2d982ca267739dd48e37b67d35af93dc5dc5997cd,fabbb4766f0e644dd3bd4ba9b0b65ca549080b31a2cba14a0ee52f0dd359bbdd
train,images/train/healthy_0425.jpg,labels/train/healthy_0425.txt,090c7e8523f45808e63660eda8632b7280a7ac5f6a1d5a872a2a700e7894f536,d8f3463f7d259536d2ea8527ff3d9d8d3049c6c4a1466d9afcd5086c3c0a3a7c
train,images/train/healthy_0426.jpg,labels/train/healthy_0426.txt,21847eddfb32362d2160e6dac911c2114ba8cdb3230064c7af6c2a573b8707f9,af905319f56c7f2118800004359658c253788da7437766a241f16901a4f091a3
train,images/train/healthy_0427.jpg,labels/train/healthy_0427.txt,42465ebe91d99686e55f026180051e4b8d2c12bc091363e54ee4bd80f6e2a369,eb35c42587f7c2bfd07a6c09f82537050c541dc524232247f93500285fc61890
train,images/train/healthy_0428.jpg,labels/train/healthy_0428.txt,2a3c98db5c08afb2b986a92826de01bfc6e3ac7c026e05fd2a17dc40d8193418,3a2d6d3ffeeb3a2252036b663a172dbc0c1ceabd81fbfbd8b09de48dcb90c16e
train,images/train/healthy_0429.jpg,labels/train/healthy_0429.txt,6d8c5a0d8a35eca58737ed7a9065394524cecc562d11a6e00e0808eb8705dd88,42732258d220217de52a5c3ad13903acdc640e99a6a4303d15c51490227a07f5
train,images/train/healthy_0431.jpg,labels/train/healthy_0431.txt,6581b91a56c7bc4395307ba5f3fbe512361215950b09160b3146a9549e8c5d84,be407df55639b494f9943743eeb093d02f15cb78a81f4efd342dab1ec57f5e80
train,images/train/healthy_0432.jpg,labels/train/healthy_0432.txt,8c0fcaf51d6dbd18a678e6cf6a073a6cc1768b4298af00af13f842349bb71529,ea2944ba00729db164409cf2af8429b81ffaf1626f0dfd6830cb5206065eb674
train,images/train/healthy_0433.jpg,labels/train/healthy_0433.txt,56905575a9dc08fcdd68b5438ebe6b440eb6e3f2ad12e7938b7108bf445d7fbc,418df1485877fa90ebdf20278f0e4df74e69115b686401de9f4e1938521152d2
train,images/train/healthy_0434.jpg,labels/train/healthy_0434.txt,153c5401f1a8b0b63c8fb78c751008b192e4c9ee7f3f12d57ed774dd918972ff,fb8aa9e5522bdcb9cfe8d70e9bef88a1220e28340be868a5759121651ea0edea
train,images/train/healthy_0435.jpg,labels/train/healthy_0435.txt,6f941a24717396eafab88e812f073508dd8ef6a1e346a927af890d2dcc021c94,c248d0a79b3c2d8ded721e4b6536156da459be73a8c7f26c0d6408580e3d9d1f
train,images/train/healthy_0436.jpg,labels/train/healthy_0436.txt,4a9bd283156c6ecd08a696eb06845408097c5809589fab0ec7eaf4d5d0ee814b,857e28e2f207470f548d63639efc3d3f4fd981ea50084aa753081cbe5ec4758c
train,images/train/healthy_0438.jpg,labels/train/healthy_0438.txt,b50dbc33c88cb7563c1156e7af44b837872b1167cfb9df0f4ec6a1171a66048b,958531db4e31c11dc2b85dafb40f6737de30ed9ba3845150e009c635c2980a24
train,images/train/healthy_0439.jpg,labels/train/healthy_0439.txt,598ec2f1b2f71f4bbe61e44bec3295becea30fd188b5ca2a61a0e182b91ba778,7c3724a6a3e2124cae391705320d55bbc15d2c9065c48979683220242fe3ac42
train,images/train/healthy_0440.jpg,labels/train/healthy_0440.txt,8c033b60db26cc077f9b27bec3e3233363e63878b5fb72a464db79be910330cd,ed78bf4a27e8eb836118e2f7ea1898be61e2c0a9f2321ab840f125df2f773fbe
train,images/train/healthy_0443.jpg,labels/train/healthy_0443.txt,085186a1f331f168905d2ca341e2f5d51fcb94ed93444caa954432855c0fdbbd,dedd85fb11d623fbea69ab3775b1240a375df70a00e4204cbc6ec8166a680e39
train,images/train/healthy_0444.jpg,labels/train/healthy_0444.txt,c216dd0d4c8ecf9d73bb5bb8b813d2c5c64079e6ebe184fc1bbe703ec2a2ae66,af91a9e42cef0638537196f9db9473bb19cd6f2ed98bd09715880835ec6676b5
train,images/train/healthy_0446.jpg,labels/train/healthy_0446.txt,83de84ce259302eebba2a4985d9401c3867741896b1c58ac61c327c1f55d78dd,076e3bf40b7ca3d88f5521b73b0e42dfecfdac99c1c4d7a2332e344f2afb661e
train,images/train/healthy_0447.jpg,labels/train/healthy_0447.txt,d008631435ef0c7bf77f66537deae926c64d217546a4ea0db54792ee83e0b2bd,0d86ea1cabf6a7d09d65c4caba09d437f80d50dd26363c28c17df32792323d93
train,images/train/healthy_0449.jpg,labels/train/healthy_0449.txt,04159a41c5814f4906bbc8cdff527666dc37b55ab22947216884aebe0715fb5e,084a24a38ca13bd3d569cb1d85d3479c82bdba39ab4f8fe82d44851c0db26642
train,images/train/healthy_0450.jpg,labels/train/healthy_0450.txt,fa45bc5a1ce7defc55e81b633fa5c6a304d9e724277b23b1873ba741ab1fbaef,a78ad4a27e63888cfdcdbda7ffc55de962d1f31bd3f3d2b5754331f4dd08ac74
train,images/train/healthy_0451.jpg,labels/train/healthy_0451.txt,40dcae78ac0b06908247904c75686d29c7d3af998d576bf3a7e40de29252e597,4cb7360e97b1f2c597ba12b8300a819197f36e74784f8c17564d52ff51ddd7a3
train,images/train/healthy_0452.jpg,labels/train/healthy_0452.txt,d44b080452d702f3f801f0e723caf8c865c7082550022dc6e81d3469d340b216,be8279f11567ae4a78d75500217d33e1f831a9feea08eb894ef84affd4c87c1e
train,images/train/healthy_0453.jpg,labels/train/healthy_0453.txt,c90d525d94ce37419de69dbf87a7e3704aebd7375150ac8d40b6ae8ac0ac9661,573e602c4e293fd963a4b01740bfef0faecb54feb79c4ebe840996c59fad3cb5
train,images/train/healthy_0454.jpg,labels/train/healthy_0454.txt,2f293fd47c9cc48eaa81d9be2b6da89df687da98b3933ab0f4f976b499953bed,d0cee8899ffeb2c92c5b1714a89dfa845938b80d805cfb23830f09636e4425e6
train,images/train/healthy_0455.jpg,labels/train/healthy_0455.txt,09cd78fe12f2badc91d7cd8a5ff4058cf56efe17d1b48c8c53005bef64719c9f,9e84d9ededc71aa7f6cfab3bc709f1fb21f0688971b23757bb0ee6224f27eba2
train,images/train/healthy_0456.jpg,labels/train/healthy_0456.txt,862a8efdb634311884be61d1ec1665b80a9ec4ba8997ab7ad50282d96010ec64,d8afcc143f886e69136ec8fa06f863a561939559397f048f3ee52a63f53f7654
train,images/train/healthy_0457.jpg,labels/train/healthy_0457.txt,b6400bd1641c0e338f85a3c0a78a879ac297db8ba1197aeeae0a2fa2d42d27c7,51dfbcd385bc5c6dd6f2bf9f559ff4123260a50cb582c7e7288db78e67d06cb3
train,images/train/healthy_0458.jpg,labels/train/healthy_0458.txt,df65dfbba05b224a1542da1ff24d01454d8431851eb75bb2da49934e7874f245,e402f492b873267a0ac6d1d13e45468ef47a4cdc7fbba2e79e2e3991ed866fed
train,images/train/healthy_0459.jpg,labels/train/healthy_0459.txt,3d9fa05140f7f20dfce3ada6faf5b92db03749db9910f7571f15d4e2c33efb7e,ca35a029fd1afbc3ffe761023529ffc6a43080a876ee5a47ef2d111a73852eb9
train,images/train/healthy_0460.jpg,labels/train/healthy_0460.txt,c8b0093fa65eed579bca7d0c1f41f311a69ec74433b049dd5148fd51ebe92d95,291f34f3dc1797283f9b5ec00705792d5051f541e803d79da90579e6d16d37a9
train,images/train/healthy_0462.jpg,labels/train/healthy_0462.txt,ec189d0d9bf97d5cca21aff10ed1a954fd641906dcb0585a68d6c37ef4f618a8,e50d5702b6bc04aa65ba676a5ce4e25b467f2c59dceeb15285f4c6c2181d6493
train,images/train/healthy_0464.jpg,labels/train/healthy_0464.txt,bd3eb51706cb8fbbe8ba449672de447a6ef35e46685a9864086a4c3722cd402b,dff1008c0d150edb34b11c4c7b645c3d0eeeb777e8edc0f62c4b5da6634494ed
train,images/train/healthy_0465.jpg,labels/train/healthy_0465.txt,ddbe014adc304432c2005e665099285e89f7fbffedca99040f664ac5091cdffc,df72dea21e1717f26f512730054cf82bf8780e37ea6aac5939ea1f5eeaf9e240
train,images/train/healthy_0466.jpg,labels/train/healthy_0466.txt,a25c582046f9ffbe6d092b213239662bd67d5acc837e3a42caa439d0c6579bae,377c7400e55e7d49cc0e127300949f1f5c93185da48ede07434ed29d7b07f0b8
train,images/train/healthy_0467.jpg,labels/train/healthy_0467.txt,65ddb0f360a3f52f332ec09684ce733da069ad38dd535a58d9ab44856e5e492b,5037d55c716aa4df94af3eecc58b67cf56352cd81bf32bbd2c101cf19ca0769e
train,images/train/healthy_0471.jpg,labels/train/healthy_0471.txt,204c65757c8abab9aee6d9f4e1db6c9cccc481240d3e1e8ab8f35b04efba1610,1e769c0beaf4c38632cd8ed2ea1ea7fec66bfea22c0266b30ea53d5dcc99ba65
train,images/train/healthy_0472.jpg,labels/train/healthy_0472.txt,7105921d98dc5a9f61ea9a8868b0dba26cc2df346638f080978e983654a69283,b0af3842c6e8627fe8f9eb4d7f535297b27ffde73de759480e8a64d04f84a93b
train,images/train/healthy_0473.jpg,labels/train/healthy_0473.txt,c950742fc80001ee40a46b22eb447641b60fba326e1741ed5540b59b126e227a,eafbfe5971083da3b41654151a5e715dd1be24293fec164788f6ec66fa834a96
train,images/train/healthy_0474.jpg,labels/train/healthy_0474.txt,47d59dccaabba212b98089233f6e554222aa09a8c1ad1d0970d18982db2e45e2,22c0ce0302cf7aaa470ba7993f19f1db426d5c67f661a60915b492f86353a27b
train,images/train/healthy_0475.jpg,labels/train/healthy_0475.txt,124acd65641bc75f2130fd3d5af67936002371da67aa0cd8663457223d3dda8e,fb32fdecfd1fbff31fbae983ca9ce5097616f23eb1b02b3f410870e93e805bb1
train,images/train/healthy_0476.jpg,labels/train/healthy_0476.txt,9def5b7741a4d5888881fa4084ecad33702dc553c4fe143072070f50389ae899,bf609585387719bcadb38406a7ff8d854341f4cde2d2f314860652ca3fc52522
train,images/train/healthy_0477.jpg,labels/train/healthy_0477.txt,96d9c15800005541322dce5b7c9f4561c19b495dce2ba3b27a15ae3d770a7b24,51ab0b6f5a0401dfe6f5a36a7cc20ae3bfc2d4dd363e4a92a81b553f65845d60
train,images/train/healthy_0478.jpg,labels/train/healthy_0478.txt,ce0350f4cb86f6bbd23b9a580411c284239448dd4781d8e6d5a866be071350a1,3a80e370cc23792ba93e0dc48eaec970f3806faf5130bf11e1a06e6789b42e94
train,images/train/healthy_0479.jpg,labels/train/healthy_0479.txt,f9be1be251e10715432a942d937d43e91e5aa39d8f59283fe9edde5b65ac6ac5,83d17a798cd84f1707587533f3f1f1ad5d4d23af60d4490d40210d4300bf7193
train,images/train/healthy_0480.jpg,labels/train/healthy_0480.txt,58a81cb67dd4b473f816875551698247c5dca32c599813b3b9515bf2c07165fc,e3580feb67e96f4d9fced0d9f3382dd04999814785625ea8a06e1b89d233a8b7
train,images/train/healthy_0481.jpg,labels/train/healthy_0481.txt,1e928a02704c7e0aaa4c9855d6b99f24a2174bafbb67bb8c137d10237ddbfbfd,ed4c74cb76c8d47ce3144c5944b06dbcd88f09bf13e405b3a6c320f3e6f3b9d7
train,images/train/healthy_0482.jpg,labels/train/healthy_0482.txt,98e5fff5178a1e8b057cad4628727d1fcc4722ae353b02a62c14f24097809de2,9b6246b2bf5a22810f1254d9d633085761460762c7c42a24886b915517252aca
train,images/train/healthy_0485.jpg,labels/train/healthy_0485.txt,14d87673a18a8678f0622184c29a4f52c3afee9cf1209188faf5273c90c12e83,e877f2df95cfbb5db1593b0fdda1afa7660fabac63ea5ea40788d3e5e89a8ede
train,images/train/healthy_0486.jpg,labels/train/healthy_0486.txt,90c704c91f5d81812f0179266c2f23b8642e5daaffd4ae42231d5a76d5832324,a4fe6c993ac0c59fd731b46660b503f9ec7ee675829a171f7683f00faff82887
train,images/train/healthy_0487.jpg,labels/train/healthy_0487.txt,584c09ab0db5156d0df93849e83f14069982e08f471efe0deb3243a34d0fdfc9,cc0d07552026987330c666d83baeedc38755b42c515d40c56602ce9026db0c7b
train,images/train/healthy_0488.jpg,labels/train/healthy_0488.txt,97cad5550ffc2fa9e0392ec8f97412886a1260f6daa6149a2472f21dbc3173c7,8521e548b3317d9db4f0ed18aaf9936a1a09bbecbb9706091e159d50353c8659
train,images/train/healthy_0489.jpg,labels/train/healthy_0489.txt,37a916d53db42d2222a5f37b3c5bf1aaf9684981c498c08b7d091bc97b086c09,4cf10392af386dc7f062b9e14176e6e33e059d179261c6019fceb42bd0e5fc38
train,images/train/healthy_0490.jpg,labels/train/healthy_0490.txt,820723a36b0002ef05ac695119ffc224def6e992f2574edb805fddab0f858990,91aba1ecfe0c8707bc3f6b364671cf94ed247e5b47457b9101ab14e77c2f9917
train,images/train/healthy_0491.jpg,labels/train/healthy_0491.txt,6650af955dfca62fa3dbdcb6dbd4b93f620c373a1304f891da88b311a82c1c1e,1e2db32f372df60b0e06543b7925609d27bcc91df46cf3ec2b1700353c5f8417
train,images/train/healthy_0492.jpg,labels/train/healthy_0492.txt,4c47b818cd063e0f3246ced124d62587e6a227fb5f60e0475d0b57db674ec359,cc10c639f5c5dedd3588c8f1539a5a13415e4cf4b923fa71e0e4bb98c181fafc
train,images/train/healthy_0494.jpg,labels/train/healthy_0494.txt,af2e67b91268397dcf6ac7c8fe55139714525d24f1f10f81d6f21a9e4dcf8ffe,680d0a3fecde1d651f6b5cb28b0b34c0a03d75a5f83166ad886af39d6305c646
train,images/train/healthy_0495.jpg,labels/train/healthy_0495.txt,e1287555dd0bc157bb8e67a7d1896aee01341caf84ce4e693cc86603f4270a6d,94697b70485b610058166d747d85f3357300092e32b0bae5dd635fb71c373676
train,images/train/healthy_0496.jpg,labels/train/healthy_0496.txt,abe0b600c4ba902eacff9770c2ee66ce1afec3635798e4da0d06e7ec0f261fff,55171faf537b4bb04a13dc6674102901f3ff4e02244858b6a95d2e023d4fc793
train,images/train/healthy_0497.jpg,labels/train/healthy_0497.txt,396a4b5ba55a0e2e8c37d3402ab85479a31ba2c8595dd5a63ed8643a03e322c0,d81438c0ed6579c957e70a8af885fd8f559c00363310f7fb514aabe882a319d6
train,images/train/healthy_0498.jpg,labels/train/healthy_0498.txt,fc4e60f7ec2a2e6d9c178bdccd5d9956c1b4d9a4aaa26113382ef5ad5a68890c,10bc3a0306b452320362f6878cd7f425860a12e7088c58d722b5191b3eba6535
train,images/train/healthy_0499.jpg,labels/train/healthy_0499.txt,0d26f0e2a7c59a08347d7301c8a355bf8b88e0d8b50d780d5bd9b0db63b88d35,8d8d7168e624b84742ceea50163c36ef8575b51e728ba1f0600d2466f4a0704e
train,images/train/healthy_0500.jpg,labels/train/healthy_0500.txt,4fcb4a741889f2773faab142f33bdbb2199de3f479802eeb76e433d482d40b40,0b95c037a4e0d6e6f866d9e474b6cd30c5eebdd6d65a123fb5461239c414e953
train,images/train/healthy_0501.jpg,labels/train/healthy_0501.txt,a02bd32e213f2d840f7d20dc59551d51fbd44cfa0c8b25495f502e4bcd9f8888,580a41e185a854ad8d3bbdb5b9cb4922e9a8ef484950053ffea83d6679d0a2d4
train,images/train/healthy_0502.jpg,labels/train/healthy_0502.txt,b95ff0cb07a5cea52e4a0ac8973739011bff7aba3970a62a2266d3cb1df33ba8,ef4acfe9a7a8c5e017097ce202a36c80868bf9ac59aa990868e6d624e9ac2d36
train,images/train/healthy_0503.jpg,labels/train/healthy_0503.txt,29903fe6a6deed4bde3051548b02fc627747b9f57c1426fd1f9b17d6ea92b922,ccac021d83b5236d2578b201be68beffd395b9c878967ad5baa94f3d7d53e4f1
train,images/train/healthy_0504.jpg,labels/train/healthy_0504.txt,223813eb77e14d3048bfeb12146d28034ad67d86d12a1e5035e855d87bb89bd0,88e96ecc6e7509fa973fe3bf2ca0e18bd5ddf0bac91dfcdf15813b65c7d8f1a8
train,images/train/healthy_0505.jpg,labels/train/healthy_0505.txt,a90b97c9e200a3e16eaad527ffbb9ea9a2c612e9e37dcca8684d368f8ed6d8e1,b410e2b8897a52f9e6de1450e716d36bdc7f84d58f30bc708f8347be63f44742
train,images/train/healthy_0506.jpg,labels/train/healthy_0506.txt,89482927163cabf6f354de5e1da515dd3cd8faf6a1313d1e8f8198e8cfb23b7f,d2ad0dbb7e7aebec3ed9e7fc9fca7eb63eba1bee71af4a9050be3c191dca75fc
train,images/train/healthy_0507.jpg,labels/train/healthy_0507.txt,463c70226fd5a8ad0bce30f8d848257e23122060482bc3b45efb27e743753d65,37c5d9959a3022c6bc54ad5c499896f28a3decf09a5a47e3b9cec27a99549944
train,images/train/healthy_0508.jpg,labels/train/healthy_0508.txt,7988711899f16a4f4d4cb5ad0abee4a26fb69bcc676640bb39b815bbd0112ec1,dc5377b4a9b82248cb5e3c967b2e9ee18c54f29623aaea7dce58a78c313bca7c
train,images/train/healthy_0509.jpg,labels/train/healthy_0509.txt,2fd177a4435fb7b42401306d4da097e29186475a5431d8e65518b4b30e6c2c27,588c0fe01b73472b69c2ef0ec09482c4dd709ae655fb9b31fafec2f737c9fed0
train,images/train/healthy_0510.jpg,labels/train/healthy_0510.txt,0c3afa08402606c5e9392d89fea27ded95915e4c8841aaa45c3b6681133a196b,f84d5cdfc52a8f9aae8bbdc893ae776dd6fbc20d01d9c55d4ee35b010e861c88
train,images/train/healthy_0512.jpg,labels/train/healthy_0512.txt,af7ab7e2c0f901c9df90e03667bd8bc20606477836c907a0d25101dc13ed6b62,aee2ed0fdcc2bd6083a6ebdb8751685f0aad4a1d198fe3f28f95164acc5f23d8
train,images/train/healthy_0513.jpg,labels/train/healthy_0513.txt,35d7ad5ab8b4feee4c831ac54397abf808eed22de7374d4407925e8d4954e1b3,67504db82202a2eef60c61b4547df97df82a5958266063ff15c17d93d699cbc0
train,images/train/healthy_0514.jpg,labels/train/healthy_0514.txt,7d37534ccea03c21edd8b33c0e724a02b234dff64ae3d89c49b239e5abb55ce8,a686e49614c965d4c6b4518e2b8336b6e83d12a972af60e5eab22b3ad7ed8142
train,images/train/healthy_0515.jpg,labels/train/healthy_0515.txt,e5a7a86e2d16329a5d730917ee57159f530c1d55fae658ff251f036215d478f9,34dd90e1f4b2bd28815359e1c9ec285d59ab06c57aeb62309d36f0a7c58c49ab
train,images/train/healthy_0516.jpg,labels/train/healthy_0516.txt,80669f278434d4d0943418c2e650a70fc5742d66eaba1d99996fce0d632fcc5b,b250a8e11ae9b4f340eb0a298a2a2da32bbc6823cc4edc458ea48075af38141f
train,images/train/healthy_0522.jpg,labels/train/healthy_0522.txt,dc9dbf16fc9e6538ae57e73ce3f588beb96afd67edce5c25d879fb4c8b2decfa,eacfc40def3a73e12c0b0be9c7ed2637b9e1b28a52fb7e8d7a91adb99b192fed
train,images/train/healthy_0524.jpg,labels/train/healthy_0524.txt,f458636bbb53968de08fd9f90c547ddc32888abd04f67a5b1407dc7c7e86d4be,e1c30598343c14c8c8ddadf08459bdb0c35b2a5c6c1771e974d6177bf51c42da
train,images/train/healthy_0525.jpg,labels/train/healthy_0525.txt,9cb62081efe1ad4bb223ff1f9b345dd7ccca935f3f7084fc3859a74656f4f3b4,6160cac0855eb1ee791cb968d27c105449c3f3897028c08c2350fd0495501065
train,images/train/healthy_0526.jpg,labels/train/healthy_0526.txt,96f73d89df96a353bc833e73452c72f34269788eab8f54a0111ce9509034d2d3,6af56287fc4a2ccc5d321195bd82e9e9d5c881eb8eb9a209fdd40437242b3b53
train,images/train/healthy_0527.jpg,labels/train/healthy_0527.txt,473ac8a81b7600a564d302821d2e356cf51755b7f81dfdaef03fba39073a2d11,9533157002406af17600fa1c4dced653ed706cfca399a3cc6636a4ee0d64aad0
train,images/train/healthy_0528.jpg,labels/train/healthy_0528.txt,831515937902f308b3a75055a8b3fc1890113367259a19f90946f471b4114b65,01d533e0b0f5efac1365f09cb02781a4f880a64a55af6218fd1349148c68125b
train,images/train/healthy_0529.jpg,labels/train/healthy_0529.txt,20c7961dd582cb76d9b7ce516ab9f98e78582fc7482a9a8795f4b31026aadc8b,f1efcefbf77e6c837ba943ebab0846193a5617fca2874a80b1bc8ff9a1797f13
train,images/train/healthy_0530.jpg,labels/train/healthy_0530.txt,abee13dadb1fb5afaa19dd6aa7a51229527dced37c3f506727029fb27d9a1ba2,b2cec8cd33b0c0fb2857c6f2068974562bcc56be596fbadbb636d73c583c147c
train,images/train/healthy_0532.jpg,labels/train/healthy_0532.txt,24225e87d9e5ff76faf16cfa26ea457a7904783e3af4cf77aea86095ae2249f6,42e048eb2f18f703146234671cdc6d58c3a026f53fd2897638071bb3433202fd
train,images/train/healthy_0533.jpg,labels/train/healthy_0533.txt,3de9b0f24ba41ce3b5fbba6a854513182dbceeeb578e999a9bdaccad4b71ed9c,6c7bee33a3770bf6ac3075da59edc1325ef03df8d599fa87661fa7b6fad44fa0
train,images/train/healthy_0534.jpg,labels/train/healthy_0534.txt,8ec09df2202ae1f83223ae339d9a098527d2eaa3a2ed2f99e435e30255a89102,8945714b5acbc04bf31a6a86a44b0c455a6d58268b9d5a1d7a13998c26e86c17
train,images/train/healthy_0537.jpg,labels/train/healthy_0537.txt,d3ee734c53f91d1d84074e5c7ff337cb8a0619d5b5ecaa51b7535a2361648b07,1e765a5bdf9da14ad481663b1cc0525a654abf56f0263a1cbc50a0b5227c8459
train,images/train/healthy_0538.jpg,labels/train/healthy_0538.txt,dc545c04ae89fe1e01283505becd08ea91b6165643725338c4f1d402a61c5b79,1c686a435782cf044fc4c6c3e5b25b15bda983d1e0e02c3012f185968a0487ab
train,images/train/healthy_0539.jpg,labels/train/healthy_0539.txt,00acd0ff12d1183af8d915a60204e31e9a8636389d09e2cdd9d316ff1e148814,676cfd552dfb5606d58f6dd925e7b2fb6f63ec749fbff9226479251d163551d6
train,images/train/healthy_0542.jpg,labels/train/healthy_0542.txt,859b01e2fe50a9bc99362639e356dd363d968563cdfa325b3f383e378c25b5ab,c640820d21a4b0441f1a8bb179a6b8eafb00e4cdb3698c9b5926914cefe56219
train,images/train/healthy_0543.jpg,labels/train/healthy_0543.txt,456028b165c5f43bac04d07445d3b291e0f800c7444b0722dd891566354fb3e0,bdf0c1e3c43e07b7022c5d4f053242dc1783f330b59f83e282bcc1a9b51362b9
train,images/train/healthy_0544.jpg,labels/train/healthy_0544.txt,9a48dce87247b820f04c12ef002681a2c64b07bc90bbeffeba0c23b9dc4628c9,84dece5934739dad67d05d96f87718be26a58b3dfc7bd88f12cfba75df452781
train,images/train/healthy_0545.jpg,labels/train/healthy_0545.txt,997708353b99efd133f98677a67a69013715fe08ee7a16f1a80b1ac866d7c10d,c018140d0fd1a04a6cbc7e8b3eeb838874723303acf787d9cccb9ff5862c29e7
train,images/train/healthy_0546.jpg,labels/train/healthy_0546.txt,e9c424cfdcf2a6e3000c40f3f9017f88c8666ea9d2f5e7f7abb42d1ed65ef9fd,f1d195e47c659059654cabacdb0ae26ab90ab4072a08de85652cf2853c205f53
train,images/train/healthy_0547.jpg,labels/train/healthy_0547.txt,f214044b49158d80b745fdab9402d00748a748b4e8c9237e5d32aac33a824f2a,ce85e05b2bd1161d47cc60dd84753f1dc287e6850462d1089792e9323f3b5ec2
train,images/train/healthy_0548.jpg,labels/train/healthy_0548.txt,1ca2c55c55306064b4a4d065031a19614191eceff5620b399f75d84a3d150d72,79072323a228f934974733b1c8244862695dfd628a09a17beca113ff809c5f88
train,images/train/healthy_0549.jpg,labels/train/healthy_0549.txt,a37e4ea4a2a6c401c49ea9fe3d28139276946cbf4cfd42be84344cfcd2a706c6,a64448dcaf03e7fa686b16f483526b3d8aaa831cbf48c703a0d2036227f098dd
train,images/train/healthy_0550.jpg,labels/train/healthy_0550.txt,60c1fd89f85aaf94225ff211d7b1ef2f2fe26eac0b35e959e8730c5e8c871579,f39febeaceda82abd3d33571d22d1e5a9fa4733bab939b0c48888389538a2fd8
train,images/train/healthy_0551.jpg,labels/train/healthy_0551.txt,58ba8ed6619149085faeffff9575fb83904bd43e1336a01fe99cf15aecb49d13,78b8172da23afadee4afdb77ecb44332cdb8ff54dd227cb7b699bd0cace4f57e
train,images/train/healthy_0553.jpg,labels/train/healthy_0553.txt,9abcf2909e2c7a106fa171e52ad762ee5cd1392d4b863b6090f6579a5c99e2da,cba1ce7b577b7e73634e4b90f33358caec75396b7c0ab84fe7f9318e34408578
train,images/train/healthy_0554.jpg,labels/train/healthy_0554.txt,99761635e924901c72c605d65cf357970f87a1a5d0123edb1c55701ac0afab3f,b536388e433315119754b9d624db49f401886493cc6b66a03a01d4d9d2699380
train,images/train/healthy_0555.jpg,labels/train/healthy_0555.txt,5eab272655c82bb46ebbb566008be9f87331cb6ce63cccf8ae4ab66922e817f4,b7c0c62954f33a5533c7824891f014ae2b16906d110caf41f79f37f16ce173d0
train,images/train/healthy_0556.jpg,labels/train/healthy_0556.txt,b608bb3468f052882955cc054253d610562a6f135ecbe283e0c598424ade02e1,598ccd4a9423f469e4bb6b332069496baf9d741968f6860f147e37390edc8153
train,images/train/healthy_0557.jpg,labels/train/healthy_0557.txt,fec33ffac10fd0d30df67cf26318ca7013ed31ab64aaf4720425c414a4dd9107,ab8aadd7db82ea998c0af82985df0ca54105f4eee532d62e98b611ef63bf11f5
train,images/train/healthy_0558.jpg,labels/train/healthy_0558.txt,adcf90c83673a4111ebc8384eca2cc9b8027775276586280f3446f217b93a2b7,52606fd545bb3f9e381e3e08313fabed9929fa3c6606254590a2f43d53168d6e
train,images/train/healthy_0559.jpg,labels/train/healthy_0559.txt,adcffa73409a7d8362201222fe6d3cda33e208fcf7bbc76a3556bf8381d93de7,cffe8908e136c7b00730d67a30b2e21ca6140edabfb6999737b0a3f25323289a
train,images/train/healthy_0562.jpg,labels/train/healthy_0562.txt,029af2a631c361168ece26d7281ed25277ba85d09a2e854094183d4062da0717,b8d2c17286beaf47ef82b9272c84f8801371fef07e3b9516e14c301f576056e9
train,images/train/healthy_0563.jpg,labels/train/healthy_0563.txt,1be7984f4ac82c226f821212636fb3503bcb596c7854f78918ba3b99392026fa,9a0dcaec24855c5f0ab12725c8b8cfc2359206bcdf10e0ba880a2aa17a92286b
train,images/train/healthy_0564.jpg,labels/train/healthy_0564.txt,fb82082490115880b730d40e74737df837579cd5d0a66c27127c7c5284baf857,c7b60ad1b2dd5f3bc9e8f49d344d5dbc2a43fa2ec480fdba45ca563bac67942e
train,images/train/healthy_0565.jpg,labels/train/healthy_0565.txt,167fdb34e6c4e269875e6963e0c7678b04be32b6fbd200c922aba1815e284cad,ea7def2f8e9faab7f7e64d256c01b5a11e070a7245c47335d779931cffb31f8f
train,images/train/healthy_0566.jpg,labels/train/healthy_0566.txt,3567ebb83618ad216b089d553cdeb81bff18de7b9ce371f60e91b93e34668c0a,563f1d8abfdd930313481787af0deb0302cc70a7bee411fddcf3260269720721
train,images/train/healthy_0567.jpg,labels/train/healthy_0567.txt,aade12f4a18955687105aa402546a2e84e48e9a3112c5f75bd60220a35d63850,c4dfed2a282e4881948f45c96ca751e30e04b2fb3aca80ef0707a0668a0953b5
train,images/train/healthy_0568.jpg,labels/train/healthy_0568.txt,c74f9664fe36cd1ac6333d1690cd518880b602a828deccd979515a3a1b483d0f,e16a8ef79d24c523085d5e35f9ba2f8fc33b77f920f6444dc334da462ea27c1b
train,images/train/healthy_0569.jpg,labels/train/healthy_0569.txt,7e30745244ec8d2b432d5b91c83063fc021f54b69b56685ecbd307d90f8157dc,0a018c0575ed8af924cba55fa2cfa23f346c188a9390362141b495a0739578d6
train,images/train/healthy_0570.jpg,labels/train/healthy_0570.txt,07a5a04a10def088f49d4de3298c959b8516da52535d6e5b1c2dbdc8b4e41fe3,5e3588e9b65b767d529d99b2119d775b1f77fb0471f71aa9f3f244acb0e528b9
train,images/train/healthy_0574.jpg,labels/train/healthy_0574.txt,3bbe1576b7de32c7d6b6604b6fc7b2791341a8c1db5aa3bcea5d41ac7e12e614,96439d8c3a4b3945a6fd2ae210f6666134efe86a5cd67977db03d539030d6c5d
train,images/train/healthy_0575.jpg,labels/train/healthy_0575.txt,4787a6f71505c6e60a9fc586d40b571ceefef50892bdeb766c1befa105b45000,24f033dcc2b3f164d8cc71abf6b5694a4640cd5035e232dfc586f3c28e625f28
train,images/train/healthy_0576.jpg,labels/train/healthy_0576.txt,21469bd62b806e0c90950e1c93ea0e58466416cdbac1985d06153c7bab9e39e0,6a2b48515111412fc3de5cdc9e7e5ba6104179b836a33961d1e77a49f82e53e5
train,images/train/healthy_0577.jpg,labels/train/healthy_0577.txt,011ac8bb4cf8fe26644ff91f93b86d2d5f9bc2f0d78423c9861cad3584f5d54a,2a83725d55444474893bb5d40f539fa1956b75400ef50e3fe0977a2328ec8347
train,images/train/healthy_0578.jpg,labels/train/healthy_0578.txt,d2dd5def091bda9bdca0fb732437dc85c3cfa6675df63673f1e2f9085e340aa5,007900b1952f41c26ba585f41d6cc331055e0d746108725de990013c8094d43f
train,images/train/healthy_0579.jpg,labels/train/healthy_0579.txt,55c00da4741b33511454a1b3811ac9f95be34e2768f7bc464a87487c5ea1b38e,51dfe65fa37f5a34b9061605f3920b2e5e8319fe179e1370d1fd9db71b3fcde8
train,images/train/healthy_0582.jpg,labels/train/healthy_0582.txt,c022f458f7d51bf2218300e6faa9e5c3f8821bec6f2267547adc89f9a7100424,94815cf04a6339bba7284161c64508ff5b602f99e36da11a81ac146227ce79dc
train,images/train/healthy_0583.jpg,labels/train/healthy_0583.txt,5f7283c55a022cd50399a684e95315c3aa2483035e7d3a7998082c02a1a7b659,ccaf1960b9f852515be565bac2b7ac5ba25b627a13f101bad5ee2dd38809927a
train,images/train/healthy_0584.jpg,labels/train/healthy_0584.txt,bcba7f4b54a3146111efd482522fba72aebe1f590831b076e2edb44c716c2833,cff7aed28d59ba5a73d2a2927da6e730bfdb90818caeff364d6372c56175f053
train,images/train/healthy_0586.jpg,labels/train/healthy_0586.txt,bf52f0317f849ec56cd474228b530f6a632c00435aaece98e89c2b091cb43733,5139487c8190a909c0aaef1239ce3cb84a2ed6f7d2e62c9130372e5acefd9ea0
train,images/train/healthy_0587.jpg,labels/train/healthy_0587.txt,897e87f4b9913b2aa5af228176c4c018a39c38716a94c00f826662b20e8ff3d0,f30caeadea81005b4c2a5e874b7fc8a63c126fbb9faf4407de879b6f97409db9
train,images/train/healthy_0588.jpg,labels/train/healthy_0588.txt,3245c635fd37ebd12aba969bba7ea85adbff5aa5ccfcd15bdce505f3b9735097,d131d14d4cc19f574d78b3e67b33fe3e75f638042b88cf8d6e1e87e32405e58a
train,images/train/healthy_0589.jpg,labels/train/healthy_0589.txt,acb9500082efeaa63e9462fde277f60f6ac8dba479b381944b49b7f104d016f7,a063c34223ec659e4053793175fef0a28f776be81d092a1b593a435f152ba7dc
train,images/train/healthy_0590.jpg,labels/train/healthy_0590.txt,00857f0861e28d04ac5b3a6951b4ad32a5c407db674f92332dccec3095dac895,a06459a76db6992efa7a7193d696f62b273d29e0fa11e6dcd20cb6a4be80f5fb
train,images/train/healthy_0593.jpg,labels/train/healthy_0593.txt,e0f967a787db611ccd3892995f8e7beb45d27e0ea0a5e5dffe967f98214c8f01,6dc3ad63aa265933fd411a9825b38165135f0a65f4b31b007cf1894d78bcbb62
train,images/train/healthy_0594.jpg,labels/train/healthy_0594.txt,629e87b9c58052fd854337bccc07a348874c39a571bdd858cb614a41b5d1af45,2d1342a4017a6aaee5ed2498956f8a1f58c17921bc6d85e38920c68401ad31e4
train,images/train/healthy_0595.jpg,labels/train/healthy_0595.txt,2b967732a5e145988c821e26d59668eb566cb879bdc7efd321b3d52b02fca90c,27dc00045d97930a53375a35bb79b94120c8e1994cdd875e17477143eab08fe8
train,images/train/healthy_0596.jpg,labels/train/healthy_0596.txt,b48bc5b6974352b76a2fef4e1bc4f690fe659dabc28d1746fc774e90d98e9edd,f820fb69254c261d2fb314dd445d16274606a0f36d2dd47d63467171a113691b
train,images/train/healthy_0597.jpg,labels/train/healthy_0597.txt,eb8dee3245fbdbef6b91bf767c411e40f22311591b7124f305366887bdd7907e,4870cba495e230b14cbdb9c56b8b2a90bf994ff1a6e0f8680425faba4778c484
train,images/train/healthy_0598.jpg,labels/train/healthy_0598.txt,159e4b8ccf2cbd029eeac4fbfcf4b57dcdb79a129524794e003a50478a8ba078,addeb719fe03b7dd8c5ed8faf4c437e6c85271c266952be19456cf6d8d968d6e
train,images/train/healthy_0599.jpg,labels/train/healthy_0599.txt,ff82024b78c06dd70d3c3fd23191e2eeb670f09e4388764845dd8b275d740b9a,48078bd49ceeb4198dc02925d9d1927fffd3046063adf7dd2e034e684532c98a
train,images/train/healthy_0600.jpg,labels/train/healthy_0600.txt,636ca0fafa9a379100e963bfe1d4470e0ba08848d13c479dd463375e2652c7a7,846ec4daf12714af8e52be86123b437d32021d1825e0e5ce4e370266e3e6e95e
train,images/train/healthy_0601.jpg,labels/train/healthy_0601.txt,4e56d09a60f87277640419a76b6590f554ab12a233662e04557d6085bb58d2f5,bd1865819eddaa218e7f11b25de35f4c591efc6b77a1a9dd8b5fb986bb309e1c
train,images/train/healthy_0603.jpg,labels/train/healthy_0603.txt,d5a923420524bd223bdefd6513c26c464fd066402e76a21e3c722704d63ef50c,ddc81698fa96f5c30a4a7bc1630135b278a755e7c669950705d36851c319815a
train,images/train/healthy_0605.jpg,labels/train/healthy_0605.txt,02c0cfe4489da3827fe4590b68e963880c2860bf8f193573c5f8ab1deb4dfd73,5a64481bf7681e7294dd4c89fdcdf9b197bc4c6703561cb128d8fd56a877993a
train,images/train/healthy_0606.jpg,labels/train/healthy_0606.txt,81c59cfb9f4b912cbf1096dd8f587669bb42ef6d34fa495e5b641550b089912c,9083c40b4df40d85a08ccb42ae051c34b007e5f5f09de9cb11bf043363dce8ed
train,images/train/healthy_0607.jpg,labels/train/healthy_0607.txt,d8c08770362f89c739273098e1c2e52d9ae072ca2ce8dd1d77e1324e34cbaf25,7f56d1287d73ff51826622902cd598ddbc6233a2a0a5c183fef6272b1464c0cb
train,images/train/healthy_0608.jpg,labels/train/healthy_0608.txt,8c6985bd56e82de9d225dcba9c0ce24fcc5fc73df8fc4519bc4a6e920340e881,ecbed89df001c69a4bd505589f34ba298e7b379b152b520d4b8af45aebb82b61
train,images/train/healthy_0609.jpg,labels/train/healthy_0609.txt,3c0cdfc5c0c0b6fb4fa3fa5b26c37e415a74e67436b21414de2894473da1ed47,2e8e9bcd3cd3388c3ce62613089179fce00f473655a396281b4aa0a735ecb963
train,images/train/healthy_0610.jpg,labels/train/healthy_0610.txt,1c300aa3b701c3a5bb43c1d639231d9f935ff2c2b10b91d799a62aef5f741438,7180e11b290185b4e99bb59c83e725382d32bd86e8d5f9ea1580c9906d092f2c
train,images/train/healthy_0611.jpg,labels/train/healthy_0611.txt,d8419c8695a12d90d917e3e6938be26f674aa1eefe600029aabf953261db1061,1558f3d77a9bc1dfebb2a2938baa2fc75448de82fc38af11cce955be957bfa69
train,images/train/healthy_0612.jpg,labels/train/healthy_0612.txt,22b917046df548abc126a9b3870b2a40b773626bf93253e5612c558269654a5b,acfe89f6e3a71466e1c61702560d26a6289b2f6cae829c366a376ae264571d32
train,images/train/healthy_0614.jpg,labels/train/healthy_0614.txt,81c72027c103138e3dd276bd7e19622aff639d281d0a1c2a4aed6355dee4b21d,e561b5f7350c0129b85f6a411da7c612fd6100f5e8285cb50bb602493ca1b7bd
train,images/train/healthy_0615.jpg,labels/train/healthy_0615.txt,fb839d90a03e751297920b01eb27b471431d59c346a7b1729b5453faf271c39b,944fb80d478f2eb99f2412053ff94919ee91fec4ef0362a80920bc13ccb5f07e
train,images/train/healthy_0616.jpg,labels/train/healthy_0616.txt,7e3918726a87d2a2604dbd21e859fc5ce107ec59f1f36489cc752f171f831720,0d1116d86bb70275c6ec12c828d23118509242b200a3c990c8b716e591ea5907
train,images/train/healthy_0617.jpg,labels/train/healthy_0617.txt,34048bd4e9c509896b416a62ca81c815fce8609be390a5a7846204da4b35e1b2,e7f82f6285b4bfe7a4858f5e7589ef38adf80a85b9743ba4ae6b69844ee12664
train,images/train/healthy_0618.jpg,labels/train/healthy_0618.txt,6fb107fca85c29631fa92781e4e885cca50bca824219d134b1c356cba2496365,6850cc4be36537d6434b7509717d536b18520de0702891ae56f24ad4115a1cbd
train,images/train/healthy_0619.jpg,labels/train/healthy_0619.txt,ee2dd9e1c689c32669214c2aee02eafdde732473b2545a9d34e590c5de3731bc,a60b065b0a821b553a30c1412bb0dd9773057b71a37a24c8567646a056b1ced9
train,images/train/healthy_0620.jpg,labels/train/healthy_0620.txt,f1a9d8268a0ab9adf00ba926926912460b363d7cd75a48ff35f76b4ed2689b6a,0824d921a1dc57a72efbe315053e14ee3e209d925c399d1fa235605d30572701
train,images/train/healthy_0621.jpg,labels/train/healthy_0621.txt,00a2b3d476d366dd353599a57ceb2d0659c9e5f6df1a06c47d3c054ab211dc94,189b34b782732938f54bc4e28a9273a7736f39ad04da6bc8a97efe41eeb1ebc0
train,images/train/healthy_0623.jpg,labels/train/healthy_0623.txt,56ab707cd24046175e4a5363128baf7aa8d0c76a71775affbc4fd2aa29faa6c1,2820b397596ee1e09c8375fe72f9df0e5d2f3d48c533ae23ef361ec591fbfb4e
train,images/train/healthy_0625.jpg,labels/train/healthy_0625.txt,dc660adfbbb89c6ed7b3f01ff72f0ceab7924dd88483e555fc876fa44f208422,5497136c3503880fee0912d2d784e6b4cc9ddb78162a3f74c1d8228844b2177e
train,images/train/healthy_0626.jpg,labels/train/healthy_0626.txt,bf60d0c769b531ae879981e2c67b998869c484d56ec169e5f168860e5d17c9be,417a717c5bd9f1c0d2a48f87e407945aeb89f3ce617cf25935907e1f2da33fb9
train,images/train/healthy_0627.jpg,labels/train/healthy_0627.txt,da10f76c64f683d1b475ec2f23fb399ed68e6706c71a8cdf726304809fca5345,42e96d8170c65fd2350d02ebd381e4726bece7f205e50b6fbd1e5ef4a756d2bf
train,images/train/healthy_0628.jpg,labels/train/healthy_0628.txt,8b8b307faed829fef48048476d7480b37face821a1f7e65f048543303b8fa96a,1ca4e7d261cf374fb11b6cd5e9bea4d2c4bf31e76f9c07e4f869f89f0c4af92c
train,images/train/healthy_0629.jpg,labels/train/healthy_0629.txt,72782ee1d125e44e0e671625eed4b38d535cd73104ad7a337044563347870a53,920be1fd9681c2401f8f1231159026bed012ead58087a9ae943e9a58dc573cd6
train,images/train/healthy_0631.jpg,labels/train/healthy_0631.txt,5a85e1de7df81be967412295c478ca723a0399c3a5450da7808ccfa57088495d,a52055a3d8b02485b4d0ea83a33d37488d5b6dac65141e2265e30078912beb8d
train,images/train/healthy_0632.jpg,labels/train/healthy_0632.txt,2503871178a6f73a42b02f4cf9072e9ead69f32b45a2396c4f5b825e50d0dbd1,c795f2ce50094ae2c2f3eb3931f4d4487d6b1140381c59d81e220fdb3c36e289
train,images/train/healthy_0633.jpg,labels/train/healthy_0633.txt,ff0962c992c5610e91251a08d918610ffe7f930062646a819ae7790d62b33d49,c57ac31d4a339ec61bb1b08d4d820014318c39ea464e4c3498e7fa560412f0f8
train,images/train/healthy_0634.jpg,labels/train/healthy_0634.txt,7f1dae254e59797308bc21fd8758ee3198708db3308978ee981299fcabc628b7,2b96668fb8c80576e6139279e358c6774f098318910d0de96f4d7e618bcb95e1
train,images/train/healthy_0641.jpg,labels/train/healthy_0641.txt,c1aa5792c894867672fe16fd0cd36277e3f1148de092e2fe00115eeae848b05e,eee126211b8af49cb2dcfabbba1afe4fd60a1a5abb90fc59f6ae12085ec8a8a9
train,images/train/healthy_0642.jpg,labels/train/healthy_0642.txt,d9cdfae15b0d5b909f25a798f428920c8ae10410b0078a0fd4ab3231cba07c9a,53a2e7c38881f24d0ec981ca3120aa3ff1766ed37ae9266885d54b4e62e7905c
train,images/train/healthy_0643.jpg,labels/train/healthy_0643.txt,8b55effbb10c2b12335243914779d1cc96db20c7cab74716e6d1ecd47884d5d0,cffe6e0605ca503b48568ac78a3a28c91236f984aa0ddd0bd96c6a113c10359b
train,images/train/healthy_0644.jpg,labels/train/healthy_0644.txt,8a35aeaade51be728ac1da88f7e5bac6447e81c026893e573a8a7db11d0d4257,96461453ffb9299d9d2e437e8d38a903b8145bc4ed19ddf1096041ab6d413050
train,images/train/healthy_0645.jpg,labels/train/healthy_0645.txt,070c4dc4c3aaf4a7e4d00459ca3e66c8f80a769c09d2832250af5705e3ff0e34,a492fe45597ad4660896f51e4ebab153318161a01d81608bafd05aff7254df14
train,images/train/healthy_0646.jpg,labels/train/healthy_0646.txt,c804c60a7569cc9498b9c439b0c2bc8b1187fc1599fbc9c51c11213e535aca68,adc3a0f76e9feb5f50079ba29c4b95f3f8c6f28b9b1f9069ac54ef96d9e4c116
train,images/train/healthy_0647.jpg,labels/train/healthy_0647.txt,15e5d754d590b58a347fe98d5ab5f48d7c6684fd77b92c375270d2b88ec0eee8,e68c8b49c692c704e2d6ae6762841fa08aeef78f703a39579ab910d2ba8199fa
train,images/train/healthy_0648.jpg,labels/train/healthy_0648.txt,b1f5c0cebb7a7f0b7d02a841a120bc646df7db976dd77518b462bf08d1ad1058,1c274aa6189cd2ff8c2f476e11f5d8346740bf7c6b391e13272b6a70c7d5efad
train,images/train/healthy_0652.jpg,labels/train/healthy_0652.txt,2ebe21fe74be43361b6e9306ecff67e500780b053925e11476d97821dc1f94a0,06d13d75585b4cb0486c4ddc4a39f967e8730d988809feb9dcc54e81f468fb30
train,images/train/healthy_0653.jpg,labels/train/healthy_0653.txt,eab3f79cc31e421741a6832dc153b38852a4b8f6bd7df3d978ca0e4c62963425,e0eb640b52a0749797ffa7082aa8e8ae2837aaf454f2ecae20cb0e5fe6d21d36
train,images/train/healthy_0654.jpg,labels/train/healthy_0654.txt,bf62dd34ac26abd2760e61af706cd120279b5a7255b4450af8d6dda97c1a889e,ed1989511411258ca8c4d18fd146108bfe32e33f619bc9d6ba94622525787232
train,images/train/healthy_0655.jpg,labels/train/healthy_0655.txt,82893fd2b8a862a11851f4920b1e72ecd1c75e0054b8dad56e4fc0574f4b9549,a1106b9e11f7e4004b9e851c90bad29ef7edc4f0381910fa604745f6e7f392e1
train,images/train/healthy_0658.jpg,labels/train/healthy_0658.txt,27ee014509c42c5f0013b5397ae2d6819e75b0b99f1b400e7c8429ad61b993e8,8584e44cb53397289418e96db196a7e6d979169358936f853d0bf356cebafe48
train,images/train/healthy_0659.jpg,labels/train/healthy_0659.txt,34ad914186370225554d8cfc464a8c0df8adc8229a71ce6f85ff63e610e2c220,ef720951f9910f0f9e381fe46ffd0f1bac22d99ab98791878f90a52a413eb5e5
train,images/train/healthy_0660.jpg,labels/train/healthy_0660.txt,f771c88fc998a3ab15118c5da9d3b434a733717e0c4b7ea32931fc2786cbe971,2f51ee0928315c0d17cd6768549220382b58b9fd5b71da79f3269652a1f48d54
train,images/train/healthy_0661.jpg,labels/train/healthy_0661.txt,bdac9b948fcc0050c31999dc63282330602e979afe5a281e9c5ca71943ecc845,1eebb13a953f1734f8a841958ca2f83baf65c6acf30522431cd298eaabb080c2
train,images/train/healthy_0662.jpg,labels/train/healthy_0662.txt,5909c6f3a5db6565b4e3fb3e8d8439bc14d8329b529a408fed703994e0ca267d,65cf148f99ebd97e5b2f9350dffcdae673a48431a80b2659c0e02a57e135c600
train,images/train/healthy_0663.jpg,labels/train/healthy_0663.txt,e1341a49511b07651db89c6b786648312da8878d209306949f842f31d0581c7a,b1bb5a9cdf1385a436ea63c6710f99226c83d002a91ea7dd624310155256d4f7
train,images/train/healthy_0665.jpg,labels/train/healthy_0665.txt,1c6d0f4d8aec42132627cd6ef37dd8ea4bdd64a08fdcdbf0aa4348a3bbf404f0,01ad6517e72bac6720a77e16a0ece2776474ca833b02e4e6b678bda8fe308ede
train,images/train/healthy_0668.jpg,labels/train/healthy_0668.txt,ff15a42f797d27baa9a7e3f1a50b5ff7d195e41681eaeb34acee28f46f0f4f6b,8d6ca8b27d61683be6bfdd7576a61e766be8e9821cd7e71ef1f348b4f57d73e1
train,images/train/healthy_0669.jpg,labels/train/healthy_0669.txt,fbb3daaaa7c508093ac088e296f2020b82bcde7cfa2fbe438c2f15fabdbf7dd0,edfeb3d446ebf1492284d6b411109c7b0589191bfd2efad5390e8101921e2bd7
train,images/train/healthy_0674.jpg,labels/train/healthy_0674.txt,ca89382e34bdbeb6dce53758081e4b372b814e01e0f26fa84f9cb48cd011f968,56b377b9583a7e3fe21b8fdad8203533d13fc4197051305bf82df25dfadef521
train,images/train/healthy_0675.jpg,labels/train/healthy_0675.txt,a0413a8753dadf297f7cd641c418e07180726f6e0c5c1576d21cebc9263fcf70,01405d7604dc28d9939f3c4f680accf7369595367b12ce0c1950a07771f73359
train,images/train/healthy_0677.jpg,labels/train/healthy_0677.txt,696e7f11f714246ba746b1825672f3f2191a3e61839d715c169856b2c38bfc60,38758b35b8ee2da28be5d39bc269e78c310f14a982b513225c10380954b37da6
train,images/train/healthy_0678.jpg,labels/train/healthy_0678.txt,bac7df73a236204b61b18d19c11cdb941d36e5360d1e44e4a2c3c3dc679bbb16,ee41118c61660ecb0b3bdf7fea590f0b2ee396bf942db4d3597e3f58050a379d
train,images/train/healthy_0679.jpg,labels/train/healthy_0679.txt,0ed58cd7b54525eca66562a6afad64af288d1b20e83880c516b4451300b179f8,11d5013cf71de5a8bfe5f45dcaabee0d41a913824c795bf4e7359bc3561f3611
train,images/train/healthy_0680.jpg,labels/train/healthy_0680.txt,e0d82ce64c1c60ded4c20d133656e73a2c4b1967c669b182703e6f19aa06cfff,533698dd92934fbc5266e4e05aa0d85bc288c064d3a8986cad86704e3e576d75
train,images/train/healthy_0682.jpg,labels/train/healthy_0682.txt,aac1cb116218151efd35a26bf390f0208137952d6a0d7f6cf8bb910a1c04124a,6150de9bedf8743623b0aaae594ec997ea5811e889a845f89d663fc797ed50dc
train,images/train/healthy_0683.jpg,labels/train/healthy_0683.txt,6bb1d86680e832f1cecf54e32ef96160a637847c7acccdc1b65d9ffbcd424671,2f814d7fa1fa49d796b36fd4f4184dc8d3f29afb6d78451f12b0f99c67791655
train,images/train/healthy_0684.jpg,labels/train/healthy_0684.txt,45349b0ed453cc37e730361d8e9193f5e8caab093ca9b835add8fc2efe11cea8,21b2bc201ddf0727cfa13a1b5672664cc12eac9ee10b179da2291aad66e21528
train,images/train/healthy_0685.jpg,labels/train/healthy_0685.txt,cd25a53a23d7869243e633ce59587506fb60e3cc2d156de041b756c7b163e548,f799002f8c76ee46d59d5246fcf972431f6cd4246a7ab56cf21d840ade47ec3f
train,images/train/healthy_0687.jpg,labels/train/healthy_0687.txt,d6026bbbf441e91369c0962379e28f5a20c68f714df9f521375969e9802699e2,77629031fc75bda3ca640aeb91934504b782bf52143f2d4e4311d290ad4ebc9e
train,images/train/healthy_0690.jpg,labels/train/healthy_0690.txt,a8d6c867a983d11ca69f63fb7b6ebf7f1cc6bb54719410f4fb9fb4f0f73ef17d,c239ab833891f03462420e789cec4b507dd86564bfb10ac64ad245eb2c3d446a
train,images/train/healthy_0691.jpg,labels/train/healthy_0691.txt,b0078ffb043721b30854aa0a770c8199f3a94f8119c5ab68496fbdbf4c883785,3318cc9bc69c0d6a82fe0ec1cebf63f074c1208eb12b2a4c62cee5598df618d1
train,images/train/healthy_0692.jpg,labels/train/healthy_0692.txt,a399bde7e1760db86d54a71664bb4c30703711a0bc3dfbbef51d1aa659ce3e0e,0d4b28cc6e288e0faa5393d5cf4345d975cb6632bc520911893c35630fd50024
train,images/train/healthy_0694.jpg,labels/train/healthy_0694.txt,dfd56f7dd5a31442840921cb33eda3043cc406f78cc47bb38f78f0457cf1bff9,0d924f719ce6ce0af6d01d42ff1a8f7fb08b25e17dea39788bf6b4c4cb923cd9
train,images/train/healthy_0702.jpg,labels/train/healthy_0702.txt,3c043488e4f05a5e84213d9c64d10e8e83a2ec97a037f65e212088e7d2f370b7,f15d24e10d37677ab337cd04ba7457f0fabea3889a9d7199ceb0d6d5c9d240ad
train,images/train/healthy_0704.jpg,labels/train/healthy_0704.txt,affe0c808aa87f6968988e57e5d3301a2aba409040288dae8cb84cdbd0b9ff63,76b65d059e5e98c30fca639b5bc5cc8b8970901d2963e2cac6e0bb7b909ac8bd
train,images/train/healthy_0705.jpg,labels/train/healthy_0705.txt,a27acf71ead2571e0a1036c05e55636e7698566356fb9b483147496423d48d0a,765c99ffac73c944b9a0e213a40327d303723dac28ea12dffc016ebc8634eabe
train,images/train/healthy_0706.jpg,labels/train/healthy_0706.txt,71735025b7f4c25e213187eec86e2c93a1924363887d7f30b7d42f7bb56c38ce,ca4294069049f83b8d09de83fb907033f048ef22a794d61c607ca646911dc6ec
train,images/train/healthy_0707.jpg,labels/train/healthy_0707.txt,c342c0eefda3b9a2b4e2f98bce63d03f962e9279a1a5910acf457c026e22a884,c23595d18f9aa0449d63e5e0663d52a593760b7d918d9860e00a6ef98003d932
train,images/train/healthy_0708.jpg,labels/train/healthy_0708.txt,129c5e63744a1b62505abdb1f6ff1c0ed3ab1557402df4a09ca8f22e4b133f80,90cde4cd8f69a0c562420f232745c542ea66f23d01d4d3c93d40865c5daae3d3
train,images/train/healthy_0710.jpg,labels/train/healthy_0710.txt,4a80dc3686a85861859ac3e8e1b9c30ee805d86bed62e908e6a57a4411509c62,07265ede9ddd8e60d7131c69dc4af2e4919c30740d458687a84ffbbed4b69609
train,images/train/healthy_0711.jpg,labels/train/healthy_0711.txt,b8b35241cde7dd300af709ac709a30fb71f91f38b217fb7ab1d6468bcc0b3bb1,a4e2ccac6cd84d07f8dba4d5b09ba59e8d5377a50acc6c4eb27561727bb9523f
train,images/train/healthy_0714.jpg,labels/train/healthy_0714.txt,d2eec40d08f75f18239d99e64116b79c6dacabca9afc249ddee2dc35dd5b0d93,44fe4887f0c35b48b3f2fa3b9b6bf8bb4a3f17a88516da38058a167a3bf51996
train,images/train/healthy_0715.jpg,labels/train/healthy_0715.txt,74e23e923c3befe88b7498015827f77b5e887e6657972ae98f5df4bdfd67039b,f2ef2a86428a7cc9d3f2bc2fd2abd226a4d6f92572d3f153b3f929269a8adc31
train,images/train/healthy_0717.jpg,labels/train/healthy_0717.txt,58b148eeb5d19e334979dd98219f7ae5927b83ca7a5150649fd4fdd3d1e08637,820b9117645290997de2d79bd1612fedd12db933a8e630d9a23ca4704931646c
train,images/train/healthy_0718.jpg,labels/train/healthy_0718.txt,0304631b5ed8747f601fcb09a3f1d7a4ff0303e716060f3ebae62f227d291115,3d08cf2155cce9fe2e71c282e11f46d8316847251e34a8975fb4fa491e0eed75
train,images/train/healthy_0719.jpg,labels/train/healthy_0719.txt,b1acc62350ec9f5e9acfee49af886c5a27b0e1b82c7e437345daf19106d794b4,e850bc315553310d10579ba5d48524371c534b60d529678da5bd8194e26412e2
train,images/train/healthy_0721.jpg,labels/train/healthy_0721.txt,69cff1c45ea7c22ecd9e8359354dfb1fe4f8f08133bb899ef52d74b408cfa814,0292eeaba14ba775421ef67210647f8f58a284583e6b6857a45aa96bf2600457
train,images/train/healthy_0722.jpg,labels/train/healthy_0722.txt,58d308ec305fe3fd1624149ab2c2683fcf3eb7dfd680f96f1ef1883380e3422e,35366d7d2042f1074a98df45ebab272491578c2234f1ecb08f1ea0a10d63cdc7
train,images/train/healthy_0723.jpg,labels/train/healthy_0723.txt,d65e68101c1fd5bb64479997d88b291bfb3efb16cf3f5d4314aaeefa12d6b886,532f837e5cb784d8bff60be9ce6133d2982edffb3536fba8c135cf9e0171d291
train,images/train/healthy_0724.jpg,labels/train/healthy_0724.txt,e17544b90af6e1cc5c964c709c5bbe84fbdc151e21da9475dfc69dd18128ff23,caf8b5543f4b108976333c81b01a4805c7c514b86ec5f1fb3ffdc4d2a385e0e3
train,images/train/healthy_0726.jpg,labels/train/healthy_0726.txt,1ef3795fb2938bc4db6719a8119aa259186ed23aaa8738ec4a6c411c0d2806a2,804b1d4b1d65d5da66bc50c5cbb71a11cbdb11724e226233c58a4085c5abb9a7
train,images/train/healthy_0727.jpg,labels/train/healthy_0727.txt,90678487a206d5b00a53bfc2887425608dc264f753e3e0e34e329b741021d0fb,e917f329883795a7fa55d71dbd08d63d83bd38a92fd41b070d701ea7fb919ed4
train,images/train/healthy_0729.jpg,labels/train/healthy_0729.txt,f8c4e404d99b70644b5118e5e205beb3dd092b437c5bbd590aea8a85492b657a,7c1d269c264a501e68032bf1b6631882dde5a9c76d287b1e5dcd992ac03392c1
train,images/train/healthy_0731.jpg,labels/train/healthy_0731.txt,1135e6da2c246af4cb4d64296067dd86a93419f92f252c630d72c05d7bdd37dc,45a778213d6b706e8a9f5be6daaa098368346ca24d2e60d6cb5bb4b61d1ca137
train,images/train/healthy_0732.jpg,labels/train/healthy_0732.txt,a31713213dbc2bb9d09d60dff0d8842f3184abd05c039ad1a98c24715f510409,7c6a06d21de3e41a0907fc9be92cda06d0ef722db2a50680881ed136bc6293ef
train,images/train/healthy_0733.jpg,labels/train/healthy_0733.txt,13e9f36677102811f58118330a645fd893644c0d3f868830bb9876a59c3db72c,5ecc7ca75af55ac5dd0f9fb83e5b04bf87fa889b128b4137524d257249ab6e71
train,images/train/healthy_0734.jpg,labels/train/healthy_0734.txt,190b7542d36ea6913dd7b5551097a88cb860c60079f80e40088eca2544bd7892,f2e5ab6c3586dc918a094968bb3d976627b2d0d284aa9364c1762b2b9f515e34
train,images/train/healthy_0735.jpg,labels/train/healthy_0735.txt,ded150606ee4559dce12a90e09d1c69e3e791c88b2485c0b01b0213d4ed648e3,a6e336269f067fc25e2ca55b06f1d9d10987e2d9c6ce1cf31fcff705ac30ce9f
train,images/train/healthy_0736.jpg,labels/train/healthy_0736.txt,260f45b18a3be92df08888a85da1d765834875b20bfe48ca1675c523e1e87829,49819664568804f3efb5e7bbb5187154cdfe8596c088a8649034344a1e3a20cc
train,images/train/healthy_0739.jpg,labels/train/healthy_0739.txt,4d270e95cb7668fce2b79eccf96c8a98799935e719bd9cc69162b124d8677cc6,e511922caddd047a5acffdcdd185df352f587b03fa983ffa7f03318ecc0bb400
train,images/train/healthy_0740.jpg,labels/train/healthy_0740.txt,9b9ca3e7366806412c5bd58f15ca7840cc999b53ce88451ace0d183d9ff00177,19d01baa6e780b755c66d05d06fb51c0f9b8808afcd85601a38c1f6718e42f1f
train,images/train/healthy_0741.jpg,labels/train/healthy_0741.txt,c79156aba33e20207fa7c3f546e24b05782d4d285105d4869b75cd45537100a3,7fcdfd1e758fc585806b909e7ae0fab7e8940c13ca004a11a264853d2faf3bed
train,images/train/healthy_0744.jpg,labels/train/healthy_0744.txt,95d41f844f66560fc21dbb9594fae09975a8a982e99e1b6d647bd8c687fc0756,55f030b681b9dc626936c774e6eafa10ecbed8e612fbd41c70ff9be069613b1b
train,images/train/healthy_0746.jpg,labels/train/healthy_0746.txt,a39b73aca63d33b87cbf0e1343acfae81ef30d92ab053e234fb65fbec4da84f5,6328ec264ad84e6bb56351b6926bf983f5897afa336392173892a16e6716b727
train,images/train/healthy_0747.jpg,labels/train/healthy_0747.txt,72430e14e4030f4b8f17cb17962c63f3be90bb96474ae7c31857faa21f05e1d7,82544fccb136e6d9ac57c3af76f246b454b1d7b2a607f2ce7b4fd7bde6c32834
train,images/train/healthy_0748.jpg,labels/train/healthy_0748.txt,fab31695f53171690c070b7bdef6ac9dda1ceef6e0a5f215952df01649ce79bd,6359483554b382bb7bb18b9de1d31928d96c23f59039ce3a307b41a8427c9cae
train,images/train/healthy_0749.jpg,labels/train/healthy_0749.txt,7977ba6b6011d36696d793fc9fc52c5ac23799d0bb526fd688ad4b9a9eea9ff7,d6ac24aa8e5a83712d73211305f13f38acf7948ec89eba56bf59e55f4492ffa3
train,images/train/healthy_0750.jpg,labels/train/healthy_0750.txt,ab4908c8f799063be237dfa6ef3a128f0e57408dc908071f29893c15439d1cff,7a2592ff991a358b351f016ba47d9b3ce42672d6c708c0022eafb70e040b2eb7
train,images/train/healthy_0751.jpg,labels/train/healthy_0751.txt,ca94ebc7975c8a1d649d26ce88b4093f02205831e21631f115536cd7438da253,551e245b3622b72efbfcc3c798d73f54e50266b215c04abd785484eced987a84
train,images/train/healthy_0752.jpg,labels/train/healthy_0752.txt,537e48a04e5bb49f80c72d5024d552c8ca0d9aa623307b11e39b5f3024ccb7a2,2929a350364eea7ef5583b92b8de4a44a9afbde8f6d42bf195fbf2b37beb40c7
train,images/train/healthy_0753.jpg,labels/train/healthy_0753.txt,f942187108bc3541a703d0e7da491c9115c056361252e0b450a6069874c55a8f,e6f3d2e1f2e5a45db8f325489a70ac87bb4fa1226b67c44d63e1124c7f11e25d
train,images/train/healthy_0754.jpg,labels/train/healthy_0754.txt,ccc5e0cc17b1193a520331f2329981e0bc576c7ab7ba1a1a1df8e1dbe93dc041,09619699ba56966afa5d60b6ee0a59ca707f8ff80f177880ea3cf6f8656915e1
train,images/train/healthy_0755.jpg,labels/train/healthy_0755.txt,8b66e2c80dd8254dd1e88fb97ee3d2032e8abcf5cf06425a1dc33ce9e116dc3b,67d2d62c8e5384be6b88246fbc2fef00c62726701eda3ed9e1056b8a81b1f874
train,images/train/healthy_0756.jpg,labels/train/healthy_0756.txt,f42028bb17677a80b64ada0ff9aefd82b957ef4be4370df53aa501e4cb07f8a4,e950eccbefd8db01e10fadcbe7e627c0684cc8e297bf19174f24e91e1e0b3adb
train,images/train/healthy_0758.jpg,labels/train/healthy_0758.txt,db7be3ac0ea346708e7cda5a7db14e90edb27fc335b54b351359c632ec7cf538,321591b3c8754513602d11412745e74bdf2dbc6ac85c02c21beb93905258311f
train,images/train/healthy_0759.jpg,labels/train/healthy_0759.txt,e57a5b3aaf15175f62c4a50fe83da1d986a856058d0602080a8ab83e2cabd6c0,3c06fb8e102f423cc152b9862285e44aeeec855bbc96d466a81df0f2e54aaf93
train,images/train/healthy_0760.jpg,labels/train/healthy_0760.txt,163bb76c9204aecbdea6683d51d0c3b10d751410cf2ac1baeb49aa94f0d873cb,82869fa6cf1e53f7cada070090f39a032ff22fcab0f870988381180f4760a2af
train,images/train/healthy_0761.jpg,labels/train/healthy_0761.txt,b97da0ebc983a1b16de2fe4ed05f6478d712c4c805f6532ef3304a0d109763ff,7d1edb6927ed25ee07068a859813ac4f06e50d7ba672d0a9bf4dd9388b24debb
train,images/train/healthy_0762.jpg,labels/train/healthy_0762.txt,879094c77b6a45a0ce774d713e0fa26c1b090bc210d06c8941dc3d3147853f9e,c955d6c6b29e8a7ce511c282389931f3023c9fe1054522c0182797d752d0ab28
train,images/train/healthy_0765.jpg,labels/train/healthy_0765.txt,9732def5805f68449e340ebbc06cfffa1ad5fefd46596a7cf30bbb56fc20b769,3f681870720288d3470efd75de94f1c8ebe8dcadab28d6a86e73bd8b3326d472
train,images/train/healthy_0770.jpg,labels/train/healthy_0770.txt,60d9f0370e45898cd89aeea85a0fdcf39ac6fd53c57d5a5da1fcddddb099f1f1,9c4a975808cc4eff5d84359a05432dbd17c717ac66b56d5ed8e64cabc4c32892
train,images/train/healthy_0772.jpg,labels/train/healthy_0772.txt,58ead94e73fa8217f9089fa38071cfb6a677898c9cffaabf33953e6b57a623d8,914db6de60ed546e0c074f29b0144a902776e7ecfd3131e39f5a04721f3c5c96
train,images/train/healthy_0773.jpg,labels/train/healthy_0773.txt,fbff1a3503e25a305f533f3d9f134d2fcc571289293b7ebb714c4128a5bd5281,3a6b71d99b939a9577be9d9d869ba1bff2611d460e7d0b753d5adfa24a70a5df
train,images/train/healthy_0775.jpg,labels/train/healthy_0775.txt,593331f49a401fe8c0bfc59eea7c5c47d5cbc7d7faf1597574acdd9a99d4ffcc,c7e0ced9a2d7e8b9bfa001be667e18e4acf1e2edfafbf61cc2191485cde40faa
train,images/train/healthy_0777.jpg,labels/train/healthy_0777.txt,39a8a010c6a15179a89ef591e455e79d565a8af3a1b7b0592e9d25709ddd9c3c,93075aed22be4fb9510c382d78120c03dab690f0e36e36cc24fe69d7636cfbfd
train,images/train/healthy_0780.jpg,labels/train/healthy_0780.txt,b130f0a6ca8fba44b771d31e48dad5e204017ad52c1c1478f877d83dd16b18c8,bda8e8cc51c2ed5f926ff04e8a8be06e6dd1ab76c13f57a5c5eaf87bdb8d0981
train,images/train/healthy_0783.jpg,labels/train/healthy_0783.txt,8ea6996def005a8c80a6c76b3896ba697627a855b10b0affb6506df75c601a77,3e7e0227141581b74259675a010deff23d1296299e6252e2f61081e7ebc72d7c
train,images/train/healthy_0784.jpg,labels/train/healthy_0784.txt,e16e073ff4fd4d37549f71b60ecda2e20c47a80c5ccbd491fdda78c70e82cc24,6bd32608a90fd4ca5fb6a4a050cefb65e29c317e5b066f6e903ffc051f27750a
train,images/train/healthy_0785.jpg,labels/train/healthy_0785.txt,456009f88338841a3f5a46cb2c3509bdb14856347090e3f7387412ff2726b1dc,25a8d94e6a70ab0b7e1f5a3352675b15e31a772c70251a8904c19b2ee22c6b92
train,images/train/healthy_0786.jpg,labels/train/healthy_0786.txt,a86719ab6fcf05536cc7cb8b7aaaf79a5ce836cea2bc3c3b146afbf68470bd79,39084f74fef8f9fd958993ff32aba64a034178c199532671fb78124e344c4e41
train,images/train/healthy_0787.jpg,labels/train/healthy_0787.txt,98b47a156646ad91fbbd7a4d046a96e1b5657370aee842cc6866bfa0e3dc7161,fe077fd9d72fbfd9016340dec73f0db46fe1f754699e8666c512aa73179ffbfe
train,images/train/healthy_0788.jpg,labels/train/healthy_0788.txt,933e3d530fecc36b0096c2714ac0a0feabc0370cce4fee0626b2cf1df5313b86,7f744865ceccc99f0777e7c74dea6255fef23165b8854978817396c1b6e50eac
train,images/train/healthy_0789.jpg,labels/train/healthy_0789.txt,1ec8a6959b7dac3a17869789b69ffdefbd9b94b2207df6e7651742be5bac6c22,8514d428dcbcafea770f8e44c5c90a7efdca497633ef99b32d863dba3564f6ee
train,images/train/healthy_0790.jpg,labels/train/healthy_0790.txt,2dcf204a5d9a85a77236246187a3b3bebf27438d3444b7bc16ad09b1c5eddec4,c1d26c8daede575d97df4ce1b6a7051fbcdd7f738e7f390ea13ff93730100625
train,images/train/healthy_0791.jpg,labels/train/healthy_0791.txt,8da28bbc969c0f193053233e6c0d773ba985907f5871dc36129f4b85c528a40f,ad5c4188e83faca373a0729b8fb8fd4d5c418b79b1f8941792ebff3b092772dd
train,images/train/healthy_0793.jpg,labels/train/healthy_0793.txt,a9b91111a6a1c698f935e0a3db70824f5fdf6665476de98d0a8581c28679e568,f72f2e8ef0d87a6d9fbf57cc8fc280923dcd04c38e1f3d92970afa7eea4f3ee4
train,images/train/healthy_0794.jpg,labels/train/healthy_0794.txt,15ee6288c5c8eb00de035d7df08828163e52eac5779fad4272724a61bb4c2331,d2001ecccc5985322bfcdd6d730ecf95ec2c67742d25ac0bf3f9a9386e6eb7fe
train,images/train/healthy_0795.jpg,labels/train/healthy_0795.txt,e9c277a771199080b5183a53005d5767eb74586f44d8215da2a86df83bb52c11,8035e3693638657a3c82221cf9dbb5771849f5029935c7b89b061ea4a63fabd7
train,images/train/healthy_0797.jpg,labels/train/healthy_0797.txt,521c2ca8c1e8879fda738f1dfa338de28d08110b00c9c9cb23c96769db5a0821,12198e04770cfbe84d029af52ff1970c20a30986eecbdc8e7142167f73dbe21b
train,images/train/healthy_0798.jpg,labels/train/healthy_0798.txt,ec2ef8e2e8fd6631de0ed1c3f71fca26875f5d1e0213ae9ee0a4824da458f1c7,e213ff2440e3f6831afec615bbc3ca39de45fdda751f14652f6f370014c85a97
train,images/train/healthy_0799.jpg,labels/train/healthy_0799.txt,3cb8c78926b3ae13e7aad7e6f15cb03d56eac38fe1a908d9fb326b47cf07ae3c,b435a31d76eed737a092251f361e33b5e993c98e3b0b6b29327de2d0649a38a2
train,images/train/healthy_0800.jpg,labels/train/healthy_0800.txt,b2cc722e00e7d33128b5c7d08c9034e51462012ec5d3be5401be7a1fbba8e66e,95a1be1862a031781d75d0c5cc1ed651e53677d4cbc666d15d19974c6878f9a0
train,images/train/healthy_0803.jpg,labels/train/healthy_0803.txt,47e864efd6af72728aaa64d3276813186622cd976819beaed31f0f404a3b405a,82480b1a5489ff0ae19a9ce9592ffaea939f49ef5e034a1401a974976de88575
train,images/train/healthy_0804.jpg,labels/train/healthy_0804.txt,52d3515f0a9c290bf26447cf780e612a8d1dd044d57954b93888904345f004f4,908f66c0c0e111ed4fefefd6c95a124685168e58273416e1ac886a1ed4366082
train,images/train/healthy_0805.jpg,labels/train/healthy_0805.txt,83773971167bee4b2b45b34575b1bec2eb44fbf381e3e4ecaf6c7df70203c72d,18222a0cb0cb3b531c7176b90d2297694607fa8790d705ec4a77ad3f604d6412
train,images/train/healthy_0807.jpg,labels/train/healthy_0807.txt,0b3ea01ade7e040b8675316906e4401264735542e140d4f8fa865b6fb2648f78,fd59575908d336efd9d164f2726b1b6de55805c6e039f3e29af8e66cdc532e0c
train,images/train/healthy_0808.jpg,labels/train/healthy_0808.txt,0945cea02fb79377c89af915deb8902500a4d6826e0ea9c7f9955e3623f4a997,07878db720b19bb93c70c6546ac3dbd97a57a297f9488019cd2aa17ee973e8c2
train,images/train/healthy_0812.jpg,labels/train/healthy_0812.txt,ba03e80615de08389f4af3e1ca48333d941af99d4c5979b7bf85cc0a7b8ecf78,64b03b42e3cde01c2873ef5191aa379dd388bd67131c1088854f59c6bab080a7
train,images/train/healthy_0813.jpg,labels/train/healthy_0813.txt,1b6088a89dce219a7ed2f98b946e1080a925574cdb77add4e50021c2efacbc1f,28eb4fad534ba5862e866fdaa47f10f235d3f2708e616902be165e0c6ae60773
train,images/train/healthy_0814.jpg,labels/train/healthy_0814.txt,f0bf96b136dd02a5f170118ba88360693561f6f6cbe9afded93eb609b7c16292,655d0d6b3a03f9d64995ae0dc96466c180c4b8f780d7fcbb417de9b10343ae71
train,images/train/healthy_0815.jpg,labels/train/healthy_0815.txt,58216c42e9e333ddd0e660444ffc9c559633f7ab136ed65159b2707352e8b157,bc89fc3681bd49bda54696da71dd7b6885c171c2ce21d88016698f89f7e8daa4
train,images/train/healthy_0816.jpg,labels/train/healthy_0816.txt,b4ee8f85300c69ce8d61af7d6cd29eb333b56345bcc536764fedb027d8ce9585,6d50fbb0a2166cb5a531a832301b674a6cf39510bf45f3cb8379e3d432d7f82d
train,images/train/healthy_0823.jpg,labels/train/healthy_0823.txt,0f733b45d5ae921185f65eb756c225b078253d93d99344f759ac9ae08839aa51,3017575b07778c0054ed0e1dfb7a75ef7402cf0cb2ea03cec6885b8473239ce5
train,images/train/healthy_0824.jpg,labels/train/healthy_0824.txt,ce2990c09eff61bc44d1703c074b19c353a679120d4fbc13099b4b567f8c175f,4cc823974d8bdb69abfe86b93235da704d707a7890317371c1c22268f6789f5a
train,images/train/healthy_0825.jpg,labels/train/healthy_0825.txt,75e70eb8f15a8209d6f550ba16bd0ee19d6250b7b670f0dc6726c9e4d72b624c,1c18aa8990423927de6ce41371fea422d179391f784f8767629021da86e05e55
train,images/train/healthy_0827.jpg,labels/train/healthy_0827.txt,711cad88f49e55fcca453a4df20a483c1980401e5317018ec36fb71ed73bb4a6,c9180ea2ed433b9492211107f8d923f16d8547a01971835e9f9553c42f743a34
train,images/train/healthy_0828.jpg,labels/train/healthy_0828.txt,15ffcf144864ac610c6a31782ade578fa21f1c626aaedc82e158f314c95756bd,8f54ad68c448299a5a6946c73e963158fbc41492238c9890c461fd2c3ae2c6da
train,images/train/healthy_0829.jpg,labels/train/healthy_0829.txt,0dff7bb622764ad8fe384b2a00dd915cc415c73f97e6a1fdfeb58d6384114a83,9fe75607e42ae4c03c908f7ae34ee90590bd2411ba75cef0441792d13b091341
train,images/train/healthy_0831.jpg,labels/train/healthy_0831.txt,3e51ce6dbf6d9bfa4a98e1077e5f698580a1940eca2f65e1b55a1709d8b83c81,925d917b9597fb19faa9944218a9cd266833c981936011b469dbad9901ace6f7
train,images/train/healthy_0833.jpg,labels/train/healthy_0833.txt,b012967d99f49703d0a8d1210a0be7026c415c333e0df706b1cbe13b4a5287a6,f0f78b25addbe2aa93fa9ed3c7a2cf3e0630e12797af1e87371eb9b8285cdf66
train,images/train/healthy_0834.jpg,labels/train/healthy_0834.txt,5ddb54692c27b5f1d5bed50fe640b7051643c94ba1cceea8f2b3e3150272c1f1,b14eef22fa7c8b292e160ddfc22b43136d20f2ab8f84f1c831f426eae437d51f
train,images/train/healthy_0836.jpg,labels/train/healthy_0836.txt,1a18be8a102dc0fada0c755172dd205709ad6ea5e42adb8bd7f44d8e9afb1b50,c1b96c95f49c2ba595ae9c5274b6171fb65f166af0817ba6cf4bbb2f0d24a57f
train,images/train/healthy_0838.jpg,labels/train/healthy_0838.txt,ea394f4a25bcfee644ae315cead4f5987925968c30a3cec1ec4ac11257df6ed4,48dfc335fda0574da6c5327fb5b0a88244499cc48fa3f73c059d875ee3e4cc29
train,images/train/healthy_0839.jpg,labels/train/healthy_0839.txt,32c9e11a2523ad1bf9cf1225e4c359875a8945aa2bb34a120d30878d197e086e,5b0c0648da90b6475b128a56a04181124b6514fd1fcf4ffd6af401f8b6e03b12
train,images/train/healthy_0841.jpg,labels/train/healthy_0841.txt,a36f7b219755b20bbb40c374e05d39ee3e7375cce248705680f0821c33f2f024,774e5c6f2853dfccb842d6012b13eb34cf6a2cc3f2c26455ca490be279876760
train,images/train/healthy_0843.jpg,labels/train/healthy_0843.txt,3475c998103ba2011a5f439e00fb35b44fe08402ab5fd366116388a46753e885,dccb08fbb17d7160fa9da15d5f882c634aace183ffc9b9a414ea2c61a6beac76
train,images/train/healthy_0844.jpg,labels/train/healthy_0844.txt,bda043221dbaec7d4f40ffccfe15728911fdb47f75fed7c62afa96420a55de79,535855c36855bb079c91cdda9c340f64fa443027bf681528327274f3c4c19e3c
train,images/train/healthy_0846.jpg,labels/train/healthy_0846.txt,a1ec01a461b230453d7a8b95694da1d91c54169cf441f788a4ea70682c7356d6,2e7c17f4e2729b1306982684e30e819b9f9c571bcab4939001a12929fae285ab
train,images/train/healthy_0847.jpg,labels/train/healthy_0847.txt,4533a5c078204a487d46890e26597e20c278d34a9017a6e871be5eb02e0b06e3,545593169d85dcabc960efb5a258be2940d4b2b361275243157cad493d3af112
train,images/train/healthy_0851.jpg,labels/train/healthy_0851.txt,d5da3a9c9d2e6fed17b11e64ab54114f0a423526c18a29b06415e04cb118664b,24c30c29d4e3e44ba9fa0eeab77b35a483379859cfe0654275797df18e297269
train,images/train/healthy_0852.jpg,labels/train/healthy_0852.txt,273f0983703cfa40c1ecd04f92fb551ae0a32d7e80c2867c3c9105341964fcf2,5bd5e1cdae9d0fa4e5e772107defcd21eb5dbfd1e91ec3d72190363b9bbbf0a9
train,images/train/healthy_0856.jpg,labels/train/healthy_0856.txt,f7c029fca1dd78b7b753f41040b0e4ac1c2cfafe7cc2f894c4608c63d1b8ffef,4a56123ae0618142a018fc02cb047bb05b77064414f256a5db93b848db88080d
train,images/train/healthy_0857.jpg,labels/train/healthy_0857.txt,d09613003d586cec8c996d36e018ae6093cb1f4808f3a3197d8cc4efe9729c41,50e9bc2c09ba72893e84c8332eee69a06762ea9bdcdbac33c302e327666227a9
train,images/train/healthy_0858.jpg,labels/train/healthy_0858.txt,3b98ddaed5336dc7edef90a8610bdab41868a31a907dd02727ef79f7cb43372a,a190e0a5e6bf114dae0cafd719e06f19f1d7fc710e4672e60c8c3c16a6e02810
train,images/train/healthy_0860.jpg,labels/train/healthy_0860.txt,ebe6d1f948b62035b35865233a99f9aa41eec58ce9285530236c6475149b4422,a055f15e903c1ebf3d27cdf153ae89c2899a7bdb7d69092e66bcd950c693e8bd
train,images/train/healthy_0861.jpg,labels/train/healthy_0861.txt,1e5c135b8bd4e0eec950411fa562f19bf8f4d2d314893ed98647891070bda0ba,20ba747ebe499dca2658505a2be7ffcd87aad220b4639f595cdec2e9cef4f164
train,images/train/healthy_0862.jpg,labels/train/healthy_0862.txt,93035f8e85e26cecf00cc8b14fd7d3dcad7bd0435475d49bd8dfeec875f0ab42,c4a085972ce8b83538f1777488e16a73f9fec17465dbea8c46242103b419e8ad
train,images/train/healthy_0863.jpg,labels/train/healthy_0863.txt,1f1be3c22bf1aaaaca285af457dce51fb6f09945eeee54869bdf8b13ccfb0596,7fed267bde04d1f31c3d85d28c414313a16df3876031c55cb48b0adaf1d87229
train,images/train/healthy_0864.jpg,labels/train/healthy_0864.txt,32a3d443d7789155d127d50cf6b51f04249c6794da84c5a0879561e155ec5cb3,3c3e9279e116a4aa2ce3b1d58deb8f367257f90183a5a75196b2ee2c6a32eaf2
train,images/train/healthy_0866.jpg,labels/train/healthy_0866.txt,a2eab4026123c608dab3a73f305746959d6c2e191808cbfc49553eafd7e1a4b1,49933006953e22e7b7ccfa1cc6c267566b4f6dd97eaf195c6f4783a4f38a1b08
train,images/train/healthy_0867.jpg,labels/train/healthy_0867.txt,7899d09a58b10bd3574a826c6ebbefba42efd600a1ec94ef5e674b3ffd723500,554f04e5345c62ea862a6db7f9408b988b4c625b672d6b878b8c07acfb9f9ddd
train,images/train/healthy_0868.jpg,labels/train/healthy_0868.txt,e3e49d5ede914b1a6ac8fbe0b71899b753a375ca4eb8057619e6fedb5b3af62e,356ffaaa1b3750c7f2b5149538235ccad298791eea4b9e532d8bbdb2ed2ea6c4
train,images/train/healthy_0869.jpg,labels/train/healthy_0869.txt,395a2b4d1581194412cd8bc88da1ef2271eba613b42bf89533d43d640a34c74e,aa28c2d8c35b833bac499deaa55411974f54f6eb20cde0034baa617968fe4bf9
train,images/train/healthy_0871.jpg,labels/train/healthy_0871.txt,ccf95c0f300997425fd53e1e7060a0a4b813aff56c7539d477147824376c60b9,04b8b10b06a3303041a65d9ac8715443e20e5bee7d95362ec1b3a1b49a7d9aae
train,images/train/healthy_0872.jpg,labels/train/healthy_0872.txt,4acb7cb738689e662595d8effa410a446debf960dac4f031752750a52e29ad92,84cee4b932bd1663bb0c994339d4b8d0aa3e59ec9fab412969d13dc139b39300
train,images/train/healthy_0873.jpg,labels/train/healthy_0873.txt,b2a409575d96f71b3d6b861675f5cf13bcc1153c929aa88d714f93f71f6ed113,2d961a1b1517161eb870ccbe7a07b60ef48dacb5fcad01c7411a1cb7d99d3cad
train,images/train/healthy_0875.jpg,labels/train/healthy_0875.txt,bc101a1568c8c747dead9736595269d7d14c86a2f095a3dd7cf975d420ce4bd1,f90c6d7051d1b07973568791550c3ed164c79cdcb4064bc96cb53096c8aae5ae
train,images/train/healthy_0883.jpg,labels/train/healthy_0883.txt,0398326f90a8695db9e19631d0fa7be32f90c212dc18ef2f1345fa614af6c372,b0ae1c91b0e1f861d4b7dba783fa2b5855471bacc0490cc9d2afbf246e8b8f4b
train,images/train/healthy_0888.jpg,labels/train/healthy_0888.txt,17331d340156bccc2020dde42211f5543c206795dc3c702c2c683bb673851b86,18d53c48229b3093b942880c0c033cfd51b7cc8efde3a4d72fe2257a20a9f691
train,images/train/healthy_0889.jpg,labels/train/healthy_0889.txt,010e1794e429da298efac4500eb984926cfbf882d217339bb0b10c33b422b3d9,d426bb168df1aadcb1fbdde435d67b9ed690ee87fa7956d687ebfe1a98ffef91
train,images/train/healthy_0890.jpg,labels/train/healthy_0890.txt,c9400f2a5007ff32d7bcdf0380cee0701f369b6917d8e91cadd736738ddf12b6,8b1a9bd99959bfe6a1ffe9e0519f18ab9eccaa1751ac83ed82375a1b3a8a82c9
train,images/train/healthy_0894.jpg,labels/train/healthy_0894.txt,d6e65fa472c6b65e9747f444dadd3b5884035208457bddf4342ac018f19d5f48,aca77f9330bf1cbf0e13f3c44baf40bc594e415afa519d88af3d512c6c9f7014
train,images/train/healthy_0895.jpg,labels/train/healthy_0895.txt,b3897f4d3e469a236e960b0c520f745d5c9bcd497ac63095b8e978aed63fe1de,559e87c11af46baa73cbc0938ec11aa0f415b0b58ad6c320f3d8fd4e55e7e190
train,images/train/healthy_0898.jpg,labels/train/healthy_0898.txt,1fe8c9542438c634a456e1e4f5ae06cdb6cb568f0f98d1273151baa467e12178,f6265a78265677b4daac3bd961d0266fd3e87e04b9a953f65a75308d3b82250c
train,images/train/healthy_0899.jpg,labels/train/healthy_0899.txt,4564c58c2b525f9f3cca49ea94652a5438008fccc617b4281b8571e18130ca97,5362aefa37ed3af09e75a5fbdbfce33d004e33fc6e7c2dd2073ee0f33c4af7e9
train,images/train/healthy_0900.jpg,labels/train/healthy_0900.txt,658561ed09171d1adcabc9a198464f16c113aedc4166b770f20d5561d594dbc0,fef747a315998e13004ddc9a073e4e02680fe701c951519140ec1f5d43f6239c
train,images/train/healthy_0901.jpg,labels/train/healthy_0901.txt,7190cb07de8c60360037390cd2a852cda909e1ae833a660438648096eb0e2aeb,688a09107e1b9dfa6316415f593e6a64090589cf9b13ffb9e9dcbbcfeb362237
train,images/train/healthy_0902.jpg,labels/train/healthy_0902.txt,774185444b25286e0bd0c943a9469b0f03e3d2dc6c870722f812653c57310667,e3fd59b4a76d2b15928114da595ced18aa37eddfa872161fc91e211a16e5e34b
train,images/train/healthy_0903.jpg,labels/train/healthy_0903.txt,edae51ae75cc280ed16ed8d45094e1e0ee4ac7b8b69b4caf558017679b845fdf,d557a54d877b2fb1d2d013cad7dba6ce49b3bcc7c47e5fc28771b77c501e5e28
train,images/train/healthy_0904.jpg,labels/train/healthy_0904.txt,b590738cb012a76d90a0ee1e57f914f1521d7ed81c7122c3b468947282177226,94dca020789252695be51296c5b1da4abd0dfddc27d2f212ccf0e2a5e7fdb858
train,images/train/healthy_0905.jpg,labels/train/healthy_0905.txt,464f09679f9df39e752f821d799bae157faed8a0a2dd52f9b47ae72a05afbe3d,750c40a9b98ee07bbfda130464619874f3d807fb71980d1f9ac83c5020c72e67
train,images/train/healthy_0906.jpg,labels/train/healthy_0906.txt,cb8833b7f4263a5fd2e256b2b015da8c36f507f5fb8b30a0fe80758ff0afd7aa,c892d693e574bcd63d309d0a1dbd7963743ad109170a57e8d76f7a7bfc4b092d
train,images/train/healthy_0908.jpg,labels/train/healthy_0908.txt,bcd9bcca4b7eb4fcb3025961196128139f74f73140f899821f2111b5ba18c65a,abf43abc0fdd39f3ab2514e33795b11f9180996e75a7e2902976f36cd8d13761
train,images/train/healthy_0909.jpg,labels/train/healthy_0909.txt,4185f82676459aabe38c2108b3b5260815fc266257ea6bc62a64c8dc3d128c3a,bc3519bb63e9d3d646581f65da6bba496b51920a9ff582bfc14a54b8fbac1786
train,images/train/healthy_0911.jpg,labels/train/healthy_0911.txt,0189be90f8895d524b320ac706231c36dfb4bf9f494e539641d134eaaf74e947,c3f2a7ec423cb4dfc97cebe5ac84df0cf5f2a646deb5fb157e661ad33376ef9f
train,images/train/healthy_0912.jpg,labels/train/healthy_0912.txt,ecb5a8629a4fec8a646e41ae08c8700b2294b1aeb8538d0e63ad9c88b9708a35,fc656ae842002959b97c2fecf8c791b8e39fbbccaab986c983d849228ebdaae9
train,images/train/healthy_0913.jpg,labels/train/healthy_0913.txt,67f9aefc5690fa966859a93431516c9b067ee47e21d5485c1286a1b1a89313c3,7ba4a6275eddc62ab95b3b9a7a1232847dd438eaed055ab64894aa4054b91c40
train,images/train/healthy_0915.jpg,labels/train/healthy_0915.txt,dceb2b3ae53c951ca3bca87031bfbe5886bff2415ea30b80ebe081adf9668377,24d09683cdad51f0511b21a777a8059b19359bd248bca0bbe3f8599bd9eb142e
train,images/train/healthy_0916.jpg,labels/train/healthy_0916.txt,4fe380c107efa23e61296ba9af32bbc884ea6e25ea8dfae926e3bb8395f87dcd,b2e2b68411a74e1d94aba49fa4dbf279e3ce3fd641b841bb827970716d7e25b0
train,images/train/healthy_0917.jpg,labels/train/healthy_0917.txt,5c2b4b09b848509ec94a4cc80593b17c8c72a7cbde53173c73c8ea50fa226b84,9a17a481c307f349545e35974f74d79e3e1e9e2994a89d71c2a79d592deba581
train,images/train/healthy_0918.jpg,labels/train/healthy_0918.txt,2fc8520af284517df6757598a7d8683e2c08bb2c0088016ad83c2c927d7c581c,7810ed554599fa70388746b9489ce9141888b3ac015bb0f03db7d0d35734085a
train,images/train/healthy_0919.jpg,labels/train/healthy_0919.txt,28d592517b5b05d5951487981f395ec288d2f928737b9c5ee1c3dbc668f7f165,879b4795366c03f87a4e59fbc9a230be102c27bcb74ae354ece6c03b69a4d9ac
train,images/train/healthy_0920.jpg,labels/train/healthy_0920.txt,5f6a1c56c692824ab33fc025f413c10da6fad8a71fcb5ad4ebcfd534a0f048a9,1a278c77f875db01bc42b52bc7c124474150deb784d0785e2b6cec1f664969d0
train,images/train/healthy_0921.jpg,labels/train/healthy_0921.txt,647598332cc65e2986bf21b9e3101293c5372a199c27ce97b40047c35ddb9bdf,6110b8998396363d3b278b15462fdd36bbc773f81886c15eae5d118629a63551
train,images/train/healthy_0922.jpg,labels/train/healthy_0922.txt,317151f782bd3b740efb8e285ccba8ac0d01203769b692a095826c6b27618e69,f490a1baf6247ec805ba0833c87c4967dabec471bbb22aa6d66cea79d7df4c5e
train,images/train/healthy_0924.jpg,labels/train/healthy_0924.txt,cdfda945f345357760a74db0a4ac26019a5298758994e433c4133c52f83432b4,e4580ec0171c4342604c95db8ac683c8e3eba2624802283ba0de9f4607121811
train,images/train/healthy_0927.jpg,labels/train/healthy_0927.txt,f435ceeede8b9a363bd94e8b355c2f6b7d103004565b4439cbd89553bc53f047,509f82654bd44e414a78f267cc359c8e56df1f74431bf26e863e91f204eaeccc
train,images/train/healthy_0929.jpg,labels/train/healthy_0929.txt,bd4e53784c2e15b6e2166eebfa268b93349e248537b9171846ca1ed8aaf00b1f,3d61c3bb9f4c6b0483d9324b5f082a52e4fea8b88fc942eab42d04aed9aa07da
train,images/train/healthy_0930.jpg,labels/train/healthy_0930.txt,dc134383ce019a9023bf95145d01e3b1044c7faf6ae8a81e471d435d1452408a,484cd0d88c9ad29f7c365616b7e36265794fe226f78a9f4d9432273528a264d9
train,images/train/healthy_0931.jpg,labels/train/healthy_0931.txt,3c63e2b0d69ca1096b7e741275483cec53ab2559e883c76c3d5c464ebab112bb,59789391fcb692886806d83fcb6f69e689977c441e1534b34cce096b5ae350dc
train,images/train/healthy_0932.jpg,labels/train/healthy_0932.txt,63a511808827b4c06d7f22bfadd636ea3bb08da7c1013a5724bd17cad96b0b16,ff8a6b0415c529d4ab819fe321265119a41a4ae7da8a433a79662cb7c2791036
train,images/train/healthy_0934.jpg,labels/train/healthy_0934.txt,4cb40e278c084d9841b2f34fa10ea5d9c7e469fe77d86787d8c56e36e09c1f46,35736bae4a21dd313d1a4a4073aeff3da6289e9480825d76c0c988052880ef98
train,images/train/healthy_0935.jpg,labels/train/healthy_0935.txt,4a7a00621ee2694209b3545c139e7f4d8c7d62a67efa87a4b56c4a246b81152a,03afaa56c45a91115c3b46c44e4e36b1c1c6b1d33b47c38a2c1fbb499c75238e
train,images/train/healthy_0936.jpg,labels/train/healthy_0936.txt,c7e6508c7137dc22edd208e17c10fe10551782c20df2f8bc984b9081db86e265,95d43066ea40d05f7ac7f4b4c1f9e132bc259218ae62ce64cda12ef513f26a7f
train,images/train/healthy_0937.jpg,labels/train/healthy_0937.txt,53a3e9a0dac60765116d8f2b5dde70021c4ad1ec77beea93b9d9fd685f0a4bdf,1e3396d3b53475df86db8b894391b6009e648e1b7f8ffe611304ca6b1e93bef8
train,images/train/healthy_0938.jpg,labels/train/healthy_0938.txt,de3c33e357023c7722df9391e02048d371c71b40f488a7cb33844f46a607e380,7e8d218d7cb65c377a8b90c031f021748a7d75bb87f47bb9dfd51595e107ffec
train,images/train/healthy_0940.jpg,labels/train/healthy_0940.txt,1d94c99de68a7bf91a1b7f610021acbc0d7c05db828142d14420b1ec0a196c15,24cff718c624e6b80deb3e07627bbc467d5d414318afc1e85d3a7999871744e3
train,images/train/healthy_0942.jpg,labels/train/healthy_0942.txt,685e12d865b87efa6317bfd610c7fb0dc7553ead20bc9571b7053e4eac46f5da,95f795686272ba137e982399b34dc4255604bed7271c4a93fae0568a93f96b96
train,images/train/healthy_0945.jpg,labels/train/healthy_0945.txt,99dae877a3f484446ce9264d010e4bbb7aa7b203f2589073b384dbe4ac4a9fde,f9ed09d1921f235b91286e39c64a33cd99e15d8a2b0f632db4fffb1e41ae7cd1
train,images/train/healthy_0947.jpg,labels/train/healthy_0947.txt,33345a126517135a29c4caf5f3809c5ffafc2f9828904c36168e3abe60534eb2,b2f6150d111a23ced7695a61db7635692f21d15ecc8d3df39a5b7b72a1d7648e
train,images/train/healthy_0948.jpg,labels/train/healthy_0948.txt,9f15d852be7759efe004ed88fab8db97fa745b24782db0bca07605525550a5a0,cfd071827a890656f4dd29eb9c297401ba4f7b74acc298fcb263019b63484961
train,images/train/healthy_0949.jpg,labels/train/healthy_0949.txt,a1f3791bdbacb90e84164b6210bf56acd99c3b98f941fdf11fadced56c654c3e,6857bc41a1445720205ff960f845184230348db67297d904195599e3f22ef75d
train,images/train/healthy_0950.jpg,labels/train/healthy_0950.txt,6a32330638419023f9053cc5394d93deb2c5603f9167d0c63b1fd051ef971702,a6a014afba3c72827094cec576d52f9c40b1376022cfbd8762f25466d2ebe198
train,images/train/healthy_0952.jpg,labels/train/healthy_0952.txt,ee3190e846946d1cfa42af47732910a33d1b953f5d4f9ee615ec64f29b88a69d,0dd41d6570b80be1b03336ccbc65b7fe2fc8221cc5d428000cbb8723d24ef17a
train,images/train/healthy_0953.jpg,labels/train/healthy_0953.txt,370769a19c7f434448626a1984fbb28e107e5cfec17c662c4f58cc14ab873f9d,b770ee021d9250c2666d28d48f0d8ea9186f8f9b89e57b47f5ae6d1ec4f20260
train,images/train/healthy_0956.jpg,labels/train/healthy_0956.txt,cfcd3410121e034ac35cc935777ba41a93b89f802b14b0e25ae16d95e8a8c7db,81095e93694b07fcfef36acfc41fd83045298ac8aa0fd2211b32171dfc894b5d
train,images/train/healthy_0958.jpg,labels/train/healthy_0958.txt,c2e3cb702a49cc7f8e43f68065ed34d6e5c6720a863e4e60e879f4f540b051b4,303d685773558a8cfe2a81ee71d5e7ba81671e7164d56d43bb437f297061293d
train,images/train/healthy_0959.jpg,labels/train/healthy_0959.txt,615a0cb6575450f5cd7c2f03e410be7772a3cf2f1289cba5ef09a15790284cdd,9f921046bf4192ef60ab54339faf4ce7baeee3c78cdbbe0730dc07d2b1fa170e
train,images/train/healthy_0960.jpg,labels/train/healthy_0960.txt,1460a6b743bcad3c1e332094c4d43521c2e1fd88f0289d5297ba7279133c1cfc,84424698ff27a7ab55d7e1f3defb991e946650abcde557865caab98dfd09d4a0
train,images/train/healthy_0963.jpg,labels/train/healthy_0963.txt,c5b21768ad1e26e537f2505824511905db5f2e8f5cc9965337602015898c3bfa,e858e4d477c5dace4e4254fa0f0d1a8b4d345535dcfca0fc353b41359540df01
train,images/train/healthy_0965.jpg,labels/train/healthy_0965.txt,b484f40e70a2cb005c96a2c789aa5c0b9cba9c5294077a3a7e7abf60107737ca,314258132fc27877687394ca4d8c9d5cdac6e1bbe2413fd5e6c2c634a11f0871
train,images/train/healthy_0967.jpg,labels/train/healthy_0967.txt,ddd8d2e7c0c5dd5eab9a2d451ed14892b1c2a3714c4d8a61b073e405a955c432,47da15cee0c7e8b7f1cac6c9779ae402224d83e82939418968d1b85d4426f24f
train,images/train/healthy_0968.jpg,labels/train/healthy_0968.txt,df270facae75f955fd1f996d62ae3b5764d6ceef1c5d143b394e5d7fb69e2780,15a139e6d0abf5ce20c71dfadb542e0b1b7287030f5aa3f77d4937de8d691324
train,images/train/healthy_0969.jpg,labels/train/healthy_0969.txt,0cf0536a999000975c3ba04c904afd2d78a363f5f6fdec79419d975c32009ab8,7ee4266d6d2fade9ae53838cfeb04bababbe2b57a93bb3b1dd5a0f9b1d843db9
train,images/train/healthy_0970.jpg,labels/train/healthy_0970.txt,90d01063d24221c699d46cc924c266921f1c2465b3e8e15c343d2056509e9297,4db87b8513863416b15fe9424cf2f4acd0d23cd67e8469ce49466fb3c4fb3a8d
train,images/train/healthy_0971.jpg,labels/train/healthy_0971.txt,995f74d807af1573653f899538e40de11540ff75b7b3fc0c5404c7cd8e4197ea,0bdee0794415d0389b288d60c8ec5400b57e103d844c4aa3cdc38d02e7f4ffe8
train,images/train/healthy_0973.jpg,labels/train/healthy_0973.txt,28ec3aa48ea12e5c2a1d63a49097da803cf3f666e3d3e61f42805a6ed99a3c2b,8387e5a0e15fd20ce65e4316eb04eeb2955f63eb814b6b0d236c2f05195d6df3
train,images/train/healthy_0977.jpg,labels/train/healthy_0977.txt,198a928723dd7300bd6c1e1298cc6eca736d8891b55b3b3c50444392a1d1871d,458652ff695813f84157da0e285f17bef5b461aa30c85b27501535bd8cda11b8
train,images/train/healthy_0979.jpg,labels/train/healthy_0979.txt,9c4b918ab95a4f54abe8d91a9ddf493c887dbce6e57d202f1a2d499eaa754bf6,c2268333a74e3f71d79620b6eb2c50de2aff271596a93f9b573aac48fa19e5c4
train,images/train/healthy_0981.jpg,labels/train/healthy_0981.txt,016134cc80aca71be38b84d4849e775a0282841b44d48fe2cc85809147c79d20,1ad757612806fb33acafca8b6b96d9dc732e24cffcac52da4f380253bb1f56d8
train,images/train/healthy_0984.jpg,labels/train/healthy_0984.txt,4bb37fac53c56c2df58bf433cd3f9be5b1a60c56579966ee55d61f658fd7c5fc,505556cf2506bdb4a025836242095df01150e09b52b7ed48f3e925efb9b246de
train,images/train/healthy_0986.jpg,labels/train/healthy_0986.txt,d7e8f3217aeff3ae15abca5c53dbb6b82cff9646fccd4a84a4723b6d65148e3c,94f76772ec24d5567566b5f360d6abddbd086b64b887ec57c5d3d119563b1933
train,images/train/healthy_0987.jpg,labels/train/healthy_0987.txt,91d51efcddd8c9d55485b6aaf3fe869b75b4f8e1af7ff23184bba35aee912fd7,e6366df60182ad82686402f6d7733f0ffdf1c9fe8bde452fc10b277bb164b54f
train,images/train/healthy_0988.jpg,labels/train/healthy_0988.txt,b3930a000002033086c8ec5da6e8d2f08ef1518c16e39031e2f77aff6064521e,b2c370f2ed07f94b7a10cbbf680dc644ac2f3061334e566bb66cc0ab3df3df6a
train,images/train/healthy_0989.jpg,labels/train/healthy_0989.txt,dc9030a98c3fc09e50d087d877c12a35092589497f17cff76a19673b6d6277de,fd85e2d832b25b7a7a30d2ed0b611cb9f2068fefdcd0bdb7b5d677a520facf54
train,images/train/healthy_0990.jpg,labels/train/healthy_0990.txt,5905bf69e9ef93ba0a41eb7e7355803f74f877ebc8620ca311ee4b39d1ccb06a,20215ccedce02ef45e97fb35a0b303440428cce7900fa9dcf424b2cf5397ce76
train,images/train/healthy_0991.jpg,labels/train/healthy_0991.txt,2b7641f23d748e7b6f2bfa236828b5b580173881ce430a8c25ab019e95d4730d,b966657e2bcf85333577b96a849b9681952aaed8e638e28bacac5c27f8ffca46
train,images/train/healthy_0992.jpg,labels/train/healthy_0992.txt,ee9137d0328c1a890e14745f67cbe873a5c739afb313b2fd040239f2feac80c4,1c592b92f892a45eeaf2a24c622a0737d257113141d508f0bd6c3c74d76b9266
train,images/train/healthy_0993.jpg,labels/train/healthy_0993.txt,729c3e601d6d12ff38f4134b50da7f162b75888ba151a4ef270133e762fd188b,b7abe9c16283ca028a4546e08ccdd51208abbed709ce5f7875e03ab3331bcf72
train,images/train/healthy_0994.jpg,labels/train/healthy_0994.txt,54989ccd28fb478e702b789171f890c6d2121c3ef9abe205d061080b57059cc9,e047b6bd08d900209951d9140c3898a83107b3e751d4a0ac266c3d984e2a6355
train,images/train/healthy_0995.jpg,labels/train/healthy_0995.txt,97252a27d70b9ca0db6b51a81856958aa4e8e909dcb420ec310188d49a29bda9,16031964ce2a1752a7252690ce75760df4e12a80b4fc0e99cb38c5a17011d645
train,images/train/healthy_0996.jpg,labels/train/healthy_0996.txt,52408d0e88d8954e00b17b1f05cc7bb7d4f316b05d1e08713763589d89473962,ff778b6410c2b2622517c99c9e154c97e5dd61e8acd0dbd82a40cd2e63f20e4f
train,images/train/healthy_0997.jpg,labels/train/healthy_0997.txt,b38fa242aa46b2593663dcbde56abe5bec4bf9dff30f434d8e9da4be86250ae0,61e58b1662ee885ab074ddd4e5a90324cfaa3471c3eaaa891d5067e67e8fa9d6
train,images/train/healthy_0998.jpg,labels/train/healthy_0998.txt,d75bfbd2cf7898537dd12717c216e40008352e59d795367dd81514c3afaaa283,6420ac296923578663bf471b6899942bbf23219a64194f3cb0cfda42b6fb237f
train,images/train/healthy_0999.jpg,labels/train/healthy_0999.txt,5dc4fb7d561a1928fda92d7710b7fcbc7620a25876762cd0b50645adccc0a5c6,d202b2a9eba3f22d8a4f9cfc1d460186f9a9fccfcbcecdd03a76dfa8e038f3aa
train,images/train/healthy_1000.jpg,labels/train/healthy_1000.txt,252cad8e187b011e087146d8b5c2274341436befe292929705eadcd4014f2d1f,333ae0c66ac5c802f550be4bdb2afd578549a42befc4c81ff7fff9a94637c6c8
train,images/train/healthy_1002.jpg,labels/train/healthy_1002.txt,6e866363bbf886823a6a03df442abae9166987922c2c20bc8ff719d0ac3eea6b,aa134cdf444033b905daa21db6b75cf9c49c5cb427326fb8542708fd0212f883
train,images/train/healthy_1003.jpg,labels/train/healthy_1003.txt,6320163b253f8c7e28d384d64a41e1e4421eff45f50a2071f88626f28dbd27f7,837a714159493b7df4a656901f0fdd36d84f27bbd4d22624c3c6f9ad5664308b
train,images/train/healthy_1005.jpg,labels/train/healthy_1005.txt,aa39009f2dd1fc3b4bdca3e725325d05fbba1f5a0bcc6bf325ba462a78d87b06,f44da5e67554a7e9bf4a0d40b36719dcaabe7ecacbfba32d234e5c7446c90468
train,images/train/healthy_1006.jpg,labels/train/healthy_1006.txt,7e3ea8805c1e02e32ba0005f11a68252fb55fd258309ff7bb6486ec735d88a3a,6ddd329f4c4ca433946ca37a91af8c0ac5f30dc37ec1ea9bf7622ff89236cd98
train,images/train/healthy_1007.jpg,labels/train/healthy_1007.txt,7e3ea8805c1e02e32ba0005f11a68252fb55fd258309ff7bb6486ec735d88a3a,95e0c9352ff343011cf5e07b0b5fd0bf4a8223949dd2ad5d9be2bf5dc2db3c76
train,images/train/healthy_1008.jpg,labels/train/healthy_1008.txt,ba92a496571316a809c195ddec26194b4ed9ccb7838984e7e9edf661047e7144,0eaf075201d6ad5e999c902d1697a1bc56fc21f8245bfce7e6195499e9a351ed
train,images/train/healthy_1009.jpg,labels/train/healthy_1009.txt,ba92a496571316a809c195ddec26194b4ed9ccb7838984e7e9edf661047e7144,64652d8e2276580434e5b47218a0e4c87c5f10afc84f1b6c026417061433f5df
train,images/train/healthy_1010.jpg,labels/train/healthy_1010.txt,daa1bd7acd409601f1c957f06ddcde2556513a27634212469ac736c0daff0d1e,0c782ad0d5535224e3742d56cbaf3e4031ba90c04c4681b04470dd2712c5bc2c
train,images/train/healthy_1011.jpg,labels/train/healthy_1011.txt,daa1bd7acd409601f1c957f06ddcde2556513a27634212469ac736c0daff0d1e,767cbd3bd9530d9d3f9e7a3823780e51d31c5d42528509946707c81d01acb41e
train,images/train/healthy_1013.jpg,labels/train/healthy_1013.txt,84a90d3fd82ca67ba990af15f14a2aa17872b42193fdd1b44d3820572b2ad859,ece486b2bbd767def5be49505b931766588d5eae2732be4ba3afa871aed48509
train,images/train/healthy_1015.jpg,labels/train/healthy_1015.txt,d870e608b27aa4f0047f884488fa9c908ec98ea84735098b2540d80bcefd013b,9147c27fee0d9d0dd8956b67031be0c31ad92e5e6e893c1d81a9ab1cfb0ebd83
train,images/train/healthy_1016.jpg,labels/train/healthy_1016.txt,d28e4aa524f49fea638fe395f0220884d12e3a1879f2c7cbbe4646c9dbc1ddbf,930d036b6740100e4bb727202d56a028fac6c808aebfe17a85006f31104268ad
train,images/train/healthy_1017.jpg,labels/train/healthy_1017.txt,d28e4aa524f49fea638fe395f0220884d12e3a1879f2c7cbbe4646c9dbc1ddbf,858c6f57b2802be1f9bb334de660c1ae12d9a88d4e32c040330fb92aea9506fa
train,images/train/healthy_1018.jpg,labels/train/healthy_1018.txt,31f8206c7ec881a583495039585655147d215153ee71b7548ada80db9d817cee,023fdb18e87ca2c01e1f860d01ac1f7b7f8ee09296cf7d93527824a01cc1bd53
train,images/train/healthy_1019.jpg,labels/train/healthy_1019.txt,31f8206c7ec881a583495039585655147d215153ee71b7548ada80db9d817cee,fcf0b11eae7b24d9259996a30d384045acda897c9a2174cb7ef4aea4e7b40431
train,images/train/healthy_1020.jpg,labels/train/healthy_1020.txt,fa8f140e30b9730b204bead74723ccd1a22162238e79434dfb3d6e7fed5a4571,e83d9cf16dd1df3c5283d95fd2fc4e376a85a41cf7eaa80f27d432d332dbe92c
train,images/train/healthy_1021.jpg,labels/train/healthy_1021.txt,fa8f140e30b9730b204bead74723ccd1a22162238e79434dfb3d6e7fed5a4571,f150ec1cc597d09688eddf53e5a84eb49d958f30ef14d967d1f8573b3134f2b0
train,images/train/healthy_1022.jpg,labels/train/healthy_1022.txt,4d645e85ac44b712cbb0f1c4127313e989baa8f8ad51a2794f8680279afbe594,6858a94320ba4b2ca678c09496ec3a0787d786ecf35bf43faf53cf22d0459498
train,images/train/healthy_1024.jpg,labels/train/healthy_1024.txt,e4bbdf061657b8a8ae96af05d5c57477ef37668f1f5dd79091824b0ab3a722f6,fc4afdf10da75d165ad1a2835aa470e9fb7a498d406d43b88a61292366168d70
train,images/train/healthy_1025.jpg,labels/train/healthy_1025.txt,e4bbdf061657b8a8ae96af05d5c57477ef37668f1f5dd79091824b0ab3a722f6,da7e1893da07cdfff037926705523fb8d872ad13bf39892f8cdf2cea90cb7fbc
train,images/train/healthy_1026.jpg,labels/train/healthy_1026.txt,bb794a0e644c795c249b5ac2bff720c53ad872d6426a5d46886757fb0593332c,6e878c50bb85cc3d2e8d56495f9e353c577f588034991ec352a675a3442eb4c0
train,images/train/healthy_1027.jpg,labels/train/healthy_1027.txt,bb794a0e644c795c249b5ac2bff720c53ad872d6426a5d46886757fb0593332c,66d14c386a2031ba9ad8e38a2e5233899e5c5ad05f0288bb3fa48977c214447f
train,images/train/healthy_1029.jpg,labels/train/healthy_1029.txt,7703ee04a7ec0340f7b08fffdb64a7f891f5d9c747a98572ccdd205e382829f0,863e4441a28d576724344da9d6e38c95f6a015ac84b532d8b5797045017cd5ea
train,images/train/healthy_1030.jpg,labels/train/healthy_1030.txt,3503aeee1f8b9f1688491f9e745142ea00a51de093810c0099865eed18c61595,6e11799d9089622c73c470782d2f7d7f3bcc5769cea8bdd19ed0bb066b5e847e
train,images/train/healthy_1033.jpg,labels/train/healthy_1033.txt,2875c8f6f71f57762c545cdc2aae2a12deba56d9819539f4bb80bdbffd14bc31,6516b26620b1f4cee4d1d1ff10d1574f8afa8339abca99b8c5578781ab65f3b4
train,images/train/healthy_1034.jpg,labels/train/healthy_1034.txt,7e553933f843499a4a741e483136219d15bb9882889ff870fe183b5e4409c349,8c07d5e566cc5e9f36129101384f420924f92df676c163fffdd0add7a73953c9
train,images/train/healthy_1035.jpg,labels/train/healthy_1035.txt,7e553933f843499a4a741e483136219d15bb9882889ff870fe183b5e4409c349,1003983b9a65ce34f9b29f11e9d470530dedae7ca49cacec765f68df70181390
train,images/train/healthy_1036.jpg,labels/train/healthy_1036.txt,7b4c79b1f636ecf04f5dc478553c4ae8bf5680e89666782dc2f490bf8d5fe08d,0879e98fb28a587b35ce6b08822d58f365d959a53ac6a21635534afbac2a76d2
train,images/train/healthy_1037.jpg,labels/train/healthy_1037.txt,7b4c79b1f636ecf04f5dc478553c4ae8bf5680e89666782dc2f490bf8d5fe08d,b2e0cf5ff208b027cb0254f95d6e64013d3e4c481036267e9b56ad6624a681cd
train,images/train/healthy_1038.jpg,labels/train/healthy_1038.txt,d1b45c4fd867d1217eb514753bad36a7dcdc9622055f84fe4100128623a3fd38,30fc92b9d574b63d109d803f382594592b329536778c2309bcbcd9e7666284a1
train,images/train/healthy_1039.jpg,labels/train/healthy_1039.txt,d1b45c4fd867d1217eb514753bad36a7dcdc9622055f84fe4100128623a3fd38,65cbc96c00be05de756b869f0c3772ee5e2e21218e33c1d649f68b610b895bb9
train,images/train/healthy_1042.jpg,labels/train/healthy_1042.txt,3f48d7be84af5be778f02c34e1df18b3a2cc44a41e73e70a9710a24d41591b79,57aaea1ed1f300840c0bde31e62d8642bb17414d075c0e9aced51bceb70cbdf1
train,images/train/healthy_1043.jpg,labels/train/healthy_1043.txt,3f48d7be84af5be778f02c34e1df18b3a2cc44a41e73e70a9710a24d41591b79,efbf9d83b951dbff66afa0689bcde286beaee13a98a8d91261a1c4916b50df3c
train,images/train/healthy_1044.jpg,labels/train/healthy_1044.txt,a39387d76119fcaf3713911eb616548e7db7fb9f4b0b66a207f4a554cec59252,9c7cf47f4924e9aad8d24d83b206913bbf38b654b12dcb187510a6945fa9f065
train,images/train/healthy_1045.jpg,labels/train/healthy_1045.txt,a39387d76119fcaf3713911eb616548e7db7fb9f4b0b66a207f4a554cec59252,eb773a4e952072cb7e31b7a5c95e980f180d88c87a78a7b353696d6e885bb57b
train,images/train/healthy_1046.jpg,labels/train/healthy_1046.txt,e23708d9a39829037ee908167454ba341942ecb08497003ef470f09274d19800,ab67b36b72a88f79dfad2e96f8dd225a86549a2637e4026d3bbe7029871fe399
train,images/train/healthy_1047.jpg,labels/train/healthy_1047.txt,e23708d9a39829037ee908167454ba341942ecb08497003ef470f09274d19800,77346834538160a51422ab9cc8c3738269b846bd824ce505554d8ebb3c7f15d7
train,images/train/healthy_1052.jpg,labels/train/healthy_1052.txt,0a89e2753096f02a9d91edac6ed08076cb246d3c87beefcb116c26a6d14618a0,78e569e89b86898dbfb731c80d1423229ebb83a0d0319b58c36831eb118406af
train,images/train/healthy_1053.jpg,labels/train/healthy_1053.txt,0a89e2753096f02a9d91edac6ed08076cb246d3c87beefcb116c26a6d14618a0,9d732daca40945fe3f0e6cd2a3b6c84c5742d86530c6e89ef9b6c5bb0eabd90c
train,images/train/healthy_1054.jpg,labels/train/healthy_1054.txt,a7779192d759ab7137f869249b0d79ff81c841e2581278425801b8f5b0f98717,c4b6f61c14c934a90809a388d957d7c16e29a7542fbfbd2090461ebf36517eb6
train,images/train/healthy_1056.jpg,labels/train/healthy_1056.txt,6f757dffb64ef5634698700e34c50a9a2092bbdcdbfd09681f064f8e4f1e58bd,2b8f20c3bd15a47771dec8e49db5e49ac157940d2521896647612df3dcb70d39
train,images/train/healthy_1057.jpg,labels/train/healthy_1057.txt,6f757dffb64ef5634698700e34c50a9a2092bbdcdbfd09681f064f8e4f1e58bd,319c8c164d03ff9fb519d23cd94d5ae13b0aee111bb375ad0d29e2b8cde0de0d
train,images/train/healthy_1058.jpg,labels/train/healthy_1058.txt,a62cc5ca880f57ac98689372860b7eea7f27f28028735c0fdf723efc582ca96d,fe4fee0eb7fd0947791a800a328c54c53762b8be5377c496a4cbcced093a1240
train,images/train/healthy_1059.jpg,labels/train/healthy_1059.txt,a62cc5ca880f57ac98689372860b7eea7f27f28028735c0fdf723efc582ca96d,c9f97bc61cf7be05606db73a66206364d8ee25c4fdf1aa1bbaad6a47f6b58a7c
train,images/train/healthy_1060.jpg,labels/train/healthy_1060.txt,9d3cf20b0e41b78bc2d5dc2ee6079b08724ee0ec72c9bb438d62e592f8ed6873,af182369f33c31754382c89b28dfba3fa6f3182b7ab045ab22484aef31d7ebce
train,images/train/healthy_1061.jpg,labels/train/healthy_1061.txt,9d3cf20b0e41b78bc2d5dc2ee6079b08724ee0ec72c9bb438d62e592f8ed6873,823a1923bd50e16e20f6873a509e4b95af530d0937f07d49563f94cb349c2ff5
train,images/train/healthy_1062.jpg,labels/train/healthy_1062.txt,b14371c6e2ec05c0f3c152e6132d392489101cd0113926a843a9d23b848ef847,26ff4f4af6b45bae3d9b35bd6a5cea9223bc59670a21e1d3be6cbcb73e2e3da5
train,images/train/healthy_1063.jpg,labels/train/healthy_1063.txt,b14371c6e2ec05c0f3c152e6132d392489101cd0113926a843a9d23b848ef847,cc223edc09aae6f28d60335ba5eedb817ae05a0ffd7de465b9d18c5bce81c665
train,images/train/healthy_1064.jpg,labels/train/healthy_1064.txt,2062af1af6f56f8ff61f2f38211183c839c85919e50581703dac561fe979085e,581d926024bbc0221be25fbd88c2775703f212ffbd2ecaa97145f8cc7593b451
train,images/train/healthy_1065.jpg,labels/train/healthy_1065.txt,2062af1af6f56f8ff61f2f38211183c839c85919e50581703dac561fe979085e,7a1220a981ee533cbf75b07ad9000709afdfc2ba27beeacb93ddaf4fc1f501b1
train,images/train/healthy_1066.jpg,labels/train/healthy_1066.txt,73e2d89f62de91669d54116b79392431b14888689bde3e82cd62a2945d8bd34e,bd8627cf17bca65a54ec1a3e486b3f577b5e463a0ade3cbb9909785f2d035d2f
train,images/train/healthy_1067.jpg,labels/train/healthy_1067.txt,73e2d89f62de91669d54116b79392431b14888689bde3e82cd62a2945d8bd34e,28b5db2a22de46e8bc8ab824edc53ad23c06a903ce4a191c64228e1b32724486
train,images/train/healthy_1068.jpg,labels/train/healthy_1068.txt,adc4075c0cdc7828d3c2c47294bbf6b1f62e12330ea22b3691ba5aab8e05aa52,6aeb23d69e51f2836fdc70b3cc5dd4c40fe4afe99cbe7c3baa54cabfa301c81a
train,images/train/healthy_1069.jpg,labels/train/healthy_1069.txt,adc4075c0cdc7828d3c2c47294bbf6b1f62e12330ea22b3691ba5aab8e05aa52,ca113c61bbbd457cde71e6c1753329255affdda36141a8b256083bef9605247e
train,images/train/healthy_1070.jpg,labels/train/healthy_1070.txt,082295546add0394536f9f847c3a2891d5b9a2563606e09ef6e7a63860ff38db,b14bc69a335a2709c6abdd96edb4016ab541bc81aacfad53b8498be38669cca6
train,images/train/healthy_1071.jpg,labels/train/healthy_1071.txt,082295546add0394536f9f847c3a2891d5b9a2563606e09ef6e7a63860ff38db,fb2f4dbabd86d34f5e684016dff17c272b582a241cc608449e96ab46fa238b1d
train,images/train/healthy_1073.jpg,labels/train/healthy_1073.txt,7df5e6d7ae4e415928cd062239a89cb602187e19300c50ec55b543c2eaad6829,20bf42a8c89a43db2f94157099a359a160c786dc5cddb0e1d3fb2da596c15e14
train,images/train/healthy_1076.jpg,labels/train/healthy_1076.txt,8996dca4236c10634d9490fe90576dd8855e64477526570582e76d1f5e4c7574,4f87aec03c2278be7d67345bb3f3725c9680fd990e221b20abf3aa8385219aea
train,images/train/healthy_1077.jpg,labels/train/healthy_1077.txt,8996dca4236c10634d9490fe90576dd8855e64477526570582e76d1f5e4c7574,e17322978602669c60d5e0dc86e25185c74a7735da8becbeb865f9e503c6216e
train,images/train/healthy_1078.jpg,labels/train/healthy_1078.txt,3718703af60966e631ae83df0f9a42e1e4bdade434de08fdbc6e12d230fe81e5,4efe790ff1762a24f83b0434b8c9fab447c3db15752f0145025606109baca160
train,images/train/healthy_1079.jpg,labels/train/healthy_1079.txt,3718703af60966e631ae83df0f9a42e1e4bdade434de08fdbc6e12d230fe81e5,ec8be8812ab50569021f2408d2298758b31ac342fb93a3dc8c2b85f9f1066484
train,images/train/healthy_1081.jpg,labels/train/healthy_1081.txt,1d201db2812b17ae699bba189c0d1c262c8d82953be59fe9c39daeb447e5a18b,b20d4851559f93146db0aa41a1ea5ba4c899d727261d2b98a473b8260f201dc8
train,images/train/healthy_1082.jpg,labels/train/healthy_1082.txt,f09edaa3cc7ff2c434e9eca64115b50b366692c35fbdc1abb0ffaac6ace870f7,1db0d5554b996a7455139b90305440953c4a9f130d31e52c878f070c4fcdb9ca
train,images/train/healthy_1083.jpg,labels/train/healthy_1083.txt,f09edaa3cc7ff2c434e9eca64115b50b366692c35fbdc1abb0ffaac6ace870f7,ee26fce16967019e513972d20ab7566e5120880369924ebdff2fa5ea7dca6e6e
train,images/train/healthy_1084.jpg,labels/train/healthy_1084.txt,1fe9d71e7ed3cdf4e9aaec3576bec41983587b53c76be3ca111c9e726edb85d5,b6ca133c1db4e1ed8ed3129ef02c4d402483e3fe73f27b31bd3ea23ae660f7df
train,images/train/healthy_1085.jpg,labels/train/healthy_1085.txt,1fe9d71e7ed3cdf4e9aaec3576bec41983587b53c76be3ca111c9e726edb85d5,593d35f6b0c54e3a328eb7fc3b78f694a823742a4d7b897a04671a7de3b76338
train,images/train/healthy_1086.jpg,labels/train/healthy_1086.txt,976ab1bb8edd41134899c9620fdfe869f5fe0d452282bb15f99f04d18d40f51c,1a8cad0808d5ec166e31d2fd3cd40c5604f192b7f1fa82289cf79e96f7e7ee60
train,images/train/healthy_1087.jpg,labels/train/healthy_1087.txt,976ab1bb8edd41134899c9620fdfe869f5fe0d452282bb15f99f04d18d40f51c,275d34cc3c7cbc7202886de9eb1239e89c0ab5a5093004b004e05d5297c77696
train,images/train/healthy_1089.jpg,labels/train/healthy_1089.txt,ebc730f6506a229421d4306e86bf1f1956fe5746f56313418a643fc00317efe5,1eb0be308cfa470ea07b9cb295ea3516f9e48405a3909f4f90340620865983f8
train,images/train/healthy_1090.jpg,labels/train/healthy_1090.txt,f4f8c0454f7aaf7a093a66a4271c6dac713e9d62d100448aa1a61034dd66c543,7bba9d4de6e5996656de529fe14f2a390fe9e35676a2b0a96f44070ea63a6309
train,images/train/healthy_1092.jpg,labels/train/healthy_1092.txt,b335a3037dabe9e971786ff8a26a5db6b5ba0a9d9a319adc53883cb0728e1166,77f6454aa5a01db97006089be59d772c2f0aa9b849c852a7d409db7ee856237c
train,images/train/healthy_1093.jpg,labels/train/healthy_1093.txt,b335a3037dabe9e971786ff8a26a5db6b5ba0a9d9a319adc53883cb0728e1166,2bb776d4e0e8acc0b4099532f5812fb9c5237931ba091be2d988ddd5c0915667
train,images/train/healthy_1094.jpg,labels/train/healthy_1094.txt,7a0c63c788fe9be6794334e65c04e24aef20c85ed58e28216a4ee3fd745f8404,96a8cbf8fa519b576035b6a873a22d9a4a9830a951d9e8b4cd76aa09cef26c85
train,images/train/healthy_1095.jpg,labels/train/healthy_1095.txt,7a0c63c788fe9be6794334e65c04e24aef20c85ed58e28216a4ee3fd745f8404,4f701deaa52dea85617f717a7ae993c059fdb8bbf22a931af57916b79b49be69
train,images/train/healthy_1096.jpg,labels/train/healthy_1096.txt,8c1d171e2ffb0122fabe9831879ea97bfb28ebfedaa7326af78c98ee2d6ee44a,515391dae2c097d81fe8ba83a10c5b76ed9e722812955a13c4e7386db22cd1e2
train,images/train/healthy_1098.jpg,labels/train/healthy_1098.txt,4895be8a1e831f360372f1125dc16574bde81cef39eb7bccbb1d9327d84a3ae9,e3dad5c7010c6362e38e18604b63f2a3aefab5a8b38d5cefc9f895e30b3f807c
train,images/train/healthy_1100.jpg,labels/train/healthy_1100.txt,69108be81f090c29475b699f4c605350abe315818f8f74914b71363936fdebe7,2fc615229d444a54adf0ac2cf057b09fbc182c987c9664cf649599a4f715d4db
train,images/train/healthy_1101.jpg,labels/train/healthy_1101.txt,69108be81f090c29475b699f4c605350abe315818f8f74914b71363936fdebe7,a96052e983163bf3a9920eda12c668e94461a1e296b977980b7780d6cd138bf9
train,images/train/healthy_1102.jpg,labels/train/healthy_1102.txt,47562e3b8464443f7724bbbcca005da31332c73a51d899c822235d4ab1a45d07,6e9776a21e91ac00174972b60325e0ab4bef5d846369581a05fa3435de33ff12
train,images/train/healthy_1104.jpg,labels/train/healthy_1104.txt,c18754d1506ad3404ef3510fa1d6164a259e95e1346f82e065e5c1f1dc10c25b,68031877f86093d712dfb982d974442d997b0e7c07ca30836e34c83ee2948dd6
train,images/train/healthy_1105.jpg,labels/train/healthy_1105.txt,c18754d1506ad3404ef3510fa1d6164a259e95e1346f82e065e5c1f1dc10c25b,a95223409448ee733c9b19791dae32b5ae10936803bdef604a0cfc267944678b
train,images/train/healthy_1106.jpg,labels/train/healthy_1106.txt,a3e00f3d59865c89c843e77fa17fb99171a7cf7098a8a22d56cf642b3c773393,1c899d5ef14a12f9dad06d038e73c6c03bccdc97454e62866b859a18f6e4d454
train,images/train/healthy_1107.jpg,labels/train/healthy_1107.txt,a3e00f3d59865c89c843e77fa17fb99171a7cf7098a8a22d56cf642b3c773393,45651edd734a434ba8e0d4d7691b17683b9934e47588658879cbf98bcf412abd
train,images/train/healthy_1108.jpg,labels/train/healthy_1108.txt,1f6438a29d8b6cfe4122622da5a5f6ac4cd45b7e15e6449df2fe132e923bef6e,6ccc667ef7f67e9af122de6f51973c4e765024ddd7ea35fdc5478bf0abd2165d
train,images/train/healthy_1110.jpg,labels/train/healthy_1110.txt,961f93379d527e1e84c6ff08ded8c1ce16c0b038a3aea11d369ee9dd5aabfdd9,52f969a1ab003d9ea39319ec08940510d1e767d9376cca6a05f9a497f87e4d9a
train,images/train/healthy_1112.jpg,labels/train/healthy_1112.txt,7d6453a032e31d678412079cebd64ff4993b1ae62a592240511586bd0ea90efe,fd14cedd9351bd3abe4ea8e7a866e4af2666489407c461b454bd38c4f578ba6b
train,images/train/healthy_1115.jpg,labels/train/healthy_1115.txt,5c7fc31d031a3bad9ed36b43b241606c7dc720dca64d0257085b926c903a6663,7ace39e8ec4dfdbe03694b2acbbb46ced3b8535aa634733845025753237ee9f0
train,images/train/healthy_1116.jpg,labels/train/healthy_1116.txt,5c2bdc277b2b40310d6e5bef320c5b49de5244251a91e73115f4109176897b7e,d54e350f28432533b5c3074e5a138021f9328caafa53d0b82cc2b6d1b33aa8ac
train,images/train/healthy_1120.jpg,labels/train/healthy_1120.txt,68ee40bcb8def424192fc954361c3fa4786b7d6c1487fb01405e73b7846c18a6,66f0e3c252447e5d6c85d79b609cfa72a55d280e4c76ce802d82a346b789cbb9
train,images/train/healthy_1121.jpg,labels/train/healthy_1121.txt,68ee40bcb8def424192fc954361c3fa4786b7d6c1487fb01405e73b7846c18a6,7b424d6841a3cc36ac42f949cc49fd84319c64b6c15e0ca1e1783a8c8a81dba6
train,images/train/healthy_1122.jpg,labels/train/healthy_1122.txt,9454b0380d87fc96fc0818063e90c7af15ccc31df887d64c62da20d7543894eb,2244a4098f1bf5190869644bfc2c5b0d0d54a339e0c6fa3dec2f7c9f6ecc3e07
train,images/train/healthy_1123.jpg,labels/train/healthy_1123.txt,9454b0380d87fc96fc0818063e90c7af15ccc31df887d64c62da20d7543894eb,abb285fe90243f2b80293c8708b1cc64172ddc6f1b45b6492d5d0e2bd2079f9c
train,images/train/healthy_1124.jpg,labels/train/healthy_1124.txt,45e93fc1b224a27cd839cfa521994e5a67dc58d789cb1987461f59d733f7416e,7a0c9b6bc9e26bedf47c2891b5c462e2f70bb2bd65e516ee30207cdc183a9110
train,images/train/healthy_1125.jpg,labels/train/healthy_1125.txt,45e93fc1b224a27cd839cfa521994e5a67dc58d789cb1987461f59d733f7416e,161eba3817ea9c80fbe893075b27c2ea0077976c8116652c1de1195ea11037e1
train,images/train/healthy_1130.jpg,labels/train/healthy_1130.txt,a7010fa6b0072d75ee83b928660c49636ff02dae9a84ac8b82d38c21274c9af6,85dfb4dc6eed175fd175f979571bd24cd93cca0f1985aec08099d4917ddde59e
train,images/train/healthy_1131.jpg,labels/train/healthy_1131.txt,a7010fa6b0072d75ee83b928660c49636ff02dae9a84ac8b82d38c21274c9af6,1660958e43a407e8b48367bb0634bec7d6d27e2cac10cda3bfb45a07d9edf2cc
train,images/train/healthy_1132.jpg,labels/train/healthy_1132.txt,4b6272092443948057be1896a6f6d8d116c810f454a9e83e150dca47d4764c05,8f54e98d431aa871315ccf045c0f20ce05ef48d18d20ebdfca2aeb0aa75fb942
train,images/train/healthy_1133.jpg,labels/train/healthy_1133.txt,4b6272092443948057be1896a6f6d8d116c810f454a9e83e150dca47d4764c05,07e13cbc82202a76bce04c667c4cacabb9b783403813a48d764e7535fed55da2
train,images/train/healthy_1134.jpg,labels/train/healthy_1134.txt,71ae4b6f9d3670e8b3a8fcd091fbf59f04ee9423080268a177fb352a6c12cb8f,505c100f7582c41733c876dc61af0ed46b2293e21b1c66a28b27bbe37096bda4
train,images/train/healthy_1135.jpg,labels/train/healthy_1135.txt,71ae4b6f9d3670e8b3a8fcd091fbf59f04ee9423080268a177fb352a6c12cb8f,ac421d9b1bbf3edad442ea59522b331c6f308ef39d418a517f72f3abc8ea3b6a
train,images/train/healthy_1136.jpg,labels/train/healthy_1136.txt,a163752ea7ec5a6acca015d4937c3654310b30b5f86839391a217253b3c8b094,5fed21d8a18733d5803d0bac0d0df2578778e4738355c2b9e5c0302866603b4a
train,images/train/healthy_1137.jpg,labels/train/healthy_1137.txt,a163752ea7ec5a6acca015d4937c3654310b30b5f86839391a217253b3c8b094,711a6780e1c769da8d36ad19f401035f7ec8a676a2f9353561ba0446ca15b867
train,images/train/healthy_1138.jpg,labels/train/healthy_1138.txt,e4b54d3e9bf06ebf0ef1d626056a53ec4b0035f81f21f0349badef6e80335e84,1d62ad4b247079f6762eb5bc3b8b4d61977c367122a3e4d11307bfcffcdf48a0
train,images/train/healthy_1139.jpg,labels/train/healthy_1139.txt,e4b54d3e9bf06ebf0ef1d626056a53ec4b0035f81f21f0349badef6e80335e84,0cd4ee7834742ca23df3a5cb5236fc9f178d1c97c160b976993603e6cef9cec9
train,images/train/healthy_1140.jpg,labels/train/healthy_1140.txt,60f110c53d2bb38709b8d95aeae536212a10f1e4dd6dd3ca211aa2a4fffe0449,592daffc5d493b39cea9785d5a947d2c64cf87835b60d504bf103d9f5f11c53b
train,images/train/healthy_1141.jpg,labels/train/healthy_1141.txt,60f110c53d2bb38709b8d95aeae536212a10f1e4dd6dd3ca211aa2a4fffe0449,48a982a8ba605a53ae36d9b3de928ef038785eed6e9683785f8b7181a4aee80e
train,images/train/healthy_1143.jpg,labels/train/healthy_1143.txt,a6053f855aabccd595f5304f914dc782d6fdad2276779f8c86e700a13b514d3b,b173f4f4079591991fb28499f856c8ecdec0a4f867c863058c4ee75a941a4642
train,images/train/healthy_1144.jpg,labels/train/healthy_1144.txt,d123e44b24c8fe24eb1bc1dbd2bc936156e1955836ea3200c946cbf7d2cf5588,57e3a8e9a5fc8c439c6c83a4bcc621aafa30244890a499cbafbadffc5da360bb
train,images/train/healthy_1145.jpg,labels/train/healthy_1145.txt,d123e44b24c8fe24eb1bc1dbd2bc936156e1955836ea3200c946cbf7d2cf5588,33f6ef3a844979a62bf347ea6aadbb099f52af79feab1b247a8387784c6c184d
train,images/train/healthy_1146.jpg,labels/train/healthy_1146.txt,e7ee92082a9edb896688c0f6ed91850ab2907f86a49866164e39c93fd88d08cd,120068b3658fbd3548321bff006116b000dfc123d70fd04d8ed541b02db24ea9
train,images/train/healthy_1148.jpg,labels/train/healthy_1148.txt,0d0393b6b0e79b248c70414f5f80993d968c9baf916ce9b7449c9a0deb538678,4a12d7f1a80f8012fd29889aea239a611f28a1b9d39f1b30c437ccc4136d0ef7
train,images/train/healthy_1150.jpg,labels/train/healthy_1150.txt,2d7a55bae9203b803058f8cf112170f7e46d20d5d4f07a09963811a2a52945f1,b3e2548c604cf028bd23af5baf7855c9a3fa900594cbf4ebc803da73e5a70dda
train,images/train/healthy_1151.jpg,labels/train/healthy_1151.txt,2d7a55bae9203b803058f8cf112170f7e46d20d5d4f07a09963811a2a52945f1,52d1ea294a49759d44e3a21a9bf16d5ffea203fa8b9c71c52609717cdbdadf18
train,images/train/healthy_1152.jpg,labels/train/healthy_1152.txt,8e453c9c984937a632a0c1ee1c9a72c58cf9df95e5da410f122d8685b5ae0cdb,2fb39dbc1c4f17440e7a54b1f6e8c70519bb9c185cf0ed267601d77c4944ab2b
train,images/train/healthy_1153.jpg,labels/train/healthy_1153.txt,8e453c9c984937a632a0c1ee1c9a72c58cf9df95e5da410f122d8685b5ae0cdb,d69ecbc5a90993a73ecaa8e99e9bf6a661133f24eae7ce56f2b0b64ded383607
train,images/train/healthy_1155.jpg,labels/train/healthy_1155.txt,2edc1e272ee16ece69fa431575af1ebc6b01913dd2842bd61948f18371463507,1dc4143f80d79bf8ed20f03f3efe7e5432a41d521666dee2aefdacc2c98c106a
train,images/train/healthy_1156.jpg,labels/train/healthy_1156.txt,830cbdcc3342408bbe8cc4596e7928908e2c972fdb09d0cdf84cf2b01f89c27a,ee80196069f6387887c6f7e65147bf79034be679948d90903c9ea2e3713bb488
train,images/train/healthy_1158.jpg,labels/train/healthy_1158.txt,f5a675b144341e5cd40bb8ff9cd17a47321749369be95dd477469495a9880da3,13e223a03909bb753516882b30f5850d3e75e6bbc7b9e56aef07e3b783408516
train,images/train/healthy_1159.jpg,labels/train/healthy_1159.txt,f5a675b144341e5cd40bb8ff9cd17a47321749369be95dd477469495a9880da3,2a7abd2bea9a1273a60bc0c669379fd1b372bad38f0e2a1eb3b29a19acb8a52b
train,images/train/healthy_1161.jpg,labels/train/healthy_1161.txt,4724e3dfbfd23def948682a22b8ccfdd1f418680169803a00ad30439dc94336e,45be830fc1a2b130146126c68353ccf9583a339cfe3a846b895b54dabefc7f11
train,images/train/healthy_1162.jpg,labels/train/healthy_1162.txt,31de701abd95c43159fb87e40a338a6022b04b4d7dcdb52e9fb9798a35f6edb2,374cdbd12bda25ba87c77aeba7516360afb346d3f1c34e80b8335dfe3da50fa8
train,images/train/healthy_1163.jpg,labels/train/healthy_1163.txt,31de701abd95c43159fb87e40a338a6022b04b4d7dcdb52e9fb9798a35f6edb2,3460af468bee696e567fcf12855ad40c05131eb96d8b68704fa0d246cfb4fae7
train,images/train/healthy_1164.jpg,labels/train/healthy_1164.txt,6505de5f08f4284a25b95e1fc6d925004d1569cab2feb0dfef2038cceaa07787,69b941b5e2b07cf763b4b9a9d5c72ca43487375b534e4bad3e8ef17c699b2e15
train,images/train/healthy_1165.jpg,labels/train/healthy_1165.txt,6505de5f08f4284a25b95e1fc6d925004d1569cab2feb0dfef2038cceaa07787,36071c3623c6c301c8342f3dbb70d9c54359e90e3dc6455f33ec306c63a895c4
train,images/train/healthy_1166.jpg,labels/train/healthy_1166.txt,7cc70f3fb6be727c36ca4dfa0b84ee3578c18bfc35e28fa549be787733c1f4c7,dadf3189a629de99ee7007946e7332ebebdab75b444438163d11eeb2d847fe6b
train,images/train/healthy_1167.jpg,labels/train/healthy_1167.txt,7cc70f3fb6be727c36ca4dfa0b84ee3578c18bfc35e28fa549be787733c1f4c7,c58f0e07e1aeea4a7e20a4a78dd4b9d1c3a5dca86759d5c0051b43e4583a588b
train,images/train/healthy_1168.jpg,labels/train/healthy_1168.txt,bab5bce5349e7ce3de14b26a30af274405eb9028d7aa29ab1ce03641727837de,805e71c6718cc3eef2418972391a838d9ef2ba87e32f5fac577d683bcc270239
train,images/train/healthy_1169.jpg,labels/train/healthy_1169.txt,bab5bce5349e7ce3de14b26a30af274405eb9028d7aa29ab1ce03641727837de,18905b96bed80760719759c41c356875070972640d0e289f779be3f74062a603
train,images/train/healthy_1170.jpg,labels/train/healthy_1170.txt,ed09d99a5c64d26808c27144035c1a2f460e5b6d7ce0c5081b21d6e1bcd304cb,9cb58211fd5ed29ed813c3585c8945b4c0ba5465cf12aaaec4fda8864e9abed9
train,images/train/healthy_1173.jpg,labels/train/healthy_1173.txt,25b745765eb33e7c8c54c68c128675fd35cf8fdbde365d599ab733ed52e8236f,9fbda6323af7c775003c52171205973458640a32eff1d2f781c9c449364f0c5c
train,images/train/healthy_1174.jpg,labels/train/healthy_1174.txt,fd9ba72416aab48eda435f3be667fcdc1c2fec852a359b82d4eeaa0d949237ef,6765815d4f9e3b6e2fbbd0223b907f6476123aa85ba3b3ad1a82faff66a170de
train,images/train/healthy_1175.jpg,labels/train/healthy_1175.txt,fd9ba72416aab48eda435f3be667fcdc1c2fec852a359b82d4eeaa0d949237ef,05add6b5dce1c533de43780b2ea8bdaa46c462189816db3f8048347885773e9a
train,images/train/healthy_1176.jpg,labels/train/healthy_1176.txt,9da3b162c2a9615c032759dea24f70bed31f0719be5157b7f6aad631d8a855ff,1bd06148634dc24ad6f1c7e2cce65e98235271c057929f7697869bc413e1faf1
train,images/train/healthy_1177.jpg,labels/train/healthy_1177.txt,9da3b162c2a9615c032759dea24f70bed31f0719be5157b7f6aad631d8a855ff,b05aaa33174e41d0fa734e8d8adfc72726fe14d7966299c1bfa0e0cef8321d39
train,images/train/healthy_1179.jpg,labels/train/healthy_1179.txt,138db40ea4127127965309b83a34b1dfac2ed618302566da4903f5e50c4e7fc7,ec3f460e1542c74d38c646753d1c6cc1d3624fff6722726ecf54a8268219f85a
train,images/train/healthy_1180.jpg,labels/train/healthy_1180.txt,f57b9371ae85f3ed9fe14e63d026a4767a78fa2fd99ab3faaaf6aae109de3342,3e09db3a21d9c62651010a6d7c03930aa90c761d2113189546be62cd2b2607a1
train,images/train/healthy_1181.jpg,labels/train/healthy_1181.txt,f57b9371ae85f3ed9fe14e63d026a4767a78fa2fd99ab3faaaf6aae109de3342,f2a30dee6324170af3d8fcccb65fbe13f945fed3ef436a04b2768b9cdb984508
train,images/train/healthy_1183.jpg,labels/train/healthy_1183.txt,7c71c1d23d2fda0a9aa770392affa3d61853610967230ede87ba992f52ae1046,9869dccc2271c5ecd1a63ca3e3b7796ba5eda519a624618f2b0727383570acee
train,images/train/healthy_1184.jpg,labels/train/healthy_1184.txt,e020d45f287b60a2b966b98fecf7b97c33b1ebd922cc26d87cdce36d115f3c4a,80b12e3a47b34490f65b79d05ce2064622e44fcfbf814b9dd21b4b649947e1d7
train,images/train/healthy_1185.jpg,labels/train/healthy_1185.txt,e020d45f287b60a2b966b98fecf7b97c33b1ebd922cc26d87cdce36d115f3c4a,27a996c8d86211ce27edc0db5f2fd0f02bff46fe6cb1c6d707f52b8ad2d75e65
train,images/train/healthy_1186.jpg,labels/train/healthy_1186.txt,917fa7aef40a9d01550595e67fbea063ea6459731e01d61b337db97b200fb423,b1611f3157e69a185ed292e2831ba85708e898438153baade668e75bacdcb664
train,images/train/healthy_1190.jpg,labels/train/healthy_1190.txt,d9ab009c26490d81b2646eaa93fdc70a99166353ae621d96688f2cad1ded0ed8,a2bba3d55416cd1e7642f495c642aa4eb76f5ae9b12f0bfb06527c2ba2c4d889
train,images/train/healthy_1191.jpg,labels/train/healthy_1191.txt,d9ab009c26490d81b2646eaa93fdc70a99166353ae621d96688f2cad1ded0ed8,6a007efd63d25fce39694f1bdbd196e47e37b90bda396f22e07db881ea3e17a2
train,images/train/healthy_1192.jpg,labels/train/healthy_1192.txt,f276f630bf9b8c6d46ee3acc63c94099f5fff6285a6fa2963d692d43d8a5003a,5192236cac90669d0118887efab5bdc49d5a0ca5bb33fba1fcfe7964f3f935d3
train,images/train/healthy_1193.jpg,labels/train/healthy_1193.txt,f276f630bf9b8c6d46ee3acc63c94099f5fff6285a6fa2963d692d43d8a5003a,30ab3fb962d37394419d6b6ea59b025595976cacf94c52a58a27cb04444c214e
train,images/train/healthy_1194.jpg,labels/train/healthy_1194.txt,214460569cc18919da709fa019d12b1e027e0b0dd1a9db29feb729501f6a12b6,10c258c6744810f341f9f2d0a6e259b31ce43079d4bee8842ca66461d5dd0285
train,images/train/healthy_1196.jpg,labels/train/healthy_1196.txt,d22702839733b8bf519c73785c1f723cc26cf207d7f545a3e63aa00ba751668e,c03f7538cb2a2f8ea2815e168543932d6ef5dec56fdc72795737328fb854aa19
train,images/train/healthy_1197.jpg,labels/train/healthy_1197.txt,d22702839733b8bf519c73785c1f723cc26cf207d7f545a3e63aa00ba751668e,84a0103e029dc5901113704177a4a98c90b80622ee9ff8500c688a05bdb051fb
train,images/train/healthy_1198.jpg,labels/train/healthy_1198.txt,7ee6787a138ec46dcb611a020cacc8ba6913920f590d9e5ac43d59db2fa0131e,30b1e415dd3d698d352fd4163ae84d8b2fd38954ef08a04a5eff3b577a217205
train,images/train/healthy_1199.jpg,labels/train/healthy_1199.txt,7ee6787a138ec46dcb611a020cacc8ba6913920f590d9e5ac43d59db2fa0131e,e2bf151035deafffc3b5b53c999c807d49fe98a112f566c330275f331c821574
train,images/train/healthy_1200.jpg,labels/train/healthy_1200.txt,ff3bcb170e5d6572d44f4572cbe195d86374aaa2eb4eeed57c8b9316653065da,1c2f769106af7c84923a5029224e2c37fd6d3d82265dfa6192cfe2fc1b191554
train,images/train/healthy_1201.jpg,labels/train/healthy_1201.txt,ff3bcb170e5d6572d44f4572cbe195d86374aaa2eb4eeed57c8b9316653065da,f3ca81ce3bd99d55c11e49d047869a884a586658808264c7c6e8eca3cf13986c
train,images/train/healthy_1202.jpg,labels/train/healthy_1202.txt,c3f7fe36cc040693ca064111759d369b896020eb3e2c2b2e71a103f8052dc722,8a8ce7bd8d99dbe0f2694ba488056a6f4b231f469d6c7e38f0ba2c0eaa2fedea
train,images/train/healthy_1203.jpg,labels/train/healthy_1203.txt,c3f7fe36cc040693ca064111759d369b896020eb3e2c2b2e71a103f8052dc722,474025d732facfe1705a3c31e62c5ef6abc27e81ad74f5cad7cb07c1b1d34b9a
train,images/train/healthy_1204.jpg,labels/train/healthy_1204.txt,b45a44bbc7c797b045a3dea1bba63099eb3888e622471a02f20095b621f6d0d6,62fcaa95c71e47d32bfc47d1825fd32a002dbe9fdd6a30407ec1293303f047b1
train,images/train/healthy_1205.jpg,labels/train/healthy_1205.txt,b45a44bbc7c797b045a3dea1bba63099eb3888e622471a02f20095b621f6d0d6,f917e433210707825b88a80a526354e922b8150ecbecca76d89fe02c1a629e2f
train,images/train/healthy_1215.jpg,labels/train/healthy_1215.txt,59932e0dae5f91dbf2b1f532492bad2ac8dda4d6e8e31a91ba095fbc95f016dd,24ccdd2834e3a001ba5f671236e00b1058489895650940448bbed26cb7e6784b
train,images/train/healthy_1218.jpg,labels/train/healthy_1218.txt,285807771c79466d2f62dba0a5c9a5dee993eb47bc9d3b409461d35da8f983d5,8c57cae2191fc21f75793c0633acba3b28b5f7c9158adf549ebbda3d41799322
train,images/train/healthy_1219.jpg,labels/train/healthy_1219.txt,285807771c79466d2f62dba0a5c9a5dee993eb47bc9d3b409461d35da8f983d5,571aaf8d06d8eab1b8e6fa6686a4795cca46dad64fd83ef51db63ec4630b6a6b
train,images/train/healthy_1222.jpg,labels/train/healthy_1222.txt,204cc2bb53b5a1e0d9e6c8029e39b1d902c0157553a92a88ec78aeb1ae2c6d18,b6f04585d686e696838540b0ffba587dc5bf5e441a13b55564d45a2284ef0416
train,images/train/healthy_1223.jpg,labels/train/healthy_1223.txt,204cc2bb53b5a1e0d9e6c8029e39b1d902c0157553a92a88ec78aeb1ae2c6d18,20468878a1b2f84b2066985a06b1f09596eb01bf692cb53080801cea0baade74
train,images/train/healthy_1224.jpg,labels/train/healthy_1224.txt,3856211cffe4ffc73bf28b9de1ea0984fb459a53ff4bf57c97f505ba488d7cf1,0ced0b94341e6ea39fbf37cb48ac75f818714485c4c28f4818ef7cdc1b6ae02b
train,images/train/healthy_1225.jpg,labels/train/healthy_1225.txt,3856211cffe4ffc73bf28b9de1ea0984fb459a53ff4bf57c97f505ba488d7cf1,dbf082a2e51e7b4568dc2891f3a4b2b06d5083a576d5974b3b09204f68c8f9bf
train,images/train/healthy_1226.jpg,labels/train/healthy_1226.txt,d679ef59063dd7f52246e7f55e24ed55116d32cf40dd0e9a84cccf33b699c240,c3f7828fdb3f6bb238a2f551a4cb3c02a314da4985a7859c5792ed680fe8c31b
train,images/train/healthy_1234.jpg,labels/train/healthy_1234.txt,4e89670e881e4252c4526bfd43d34c30e14cded985e6129725e5f540f300ea75,1b61249e02669d51638be9578e35a5fe1595d1fbaaf9ffd0d940f20c0f8d9f34
train,images/train/healthy_1235.jpg,labels/train/healthy_1235.txt,d65203f6c063045ef8c0a9137aebec1095404d5cabb24bb827ac98bd8d7057ec,21aec7bbe0dcf398cc9b2fc288af8046abd36079c117a1a0bcb96f0b7e027f27
train,images/train/healthy_1236.jpg,labels/train/healthy_1236.txt,d65203f6c063045ef8c0a9137aebec1095404d5cabb24bb827ac98bd8d7057ec,2e208489909dc7d1722b400761715c593bf04b7bc62e7eed625019412a1eda49
train,images/train/healthy_1237.jpg,labels/train/healthy_1237.txt,2abfd98148dd9b71631a3c2acbf938f165e3e49d4df074510343c6c83ec28c6e,3c19483adb3c57dfb5b6c69b7bff0e0742beb27e117b0712860974bcc00cc03a
train,images/train/healthy_1238.jpg,labels/train/healthy_1238.txt,2abfd98148dd9b71631a3c2acbf938f165e3e49d4df074510343c6c83ec28c6e,688213768009b9a5e0390e9735caee0a37b06fcd64cc3c182eb3e3430cc419a9
train,images/train/healthy_1239.jpg,labels/train/healthy_1239.txt,fc86a7071a7ae9b2d97c5ae87f81f5acc1c77178db6c394c9c761db6740b4231,97cb2255b31bdac464d2dfd083df1c7118fb19dc4f460a3f043a5152ad882efd
train,images/train/healthy_1240.jpg,labels/train/healthy_1240.txt,fc86a7071a7ae9b2d97c5ae87f81f5acc1c77178db6c394c9c761db6740b4231,cb77c7d13301b913ae1fdfb965d59dfb9ce79d887a7af14bc0bd29a673fc7c30
train,images/train/healthy_1241.jpg,labels/train/healthy_1241.txt,f82542c769eb364bfbc70d0ca5112b50b3f30a7404f9a25a2d5af9f2e7ddddf5,98079f8c3e6daa2c43c3a3670fadff91005615a74f371dd6f043ab4aefcc76c2
train,images/train/healthy_1243.jpg,labels/train/healthy_1243.txt,e4ac3a3eaad5bed65532ec7fbe83df52d8e53e591279ec641750b77b25743a86,ecacff68464d3730ed505a7b8b131b36c839d2da8d2ac7230112f1adb50320df
train,images/train/healthy_1244.jpg,labels/train/healthy_1244.txt,0d23d63387b789dbafbe582d453af149ee88ac3d42a424ed7ec01e2437282831,efe17e9300b14761725cbb5b0972f0ce5869261f99970d5044eecc7c80209790
train,images/train/healthy_1245.jpg,labels/train/healthy_1245.txt,5d9b7e80200bab945bb178bc07c37d40f768f607e140add2f3deda6db64fd00c,32b4e331ce7fb50429aa645502b88d3c5b31b5f730b15d88f26e835fabc7a15f
train,images/train/healthy_1246.jpg,labels/train/healthy_1246.txt,abd004af1d002128df7720e5ff6b4b8c303bec3e068d4788af6547670738fb14,85e3437e01eebd22bc8dfdca6591ff9f5610997e6517ba725052ca92eff62a0f
train,images/train/healthy_1247.jpg,labels/train/healthy_1247.txt,abd004af1d002128df7720e5ff6b4b8c303bec3e068d4788af6547670738fb14,86f1269a5b61a0c4dafa0bebd072b7b102c9e20594c3fbf97f759b8762bd6bfe
train,images/train/healthy_1248.jpg,labels/train/healthy_1248.txt,ad475d2f9410e126678f70333b5d053670c4d694f1ab3f35664174837ffa44cd,ff0ecdfc806abf7cddac0f3c7b9917bdbb9b86693a18dd44b437929521137db3
train,images/train/healthy_1249.jpg,labels/train/healthy_1249.txt,d03fa86ff6452f8d70958e0763a14cb5c5114910aa4fc38995bae4714184ad07,cb76abe5266968b22604a4001f13be791f57a222024fcef7046399dc7c100b10
train,images/train/healthy_1251.jpg,labels/train/healthy_1251.txt,93be3ff8d4626ae93d8274d566c17c88bbcc43fb51279b44037a7bcc924c250c,4d99f1313a8a4dceb29261ae2e63a6478547c163b085fad9f42c62f557874b1d
train,images/train/healthy_1253.jpg,labels/train/healthy_1253.txt,a7147857a696dfb63aaa1a902ca0b6346468c5611f60793a31b6692da1277486,39e5f8fc661661d5cdd2d7cb460fb8f7c376f5ba13a5f54579daae2d8089ee70
train,images/train/healthy_1254.jpg,labels/train/healthy_1254.txt,0bda69981755dd4b80f1d7f05e0f13022a55baee38e0f9bf7757cbdeed3bce50,776e3881675f2d29568243a7bd6503f4cb6e5a3d84016024a7db4cc6a82c10f8
train,images/train/healthy_1256.jpg,labels/train/healthy_1256.txt,f1c54fe85ddec7b1dba1ff9d21d99326347a42e721675e2a9d72867e9cfd9e42,da5a400726f19ccf25081f878dd966445350d72033304b6ab9dd5d06aab48484
train,images/train/healthy_1257.jpg,labels/train/healthy_1257.txt,bdf288cf609bf6a5f5ba11a2652d21f890d83174000658f65fe5b139f36e869b,ac9651e18caad5dc73931f94a131f62eb2abdf3925a85b6208829c1b17a4e67f
train,images/train/healthy_1258.jpg,labels/train/healthy_1258.txt,fe7e6f120302c56c5d09fb1f54ca67336cc3ab537365694ec528e02fc752cb5b,04e3c154ebd2f940f3a748ba78c484d3b5b460d6672a3f38f8699db45335df25
train,images/train/healthy_1259.jpg,labels/train/healthy_1259.txt,11ee3f4aebec5aa65e00d19011a39092f11db793991bc32087f183e9d43e444e,6addc09dbefc86f47d9e2484143fcc185402787accaf9e6116645169e1073a23
train,images/train/healthy_1262.jpg,labels/train/healthy_1262.txt,a9b213f25273d1c32e0053978b6b17f8a957215cd9733264b53f80e272b19d5b,00b940adeeaf1b92b3a208a3141d72278f498a875be46c4c6615f1f31e9187dd
train,images/train/healthy_1264.jpg,labels/train/healthy_1264.txt,85a3d05d98ab35f73f12b77f6fd9929cc455c9f0e9e9e6e0035813cbe1a1cb3b,37fdabfb89d86f8627eb67a2a03907aad75fa9e6e4b7ab4e8a8b2a1c185cd779
train,images/train/healthy_1265.jpg,labels/train/healthy_1265.txt,a3db315e38a4f49804544c449412e7f7a33a9be9508516bc03aecd6c9df2efa9,e92eb14378c86633c043d42103e2a9a5f60c2d507b1e31422becb5b83f97e772
train,images/train/healthy_1266.jpg,labels/train/healthy_1266.txt,bd315424f0d03c27d106bd180b3992b57d5b188fe7f3674b47090cc16cd0226a,9361d5166b5c7ee5236222afe3c08cd3bfeace248791e8ccbbb09cefa45a3397
train,images/train/healthy_1267.jpg,labels/train/healthy_1267.txt,b7f2d4477388adca003281220e1a476aba9bd65686339ca9b779c85de87a7419,defe5580b4a5fb2ecd6418594b53d8ebe5947a3c5c262f02d89791fe7a829d8b
train,images/train/healthy_1268.jpg,labels/train/healthy_1268.txt,9a91373bc4a5a37108bd75d65ffa39657ba9e2ac04da58772fa84581a8f07fd6,625af17229fca9d91411db322345083e456ff2ba17fc10cfa53e2a5106b6562d
train,images/train/healthy_1270.jpg,labels/train/healthy_1270.txt,53e8feeab40ee5979a87d8f6076850c8f25636797c1eb20ab82c95bcd7d0d1cb,7ed53281c847bef1d963216deeab2ab2cc7162e4663939625d1eecc60d3deb32
train,images/train/healthy_1271.jpg,labels/train/healthy_1271.txt,6513888e8fff64134a06a795372e0525bd5e1cec07a52b49b18cac85a69c9f48,71646e1595c83b307ad95d1b11a75f34742edce08945c38266b8d74ae9c4f4eb
train,images/train/healthy_1272.jpg,labels/train/healthy_1272.txt,c0cab286f7ec52671bd924b1122956903f0b7b0c728d3bb872b92cfe5f09e941,29c5620e1ca9e6be43f4d5f56a3ee989a80c5860257140aa5e08ae54d2a74e41
train,images/train/healthy_1273.jpg,labels/train/healthy_1273.txt,7bc008d6cd9f4c977cdfa17dcf30564ce4c6b1344062fa48aeadecb1462decc8,14dbc4024d5dc47bfdf50a4b6c2371bd34ba349077634f9953a412c07ddc41c8
train,images/train/healthy_1274.jpg,labels/train/healthy_1274.txt,cf71217c5d5f35927dc53254723680d9ba7ce0d1a8f005ee4631948d772a30c6,c628fed084c8049cf41261453dcd3bee979e76ec35912343bd903364122dff36
train,images/train/healthy_1276.jpg,labels/train/healthy_1276.txt,bbee50a7bcd4fbab8b55c9842549064bc265f69d930786b6d979d0c67df631aa,821b57ba093d4bac1acf68fbae684c4fe6c5a1dab767beef117003682e5cdaeb
train,images/train/healthy_1277.jpg,labels/train/healthy_1277.txt,192543bb7f835a82077f4275e1d1fe72ee90a64e4adcbe1871883397e9348037,da28331be1e8fd460ba06a3dc782f8e2fa9934935565c166d12bbff72c2975b8
train,images/train/healthy_1280.jpg,labels/train/healthy_1280.txt,1e87a94f5580028e08ce913dee2fa03add8e3b1e6b2d508c8fe564597c7a630f,6618726892f1540fede01627c2e18b9cfb9adc40c64918a56cb79a6dfc092fa9
train,images/train/healthy_1281.jpg,labels/train/healthy_1281.txt,1e87a94f5580028e08ce913dee2fa03add8e3b1e6b2d508c8fe564597c7a630f,3704a470dab6f718fd8a680b1dc5ac679d1b644f4a3eb16410d5ec0c8c1ccdc3
train,images/train/healthy_1282.jpg,labels/train/healthy_1282.txt,5320a84c6a14c80bae47e5d644dda0f89bf01a17810f704579de1e9541c0e682,6bbc93e26cc36c919d49e256093b847d4c0cc35fe03f17ab4f84437edd60da49
train,images/train/healthy_1283.jpg,labels/train/healthy_1283.txt,3ee0bf6d549817d3d91bec017e8f7067876d66a2088cb2e5f1c234779e1a7df1,5439a10239c5afed6cb376e020d732112c5830cb93d8b7ba21a62735f315865d
train,images/train/healthy_1287.jpg,labels/train/healthy_1287.txt,029723e3753643e2990f2e00302aa28088dec1d9756efcc1af985c513b07f475,f49af4f68f209eec94fb7086a5396dbd9389ea6794fb2574356ff254492ff1a5
train,images/train/healthy_1288.jpg,labels/train/healthy_1288.txt,0f559463e9d40d31be8f78fafa19be12927747768b3067faa176f271291fcf01,fe6f91293750735e3791daafa1f1216e6ff6fc310e337380fa7ef8600f8ccc5b
train,images/train/healthy_1291.jpg,labels/train/healthy_1291.txt,cb89e887c97de690c912f2bec5f9ba5fbba10e53be1817809ce3c3f70b7582f0,6ae2f5a06a7320f771f1b840713b4f93b424b4efa177dac36cef96426d789a8c
train,images/train/healthy_1292.jpg,labels/train/healthy_1292.txt,319e011f83ed2bcf1c38d0be7b2a3c14fb9539362cf1cdf71557b1cf78f502d7,5ac2e37fd342f36d339ee0a104fe2bcba1af4300debe366db3f1823649f89c00
train,images/train/healthy_1294.jpg,labels/train/healthy_1294.txt,21139c6d95d70e84a529fdeb50cb7b95e9afa25fa7e468b92600ad6fd12b23e6,3451a0716810b09754c2b19a379f5b50044562576ab19a3759beab7a70a24f5b
train,images/train/healthy_1296.jpg,labels/train/healthy_1296.txt,94285e3fc3b73ac73370b5a61468e95cead759d31993377afb094ae2f85d0212,6c95cb2027b1ea12fb2d690a61f7ad625287b1f66a62ff03f7b5d7e67844f791
train,images/train/healthy_1297.jpg,labels/train/healthy_1297.txt,585cf90dcba40e2d359cef9eb944d6ccbf12956e0f34fc68e6a44cdcdf6f2892,ece37b7549257bc3b41859d7f3046272f015de995eee06983b14a4bc8720e72f
train,images/train/healthy_1298.jpg,labels/train/healthy_1298.txt,e1b72541326a84fce0d2f07099c6c656d0d78af1dbc7af0e4e0e0db361780cd7,5736f4f10abe1edfac260e5be669025f19eda549f990140f3551dd6b47139647
train,images/train/healthy_1299.jpg,labels/train/healthy_1299.txt,1b5b67842059109e0a8190eb6e4e64002742782591c1ff190f05ee359d8d7f25,5559d79d371fc4dfa2d7b170ee33ae8a6c84f9d5d95c03e58621c8f795f193bb
train,images/train/healthy_1300.jpg,labels/train/healthy_1300.txt,636ccbdc830fc5bdc2a750368ff7c161abb2003c90c97f2c5a8ed1ee3c8e6eb7,59e73f9fb09a8b80dd45862e9a3cde259d79ac8bd8f7e6a1fea3f6ec9136d3a2
train,images/train/healthy_1303.jpg,labels/train/healthy_1303.txt,2d21f5bc8b2704b1d3c2a7cd8b6a1f15220a0a43252e7347b79859edb6239138,d56c2fc5d7ffce23908ee00e33caf87bbf8be101385d0cdd2feb9d25af4c1de3
train,images/train/healthy_1305.jpg,labels/train/healthy_1305.txt,e743fa044bac495c2bdbf6dce3d8f6558a3896218be854684a4f49f72c833755,fc8ad337defdd4036950b8be262d85d3e7f42a5a43988d1bfbee423e614b5f60
train,images/train/healthy_1306.jpg,labels/train/healthy_1306.txt,cbbbed39c3433ce1d5c1362df6059cbf51600a4b7c6f913ad480b76117d938e9,3b3e569521056e795d39ddf2aae755104d65f7b726f964a768c0a29335a33d5d
train,images/train/healthy_1307.jpg,labels/train/healthy_1307.txt,8e342ad98c48e22dde17b77072e207f0ad4a0af1960df03b927ab9fc4205514f,2dd66e12dd585184d10a596f8883fb07de64f0029573992fe2a11c55657057d4
train,images/train/healthy_1310.jpg,labels/train/healthy_1310.txt,bba8d09ce89aec1ca6a7240426b21b86c3d2a1d724a5489e8e2256fe8400276b,fd3dbe89d70a2cd4414264fdc9ae07e8ab87e51e04aa02f864f9308d5274ed59
train,images/train/healthy_1311.jpg,labels/train/healthy_1311.txt,f610b07c222378fb2418ed6a161fd6ea3e5a3b6d5e99e094da99eab6e01565ef,77097cfe7904098c91a5719ace89df2db09c5be2d6db1bb9da47bc4b42e8e36b
train,images/train/healthy_1312.jpg,labels/train/healthy_1312.txt,e3a8225d1b79f2900280b509f24e4a14275a95ba73c1ce8f951ac557defc6f79,c1dd77dd6cfbf9d79087ead2d743a102c7f917eb226749d9169a023384e3ceec
train,images/train/healthy_1313.jpg,labels/train/healthy_1313.txt,0b7a8f10f4f9b4e2477f2366b792f3558f69d40bd740efb903c91492d6b85f0f,f5ca6a710e44f1b1074762553eda663ded5ac61a1281082aa0cf36c5d13e9ede
train,images/train/healthy_1314.jpg,labels/train/healthy_1314.txt,10beb30aba40c0145dd6c36b3d8e9c3af970b08fdeb0db80d0550ba463996782,d2662db11f6e614a4d7e0d858e64ff77b277a6bd19c592f103b0031cd4496c50
train,images/train/healthy_1315.jpg,labels/train/healthy_1315.txt,cfbd3e63560940f5ff7620ac7e385bc9782b8ad332b782c756f5772b02b0f48b,443cb70d01b2b30799daf5bd7b1a4f80238221981d87e6272dd3fe683a6db3b9
train,images/train/healthy_1316.jpg,labels/train/healthy_1316.txt,a6419f0a91fcaccef77599cbd49cce4c4857afe57e494322c40a76e7d4c11634,4f6918899e6eae3ecfce5ff94481d650ed5ea86597e83704645a6d6d8acd7c85
train,images/train/healthy_1319.jpg,labels/train/healthy_1319.txt,7a463c13a3be13d5697f19958332b5ade1d05c8639c3a21a9b5b68ac29775948,b9d2d0519d04d36bec957612ec2a505c2c7a7cfcf9a1c68322a28712daa7fab2
train,images/train/healthy_1321.jpg,labels/train/healthy_1321.txt,50531950fbfabd6c5d79e8647316a43febbe34155acbd25fe626514dd8ada5a1,96ab495512fd310de011363cf689bd62f3a9b1927a8e2ea845587a15728d9e3e
train,images/train/healthy_1322.jpg,labels/train/healthy_1322.txt,f8b14aa4749a1d10cfc840dc90b59df37c7682bd0afdda15dd3294b9734c834d,9f7d5edb17747d6ed8d003d05528693563fadbab26cf4e219c5d0a2ff28b600c
train,images/train/healthy_1324.jpg,labels/train/healthy_1324.txt,4529c124556ef0b03a1260736cbe82d5f037b3c6d665e7e362e43b6075cc5cbf,a48f02589cb6273b9d9bf5d4c60ba7bf8e4d96b98fc77422709d4a96383df2c1
train,images/train/healthy_1325.jpg,labels/train/healthy_1325.txt,afff0d76ebddcf136a6134607cfcdee80cfa0cb30ba304b94c26e58c2479aa48,97199aca70a757eb57dc3c917277992ff34e2d23f393eb58edef0bd381f762c8
train,images/train/healthy_1327.jpg,labels/train/healthy_1327.txt,026f5ac947dcf0fca69380a403d8f2589b2ba2aec11cab74185faf0413913429,2ebab84c0866454f8f704da862ba4490d5677a9bb70deaa63d2f7f78e1dc8893
train,images/train/healthy_1329.jpg,labels/train/healthy_1329.txt,c6e9c1775c61cf748b072886ce92785d7ef96e767b2425d9d9f17390654013ef,0f942d0fdd2cb015bf7ebbf8368cbb175423eb052765a1fd39487a8cb6c110bc
train,images/train/healthy_1330.jpg,labels/train/healthy_1330.txt,a91de97a695fff908b9af9a23969c2798dc794c77e01a657b5da70175d105b0c,c0a7bcb462d15df24cbcf79d356382c7362b44664fb341686764acb895376c57
train,images/train/healthy_1331.jpg,labels/train/healthy_1331.txt,d027d5347ef3c4f0a30b75301107e1ed258b279e1645d75e836885479a1a45b3,1400053905e2f565da369cf94016912c2eb06efd04470a8e6883888894ac09d7
train,images/train/healthy_1333.jpg,labels/train/healthy_1333.txt,f9688710031d7cf91cec520d84e0f480cefdb4fc757fca966768098ff3c15af8,57fb43a5d16769fb66f38d6d4bb52f69a1ac2dcbb45e1eb1527ebc98d68a12e4
train,images/train/healthy_1334.jpg,labels/train/healthy_1334.txt,e50a2a202dc95488e0c4dd8615eeb6538dcce41841de4b4f659134b16e93a097,ecd3788abdbf39111efd65abffc876488b4f1945f50d3905eb6d3d2bd8f96d35
train,images/train/healthy_1335.jpg,labels/train/healthy_1335.txt,665ae2dcdc935b7706167ee2f4e3f326d2e10aa86aeff86f2c9ee48f1b667ef9,31d6fad134c3757d90bade6e5843d65981ba8575d776be7e12354eac4d51ac64
train,images/train/healthy_1336.jpg,labels/train/healthy_1336.txt,2154e28d395a51a9b38775329bde1cef7a90c4c46c9e6779c3f0c24e7a90e8ef,5e27f96ddd3b63b4b25e43562ff86c97da09415025de072803a3901f042dedeb
train,images/train/healthy_1338.jpg,labels/train/healthy_1338.txt,6f38fec76291c1fdbe949df441f617f9bc95b3923b587d551b90a15efeedcf60,6f05df7bb52895c6752dfd016a645b8bffe3da89c8d876612e61aaaa245527fe
train,images/train/healthy_1339.jpg,labels/train/healthy_1339.txt,d6b98608938a9a6c1cdc36a9e7b871142fa6e7b62061fe8d5697896b920f2093,d908781c2f2ffa7d97ce1c5e4bbb6aaaef92bbe7eea4d84a933d733b398019b3
train,images/train/healthy_1340.jpg,labels/train/healthy_1340.txt,84e39a8b3018f3deab67dfd2584fd2046c19f4135f627a8d98777cc510832397,ac06c7e33e86156e44d0c723db5fb2265ceb9018050e7b637da045a1adae3f6e
train,images/train/healthy_1341.jpg,labels/train/healthy_1341.txt,cda9d7b2cc48269cd2b8b038ac5c24cbf99dd240395431b10ba6edc7e14a8502,d672c15aa4c02687380bba02c95f144d7da4c695452df694c2151611bcbe348e
train,images/train/healthy_1342.jpg,labels/train/healthy_1342.txt,e789a7ccc56728cc9d3843f66389fcc72f384246133a37cdf084713ae4a356cc,e96d1d295dc837a5830485b55390c0d777e0811744eab5d316fae76fc95972a5
train,images/train/healthy_1344.jpg,labels/train/healthy_1344.txt,de436a20d11f742d546fc7e05b269612419e545f773f8b2e269c410a5d1abe57,d73ecb6748fdb947dee4e9dc3dd07dbe645d8e75a746627223e648ce430e5362
train,images/train/healthy_1345.jpg,labels/train/healthy_1345.txt,001136d12e18be1aca56af76f41f4f102e5c8178aaed83e0e8fa05c33ce1e714,8b810be44038aa2b5d7b2f33624f245d03edb9248569acff96b30b87bc41ac14
train,images/train/healthy_1346.jpg,labels/train/healthy_1346.txt,f9b9fdbd344eb721e2f49ace0c4387de1eff618068119df62eb59933aa482fde,6b52f1b77b353afcfd3a9adabdacd640c866b3e79b8a87da0c7c590501568382
train,images/train/healthy_1347.jpg,labels/train/healthy_1347.txt,af44c83eaa9d9c55e877d27842f7a8f45910d14a868e30b04dd7dc77c7bd1ad4,435b2582cb40d3f104681c67a72365cdaa0bc4f63fff03223537e41c798d58a6
train,images/train/healthy_1348.jpg,labels/train/healthy_1348.txt,df73e4006604f92993fadbe671d6827e333d1aaf69cd1123d32c17ac921d5e10,dc8d115d55ae08bda9a305488047e44a2f8a1b9742441646127198badae0f8ca
train,images/train/healthy_1349.jpg,labels/train/healthy_1349.txt,450c385dcf2bbcea7a95c74e5f2b670e381a3221644c39d7c9d76d9855be2c14,5c303fece8d8dcba050259cfa839bcd4ebf8458e2d9220a3cedb77a8a8815147
train,images/train/healthy_1350.jpg,labels/train/healthy_1350.txt,535c42c71807ca827082d432a4e47d8066ab3376f988e688d90688af21478019,b537493b94022e88d228a6a3ebd2795cd8de3c5ffcd90d129b8d5edc1014934d
train,images/train/healthy_1351.jpg,labels/train/healthy_1351.txt,e9f59df9bf4f1a6524e3cd22209b34a76b9fb9c0a94f7cff9f38c1eb25f3fd0c,63b7fc2afc6a1b576d3b1e88fb175a8332fdeaa74f722520b346a23ceff30403
train,images/train/healthy_1352.jpg,labels/train/healthy_1352.txt,59e5981a32e1e98367708d8b45190c96d7d55a300ab688dadf8bf15437afc1d2,3018d79458559078b9952a92b9255e95895f5e266e679d8a1a832f7ef2703fac
train,images/train/healthy_1353.jpg,labels/train/healthy_1353.txt,fd512d26ce43090be076cf9d48b159622760042d3e825aaf2dbcf0ec005bbe55,d8173cd0bad9646a6759bae541433211c34adf78e8b1f3ea5b4925dbd2533f10
train,images/train/healthy_1354.jpg,labels/train/healthy_1354.txt,821b386c8925a99e327c844bd3aa784236b37b89b37beb339091a8825090e3de,327421bd89b58494add7d29ab1bd99fde3c16b19fffcef5f9a2af60bb48be3df
train,images/train/healthy_1356.jpg,labels/train/healthy_1356.txt,a99b52c486f4ea59e9185d30af57ff498a57b990b3423324b5beea5531c497d1,2d5b54d29e03c7959f5a417ee5eebbb3dc9a72f7ee8ea80cbe8a2e726428ca13
train,images/train/healthy_1357.jpg,labels/train/healthy_1357.txt,d5a34fea8398723c15420cd70847c31e17b3bdd848c8cc4b362531237f87b343,4c0418cfcc897263861af44fbab28959db9ae97a04607a30f4f1bb4c1d65ac82
train,images/train/healthy_1359.jpg,labels/train/healthy_1359.txt,a1b0820e428d54ddbc05e399b469f3312ea7e42996a532a0e96742aa272e4b9d,cc0a056234fcd95f81719cc0724ce33e0ab04113855665663da32c22bd27b24b
train,images/train/healthy_1361.jpg,labels/train/healthy_1361.txt,da2351b1e461759cb6259f824af517ce35079ce81260f8f0a59eac82cc7d71af,a5dba21f0099bffde87fba4e34c9f0383e6440fa979869669b88bc16512e0337
train,images/train/healthy_1363.jpg,labels/train/healthy_1363.txt,5e030353f4acbe7166783d593b3eb7b9404781585b33342a822a555821f69657,e9611f8add8ce7188d605fd703956926b54cbc8e1f93388cfc58b26994aed96f
train,images/train/healthy_1364.jpg,labels/train/healthy_1364.txt,bf1a2d2c66583321da9eb945d63185291ebba7ab43600a62803b49f3fb1246b1,5c1bb72d78038a9d31fde10ca163ec06583665bf0af05ce45ca6d48bc20e521a
train,images/train/healthy_1365.jpg,labels/train/healthy_1365.txt,dd10c95b3f6841846dcb029d8b70c8d8d224c9002b61f45822317998c702f3f0,80d540c0a1f84474744168d045e46ad6878dab0922a6b8d913713b14341db638
train,images/train/healthy_1366.jpg,labels/train/healthy_1366.txt,ac76e01bbff529a3652130aa24e54e310cd82f98191d59481f73f66253e1cdf9,b22580b879bab8ff912432df8577cdb1101c1985e4d3d4698b29abc568067140
train,images/train/healthy_1367.jpg,labels/train/healthy_1367.txt,2cffe4e50b742e82f818f8ee074132585c08384af25948ce02789cb612196b89,2ed18190210741ca455b60fce7a98422f38a1ce6429ecc1cc246aab5bba00701
train,images/train/healthy_1371.jpg,labels/train/healthy_1371.txt,30291ce7f9ea581fc144250007896363a6fcddfd7980a353316ffd3a0e18dce9,9b81c64d5980a0e292e59f6b5557bb5feda5e82418edd81688103fe48cc792a9
train,images/train/healthy_1372.jpg,labels/train/healthy_1372.txt,925bc0f032195a762908f990f4cc137d0856f12bbe2983e9e636c5b785665693,34bcd3173689d6d2753a6ae6ba5c13901c11beba17d60298cde4616f665ddb89
train,images/train/healthy_1373.jpg,labels/train/healthy_1373.txt,1527501e222b965a7b04d1cb9d025f12fcf967178d3a374c38220b900c09c139,9d4636b0f5587872d086d5b3fd7950dbce90f9d70181c4182a4c604742ec9753
train,images/train/healthy_1374.jpg,labels/train/healthy_1374.txt,bda0029a0a35d121c339425c7cc815f65fc7ff35ea144983e119feed01bafdb7,73d9fec44866c09599b50c26cb8879680ca33ac65e9d9a7a4c638b339b7d7c8f
train,images/train/healthy_1375.jpg,labels/train/healthy_1375.txt,5aada08eed0cd1b917d0ef642cee1efce7ac8d73d075826526d5f4b75735e6ac,482ac1a6fac5d20b1ee5feb883d77a8f9d405eca367cff3ddc005e1b2a4777e7
train,images/train/healthy_1376.jpg,labels/train/healthy_1376.txt,85494d68d9cc54ef772cfeb9df1ebc4534ae0604947f8df6364a257a750d041f,20d1861ed3a3d9cbf66702e5579479a57e2d40364f1b4abc3ad099076d7295fe
train,images/train/healthy_1377.jpg,labels/train/healthy_1377.txt,23d00d1152e326bba8d775a714842a4501c323535407cbde6d543207b42f2f6e,92a3ac29733b994db82041bb5779e917a8c99a1a309edec253cfa26caa2a0901
train,images/train/healthy_1382.jpg,labels/train/healthy_1382.txt,675d6c437fda57c5869ad7a4282a6667ddf6c38321bae35d8bd702578dbe4541,309b91c073c3cd0ab1d9926d30e2864a44e04127ea2318d78458eaa86fc37be3
train,images/train/healthy_1383.jpg,labels/train/healthy_1383.txt,aee749583612188961504180c8ecdb4136446cb0d2ae05a8b05ef39a3e276442,d9b4f0afc80f1abd7012ce8c1d9c8a220631aefff1d3cc5c02583f999621f9df
train,images/train/healthy_1386.jpg,labels/train/healthy_1386.txt,2b51669fbba976a0d0fc648b1f943f62371729a27e2bc1e72c47093cdf371504,08c279f6c58f2e2dc5b3cca7e8e7987875e966e2b6b1a97414a859eb2fc54f7a
train,images/train/healthy_1387.jpg,labels/train/healthy_1387.txt,7d1728711502e9221abdb1ddc3150c86e2e3add3d4d4b618aaf3cce13e3b351c,ce9d03f492f631d9b0617a37fd092fac19b20b6c46ed3a6c38dfc9f4d4df9972
train,images/train/healthy_1388.jpg,labels/train/healthy_1388.txt,0bda4aeb814f1d426cc1e7f76233268fc06bc40d1ebf628bdf28f8b575c44725,375bc3d2842b9ac1912c005b02538d40e53523f847f894c54d8c460b3c1e0f42
train,images/train/healthy_1391.jpg,labels/train/healthy_1391.txt,e73136209ff1f858dc390cc4c4d069ef0dbc6b4b6e225a34ae9566c187171996,22a4d55bac2da5fb833705ea72b550a8e56cfaba42c30a1f82d75a381d4dfefb
train,images/train/healthy_1392.jpg,labels/train/healthy_1392.txt,fb605c1dff7702886073911d747fe5f0f1f8acfc2e74ab9d19bc4382d6b80a96,96c702c8541fc9e06fffbde3886fae4fad9516efcba8fb3e15c31c1e0a56e8bb
train,images/train/healthy_1393.jpg,labels/train/healthy_1393.txt,339a89fc13730f22fda1c664a2f982f66928313c76c61f1b3604e65c90043224,3191a477a29fb9a5c984e2b67b8e91b8097b3fce481509692b452ca2a732590a
train,images/train/healthy_1394.jpg,labels/train/healthy_1394.txt,6e99ab467f92be7d213c37df8fcf79deb314bda6dfda44d11556afdafcb17f9d,e1d8a7a40ccf75d16ee6a094977f27a5d087d596cf4264d19a7bace8a70a2c12
train,images/train/healthy_1395.jpg,labels/train/healthy_1395.txt,4a9d404ea9d39dcf73fbf1ec3a6d47faba3ec34a87e943db05e29c17a6eeee6f,e9990a8734691a12128fa53e3cab768cc8424f6a9c12118cb4acca319afa0820
train,images/train/healthy_1396.jpg,labels/train/healthy_1396.txt,1c076e1a8d2e3e0c00c907248f85892dcd7fef6de63f4d41421119e71311c431,ab124b4e33cf631924b82864d09b8ccfd8590646f89df335e2fdac6c8c1b2dfd
train,images/train/healthy_1397.jpg,labels/train/healthy_1397.txt,50d6a19b70fb4f7b8c468cff9fab2a9e375b213b48d9eea6dc08f8053c97ed00,873f2dac511fcae009d95883277ce11deb9bd0f76f66454328b91f907dc040d3
train,images/train/healthy_1399.jpg,labels/train/healthy_1399.txt,9b5e7e9a4e9a72ba630f8faa29f24e7a5abb166febdea042873723eaaec70315,34ff95a961adc9274385d5f0f0cf73c79bb8e72dabc7e7f2893fbbc3f867e21c
train,images/train/healthy_1400.jpg,labels/train/healthy_1400.txt,0d29718f5d7b800197af0dbe6a957b176f8ebda1aa5792bec2d49a65a9351350,3825b33df08d24b8c46fe28e357ef577ec9413d1db33b8c8d9366041646e3f37
train,images/train/healthy_1401.jpg,labels/train/healthy_1401.txt,1bd60ce14c5accd2bb4a34362e2941e69e377b2c9c1cbcab69491b091f73e419,5c30d36462bd8fb2d15b07962add7b958172db743aa55d7d3deb54780633331f
train,images/train/healthy_1402.jpg,labels/train/healthy_1402.txt,63b3e40aeb82d5acfe842b855fdff6a59c1505d9d589142db9f415f8c5aed00b,2b9590bca44ee59688eedce06611785c774aa3e262471daed16392e109e13fd8
train,images/train/healthy_1403.jpg,labels/train/healthy_1403.txt,db7a922dbbe6f4e5fb21cafbccff7c0ef386fa4c398eb82524ba04fd691819d9,a7883bcc340ccbd798a22a5fbbc2430b4d76820873fb9b228569a66141f13ed7
train,images/train/healthy_1404.jpg,labels/train/healthy_1404.txt,692b54cdfbb577457f5fe284a2fc34fefbba3bd03fe588867e7e9030bfc9f0f8,4b5bb2d333a2ecf79359df4faf0d5eac67f02370ea8439a0c39bb30e448005c5
train,images/train/healthy_1406.jpg,labels/train/healthy_1406.txt,04d3233fc9daceec41d15e5204b8ae64cd04a17f56c8890cb60e8183f626c116,39150ae8c394a734e24f391570782c37fdec02906818b7decb6c9ce97801cc14
train,images/train/healthy_1410.jpg,labels/train/healthy_1410.txt,630927ef6fd28c5043ed6fc6cde30a0f1dc7215da9849e380f551986dd3ad40b,2c8c017a91c9c68a49fdbf744fbad9eb825789c0e5838b6d484843490fdae416
train,images/train/healthy_1411.jpg,labels/train/healthy_1411.txt,833c46cb7b449b6b7cb30d8dc4887fbcb0b444eda63907e444ecfa1efeb301ef,58325dddd597baca11855027c7d3f52f92016d48231b7f9106406db4c7b11a89
train,images/train/healthy_1412.jpg,labels/train/healthy_1412.txt,48444a6e7a7bcadb7a46201bccbe731294eb180b62b32a19f329670553db9fad,276072fa57226cebce4fbf7e6f47c0aed1cc03b0124b6c704c62f7459e8d0503
train,images/train/healthy_1413.jpg,labels/train/healthy_1413.txt,f83656801b644d3379cdff2c41968dd7105bb249f48e3d2fb6e9d991f70aeb2a,b02544a48620b3e59e9b300d19976e641958f514c301f861ee0709a4e87a48d1
train,images/train/healthy_1414.jpg,labels/train/healthy_1414.txt,50ce0addd03f9058380f9d1361c41f147c3c0c5adf37e506e74cec0f2f6af67d,c5ab0d05d1079f8690082e318a72e1c9955c10e1bb597cc5733625572c1d6eeb
train,images/train/healthy_1415.jpg,labels/train/healthy_1415.txt,2a84fa4051751750c265906f6689c0a1c878e696cba73e8b1caab0b58ecc499c,e8a3fa76d393279b12f86f0c403b52d39e5ce9a4880ef8d667fbc0fc0207eea8
train,images/train/healthy_1416.jpg,labels/train/healthy_1416.txt,d7d39d22d532692c0a164e54c8796d4cf6603cf70731aacb981b6fa7e27c781b,355eb077a81b93b373b14c938c3971c762f70f62fa1fc1106d2cab4df4dfd002
train,images/train/healthy_1417.jpg,labels/train/healthy_1417.txt,d5fcb16ec0796e17eb624bb0a6e8464d91c0bad03fae7e1bbf38a5528c8e5b34,8eb3b0d998f546e3cdca1455c9a7feb7c9931b3c343bef6f9d6f70750c521db7
train,images/train/healthy_1418.jpg,labels/train/healthy_1418.txt,7deba8f904cd11fcc7f31b1f6a0647e397669b9d6fbac61f45d68e542b94d7d8,0fb58b336a550224ebacba6c74a9c06f750f364026c17928388e39bce4a2b21b
train,images/train/healthy_1419.jpg,labels/train/healthy_1419.txt,021afe2ce34adb2c120b7cda46ee18279998b74257df231045ba687e18130a2c,92ab1134081037df7e115609bed8a3f89d23589e9c127d8dcc2187973d7a8a6b
train,images/train/healthy_1420.jpg,labels/train/healthy_1420.txt,d403d24e69f6da91d9ca36e5b225dbe3f72a6072fa18d7187772bd7d526d1bc6,266f6757fc4f8189a3b68f6475d5f647d9b6a6a384fe56de226962b744aabacd
train,images/train/healthy_1421.jpg,labels/train/healthy_1421.txt,5b558509b71668e186f2ffd2a9ff288462867208117346c67c6666e1f364fb23,7c5ff5f4c914b46f3baee94d1432cc5a24c5e507bf7d7200144f5424810d20e6
train,images/train/healthy_1422.jpg,labels/train/healthy_1422.txt,46b815ba47abe5786f8fa1015f5db79865e3d5696cd6b83276f8a7bf0b987eb0,bcf707c7bb4c924ef851ae273ca546fc7366af1cac5b30748cbfd61d230a0381
train,images/train/healthy_1423.jpg,labels/train/healthy_1423.txt,297b64fa402cda4eb70e396e9e9ff8de8b840affa6162580e81bdfc2d7563f5a,2e834e4bb6b7d5c6181826103b9d207ce6f6802a0efb0770da34dea2231591ac
train,images/train/healthy_1424.jpg,labels/train/healthy_1424.txt,acc525a71c6571cc27401a3ecf90fc2eae3a0a00d08b5f5568f985e19e7e9ee2,860b8c8e82373222811e569c3296550a1d9dfef802930b4400ee61f62f46278f
train,images/train/healthy_1425.jpg,labels/train/healthy_1425.txt,b5dcd741ba154c11b4f81aa9b774cdbe6b154c13d19f1acd1236b9091396ba8e,253389e6df7b171d5671496386176fcd66b045dc0ff4ea3274c19de6ff699699
train,images/train/healthy_1426.jpg,labels/train/healthy_1426.txt,c4831f010856c384498d434fbf5e558d7508aa4ed62c394cb6c49f5e8db74a99,4324792ae86200857d21d298a67c07dfbd382e28f32c2a68ffa515c02e22c27a
train,images/train/healthy_1427.jpg,labels/train/healthy_1427.txt,bf8cdf890469c12fd5c7a18bf02dcbf3d62ca29df2661a9d3abba569ac9567a3,cc68631e2cc76f2c5505ec3c008f7e07a5d8ddddc9b77720b0017ec531d5462d
train,images/train/healthy_1428.jpg,labels/train/healthy_1428.txt,6f12a9bd8d188d5b934baa9ae9f9bde87232149e995590f1eb7903367ca1f724,1c815fe318dc51dcd116e87c0cd252e58c1c6940724120df177c6e827d4359ef
train,images/train/healthy_1429.jpg,labels/train/healthy_1429.txt,afed4af12bcf2702a4cc08e42d0b84bd3e92649973f22b1a691332cbb56145c5,a29d5a0a8183b3d05aed08c7a703532e83911d7b0b3f6dc243e0c605d1a48045
train,images/train/healthy_1430.jpg,labels/train/healthy_1430.txt,8033e246954a0bfc7fe4d67292cf78c8ebd5f9b63436cd039ac76f8a7562a62d,f1c0c704a85dfae9181b65bce27e8aed5be9da64027020f3f417b177f7dd70ce
train,images/train/healthy_1431.jpg,labels/train/healthy_1431.txt,98a7c9f969b4d2477b18a3bd862e148b2b77a6d411432d04a69b41caa7aaa095,2d52100eb2f0472bd9a29e73c014e4788b11b0ec263372779e97257fbe1fbb55
train,images/train/healthy_1432.jpg,labels/train/healthy_1432.txt,2a50cdb00edd5940f53c5fa10d34c317699054b306cd51fe6253691fd5253f5a,666dd623c9418bce9903118f01cb8b59cfbfb507057278e02b221db48713cae7
train,images/train/healthy_1433.jpg,labels/train/healthy_1433.txt,c6cd7bd5a676d2e708671d300aa322831d7d52b2eb2a2db1cd8319591d141eaa,50d446da90786d21c17b228a17be5f83f601a128c8e3fb7c8e200a7dc1d2ecb4
train,images/train/healthy_1434.jpg,labels/train/healthy_1434.txt,de8b63e04c508e1edebbf3e95fa5bb55a2b4c451ca50e475d008c1e946541111,e8073ea8b39b0df752ca53546cde52fa408148edba9fe77c1deb220584af55a5
train,images/train/healthy_1435.jpg,labels/train/healthy_1435.txt,af0d84ea6949ee41bb772f1a826ccc6cf743831c2d11dd60ff543e243af1e908,7790063f46bd74a2caa9554482712920d508dfe5e9dec4cf3c2f2257d1a18352
train,images/train/healthy_1436.jpg,labels/train/healthy_1436.txt,4074eca6651e3feb0c1cb9685dcfab805e04d400bbc30e36a17b76e59a1d06c8,9749962721b252832c5bba08f27b06017e871421eb7234c165388ed03c99bd34
train,images/train/healthy_1437.jpg,labels/train/healthy_1437.txt,0c6db4436be17c9263eb9f0d41e4db57179fbf890bc5ec84107bcf61711237eb,9fe9385434ade0cdbe663f2ac1bca4271a5d38da3110bf0043e73c0809c8c829
train,images/train/healthy_1438.jpg,labels/train/healthy_1438.txt,b36b1c4edb528df1ace63129505745ad6f2bcf75baf86e909b26fde22adf04c4,807da047ee427642d97dbcca78e5df1b804f277aed340744e84844a07a7c7f85
train,images/train/healthy_1439.jpg,labels/train/healthy_1439.txt,570532e9914aafe8602b68c77239e7bf40d819841f0a718a170b0eb2b5c6e1a9,0711afbe2ea49cfad3046ad0446aec9d86023a36dfd130b52446e1fe7917029e
train,images/train/healthy_1440.jpg,labels/train/healthy_1440.txt,3f9a774e65401a16483b08079e98933922995960f4b151d96547a921f7e7dad8,252c697438c0604b6f10075bfb4f7a823855b0e5742408ff7a47dadb7fb2e9d4
train,images/train/healthy_1441.jpg,labels/train/healthy_1441.txt,4eef39a6ea7039b09be1296bbf7716f5e5c0c94ee7556945b66c784046ad3438,c5dc6e7d9fe3b80bf4b90deae4267927a8b3463db66b1255ec175b2246781558
train,images/train/healthy_1442.jpg,labels/train/healthy_1442.txt,25cae9ddc962a6a6818e8f3e46262c2e4d3a17d22a4472a837260b3c2190f4ac,c2f116b581998f9acccd4abce977f86773800f00fe3820d2d1f9560be7086581
train,images/train/healthy_1443.jpg,labels/train/healthy_1443.txt,f183b21128255d08c7ae9ac96fe6e8e69583dc6d36857d5cf84fb8d94c4949b8,d0dfd403cd788dbadcb7faf1fa9ab50b89049fec26abfb3d63ee23b467963884
train,images/train/healthy_1444.jpg,labels/train/healthy_1444.txt,f66ace08076dca4c1648ced274bd9fdfe5cf06c563014962467f9c19f19b30e8,805f5972c5ebb46889d9be270afdaa8708b0aafc0cbcd5f7dab33c14dcb55e16
train,images/train/healthy_1445.jpg,labels/train/healthy_1445.txt,7264fa65e5b30518c35f5c84bd15b14dbf15462988cb19c11fd6d7d17b1e5889,b5c2c1ea810fc35124240156a51a1baacc4151185b765fbda38c6237decde606
train,images/train/healthy_1446.jpg,labels/train/healthy_1446.txt,d6975bc16fda7d1d109e7ce2bb39f3b63fe93c097fcfd2d88299d1cc82c70b19,17ca6125ab88f4a23419413dae796a74ec3de45f0c7c94f9b3b5edd068e1f0e3
train,images/train/healthy_1447.jpg,labels/train/healthy_1447.txt,5792e32b031a5e567ac29cd7a28e864f1c543076c96ece78f64a68b40484f2ee,5b236d71d18100fdc0921192ba7ce02cfbd1e37d5b4a6628a9b42e7bd29c1052
train,images/train/healthy_1448.jpg,labels/train/healthy_1448.txt,1ed8d536824b3b19e52e3db3f3d4f3503dcad853d5c396a2eda515119d9c863c,56919928272e3e67953db2c8805bdb76767d86bfbf06822218a1431283e485a3
train,images/train/healthy_1449.jpg,labels/train/healthy_1449.txt,bcaf0985510acda7476b526b8af65f1a522d04f3d3f280ede5a6539a1ab106d4,a89acc497f15821ec519dd96851c0dd864b660e34d5776970aa7f279ba8b0beb
train,images/train/healthy_1450.jpg,labels/train/healthy_1450.txt,9de2fa458693b8a880431dee98256a193d42d60571a866ed0c9ee09ae4137c1c,9e74940d48c859b3bf33e8258b7d70b25d73928bf0605d538de54d51362b55e2
train,images/train/healthy_1451.jpg,labels/train/healthy_1451.txt,9aaad5fd50602a1eb173bdf70eb9899d0daa99d03227b61c8730e7e273172ab0,2dd695b2502f580f08e07e22f92e8b46c3c118a25b6c4f867cae2f5d638f182b
train,images/train/healthy_1452.jpg,labels/train/healthy_1452.txt,f03e4d824710154315650754d0f2b5f4608f00da98bf713586975eb7b12dd255,75f3f501b616901716c260ed6abf08d514a0b78a3961be9ca6948b6e96d441b5
train,images/train/healthy_1453.jpg,labels/train/healthy_1453.txt,65a3c797f309d20885235d1454c57dd66bf223df34655ab351a182d14e7799d7,d74efe99ac58f7be43451a918c5d544e3974043c517c24751720d20fcdf66ff2
train,images/train/healthy_1454.jpg,labels/train/healthy_1454.txt,ef00cbf9a6a323fd485ea280cba8c49969f28bb93940607cdb968ee8e922d30c,dc8294219f412cd2b2ca385e5dc05366450c4257aef7dff86d169330f8fe504e
train,images/train/healthy_1455.jpg,labels/train/healthy_1455.txt,670070362dc957cd56999a8a14e8b4551c17585cee6321f9975fba694971a696,45e851be9a3b7e5dadb9dfa02fdb9ad8d7552d976ad09bc291d5b57fe9d40169
train,images/train/healthy_1456.jpg,labels/train/healthy_1456.txt,88f559d46074f11f0b9a9ee5632e64b95a6f4e9e5b288b62ad104898b8ee8116,f909755433a783f79598a4b907612aa54b11cc7d91f62f42200433455fd92c21
train,images/train/unhealthy_0001.jpg,labels/train/unhealthy_0001.txt,a81fbc18cb35117bcd30844ed1be375a5c2db6745c4020e04b0a237801f17fa1,c10978f80d75d03aefadca388daf479e7d48b8d1838a9c921c0e173099b1cc0d
train,images/train/unhealthy_0002.jpg,labels/train/unhealthy_0002.txt,69ae290131da0bc5f0e33834f53ba405c50927753046491b23a8bd94f20590ce,ec81eea1227cb48b13dfeaa181233cd76264089abaf449a751cc208ff8b63e37
train,images/train/unhealthy_0003.jpg,labels/train/unhealthy_0003.txt,78002275fec93e65bd988531f4af50293d83100399e4f20ce31f3938a23b20ac,62fedcbcfed30bc401e1ae3828179b1e8892396dbe18f8ac24800845eb5b1da4
train,images/train/unhealthy_0004.jpg,labels/train/unhealthy_0004.txt,350cab0f6e5d627fdc96f505b484cab9aa33bea4a4b541109dee5c97edc96b2a,4930d5a06a1d299e37827b4425a34e1adefb83ba59352bebdaf9f96d774f3203
train,images/train/unhealthy_0005.jpg,labels/train/unhealthy_0005.txt,56251d1c5c108caca22128503c9a98784cc54b2bfb75e7643604c40c1bb845bb,1c24bed72f3e932cabaeb7341f29fb14c8158545774a361469b9ed34a7472c56
train,images/train/unhealthy_0006.jpg,labels/train/unhealthy_0006.txt,be1f700260ba97696260949ada672caaeb2b16e8ce3e0c2ea9823e9788026bb0,f10f0e8f1d22728b1a6aca296dcda47bae9ad3343cc69aeab506610509bdcbb6
train,images/train/unhealthy_0007.jpg,labels/train/unhealthy_0007.txt,b53307c619f47f493b5a31edb55793845b087eb384829771316e7cbd28c705d7,05112ceb28fd45059a7d21a0472afc1a51dd4089159981b46a4eae4d83d29c9e
train,images/train/unhealthy_0008.jpg,labels/train/unhealthy_0008.txt,904f129b06d8245089d2196388d2f24a783a3a443aa49c5c7c9f1181959f7272,43c0e5c9cdc78adf15e09eeae2dbc211995b296adb5482baed8889bb0d048c98
train,images/train/unhealthy_0009.jpg,labels/train/unhealthy_0009.txt,f05cda7a1faf086ca1c93426739ce4920d3b5662ffef797b58630ce6d8480aca,4b8b6ddcf839808a57a26a4e6d99c956ba8d5fa2629d59080a0ec645a7b35fdd
train,images/train/unhealthy_0010.jpg,labels/train/unhealthy_0010.txt,6f9d178ffb67e3a0947739de8ad4eb468d383f133a855299a56030afc694863c,d269a830e92920220ff281a48fe1bb96a6ab55d006920d44a596a337c3b1e608
train,images/train/unhealthy_0011.jpg,labels/train/unhealthy_0011.txt,9b4d2152efc986dbdc98c65316d274f61349dcaa12dc1522add5e60de344074c,7583ff7d6259c3358237ecf2cf449bb06e3d5f4bcc137d21050e5a874f54c567
train,images/train/unhealthy_0012.jpg,labels/train/unhealthy_0012.txt,94b22058bbdadf243cf70194f0e1b6305b02388f4983155fb4b69cf086d64c83,13873deff59a33af650712471f5bc61b4b9e5f6b6a486a05629034fc7910ce7d
train,images/train/unhealthy_0013.jpg,labels/train/unhealthy_0013.txt,fa3fd8dff29822e6512a9f8a16122d173b8d44bcfd699be081336a9922c05d86,2e70dce1b9d399c599e804abb5f0e1225fa3a03651ec6dfcb46dcd10b5a3940b
train,images/train/unhealthy_0014.jpg,labels/train/unhealthy_0014.txt,a4e2afaa479b1d0fb8083013ff31c9d4b6a06ec91d8f029807d8dddfa2309122,8376317cceb467983eb52368f636c26710d54ea566224f5dec1ee80acbb09006
train,images/train/unhealthy_0015.jpg,labels/train/unhealthy_0015.txt,5c3e0d4b1ce8e82fb8aa06f566f5766da568de92e1c41ef1d0323453f25166fd,e77d6c8c2879435d0cc06d8106a0a505d2b452242cd3047835650f0752d20d21
train,images/train/unhealthy_0016.jpg,labels/train/unhealthy_0016.txt,fc13cb90b3d814bc6d6442be6dfff704c7368a1daeef0883c4b353c5e8e27e7b,edeac8350261d3f97050075bc432b6f6f10103c54af73143d0ef29274f58f7c7
train,images/train/unhealthy_0017.jpg,labels/train/unhealthy_0017.txt,d458c17dc161068e2e8df6466d6fe441672b5df2a2619a117f0290f5862da74a,ee62f82e84f0a21086c8f4bc181f2bbb1416912dd38844500e32917b2845b38a
train,images/train/unhealthy_0018.jpg,labels/train/unhealthy_0018.txt,aad40ea439d113a2f5a0c9bd04996fbdf8930586672d5c3a6b4980a72a2294dc,b1291763d5f357450d0cc863326ff811f4e4b1b755698cff858587baaf1e2c03
train,images/train/unhealthy_0019.jpg,labels/train/unhealthy_0019.txt,b853dff4b5dd606344244783dea5768c55f7c83a99d2ac8353dc6d22b1d116b4,2675868490bb9b1afc65eecbd8ab33e366b89e564e76146a33f6ca96ffd3498d
train,images/train/unhealthy_0020.jpg,labels/train/unhealthy_0020.txt,6b42d2834a900111e8a6fbbcb2fa63a24a3cd9df7ddfdded453adff33c52ed04,4c2574c633092574578c06f871a779083162a0d1841ae28a1ad710df0b81cb33
train,images/train/unhealthy_0021.jpg,labels/train/unhealthy_0021.txt,fee639cef8ef593020452413ba1e79569f0d2f1456a20b5fa3515ad7a871175d,76b777bcc292bc9d12c29712bcdce8a5bed3358c1d197ce4ed4cfb6a112e75ed
train,images/train/unhealthy_0022.jpg,labels/train/unhealthy_0022.txt,a60c79c36169c2c57dc7879d495b1b855d12eb059e2e58edb043fdd5990e396c,8ebb790aa1d9c95e60a50e0d0cf68d30086e8cd93c6174a1187227a0585a3587
train,images/train/unhealthy_0023.jpg,labels/train/unhealthy_0023.txt,99bee14efe7a31e9d8a5901748feeee07e5a8c8230ad62e8467ea0adecba8bc5,287c0b2b76b4842c83de68fc63a1c5f862c1a266be0f84cf75713b67ddd84862
train,images/train/unhealthy_0024.jpg,labels/train/unhealthy_0024.txt,0b4d928062c7ca691ad1988d13251c07723251437f7a08fc89de2f0bdc0d4e75,600204eaad5ece3df601aa30898ed48d736db6dcefbc05bb6166274b2bcc32c1
train,images/train/unhealthy_0025.jpg,labels/train/unhealthy_0025.txt,1b6e713236d4129e5a6d5d5c39d922769d3517e8f460cb79480d27d807758882,7d693989a9fbd2f4320165a1164f16075c3e7109b6ece80bc1917b6174a794a1
train,images/train/unhealthy_0026.jpg,labels/train/unhealthy_0026.txt,a6eb0b895f5e3fcccbf8f52d677cd945a4a1f707fe8ca0833b6e77af338c8e6b,c02e3d2245895bd4bd2298fbb60b44e4aeaf18a641b820dec8ad59bf6c36c96c
train,images/train/unhealthy_0027.jpg,labels/train/unhealthy_0027.txt,a6367b01008b1a0fe295fe5457fbfc63303ae785776797e5f798a99642f841f7,9c824cf5d96d7e19c03501dfe6ad063524e0c084af7fb3f927e222026fbb9246
train,images/train/unhealthy_0028.jpg,labels/train/unhealthy_0028.txt,7cffc4802b1f17038195496b5cee4d69b69a6b38b6d4ae5bfe6f39ce3c93a488,9a5abe61f4f7a2d3b09bba67a80c54d757244a6ab894baeffa28f6f329288157
train,images/train/unhealthy_0029.jpg,labels/train/unhealthy_0029.txt,16418227c1241876947c7c23f09aab124c9ad2c84463e0708e315002a5799f30,35416d7801f908bb4b7b695d7cafdeedcb2eb637b007093e60377d2815559ee6
train,images/train/unhealthy_0030.jpg,labels/train/unhealthy_0030.txt,ab4fae8879ad6e475ca44d83720b75cc44577d61204c2770f89851b6e655bed5,082be2c99e72bbe4ac5785020082c6a38f115c15618ea6da67a5116a034cbb36
train,images/train/unhealthy_0031.jpg,labels/train/unhealthy_0031.txt,9ceb71d32e4ccfa22692408a08e46c9bd8e262b9c4e3155ee68f97c9ca12b6d6,132cda694f5c7bcfc6965e5cd9fa92f4731a91ab3fd3f5e603325198eda86607
train,images/train/unhealthy_0032.jpg,labels/train/unhealthy_0032.txt,5653780616ed7b658e367c6c4d6cfedc1edbd15163b518ed6f6f3e9a3e9c59f3,ba199b54e8a5da1a1dfb51a513244a53488e70d13d5d9c7478719c518b89abd3
train,images/train/unhealthy_0033.jpg,labels/train/unhealthy_0033.txt,0afc87be48c7e6f5dab72a350019244aef2445ae437dd3aeda25dce9d955dba2,92e41433c03a97528201c1fecdcbeca15391e1954b6b36f85cb0a0e9648aa871
train,images/train/unhealthy_0034.jpg,labels/train/unhealthy_0034.txt,efdd77b677c45a9d0c3003bbb5c50f89a146984baa054254f4d19b667316a981,057aea6cae036b407d53a992f044440025a6653df13cec05d15c67b3ed8cfbe2
train,images/train/unhealthy_0035.jpg,labels/train/unhealthy_0035.txt,f730f86ef6180f32c84a5b47e469c83248a2b0039de6ea8d8529c91cc949a569,a224473b334127c4ae1138e0785e7d0e71219e0a176fa920ae4e72da93a72c29
train,images/train/unhealthy_0037.jpg,labels/train/unhealthy_0037.txt,385f7b58027b520e9998301aaf1fd52f914b92dc11b3f981ad4ee1577a5564cb,dd8f5ead6309e9ba63d239f24f22fb0595cece86180fbb0e7f993dd7224a33a5
train,images/train/unhealthy_0038.jpg,labels/train/unhealthy_0038.txt,0f3a714640549d96e867db668b00b2f861488335245a1cba8d2d48aa693dd97e,8e91cf0f40854d7b1f83404b4c69ee211cd6a80b3697e43029a885d1ad949661
train,images/train/unhealthy_0039.jpg,labels/train/unhealthy_0039.txt,f56476e0e16b7bb631054dbc86251b4fed03b4be19c31ac5be76a2f671147c60,bf099f85ad41becbeb8be056a0e52afb51345d02fa4f46435f2cc497719e9d56
train,images/train/unhealthy_0040.jpg,labels/train/unhealthy_0040.txt,7328356f228f7ba2c083dd75120d88288d308f8221afd6e43c0d06ff005c27a9,f87035fa82481796ad0acc00589be40be7cbbe89496b6ee5acabdf1ef19280ac
train,images/train/unhealthy_0041.jpg,labels/train/unhealthy_0041.txt,79d0f0d8ae47aa5aaabc3f9678bd0d4962da30ed68de39837b94559454ffabef,6cc6f0ff07d3eb3a9028e1e1c27900259ba3fc98608f1ac786c5cf444ae290fc
train,images/train/unhealthy_0042.jpg,labels/train/unhealthy_0042.txt,d591fb8e581a98383f0e872a4ad58f243d50c4bcbdbe1d178ce88c5e1e207c49,52eb82ceb99ac3d64826de66d540c13ebf74745e8c1725d433f6beca9a77b4b4
train,images/train/unhealthy_0043.jpg,labels/train/unhealthy_0043.txt,51307c214e6fff975fbfc742f6da712ba7606fd50677431e7fe58e840a6687e9,ad397e17d4ea8b0ad5fc9a81b43d8fd5a023f5ed3196984c1b537a737c4e7ff4
train,images/train/unhealthy_0044.jpg,labels/train/unhealthy_0044.txt,71e6ece03d4e18448d7895a1c0e2ccbdabc14107a8ed0d2c367958ba28ad0140,9902806760d145307ce861cbffc1a64b901a03957c3c379df03c13b764e64dbc
train,images/train/unhealthy_0045.jpg,labels/train/unhealthy_0045.txt,e2e071bc64cd0b57f2de18e63791531ebea1b36f0070887084852b6a9eeabc48,c5835411bc23b97545b16ea78aa8c288440289c5da1bb2808317ae218240ebab
train,images/train/unhealthy_0046.jpg,labels/train/unhealthy_0046.txt,18fabbbe8f93d78576b5f5ba313a2f333b3fe7089327f41389ad4e7498c257f4,75514597f515a3d37336345b223df00467e53fbea8d39c21dd0f20cba772197a
train,images/train/unhealthy_0047.jpg,labels/train/unhealthy_0047.txt,34a417ca1a60a0f48c005415a65c0c8503172712d6acbbeff4150ed825768da4,6550f215de9febe1d2161889722359652fe7839b0a04ab2eff213af86e3ef0e8
train,images/train/unhealthy_0048.jpg,labels/train/unhealthy_0048.txt,343e8fc7c1870a3598cf605b05169ebc7d923660dfb4b5b18effcf03aa6b5628,bbae981055c9b9a4e9425474bd630f4c6fe0126fc0f74ca5ca0159e55e4ae607
train,images/train/unhealthy_0049.jpg,labels/train/unhealthy_0049.txt,2516fbe5b795a2ca88f1547d38ca972d35d9aa951a0b1d60b79b9644e4af8ea5,41a87be37e227c8098ecb0a213e860aaed79207aa044e0ac5380d62decebc5b0
train,images/train/unhealthy_0050.jpg,labels/train/unhealthy_0050.txt,94728cbd28303ea0978869d259339edf060b2928dc669ca87caa197f095284cf,3e72016dd2cf7d9b6b89a1545ad2ded4102968a3302595fc416004184913fd46
train,images/train/unhealthy_0051.jpg,labels/train/unhealthy_0051.txt,042828be7ee40470ef7ae51ecbc35b63482350dbd05a2afbc690c4493264378d,d6ae98ae7c235b65162a39094281bb9defd56ca03827b450a2c0b4aae143dd74
train,images/train/unhealthy_0052.jpg,labels/train/unhealthy_0052.txt,d06d6690a4c771e1000293f303d26d6f00626b56cb202bc2f99d7a3c41533df3,3f0f92591dfa1a125cdd91bf9f12b17879930e2708ba0b6715fb25438c666dbf
train,images/train/unhealthy_0053.jpg,labels/train/unhealthy_0053.txt,e2fd2fbdbb301fbd95d40d7a2fdbb9b977f958be0f7d10d68848121f8b846846,ff92c13daed7d7d8dd586ce426ae046280465625beddc0a0ea4fb403b69636da
train,images/train/unhealthy_0054.jpg,labels/train/unhealthy_0054.txt,11a550c5c268ca531a6b5c935b2a8a4e8cee624add4f81e2efa37185f639bdbf,7dff42d73ee82f942a1e5c1eb961d9e432a500c7167014318144f44cd5836037
train,images/train/unhealthy_0055.jpg,labels/train/unhealthy_0055.txt,15d41328f1aaa873fe3402a2d3b31826ec0a453d223eb5407a2ad3d240a0398e,673823a5a242199d649e4ba61c424936b6106da8baaa3ad0b815a52222564b10
train,images/train/unhealthy_0056.jpg,labels/train/unhealthy_0056.txt,456dd2de42ab304e26db0382bf483ab478f6491cecfb4ef9963b0de235efb64c,031a6731933dfe3f55a8963a21e7985c13117ee9fab88ebde454bb3be33d00aa
train,images/train/unhealthy_0057.jpg,labels/train/unhealthy_0057.txt,69f0e8c0441d269184eb8273d1e71373b10bad6ba2543fa42365ad03aabf6da6,1696e861014f65e380b1d75b1a5ecb16cef0c402816fc24bf27a25bbaff709da
train,images/train/unhealthy_0058.jpg,labels/train/unhealthy_0058.txt,7f2684106d878b0b1642f356528411e2ff0573994e45c8354e29d7debd4753f3,2a41e7217a2c44ee6644f5f30f02a285cef0928600ce0a901308c1fc28772a96
train,images/train/unhealthy_0059.jpg,labels/train/unhealthy_0059.txt,76e64e0eb03ed91a59eaff07deb13553cab7989742a940e921f22cb0a70dfb4d,94728695ef96fe3c9c3157d2f70292efbc4d454bcc3517fc7f5182b28c9ebd1e
train,images/train/unhealthy_0060.jpg,labels/train/unhealthy_0060.txt,c60f91142b2eeae918955623bb2b6b6510e03b16375137ef6845950cae1260f8,e80d08d6339f6555623511486554bee1bdbfd8d44fee7d0520b804323f89d7dc
train,images/train/unhealthy_0061.jpg,labels/train/unhealthy_0061.txt,15b21b5e0be6594d661701c64127d6fc096cb61320df73de26237da37383e74e,19bf4936a686b9276785474435b255e4e27a5139b7b8e7e75050e542aad38715
train,images/train/unhealthy_0062.jpg,labels/train/unhealthy_0062.txt,55a343589a33624bb168a88257a97e2fa74465b15960c6ae9b1d4a60dab005b6,cd0ead935d024d82e5988516ae9c70b878a94f8e144b7a18d19fbfb17726b7f6
train,images/train/unhealthy_0063.jpg,labels/train/unhealthy_0063.txt,35cbc8ed494f1a0e05616a9ec4d38fc58fe9664f0d7ac5421b5dbabec1f2c422,2f192f5228e8ba3ddf19ddbb8a1a8db60a446992fd0f19be4c050a6de4684805
train,images/train/unhealthy_0064.jpg,labels/train/unhealthy_0064.txt,f4cfe35fb59bfa9aa5052972896b87f7b02ca1550f1d9d5f2fe2e9db67440a92,44a39487bc6ed86efa9dd4cf9c60e88c160f37545fa939b79763994b1bbfae29
train,images/train/unhealthy_0065.jpg,labels/train/unhealthy_0065.txt,36e3a60462ded31d1c74df74d1fe907913b4d6a6ceeb4b025bb8788dc8aedb6c,a0d61608b8ed7626a5326cf2e48f5ae26624bafd2f51247bd77ea2203b706226
train,images/train/unhealthy_0066.jpg,labels/train/unhealthy_0066.txt,8480651d432e21f684af399c12c98f01b6654f60eb5311f3022e5667b5e1d800,5d87321ad8643974735e27e5e976a2bcdf81be1cb2ac68ede4564e6069432444
train,images/train/unhealthy_0067.jpg,labels/train/unhealthy_0067.txt,707a7cfffab69ec3b98a1c4e18f2832ced7e75895a4308c0caf808391020372a,ee7c3a6ba9a827989287d8e72999d7e4ff1711fbf60699e25931f2b07c6f7f87
train,images/train/unhealthy_0068.jpg,labels/train/unhealthy_0068.txt,893315abcbd7cfbb8c712d8253999a4110349bc1ae9baeb0c6b8b4d42c14dc23,e39e3ca19ce1242f57e371490fa4465b9f1b6ac320153ef7bdfc103ffc8bc561
train,images/train/unhealthy_0069.jpg,labels/train/unhealthy_0069.txt,ab0cb3e953b9ab7c21c2d157f488f091fcc440cd845ec1f070d71ad5c76e4a39,91ff2b9f4bde6b2fb5754d20c145b2138995d85f9bea9bbe27edf075fbc62405
train,images/train/unhealthy_0070.jpg,labels/train/unhealthy_0070.txt,9c9608b4690466fa1e0162d5879d19a7e46f1b55c96f23f256c659d15c6e140a,c010ba7f167b545b5edc6bd7d0d145bdf92087514c869e44cc694b1d41b9ed56
train,images/train/unhealthy_0071.jpg,labels/train/unhealthy_0071.txt,08e4b0d5541d5246512a095b264526cac31369497b0549e1fa401fef75fe7c6d,fac493b6663a1ec2bf084c557872b0b6c22b7a8f8f98d96b5ec96b65e6619b4e
train,images/train/unhealthy_0072.jpg,labels/train/unhealthy_0072.txt,fe456435976c017ac2f08231de582c7057ce85ce948e55d93e97ae65a49388ea,b9e0ab1085de9e6fcd3f65fdba74f8a880b007caacd68041f7db7e1f0e87d7a4
train,images/train/unhealthy_0073.jpg,labels/train/unhealthy_0073.txt,d7270e02771421067ca0ba18c5a373e71a5787bba8c6fd5ab2efeb47bf7d5fdf,6734ceb0d0825b5b25c7f6712679cc8a8e073ff8b67bff7f379806a85d61b4b1
train,images/train/unhealthy_0074.jpg,labels/train/unhealthy_0074.txt,80e851a3dc790c0ae32c140e7e1afbf3f87636bbcafc3cfbc214e99e6790ea51,cf14960f20940db9cfc42254b59ae70bbf7e3417e8632e278798eee493e889ad
train,images/train/unhealthy_0075.jpg,labels/train/unhealthy_0075.txt,15f6d6579fa54996975b20951744bcc2691b9d8b0cbd6a40f970b1e7075027fb,6ba0a8e190c4ea88fd48a37c69a7cfc8d7b4627fdc82900de0b2cc671e36cec2
train,images/train/unhealthy_0076.jpg,labels/train/unhealthy_0076.txt,e542d04018e1ddb5c476768e11eef7b53540525680d0031e969e9191b5437ff8,763e47f8405778c811e8c0b6a266ddc64343a86d411487acca41556b4fd0b937
train,images/train/unhealthy_0077.jpg,labels/train/unhealthy_0077.txt,c0edaec99ba0f92348a164f598bbd8e664921967bc29647230a0d12badbd666c,3445a7c2355b9929d4a88ca8baa33b6ffea093f4c3506769df401ae2c243cce9
train,images/train/unhealthy_0078.jpg,labels/train/unhealthy_0078.txt,f56d60f4e8d6902b028521047440d46fa46d9802d8405645538b66eafcbf4ea3,dcadc1503a1a23dbb7202171512dd15f1dc3bb6b0ae78dbc2f7d0a929f5ae17c
train,images/train/unhealthy_0079.jpg,labels/train/unhealthy_0079.txt,f776a6a71c3eba6af9dac3f02ed42376759a3381552a556017daa35f437e1650,ee4b24f11b0455ce68457eee0c49dc29e560d94fc1495ca1c5752f55261f2d8b
train,images/train/unhealthy_0080.jpg,labels/train/unhealthy_0080.txt,f62bdcdb4cd230de32d33ed48aef65ddcd439047769673238227530319377d0e,e131b35133c3b8c138f0f22410267ae67c3971013d43ec3fa8cc8171fbfeeb14
train,images/train/unhealthy_0081.jpg,labels/train/unhealthy_0081.txt,f66e30809ee25dfd2a050145c3b598321a2bbe434c81f77e5ec6b9c4634e25aa,468638ddda9cb5b11c98270991368da1e6bd2451fd9a6f0bfe1042ff29e35b29
train,images/train/unhealthy_0082.jpg,labels/train/unhealthy_0082.txt,6e1332af21e5c6ac34e4828459f9832957c36bdf556eace68e046292e7b51b5d,8af3da199897b86c3a8094efc99f0ec44ce3868a4fb139ea7f628ebef153a68f
train,images/train/unhealthy_0083.jpg,labels/train/unhealthy_0083.txt,31909775b4d79c850ca9e40cdee99a5db7c4ead4c3c507ee0c3e66b281d3d3fd,1043cc00f99be099c95a3ac62ddac680f4bed5a8b8a773105a6bf45f611c23c9
train,images/train/unhealthy_0084.jpg,labels/train/unhealthy_0084.txt,c369152313cd45fedd3eada20ac11116e2f72040201126675a07611d2959b45d,8caa8fb224ed197f1d4ccb609a178e0cd7724e8364874a59064c2c724eb16a36
train,images/train/unhealthy_0085.jpg,labels/train/unhealthy_0085.txt,d1adf9bd3c20b36f220f3d97ffd44ad96df327b0415b7eb5329b589168748032,323e22c918e5d471d5e77d8c4eb71efa25e25359f9c58448a9e40008bd1fbea2
train,images/train/unhealthy_0086.jpg,labels/train/unhealthy_0086.txt,2a9e69b63eafc56863d7a878d21bbbfd6026f7560451ca7e80d06fc73d7625b7,81a76f579f26d27babde9f2581d6dc1b4e865bd1154e6b96012c15aca9d9d550
train,images/train/unhealthy_0087.jpg,labels/train/unhealthy_0087.txt,7eb04202cbe929bedd412b76523d0025c936a4388004874d41f145ef41114d09,b682edb62b086a92523840df09ec0ea5af8684c2b4f417905120694fe5a256e4
train,images/train/unhealthy_0089.jpg,labels/train/unhealthy_0089.txt,573a70217ae1048d4b4666af363a07b0d4e101aed5f451de6d0990f13b223e08,34c537db994485b3c29c4273ee48a7db70cb2d052c48972f8ba80e94cb96323c
train,images/train/unhealthy_0090.jpg,labels/train/unhealthy_0090.txt,e2999dbf7f253b84490660fac46fb909e2c7f1750f74329d6ce30cf7a9d64755,9628e9fa768229fa1ad8e7c3f1d6995a1599ea800a396f4fe59918256048f99b
train,images/train/unhealthy_0091.jpg,labels/train/unhealthy_0091.txt,564b35a942798196698f54d5f01ad2f68bc3715ed249a72f0078df32cc064d68,766f7a316958707368723e64d465c2a1283ed451ce77041a28d67f3a6c698353
train,images/train/unhealthy_0092.jpg,labels/train/unhealthy_0092.txt,521ce5a24e35c3927cb8c2e6e5b88c2988d910b0bf517f317c5b0fefe4d5f822,ebf1039cd601ddcf1f94526b42f0e005941929be91e2599c9d10f228981eaf85
train,images/train/unhealthy_0093.jpg,labels/train/unhealthy_0093.txt,e07efee520aadca9f1827a38728684dfe082dc6bb2556a37611608b50e6c11e5,b737b2d5b17ef021e91a606a8eca755961617d67ac8ea320f5da6d3b14edaad6
train,images/train/unhealthy_0094.jpg,labels/train/unhealthy_0094.txt,983a1fd11cce464ce8c8595d5e8a105514cd1ab3496e4d6a0e3462ec74332be3,4e49000f82577b6df54d482800fd344310b093f07285777097f2f86761f925fe
train,images/train/unhealthy_0095.jpg,labels/train/unhealthy_0095.txt,8b65b289af661acf01a44d760c301dc6e3800f4bf0dbb60f6e03b24bfa89e292,ba317c955003b1378a1258e2d7276a0354c7beaa82e021305be22e2fddb3fa89
train,images/train/unhealthy_0096.jpg,labels/train/unhealthy_0096.txt,a895a80afba4df1d93d1c92e579e07c7aa899c6ef828880ddc3d43111ea958be,d3cd98b0dd90c25f90854da45a8dc6c188ee26e38d4bf01609c572b6c633e05f
train,images/train/unhealthy_0098.jpg,labels/train/unhealthy_0098.txt,ee1adcd1275bb83013e97315aa265e849290d3ed4f3c3a6cd1855e22214f21f4,ff618d9793771f45b5492ec626e17db6c3981e1d3e061f0161f94e33d9d35150
train,images/train/unhealthy_0099.jpg,labels/train/unhealthy_0099.txt,b371a10e47f06645e3455016805a6925cba71ce7bb0d05cc176a61b17620215e,f368d580920358a4cc3785b7a868938a022007a762f0f5268cd89c7722ec36c7
train,images/train/unhealthy_0100.jpg,labels/train/unhealthy_0100.txt,592e2f68c661a2240f3d9702c21e55fb57c9ee1559e22b350a901735c832fdfe,cd03b7400cb6984d0c3744d0014e72a811e4875f08fce585ede394f50256b4f6
train,images/train/unhealthy_0101.jpg,labels/train/unhealthy_0101.txt,1e9557f3a90638e77932d0876a89d50885546b8cae2d16765abd5f45e52c8a23,ef696a42e24cdfadc3b0f98fc6331918accda449bc91487c4c5718e249790714
train,images/train/unhealthy_0102.jpg,labels/train/unhealthy_0102.txt,063da78dbfd02c521db3e2237df5ab31d2279897a90a26815a6dc8f0d521eec9,6b66bd953170f87ee317180f448ce752661bde1364e713aeaea6523208a1db7f
train,images/train/unhealthy_0103.jpg,labels/train/unhealthy_0103.txt,f7834b8f836feb460258067d7583aea0eebd59c5d76d33ac95c7b6542e465c41,c52922b9012e2d61dfe25f441d22abf44ef05fcbc92f08090c2cc11c74346348
train,images/train/unhealthy_0104.jpg,labels/train/unhealthy_0104.txt,6c97ed63f0cf0b5ec84b0e14c275fafa8e03cd44572137452033b5bac9042a0c,84d6f70b560d74b281c463d44e836699cec571cd5e5bd5746c9af4251b01fe64
train,images/train/unhealthy_0105.jpg,labels/train/unhealthy_0105.txt,be1c201babcca2cf4845ced81a90f4c17ed9325b535716b39ca21249c261d46e,4d297fb29aee07651feab9f240617c7142be69eef7ab0f835edcb3a1f037c045
train,images/train/unhealthy_0106.jpg,labels/train/unhealthy_0106.txt,0f049b5df456a87f2dc3ca63d111c36d157c00bac52b2807b1fac3438c764055,b71ab2434b74fa0bd87b2772d2d368edf9d0009b3cc50cde76fe1db09bc72e06
train,images/train/unhealthy_0107.jpg,labels/train/unhealthy_0107.txt,8beebe0bec67bb2bcfee386c6f5b2bb00654172513f502d26d19331a5e1dfda3,3187e8f816c790b752337e7bc5ce52aa8685d4191ab8361e8ba032855b5ed50e
train,images/train/unhealthy_0108.jpg,labels/train/unhealthy_0108.txt,e4a4681ee3a3e2939bebe30c7fefd8b2337d7b3e29c98ca3af7f4ea630f96383,bd28360d4c7bc834a131fcdd4caf02bf25291b6ea68ee162a43655a4c81f9ac5
train,images/train/unhealthy_0109.jpg,labels/train/unhealthy_0109.txt,27ffebcb20ae64da1b7071aef560415e9e43eb6295f8d3dcbb361f47ed2dfd2f,bec96c3f63f0c073d4fc8d073c3b19a86844f25b943c2cb5fd41e1a834371e98
train,images/train/unhealthy_0110.jpg,labels/train/unhealthy_0110.txt,8a5179afae233ba00c35217523d174dc0c6758db8312815cb92a68d5719b4a00,0eef3081fceb1a1cec6a6172f16c6c0f7fc05a053ec545650106719ffb1413ed
train,images/train/unhealthy_0111.jpg,labels/train/unhealthy_0111.txt,485659d5fb2466ec2028a88c30778c9b54440246d5e5e033938892922784ba38,58dfd18d60d0fd2b95db133e8229b7bbee18b7d144639505e725410a91a4b1e0
train,images/train/unhealthy_0112.jpg,labels/train/unhealthy_0112.txt,69a9e6b1569320adbfc7f43d359d616bc28056403f782939974fd8a9e98b967a,d5c83fdf1d60de47b448dd6b96c63fbd03dabba0615db1ba29568f2761b031a6
train,images/train/unhealthy_0113.jpg,labels/train/unhealthy_0113.txt,e18fa9cb09e51fdafd25055690e4bdc5859bfd2206ed610b917857bb0731ed08,69c9a66ef5e62c57bb6edd2a68f71e948c193b58509e15c159bf519c194e992f
train,images/train/unhealthy_0114.jpg,labels/train/unhealthy_0114.txt,a727ec3032193d2f94fc6f7da9577e783b1cd5a3bbef7184ba930bedada248dc,1235c67c1bcc974321e64816e7558757222d96ea095f5b5177bcde2e7b4b1e94
train,images/train/unhealthy_0115.jpg,labels/train/unhealthy_0115.txt,d671a7ea0b5758a541b638d0efd8f9d186b066be51d5d8c9bbbdf18a1b8c7ae1,040bdd930f3167f201caef4bf978c38aa9bf140ed02642d33805f1c6178c6d81
train,images/train/unhealthy_0116.jpg,labels/train/unhealthy_0116.txt,ba1358c21d93a55b801408c6131caef0b459c1bb83fe833ede8c0204e6a29ba5,50fc26dadd607ae9a47a6d4b3cbf05059de0a1ed3dbda628c054b93967c47f58
train,images/train/unhealthy_0117.jpg,labels/train/unhealthy_0117.txt,52124cfeee5222747e641d570f478b4781967122a2855209d777e1dbb1476b60,9c541033b50b489d1910d09f8320f6e1cef383e4e3e439c082d0a106fd35662c
train,images/train/unhealthy_0118.jpg,labels/train/unhealthy_0118.txt,f50556bc3bf77a76b82fccf93acaeaaea7be496f54e190dde266c9ba19e13ab8,c7dc046002379fe543bc79b7fe362a367a61fcd0c7e2d96375886d9c12cab939
train,images/train/unhealthy_0119.jpg,labels/train/unhealthy_0119.txt,b94caa5fd5cfd9590e1fd3e0a59aebbbedcb677835fba29da94f51912b8e39b5,1fac76ac99a3da3cfca1eabd0ca61c0a52b5be12f65816c9021798453324972e
train,images/train/unhealthy_0120.jpg,labels/train/unhealthy_0120.txt,5c9b75c40fb9b05acbdd71e77f0a57270e61742d493e0e9032bdaeec04d1a4d5,915c345d80984cce4d02cbb78238a94980324f488e18f821eff6c8b0007f44e0
train,images/train/unhealthy_0121.jpg,labels/train/unhealthy_0121.txt,70fb48df42e529be0fba7db6f19509489e5648a331dd40f9394a2ba9ade9b96e,cec22429a3af1a69ff5b9e3c067d8100b32113d5afb2eaff79c858d3765e459e
train,images/train/unhealthy_0122.jpg,labels/train/unhealthy_0122.txt,8c4f14f76ed62a193c3f10bea6891caedc21e88c3fbc7598ccfa17c80a3a0af7,94bba157fee75c542b8ec87f1c2e38a4ea25285f99d016904dd5459ddad4e6e9
train,images/train/unhealthy_0123.jpg,labels/train/unhealthy_0123.txt,177dbec7387ea2960d012dee1e5d0ffd5da68ee462533897a6a7e4a611253d5a,7379758383f0beaa73707124258bbcee8fbb62e1cd02a0764c1b04e1e15be99f
train,images/train/unhealthy_0124.jpg,labels/train/unhealthy_0124.txt,6c28b526d299c168019ff761add4ad67a815f2daa016b0a12886bcc1da702473,bcddc6428675453903323653ca579dd1ce0870efd00da1192c68b0807aa1c477
train,images/train/unhealthy_0125.jpg,labels/train/unhealthy_0125.txt,bc3ba0e2de8d190243ee9608924e0dd10457386e8d7a3a70a25a4ce9f9d43682,70419828b8665b8c047d40f858114ed32e3c987db197d51f16df407289fbbd93
train,images/train/unhealthy_0126.jpg,labels/train/unhealthy_0126.txt,8306c13024a7e384aa35ab6b7050642c2582b38c22f41d03a1f2a1e3a245b815,595be95d42aad174e76804f3e247993f3dab532c2257a12d2dcba7996aa877b9
train,images/train/unhealthy_0127.jpg,labels/train/unhealthy_0127.txt,3821fe45c3d52b0b271acc30b046635b0ced843315768d1081b70cfb42dec022,98df3ab01b2e4ce9a5c256ed64f8345dd0269919677cc31909af2611292571f0
train,images/train/unhealthy_0128.jpg,labels/train/unhealthy_0128.txt,24b3f3f05aab80d7d3ffcdedec9eb063e69c5c55a1e0177f09124cb5ef2f9596,601d83405d1cb4184620546760a56c863a0111de2aec490d0f387f93d201f548
train,images/train/unhealthy_0129.jpg,labels/train/unhealthy_0129.txt,2a0eb4e41edf327a4aa386f691f182670d42dd644a739454909519068a292119,e9627cb1efa79c3d01a950e1a301b9c57017faca9ce0075ba5919bd60d14a63d
train,images/train/unhealthy_0130.jpg,labels/train/unhealthy_0130.txt,e2a90451fa1d7040486a3568abdf092bd400578a575f0a0b8fe922cdea699426,1c12c7485d5e6a4bf6f1c9e32a3a40536c2852deab816d74270f5300007cb55d
train,images/train/unhealthy_0131.jpg,labels/train/unhealthy_0131.txt,9d74b77b3c34684e92f5f7228e2078fe82fcb4a6f0428cc235a6d1b1736afda7,2c82918aa2c9065a14f119fd4aed52db4943bfa0740fec2df6a521f7d1d01599
train,images/train/unhealthy_0132.jpg,labels/train/unhealthy_0132.txt,4f9cd42b8f01a998f252390f21119d843fd6b41f68827502e10045ccc975ab18,bb11f420da87d7db1a1cf9e6007812f6ea85a1df0b7feb807d014a0b888dd4a2
train,images/train/unhealthy_0133.jpg,labels/train/unhealthy_0133.txt,fcc82d272bd3365f15cb6ca939b871722d9eeff0d6f4418d88796c9444690911,ac85cee74b85f8d1fa64cf0bbfc8a83baa8491783d4bd1540d28f73213934a01
train,images/train/unhealthy_0134.jpg,labels/train/unhealthy_0134.txt,249d8587aa57c73133630c4bc8d4dbba1e9a7e82974d7653f6846cff54c19d64,f8386e430feb7add2c68d64ede70ab920f0097ae693c49aadd3970bcae23fd95
train,images/train/unhealthy_0135.jpg,labels/train/unhealthy_0135.txt,6dbcba700dbcdef557f7ab99bfd37d6e26e3f629f1bc9881e5bcafeb03e734ff,ee23f673fc93a8565f62243eaa331fc70fecab03af85c4731579fbb15e584838
train,images/train/unhealthy_0136.jpg,labels/train/unhealthy_0136.txt,4e32db8e0c5ac7962f40b065b01d8cbc69eef42d6786b94070fec81ddbbeaf63,c9662fcb622d66873f0fd456c2cf7181afb0bef73ffbab430c5e76d16a749fcd
train,images/train/unhealthy_0137.jpg,labels/train/unhealthy_0137.txt,1ae103e2ae9cdb565417b38475f6a4c198adae7072218d9fe551440c5d690aae,ff284f86bdf85d6080792948a116209c970c432a6aea70a295f10ab6392f06f7
train,images/train/unhealthy_0138.jpg,labels/train/unhealthy_0138.txt,49a29e6fb34d6bf3ba38e33c366fd681886bf6ee66ab98d93d2ef8f7055b3e64,79af69ce51fd27210cc26b675e489ca58a94098f340c6ee99e7293e51ea59f5b
train,images/train/unhealthy_0139.jpg,labels/train/unhealthy_0139.txt,61b43e96f846a7af0aefb6958eeba8ea0b56e3b28027689ceb165dc49d2f5307,354fc735cd8513e829378d17c388a97590be84e3e531be2ab4d8fcca79a3dbf7
train,images/train/unhealthy_0140.jpg,labels/train/unhealthy_0140.txt,a444f6a7d18e98e720eb50d6bb82e6fe7b84e15da8cb795749a0b4833b14ad88,f0797f2d4d0cf1de25d9e15714cf0844fe007d6ef86fcab332dbb9a6ba98a965
train,images/train/unhealthy_0141.jpg,labels/train/unhealthy_0141.txt,c90c41f51197981f574bf5db0e3866e0b7f895d660399e978f0ddc67f2ff2fe7,a556918846a396b41c057459118ffc1dbdbf3b005283ac13df5c13fffcf8686d
train,images/train/unhealthy_0142.jpg,labels/train/unhealthy_0142.txt,7bf59b8c2e46c88cad980e5123996b8c9cea75b470db6332f3027723bea178a3,d48573cb83a080bf128117f735789245772de221dbe7b80bae53d6860735e7ad
train,images/train/unhealthy_0143.jpg,labels/train/unhealthy_0143.txt,1564de4dfa319502eadf207b0462db35413e357aeb4387c11f252ab027bc706d,1434eeaf934c68eb9fe604407de80aa35b71289311a8a026946e36c14ca96ab0
train,images/train/unhealthy_0144.jpg,labels/train/unhealthy_0144.txt,561c18db19644c31c2993b2f5dec45d49962c4aca35cd85d7ede4d4fd8fa4e2d,fa80a8071f4cb3f7c614ffa269732f9be0c2b4df640eb2ab1f110ef80f26d752
train,images/train/unhealthy_0145.jpg,labels/train/unhealthy_0145.txt,4a20a7699d1b65ffbfdd375c82db86e397300d1b349c19d3139a9ebd0246d262,324c1cee475f66f7a5108c6c4e395e529223e4a0733a9e3cafbd74cb36480125
train,images/train/unhealthy_0146.jpg,labels/train/unhealthy_0146.txt,75fdc360989ecc0adda0ea7d34cbb437cc181b02e8d927cfbdf452f85af68a8d,b62ecf64e69195e97aad7f0ff5f7b018d90711dcb4cf8eb3bb8031958ccefcc2
train,images/train/unhealthy_0147.jpg,labels/train/unhealthy_0147.txt,1fe53c6e93fa05813cde9215ada071199f92a81773222c6e2ee0ec4095d9a1ba,d924846c15e35e6f76838690ec50d6b6a3511166a48643edbba6c0a532e0d766
train,images/train/unhealthy_0148.jpg,labels/train/unhealthy_0148.txt,22b1f8ddb5689f7bab41f2c18fc4754bf35027257981dc02b602ecd97a193e80,7017109e1614d87008ad9577aeaef4c65b00298882690db509861e41ab7bfec8
train,images/train/unhealthy_0149.jpg,labels/train/unhealthy_0149.txt,c2105747108c7a36ae98aa7df7f31ff21c27396c36b77c66cc4c53fa70c9a97d,d2d2bc8241bf54f0dac950d7659927fba62a00f1cc5ecec6382ab583596dc15e
train,images/train/unhealthy_0150.jpg,labels/train/unhealthy_0150.txt,1b158a61f1f01c738882de45c56240202927e645b6397fbda5358a429859a6a5,cd6bd69246e05825af73fda1218443f151c730d0d2b9d30f87fb01df8b97f527
train,images/train/unhealthy_0151.jpg,labels/train/unhealthy_0151.txt,83a4f1e7673b709704ac2b2a6a5e815d0f3d4392ce022684ac643f3e41f65ff0,1ab234b1f91765c1923b8380159553168381cfc49194e0727ea4f7b14451457f
train,images/train/unhealthy_0152.jpg,labels/train/unhealthy_0152.txt,9f9ced9e05cac9b33d15f7696b928600ab02990722c4456975b2b71ce15e4fe5,c6391a0b5814e314f8f0ba17a48f8db98d8e3af2228e904532d6f1910b911549
train,images/train/unhealthy_0153.jpg,labels/train/unhealthy_0153.txt,c94b71812cfffdc2c444314f81a5e66006d5b2f8263caf2de2ed165ce3b48e1d,09af0bdfb24018d1ed1c1e373064d35c99e9ae134bd2c08c94e7e69c44d86119
train,images/train/unhealthy_0154.jpg,labels/train/unhealthy_0154.txt,9af5cfd95b370d2ff4b5aafeb0f1178c30f0ea37662c5011f9dfc9e4e5546497,75c665ec1a398616a8fc2f210a62c362d368d2e2a3abc1ae7a5afe0b1875cc54
train,images/train/unhealthy_0155.jpg,labels/train/unhealthy_0155.txt,918c928e3c1e98c46c9c5251be65337d598d885ae034e931703351c4a39dee36,55e394c2e0b88ec456c401aca3a6eeea817b8807c66db2a8f6e9650a95de04fb
train,images/train/unhealthy_0156.jpg,labels/train/unhealthy_0156.txt,a473475fc512e15b493a2ac26234a7383a5594a5e3204df4a22f5a721c408392,3f52a3bf110c5c452f766e5742edb8214d32344096fc1031c0e8abb38b087bc0
train,images/train/unhealthy_0157.jpg,labels/train/unhealthy_0157.txt,50042ed35f5101d3fd9a3abb9f0eff67a052b0e87d8b3a68c65e7fa3b0e2dab4,7d25674f49797936477cbcd0ac3cce5d381b21047851cebabe22c16420eb0649
train,images/train/unhealthy_0158.jpg,labels/train/unhealthy_0158.txt,5dbaa9871f10f22f7ce4461cad6a5340182b20e143df354ca6868e29603fdc68,3802dde079727f06a5b8d4339646a5e03991b0f8c457c24d4db0a9a86d7958c8
train,images/train/unhealthy_0159.jpg,labels/train/unhealthy_0159.txt,ec74b2006a16adc37be912b470f5d3e6633fa7945daabfb2b3afcc8d2e4bf47f,8b762cf7dc0217cdfb5527b62ff15d4fed5cdc3c68b2e1bafde8a72aff5986a8
train,images/train/unhealthy_0160.jpg,labels/train/unhealthy_0160.txt,ec9434f126a55f87a98048dd3be9cbb2fa9292d47469ec63c67ad236f8b5f858,04249d39dd0936506664e05ca1b75bc007e6a41f7ed3288036d82b2d8a59fa8f
train,images/train/unhealthy_0161.jpg,labels/train/unhealthy_0161.txt,7b09b9b7f1e342f91fd2cb650961837b902cdadb651eb1f8c9cac11583dc6274,959d98d9ca51fe7ba5ec9c9108f420e25b22e2f0b7d22badd039cf7d08cb3b33
train,images/train/unhealthy_0162.jpg,labels/train/unhealthy_0162.txt,cfd530ba0595df3f3452e8babaa37bc601aaf129c3b2bc0a6543055b13281172,252b58ca26301ea1022ebcf0ca29d701e01551492ab4216bd4f4139df4bc1e47
train,images/train/unhealthy_0163.jpg,labels/train/unhealthy_0163.txt,ceac93a7ea551fd93a016ae76135df68c53600e22db7a8310fdcd80b3c1c7d45,eff8d419595211b9549f211cfe610375ac0b4458231b73e765f199a13b2e7491
train,images/train/unhealthy_0164.jpg,labels/train/unhealthy_0164.txt,8ad61e3caf7098b739f1f2cab1a23c79b1ec8a7d0df08552d8e3c8221d6f7947,666a80070e7a52baee4209f05035b9858e29e313f032f697b8c78c4201448314
train,images/train/unhealthy_0165.jpg,labels/train/unhealthy_0165.txt,06083269d2c054ae722d75decd7e54b5d35644da12141cbc9291093860c4eb2f,cce394a5371d70bd81021243d4856646360b75a7992f03419287406da8630832
train,images/train/unhealthy_0166.jpg,labels/train/unhealthy_0166.txt,631824c147f0981be1c24e9f73785fac215604af05f41b756f481e5d71e05e82,77422f090be9bbdfa38d4a994b1f06f0e54951d62ceda431315a95b616796b4b
train,images/train/unhealthy_0167.jpg,labels/train/unhealthy_0167.txt,c3eb1b602f54f533dc29c8bcdbac3bc8e73d4112f60e31ffe70dc476a5909e39,91d6f79273994fdd0d281fd4f63db188c381878a37d8408b27a2460ffa0d5535
train,images/train/unhealthy_0168.jpg,labels/train/unhealthy_0168.txt,7a1b25c4a12cae8f976e6aac2571cf71212456f17703aaf737bbd80ee08f8afa,18c8b99cb7e4dc0d54578b44d8d9b6d33bcabc475474a20f23bc956d764e9bcc
train,images/train/unhealthy_0169.jpg,labels/train/unhealthy_0169.txt,e2bb28cd394258614ea7d7a406f600949b46303d0baa5953c2b931cb69939005,8aecf52290b4a9c0b6a2392835a9d4ad0e56f878684e95123fce1f0184a774d2
train,images/train/unhealthy_0170.jpg,labels/train/unhealthy_0170.txt,daf2a9680e9d836b9ddb4feecdbd5f5b0b78c0d866d378819226b1e229ae4678,3512fba736cbb10656cf9aefdfdeee066e5c6d7397d993c314e2dbcb92a7261f
train,images/train/unhealthy_0171.jpg,labels/train/unhealthy_0171.txt,01189526718a34e82ba94e16c400776c46a4ea9f8ef5b534385e8a7d37e2e152,12e163a321bca78c2da3b60379e494cbc51e0593c0b7f36bd8bff073b024200c
train,images/train/unhealthy_0172.jpg,labels/train/unhealthy_0172.txt,d6160aa520855d2a430f7e35bb1d29fc064920a6ac47082ab85708db06cb2603,22c594a5d1317916ca297229eefaed85a60a759e2fa4c3e29647091ecf90e965
train,images/train/unhealthy_0173.jpg,labels/train/unhealthy_0173.txt,9295182438d1530bbf84b5e5aea3a0b5e8e76ac11886ea575ec4644219710dc5,db7f506e2de1b7b1984810b0e50fb391f49c2766e002d13a9da3b7e3e9815f14
train,images/train/unhealthy_0174.jpg,labels/train/unhealthy_0174.txt,750607a37b33a3d6844700da94d3fae5ada4e5ebc825e4d39588725f188fb6cf,812db31e64e85e728f7d626d0aec49c369abd0c8351dde44a9008f0fbc376bae
train,images/train/unhealthy_0175.jpg,labels/train/unhealthy_0175.txt,b804d366b9c9fb0f459344297a869d6add5f472744ec84a560afd77cd4c0dd1f,67c70f0b1e4f79beb64921a714505bd2ac894cb0b06da662970cc90e36e5553d
train,images/train/unhealthy_0176.jpg,labels/train/unhealthy_0176.txt,7675a58ebc2d0368cecab05b8a468ef59bdeb9bb245801fd2414c51ad6ffa588,f32fb8dee76071fdc55691f5462bc1668305e31eb13bf17896310ac6b3fdb21f
train,images/train/unhealthy_0177.jpg,labels/train/unhealthy_0177.txt,5e8c4b53e85cccf04246d79585838c774290be0045a3ededdf6f0607d98579dd,7906b9cb1f5626cc914ed91eb598150894abe3194df0bd44a0443c5f4de6fa29
train,images/train/unhealthy_0178.jpg,labels/train/unhealthy_0178.txt,8a555f001c3ae999a69b228c9dd84689790b65dc4323b8569fde0afa83b6e85b,b76c86affb0776d718cfb4d338871204dc28023c96a5b49d97eb8425b5aaa856
train,images/train/unhealthy_0179.jpg,labels/train/unhealthy_0179.txt,9cedc2f5e89cb4e6f362c962484bb311ab85374f5ef9febe64e6a86dcbc9186d,a201a455d71d92cacf455d86041f76a8d75389d64669be202ae5db12e6f285fe
train,images/train/unhealthy_0180.jpg,labels/train/unhealthy_0180.txt,1fa75fd5505f91c95942341f84edf23df38420b4281e2f9b46ce662dee115572,44fc0fe9005d89bdc07992eb225ccda64e9a6f0d6149164fd87c892aeb63a801
train,images/train/unhealthy_0181.jpg,labels/train/unhealthy_0181.txt,4503fdbef3e35cfadb427b40bbb3cbe2caa17bd463369b7f368cf3bac392418f,1e46677398626d7b1a3ee61fecec9beb4de0f4c92345e503c75911a91a06ec3e
train,images/train/unhealthy_0182.jpg,labels/train/unhealthy_0182.txt,855e02435e4c731b2b9c513d3020c11beffbc7d12cc3a7c73140ecbf1c24647f,e074c3b80187c37b5842aac44592f9d068fafd99f0d3e113a38fa3f6e6c9592b
train,images/train/unhealthy_0183.jpg,labels/train/unhealthy_0183.txt,742e6230e95100f74ada31783247b5e0333eb1527e49c0b382d9ad8f9cd34c54,9d12de60d53419518cdde207a8f7b5f6c26285ecd6a688b3170fb6703d873138
train,images/train/unhealthy_0184.jpg,labels/train/unhealthy_0184.txt,0747c0ef22b38bcdb691928eed97fc846e86590cfefa11e56be3687d57606e9c,61611de51792aaee7beb8b15d8401f216bcff2db4569f5643ce69242b490b947
train,images/train/unhealthy_0185.jpg,labels/train/unhealthy_0185.txt,895e64662c5e3785754525099d24ddc3c4d7a61feaba887f338fbc7f021e4ffc,784a39a9a5a5ad0accc38a3b6865f1e99c3fc378179f527b5e3e3e87c53fee98
train,images/train/unhealthy_0186.jpg,labels/train/unhealthy_0186.txt,0e09f19c544c2f7316574ae773237124b600bc2b31563f64c3a0554f3874ce68,a8c9e8889b2ec8f557f963f641454051677ba73f1d645aeaa0910497cf87337e
train,images/train/unhealthy_0187.jpg,labels/train/unhealthy_0187.txt,f6e74e51671dcf0c2038f637556fa58d8760dfaf99f0582053e1742c0d4ee761,7ee49bb81101372bfb453ccee3416d874904c854f3f5070960c349ade21b5110
train,images/train/unhealthy_0188.jpg,labels/train/unhealthy_0188.txt,ef0500c2273e978db3cccd420b64b87ba511923507f219e603b3c1a5ea432003,3656e9c451e48839ae8c67abacf21f7f68ff5f6b13f0155fb4cf4a011920bb1d
train,images/train/unhealthy_0189.jpg,labels/train/unhealthy_0189.txt,ead6448789a2e14c68feb34840d5bccbafebf83480aed5950d41419a1b8a5118,bd28ff4c0940cabde79cbb07502c5ce3c6ea064d708c5c8fe445242920679caa
train,images/train/unhealthy_0190.jpg,labels/train/unhealthy_0190.txt,9d8642ed6455a35f305976bd5fd3a82f623cb5bb6fc414852516acdee7a3b1fd,7b0db45acebc9d575a1ecfe77d5b35d45dd7d02081e29de05c71bfb7bd80addb
train,images/train/unhealthy_0191.jpg,labels/train/unhealthy_0191.txt,be6927861c8ae5284153c5dd554458290d1039a87219e759424626298bab55ff,7907bfd45fa3b8f5cb0a434db8decb8f62f48cfc62507016e6032016c4f6f384
train,images/train/unhealthy_0192.jpg,labels/train/unhealthy_0192.txt,77c128760e8ebd56506da273de63d7c3faca77a2b9d36730d433578deedc9b26,348da4d4d10d5afee95e951b5d0da76e75c98bdc408ff46a819ddc43271f867d
train,images/train/unhealthy_0193.jpg,labels/train/unhealthy_0193.txt,f4790eee427f267af9e2fee41c34be59dc6959fe6ed838af4aa9a2f048620571,bfb4da63b975bd061537c743ddbecea6e15d58e197a2acb6d8466742790f073d
train,images/train/unhealthy_0194.jpg,labels/train/unhealthy_0194.txt,94b6c255e5cb26ac9dbb850a6bac6b1d70f58b2492fca37a65a6c96bf33e4988,d31b5fd0a54877e63c6d567ebeaa7820912adf8d790964c9be9093612efa4575
train,images/train/unhealthy_0195.jpg,labels/train/unhealthy_0195.txt,6c1e1bd9e660893202dc5ce33493ac11517d67a4f8275b3a67508b62de3b9228,1abbb40360b9eb4756145bf83b2bbbebf451692ac4a0709d6354feb2aae17810
train,images/train/unhealthy_0196.jpg,labels/train/unhealthy_0196.txt,923972b3a201d5d2ac1572c9208d423f6efb94fabdec740cfe74be972813590d,3a79d298b9bbb1aed0ce57fbce89f43e553f5b702dae0ab73c83a66d36fcab22
train,images/train/unhealthy_0197.jpg,labels/train/unhealthy_0197.txt,b19e7b3ef3046d4344bca9bcb15a51c77eec623d4109cb59fa0e634c9a2113eb,c744f981010abd8c742c96533ae85200bbcf93d30594c52bf2644cfc4bd1cadc
train,images/train/unhealthy_0198.jpg,labels/train/unhealthy_0198.txt,c76ebf925e46e6eeff5ab38a4db272e7c31ab4bf711bada0ec1db57b89ec0be9,903b067ba826453d1f76debf4a7d86cc65a38c3a5ffba4879c2ef02246ba0062
train,images/train/unhealthy_0199.jpg,labels/train/unhealthy_0199.txt,2de4f5c3b619fb05596865fc881418716550996ca4001e2bf8d1655a05bfb92a,b1ac5100701869c6589324062934508f261f43d52ce3d865ac553a92800880a7
train,images/train/unhealthy_0200.jpg,labels/train/unhealthy_0200.txt,5d4ca96c115e9fbf1cdc6746a3bf5164dbdd3bb2ab9593f6dac4767ce27c4909,b112945b2e7d816500b6b2b312ba88041a60f90fdbfcdc6717aaf060e84b5981
train,images/train/unhealthy_0201.jpg,labels/train/unhealthy_0201.txt,ca9966ee28636a0f17620e75a26656e0932e70182d4c115f3b03ca7b6fc92e61,97f465a0fdad3172257fced3c80aef7863415dbe5ff2d2cf1648db2c72b52fd4
train,images/train/unhealthy_0202.jpg,labels/train/unhealthy_0202.txt,ccfc47b8b64d5d6eebabe24c520b5e727dcd48675c79c8d94f08b3d1b115a62f,c089e58aa6ff6457bed56cf41e97919caecb4d55ec0e4714f010c06b892df17e
train,images/train/unhealthy_0203.jpg,labels/train/unhealthy_0203.txt,2ba89d6e7262bae172a2488833ceb3ebd7f07bb69333626e4302acac29258c5a,10c38a45edf27eea6a94d9e709165dcf96117318fb693ecba59ccb8da01f7d2e
train,images/train/unhealthy_0204.jpg,labels/train/unhealthy_0204.txt,78a49575da3c59babd75bd1ad227779de5ed7b4b073f71f2011ebc3911c26959,aa7d10da9885e0203ebcee7ee94ad497498223809ef0cdefd16a9da4f4bd2b51
train,images/train/unhealthy_0205.jpg,labels/train/unhealthy_0205.txt,591ef06086082dc34fb9e8e96779e005ccd7843fe16a0433ec4669e6712ec06d,7a674487e6b60d75adfbdf3f30884017204936faf6a12dc49ee0e1bca8abcd65
train,images/train/unhealthy_0206.jpg,labels/train/unhealthy_0206.txt,d111b9df7b68a34eab479271b846e381adef04ab784f7a4aa2764c2c746a9870,4608de1c528748f250eeb0a4b0450b9b5acf86aca593025d76d54a2bd757428f
train,images/train/unhealthy_0207.jpg,labels/train/unhealthy_0207.txt,d0e261fba1aefdde7ebda0fd7d688f92e17106a1c26eb06e1fa1e0ff3cffa558,c1c5bf35167086d0435e7427f6d3874717f37de7356f16e3d357dfe4fa0ed11f
train,images/train/unhealthy_0208.jpg,labels/train/unhealthy_0208.txt,328250013ec04de819afa2f91f9d64dd4c2d9b3f2e53fe6d83ca2ed52ec6a4fb,8911e5038f6d1ee3b10b969ce81976cab81f45369e8dee455bcb6216c47cf543
train,images/train/unhealthy_0209.jpg,labels/train/unhealthy_0209.txt,9647c2c6074b049424a53ebbeff7e9a05937b9bf232ba3538a16c105ca32d6f7,499c2ccf3a8e1cfc5fcdfd24659d90f4fe12ff02185411715f8558a0f85bd169
train,images/train/unhealthy_0210.jpg,labels/train/unhealthy_0210.txt,03f981ac1b807219c7bfd71b80108da21deba596d0667e6c3b92e7c694edd038,e7751391590b23b46e988994751c7cb1bb7d1766e297e3a5197042f56e03234e
train,images/train/unhealthy_0211.jpg,labels/train/unhealthy_0211.txt,e1132714d1b5c4fa9022708e11e4f8c8b627c93f85bfce97ce613fa04c7459d4,3fcf7c606e60e8923dead8d7a818bdd07492c4c4ff00a8fb691300ff81e86ab2
train,images/train/unhealthy_0212.jpg,labels/train/unhealthy_0212.txt,36376371f917644bb4a02e8280825e9a136e4043ccc2b92a7d8b9b47ad7f7bcf,106f2f16a581599eaa06470854c9498f7ede58e554f8b1f733add5f5dea18ae2
train,images/train/unhealthy_0213.jpg,labels/train/unhealthy_0213.txt,f8558a794b7d7c75dd48ac1fbdd3fda0f9cf95b4431a0cd8be3f3a802139c91a,3cff5a07f0132fa501f5f5803c0f069beeab8fbc589d209b3ed2535bd289d2ed
train,images/train/unhealthy_0214.jpg,labels/train/unhealthy_0214.txt,3385c87d8366a629d942a4afa9edeaeb7cd906cdb85397f6f2c8ed109edb166f,4ee7d7847c7b57b0cfacafc910571602a9186529f5558607acbc09286c239167
train,images/train/unhealthy_0215.jpg,labels/train/unhealthy_0215.txt,3d347216e74e41fd4159726123914a59874f8d61861abd3c4c5d8aac9be2d42d,3cdb08d57f8283ae0bb51444e2e505752fa6c90571d805f25778023ddb5b8649
train,images/train/unhealthy_0216.jpg,labels/train/unhealthy_0216.txt,03f11aeb41941082039c7f2389f6576a7445409cdc7387770690855e9776c410,4c6cbd90ae2b4ae10fd35078edb813539cdf25fe10ebf085910965ff02eeb62b
train,images/train/unhealthy_0217.jpg,labels/train/unhealthy_0217.txt,82c39f2a34c8da3137d37cfb5e909708ec5650012ea5f87877dce493804e1189,93b33e2b5e41842fa8c67de5be9f09c629888235c7e4c62592e6d948f636db36
train,images/train/unhealthy_0218.jpg,labels/train/unhealthy_0218.txt,eecc99abe324ee0291a610f3cf4927868fde18deb9a0e46f5e72ba0d2c8d68bc,3684c6bb242ea1cdcc7d45df23ca9f7922236ed343268a3415340aa5c6a62761
train,images/train/unhealthy_0219.jpg,labels/train/unhealthy_0219.txt,d17ed555a383fedb67154250f68d40678cdfff649759e307dfcb55a08390ed1f,5a15a74f7b27ed81507b9c44c8c8e29b172313648b977290243aa652a91f8055
train,images/train/unhealthy_0220.jpg,labels/train/unhealthy_0220.txt,d66a54f90ee213c5b92fb922b74238d23b6fb9bf8f962685fae56598251ca2fd,7f6ada10a646bc392ba1a9305d14b2a5b2a6752563361dee4f50aa47d427d7c2
train,images/train/unhealthy_0221.jpg,labels/train/unhealthy_0221.txt,e6c59a922cf98c86e10293687254513ce93e800f876047f4a2762954b9a790a9,37a81361428eba9da9137d4911c4f9c5fa7687ae1af17d03b66e3696b6f5dfde
train,images/train/unhealthy_0222.jpg,labels/train/unhealthy_0222.txt,36548f9b9eb1e6f74d97d94d494ca33111cf572a5f9b2513856311c8775de9e8,882dfb93f2388f300d13e595c4a495153f630438840fe864990505d38423ecea
train,images/train/unhealthy_0223.jpg,labels/train/unhealthy_0223.txt,403e2eb03557974c8bf721ad4e6cfd7f6c46754947f902d068c2c27cb507386b,9ed7261ed59be65536ea12ea9109c41b52f51a3a5558afa6188b187753c0a831
train,images/train/unhealthy_0224.jpg,labels/train/unhealthy_0224.txt,db6c7ddc78f1b5030dfff3a1e55bdbfa71b57bb3d0922067c12531363123e15d,339de60e4a4bf731a185c47fc02820241029dd0fd9a7062aff33b04b5ab829f1
train,images/train/unhealthy_0225.jpg,labels/train/unhealthy_0225.txt,012c02a4455895545740ce63ef76be364f4bf0e2df4923785ef00f37d30b8710,87b511d17ae0c70c6e9574114486fca780355603f04d9ab99fbb93fa460683e3
train,images/train/unhealthy_0226.jpg,labels/train/unhealthy_0226.txt,aaec10daefbeadb2b10f636a4556dfa52231f3cca28d59c9fb698f0169aea720,d886d277f3ab1dd04ad61b716a75956a823bff0172298114f9fd31250a036f0a
train,images/train/unhealthy_0227.jpg,labels/train/unhealthy_0227.txt,acb1f9df829f5c014f081a9506f9f0ff70ccadad1cc33b7614b5c944c6fb441f,92883a2d6c4ac22ceba4760179b7f7eabdc550e8c5bce9883e05670332eb6203
train,images/train/unhealthy_0228.jpg,labels/train/unhealthy_0228.txt,bb08a48cb3875199934f59c7676b22961a5a846a2597f6303d54f1b3e20fc759,d802281284aa505bbbc8f9df6fe00bf3dfa31d5957e9ff09f9cdb4e24fadbd7b
train,images/train/unhealthy_0229.jpg,labels/train/unhealthy_0229.txt,a3ab0216244fc890d1ce33ab1e86076498757bb0cbd10c5be933dbb03c08cc67,c24a1a45dbb6ac46fa587e4aff1b33ab33219373da3c19da9c34136cb3887e9f
train,images/train/unhealthy_0230.jpg,labels/train/unhealthy_0230.txt,8488a460b8caa340386efe5e10d2cac9ade73e6c71e8689469e61b1c60d6ea94,f76a2498b7a2a643649b6eb1bb75d7caa20a05de2505ae07844109780f0d0a63
train,images/train/unhealthy_0231.jpg,labels/train/unhealthy_0231.txt,80e1304325fead15b529b702b342c9100439612c3a19e669de027d8e3282cb7e,56cb3bec4f2c414aa76075356d1b9896ea671c44ee4cfb7c6139f27bd6d98415
train,images/train/unhealthy_0232.jpg,labels/train/unhealthy_0232.txt,15241d272d1c40f32dcb2dd6db922cbf91f228a166f07672c6434499daea6f1c,b1a56a8068e38f8dde46bd8009a60894b37299251491ef3b1dd262bd0074d55d
train,images/train/unhealthy_0233.jpg,labels/train/unhealthy_0233.txt,e86386ec8b2d8201b7e86f0efba8049793510d5e3da071966d2aa7264a4c2d89,5827291658509749b1858279298497da4c0e975a2c084b8e274dab9f4d32f7d4
train,images/train/unhealthy_0234.jpg,labels/train/unhealthy_0234.txt,c466eb9531ab6c238afcc2e8c160805f436a27391d259f4e47750ddd0643f15b,685caf10bab84411d9ef3ff04f4de8a344b480d5e7c7673008e25eeac3b09ab2
train,images/train/unhealthy_0235.jpg,labels/train/unhealthy_0235.txt,fdd9b958d2c78abd8167dfe7aa8cf193c2c35cb0cec5fae4275633edf11109fc,56d3c55d6a7f1b7218436741363d779ead4d8798c645c7f67b729062d743cec2
train,images/train/unhealthy_0236.jpg,labels/train/unhealthy_0236.txt,a26e6945a31a2e7f600c77ee0c1e49ec5063f0def5d27c77b1a13356dc96f441,5878dd22935b7340398b5e26ff5e173b64c4be2702f1e5a6d008f983002c20e9
train,images/train/unhealthy_0237.jpg,labels/train/unhealthy_0237.txt,64c4c16cf8c5c0edab6d32e160f2439484104850303cb809af9361f3b56d7798,f3cbb215fe710fcdeb53353551cbf98aaf9bcc34207f0cb7e3aea58f3f6fb925
train,images/train/unhealthy_0238.jpg,labels/train/unhealthy_0238.txt,bff9dcfe9f23ca4a8cd037351cd34ccb55003dafcc88c0dde888fcf220a43f94,6e45f8c53bc2d74cae326c8b6610debb46ff133f9433d0b96b22b0ffbf36cc10
train,images/train/unhealthy_0239.jpg,labels/train/unhealthy_0239.txt,b16d5005f5df65ff5c61fd01115f06d63d3ef863e171ebc95c8cf9e838f53b5a,ab602cff92261ee3b1f0c5f159884654ae84f91beb617a0797c3d5984c43a8ac
train,images/train/unhealthy_0240.jpg,labels/train/unhealthy_0240.txt,6f71695d95040683d359262a229d441a86a15cbeca9d8f90fe4be5e61bbe1e62,accb0a958a8905a554322c74ec3e56d0261ce84f1a04ee0b129c71c94ae878ad
train,images/train/unhealthy_0241.jpg,labels/train/unhealthy_0241.txt,e396e6265e878a05db77e5d9ee22ca8ae31d85364aea6d601dfa95fe6addae3c,2b1ea1254fd3335f0f2eb2b08d7eaca39f67a2ba5f7b44af31731789872c2aba
train,images/train/unhealthy_0242.jpg,labels/train/unhealthy_0242.txt,5cd28f1ba97ffafff92902f81e8cde64546c04cdfd65d95673531fc54f9c752b,933e992e32390cfc28f2cb3eb5211c29df4dd825034496a2ef9424f0d4879fc0
train,images/train/unhealthy_0243.jpg,labels/train/unhealthy_0243.txt,cc80cb21c015354eb1273b3a1ac447afa5a43f13ab3970b4fbfc376dece8271a,7cce460143005ea965b90c851f3af60af3c20df8ebf0fcb11b44193dda50d9a2
train,images/train/unhealthy_0244.jpg,labels/train/unhealthy_0244.txt,5ac2094f94127328e215624b9c1dfc8d97569fe72610b84b2c44790cca4c13bd,fd30bc9bfda80a3affe174c8fd495c527059a31cc9eef185aa627a1d5aaa165c
train,images/train/unhealthy_0245.jpg,labels/train/unhealthy_0245.txt,fa7a68ac5398db914f3fcd810ef907a1ebd51ffb32f28e4246e9087d55dfdb01,8ed0783b0e542dd332cba4a90ddfea2ad27af5972d657c6590af3617de5e8017
train,images/train/unhealthy_0246.jpg,labels/train/unhealthy_0246.txt,00d518d18e333ea5e5c12d7766d3a2b63d14b72f67f7fbf3e953d4046517d2ad,64e411f8c7afe0ccd5ec117ace255e1450ea162c40cfdc2a7058f29fe7a9c8fb
train,images/train/unhealthy_0247.jpg,labels/train/unhealthy_0247.txt,baac3ab7c0145372cefbd346d3f2481e112f829a5e522baadd5dd4c8b6fb01fb,340d88160d110f440702a1487189561fac463d32eda18edaeac1797665647909
train,images/train/unhealthy_0248.jpg,labels/train/unhealthy_0248.txt,f8e7e30f243e0b0e61f2e17d5d0270516a3a2520301deb38dda3c3e3d377b663,81e8c42a8f0284b9c2e2470db012f890e850733177e5b52596ea30e0e3f14a21
train,images/train/unhealthy_0249.jpg,labels/train/unhealthy_0249.txt,4fe6b32e84118ef41292f9daaa72796b52b1da673bc12005a2cc4265f1a0dfcf,555c402c4e83768af48d26583e23066a04341f08e36fa1c9ac8fe5acde2d118a
train,images/train/unhealthy_0250.jpg,labels/train/unhealthy_0250.txt,045b18cda23b2b702aa067d0afa069bbe889433e200b6aae38bfc582dae700e2,533d9be49f5231bc6c79afa8aa20c59006d6622f1a74a7ee8dbddd9982388579
train,images/train/unhealthy_0251.jpg,labels/train/unhealthy_0251.txt,5655d08707e685c70c5a2e1180becf233c7e470d093e96e028ccd5a386d6a853,4696592b3c667965182d106ee8d1441bdfdd70aa75c7b22a15a8f8a81961d0c0
train,images/train/unhealthy_0324.jpg,labels/train/unhealthy_0324.txt,f99b5b8d1893a5d6b6a790651dec3d5f4287da52f1bfe3c724e525968bfaaf1f,29b027c7624c4c16cf5f98f858c578bbeabf2950c164a59d939ac8f5f6b9749f
train,images/train/unhealthy_0325.jpg,labels/train/unhealthy_0325.txt,2216664b80e8d8182b2861fce2aef550682f6f62ddf766323d6438c6a5bb66cb,d276b5ae0d2aff97c821ac2055ea9bbc5531817b4afb1d7e8a02cb4d11ca9529
train,images/train/unhealthy_0326.jpg,labels/train/unhealthy_0326.txt,b79be7303011ba64f881675529a3244bd6e4b20cc4215364d1b79d79956f2397,97df6e153915eb62f6b3afec48f9458be2e9611c73a27fd28d4d69a5d5ae8abe
train,images/train/unhealthy_0327.jpg,labels/train/unhealthy_0327.txt,3b862e4977d353b1ec86c448169e66135a7ef6425228b65c6cebe91a106ae191,764c14f58d9d1b922e39c88073da6e9cf9aafa218f0bb0ec5aed99033011668c
train,images/train/unhealthy_0328.jpg,labels/train/unhealthy_0328.txt,8e4293063c065c62132a02bc6298df257bd09206e74e6d283f245efc9ced1549,ae6bff8a0bb5249151f5ab68fcd320b35dad6e3f452005a2812bd40224d37722
train,images/train/unhealthy_0329.jpg,labels/train/unhealthy_0329.txt,fb19ac3ef4cd9b5b801624d6204b7ffe4040cec8e41691122b930dd12d6e595b,06233c4ddb963f0991fb82ae3a4f52a8a1397b4321cd9e4b34c351dbe664e4c4
train,images/train/unhealthy_0330.jpg,labels/train/unhealthy_0330.txt,28f38ddde490ccd4c36346dc0f5fc6eb98010fd6496b3b99cd57451a8b77e338,ceb8aa64c12eb72a8c674ac1ae2953def139c553ae6811437fc33d8d4e83e254
train,images/train/unhealthy_0331.jpg,labels/train/unhealthy_0331.txt,b94c7008c2d1cd9229a99092b93251cd57350d28bc971ba1f1cf02b1be94e07a,b6f8de3be6a41b18e8ebdbbd797c95d4efd26624a841e3fd524073b509aacb68
train,images/train/unhealthy_0332.jpg,labels/train/unhealthy_0332.txt,fd58be91aa3a6e43a5e424f8b404ac093ef5718e6c3be4a770a338aad97803e4,c6702f9935e2ec5130e3c5681b03c452265662f8a558c203c6cfc1a212ef80f4
train,images/train/unhealthy_0333.jpg,labels/train/unhealthy_0333.txt,2610e2d0223c276a5c46cc2dd2a5d5b5f632b684d6866de7cbb725a079409f70,5b5931b08a33df55913203965ffc89e9b02e2eeea1c5c1970746fcc167f6e4d1
train,images/train/unhealthy_0334.jpg,labels/train/unhealthy_0334.txt,a6c00ce2697d5b9e36a338153ea37579176a11f3f719b850d0f1414629282606,282cfe42111ca436546a1fdecb995048b93fd95b29d4cad0c21c1756819f026f
train,images/train/unhealthy_0335.jpg,labels/train/unhealthy_0335.txt,1b52c22c2d15b7da44c75e97b1890295f56d46fa8cfc254cdb0acf0597515415,951974d841e24713d3c296578dd84dbe6b9bddeae526a52dfa1c82565e59e1ab
train,images/train/unhealthy_0336.jpg,labels/train/unhealthy_0336.txt,ec268de164f65a7d0633d7aa363f35782a0fec8873f56f2ae24b10e7c03e3806,7f654e34e397d0e9710528869eb6e25c1e342c98280feaf1f97063a907b2b714
train,images/train/unhealthy_0337.jpg,labels/train/unhealthy_0337.txt,012482bbc1db8f5e139c87d129f77f572fcb8ba82b228ffcb2fc315dae6b1b6c,8010ff2ea95097aaa309d16575fe630d30116c2894e7ee594ce502658a7b0f79
train,images/train/unhealthy_0338.jpg,labels/train/unhealthy_0338.txt,3fbf55a55bca9c3cd1ea55bc9d4a2d3b09092c47802e82fa194554874ddab1eb,32b10d30a289ea9966415d7915cc4cc1441fb0e7060a5633ca965f6d71b0206f
train,images/train/unhealthy_0339.jpg,labels/train/unhealthy_0339.txt,4ede53ec982dc863d4282ce45bbd4a1c61d81359f6d970e68753b78ad6b5fb5d,909f9940163a377898e1684c9847079c7cfb6e8e60f017a789bba1ab3826188f
train,images/train/unhealthy_0340.jpg,labels/train/unhealthy_0340.txt,bd3d41bb50f186f5273dce4a62836a4b4c5e38554594d2de71a25a555c93ace8,dc5cde32ea4ec1e3e03e0c2263fb261c78c52b8e7e7903d20d7ae33ea3c77672
train,images/train/unhealthy_0341.jpg,labels/train/unhealthy_0341.txt,e8597e881de6c3827006c41ac8a408f7b1b158f5295915f5c433dce82ca91b8d,05dfc6087ca37c953937292a7782858441dde8cac1c24e6a0b9b5a4e2fa0712a
train,images/train/unhealthy_0342.jpg,labels/train/unhealthy_0342.txt,488d6bcc98fff9a2541aabf42fa49a1f0de7ab581c923139097268d2d1f091d1,e84582dfad2d44b5b03c9db071bf1ea0630d3a5efc5e5d60de61a758bc7628cb
train,images/train/unhealthy_0343.jpg,labels/train/unhealthy_0343.txt,e7797d7c9643d63e2706b6bd544895edc77302c6d1fd6a4fb50fd7f7c1321b68,527a491dea18235113d3772dd00b16670dd191b6d2cb5656f51e8a6762b3259c
train,images/train/unhealthy_0344.jpg,labels/train/unhealthy_0344.txt,8d872ec371f5783e9bbed974d88deb7051a6f69a28c3e4b0ba1c92a93de05f98,2afede2f029499d144c87773e0f3a81caa7f8ad5e939d9559a8efa585726aa94
train,images/train/unhealthy_0345.jpg,labels/train/unhealthy_0345.txt,a22556cb9f4ff0e98f22fcf3b7ce1264f004e8a9bc99dc71bf73c1b68147d6cb,54dffeed41df8f814159abf644603307074dd903a7c568239a14f95515ccc698
train,images/train/unhealthy_0346.jpg,labels/train/unhealthy_0346.txt,409efbe3c1372153213e9d2117122abda43725d74592f853f1a8bf686f834aab,a283f6ac79674159813bfc017796832cd10fb56818bf827bd0531d953c8f3850
train,images/train/unhealthy_0347.jpg,labels/train/unhealthy_0347.txt,f74a06deb2af7ea39cfaaed95edb433939318e21dbae8cc59d4494fc17998a87,0be61cd943c752c2d3f8541013e58875b33291969b35158927e720ca8d219827
train,images/train/unhealthy_0348.jpg,labels/train/unhealthy_0348.txt,03bb095e7d5eb26e57f739ba3f8ff3354bd4bbcd7d43630ec1bbb63618c6efcf,09e746c2b3680967e4f788329f1ffda88579639373cb95361d2bedcdba7c7822
train,images/train/unhealthy_0349.jpg,labels/train/unhealthy_0349.txt,752e6c70478de8f01348bd28bef27c456643fc3a1e86ec45c3c750f54b8d0c30,73abd0ced5f9420144e248069c8908e6ea380cd25579191a50f6024a2c904cbb
train,images/train/unhealthy_0350.jpg,labels/train/unhealthy_0350.txt,3511ffb7de1b4b2b94903b821de8f286e2f36c316e0f070ec14d1c01f87b03fd,0b5229434eaeee3b2df988d92d2a2475ba1ad784cd7433ca9049b903f76332a5
train,images/train/unhealthy_0351.jpg,labels/train/unhealthy_0351.txt,68fde2000536de75944a348522083d09d95c2763690a61fbc7e924e3dea83a6f,e2da90624d0ef765e81c21e68ece0f49e19367339a5d5684f94249fe5463ae8b
train,images/train/unhealthy_0352.jpg,labels/train/unhealthy_0352.txt,8daf3f2aba79fd7b412c406b4919e22c16e39519bc0e39a849b8e0f3a97c7204,26f3b14c68030910db0f9bc64b265d15c65bafba67e6c3c756e4ca8c0210c4b4
train,images/train/unhealthy_0353.jpg,labels/train/unhealthy_0353.txt,75591fcd7e9f10cf73b21e40cf151cb7ac165071807c2126b17359c206fcc1d2,26af94ff0a48559206ef96763f0f615316551f392de7d92232fb0586e9cd94ef
train,images/train/unhealthy_0354.jpg,labels/train/unhealthy_0354.txt,f3a73ae6f5018165b782c2fbe6ff8e8749c14c888edc23de15504ffa54696746,b5f60c0cb9cf804c3f0c8d084be7211a361be276ccfbd244c91f6c12e1ca7d15
train,images/train/unhealthy_0355.jpg,labels/train/unhealthy_0355.txt,1725ec45420ba810a8b2894c26c1316c264a0320be455542590288124f7d65c3,2d1315e598e7dd759ceaf2372b5758b36e252984e5c8970dd5a978aa3226059f
train,images/train/unhealthy_0356.jpg,labels/train/unhealthy_0356.txt,952fd16b116beee8e70f626cbd8956f828437d1ebfce49c18f119476b8e3c0c4,59009b1dfbe41f749c65af6e23e601cf088d0e8b60864d94e185ee26960ce1c1
train,images/train/unhealthy_0357.jpg,labels/train/unhealthy_0357.txt,ff67cece194f1467a8facb90a0b256ff48a548d0dee3d6dcb8a01c6a198cc477,6911e1053fab2a367c0a517659c16d7014730eef60a6472d35e1549c0760055d
train,images/train/unhealthy_0358.jpg,labels/train/unhealthy_0358.txt,beacbdaba7a1f2fbdfcd14af16ad05edba192f8ecbba37ac5f4cf24eb0b69e1b,9d7971bc97e14c20da75df6eb70f20f2f98504e1b2cbccdaf5d1215656820cab
train,images/train/unhealthy_0359.jpg,labels/train/unhealthy_0359.txt,19a8bcdb7d281624007b211240b34f61ca6c0290a04d96b7169586f686da5e1a,86610d84f990fc137951dbac8bc014e2b64a0d8bfdb549945c8847649dc6fcae
train,images/train/unhealthy_0360.jpg,labels/train/unhealthy_0360.txt,5e4aa281ef2ebcc97f5efc1ef47d387bd69e78ec94c81cf53c6faba77cc8ecbf,1ab0e5e877326899d45b2e3774055e148a3a9f56208775532a36e1517abdb190
train,images/train/unhealthy_0361.jpg,labels/train/unhealthy_0361.txt,04df8e6bd2b703da6c1f173811ecc690ceb509725ae6b6e371590543631f336f,617e348f774b31c3794eeb91ccc29987d1d341f2dd67e1fb71860350860b52d0
train,images/train/unhealthy_0362.jpg,labels/train/unhealthy_0362.txt,c8348bcd6e682c681e62c40fe17e16ddb3bc552d3d703eb10fa82e093ab33651,a7759d868b17106cc0169c8492de61d9c7819183e64566b68585f46fbdf406bf
train,images/train/unhealthy_0363.jpg,labels/train/unhealthy_0363.txt,5eff6d3e004bb6afda665d0718fa87fc560008b43ad3391e4c443e541f77ca91,5bbb573e6060134149897bec114ed8cb42d1662b42abbdd06888f6eaff69e1d3
train,images/train/unhealthy_0364.jpg,labels/train/unhealthy_0364.txt,7834f89514adaba090ef3189d0677e028bfa79124a9b662465b96df0d3ec6bd7,6cda297858d63a8233faae1dc44762acf5ad6569767f2a294a4140b1a8cee135
train,images/train/unhealthy_0365.jpg,labels/train/unhealthy_0365.txt,8e4e2028c79ece3a9ccda9e60d1b6ba2b30c4505eb691b4e04d3078aaae1805c,f9f135e472115f6d06d3cbfca67c8a588f8663db7ff39b453b08f8807c07853a
train,images/train/unhealthy_0366.jpg,labels/train/unhealthy_0366.txt,3f977150933a62bbebc075e4b6e8a060c93e6279318cf95ea6d0e4433869cc7b,acba480bea67f5010d84fb0072de5e6ada8e62691638bc35a66beafe5b239778
train,images/train/unhealthy_0367.jpg,labels/train/unhealthy_0367.txt,d7cbec13473b13fb7ee653cf43324c483e825b4c11d849ac1b07474b5a5e7171,0cc6df51ce974ac4978fbb0ff4f69ad8e7979a76c71a0cb1f20b76678a68263b
train,images/train/unhealthy_0368.jpg,labels/train/unhealthy_0368.txt,ce65f00a034a6c2bb12ea0a97ea939d4475b0758b28d3c1b32d73a4425354c7d,4b83b5c0979281bcf32e860a6a814ca44a7b69a93818a641e2b62ee95654aa75
train,images/train/unhealthy_0369.jpg,labels/train/unhealthy_0369.txt,956e9b6b00a6b9a70a7ee6f776496489f41a900b2ed9a1028c03d8a16b5897c5,5f46ea90ae2b96428172f5f73e30157b9e047cc59fc58d9e236728b279388872
train,images/train/unhealthy_0370.jpg,labels/train/unhealthy_0370.txt,3b886a0541a22ee2767fd61ea5c4ab725cc291c3b3667a200474de1875ca99ea,436ec0f33d39903aa57d0b9c0e9198f99f97ed4461a7a79f2ba30f711ee1165c
train,images/train/unhealthy_0371.jpg,labels/train/unhealthy_0371.txt,4c92ab8bc3ad4a18f0166edd8ae2fd0b9a4d175cad993137aad52fc2b43f8e35,a322406ace2b3eced795b072883c7972322cfb58e7d64ea6ba703833f742ed80
train,images/train/unhealthy_0372.jpg,labels/train/unhealthy_0372.txt,140b606745cd2d90e4a4fc068e57e019b08db89491a22963567eebb627546337,e1526c17bb87026107b41e3dcc2b756b77c2e7875277cb852fb7953dae8e8182
train,images/train/unhealthy_0373.jpg,labels/train/unhealthy_0373.txt,e12565ee33f860482cd91402771df0e20b6848528df69fdbb57f993fea5b334e,8cb3b14a164c492ca1ca03c9168bc1cf7d7f80833fe69c691a6412766ed76759
train,images/train/unhealthy_0374.jpg,labels/train/unhealthy_0374.txt,6cde63eaf349f304d25c6be1987e88dcf67421d7d74d440d4c81033deb110ce5,4837ae75baf4cf7d88305f8d4871fee04924a86893a2f74043b2fa3e88bf113f
train,images/train/unhealthy_0375.jpg,labels/train/unhealthy_0375.txt,27f58f9d049bd91ac26d03649d4c9fb3e5793aeb4b4b8c5f804005a1d1755b91,502fb8ef547e644e5304ef45eaacdca6830a4fb6604bfe92685c83efc4ec469f
train,images/train/unhealthy_0376.jpg,labels/train/unhealthy_0376.txt,3f46f7e3f5274fe6b757bbfdc48b857e06f8391dbe4bf2a3c045bf7cdc6a85ef,99b406a6d6258ae0d45d75c6b653eff7ee7da56f625fdf7ca09b63d2b2410a29
train,images/train/unhealthy_0377.jpg,labels/train/unhealthy_0377.txt,33c495cae9b62df848bb39647ed0c250af956a30d2ecc3ca111236ebffee2a1a,64f846c1ce577a38d16252b8e5c98bb54b46cc6a0df12ad1feeb4755d68c4bfd
train,images/train/unhealthy_0378.jpg,labels/train/unhealthy_0378.txt,2b17f7aa7cf592c3e2f7a44ce43046ef8301283e35274990e3b5383ee6cecda6,13837d591762c325a972f3812a159792306e328b4a050c97dd96bceb848760ae
train,images/train/unhealthy_0379.jpg,labels/train/unhealthy_0379.txt,d439e8bd7f28f0f944e37ed63a4240865e2e0608b80a05e5ea7c096a02d7d5b1,28fccdef7503b42c09a7d520b31b7aef2e855c763b593e1e3e49fd8e4704eb79
train,images/train/unhealthy_0380.jpg,labels/train/unhealthy_0380.txt,b733eeca398a5dbf753e8467db965e98f719a5b89a8814cbdfd7c64c0788e6bd,9bca0ae1041bb4cea537d16e06fd0f5a1d0fb636bc19354c0862f62f0d0019d5
train,images/train/unhealthy_0381.jpg,labels/train/unhealthy_0381.txt,d169c6b84643dce374d58b230d24968f2da344b5c03d6c567738967928c4a53e,0fe3538c6c35941ffc4b157e1ea203172dc6d044fceb3c7b2f1dc552be8f85f2
train,images/train/unhealthy_0382.jpg,labels/train/unhealthy_0382.txt,fd9b59ea324a6768c53eb677cd17877aa03ee97e2833a7c0c9d09099fe748a80,d0e9df4090e28493176f3f7856d38585acbddff80bbb349a3569fb5ce6aed0f7
train,images/train/unhealthy_0383.jpg,labels/train/unhealthy_0383.txt,f7d72e455f5a79a4d9c6b78c1963032243fa807db784e82e218a137d1bbd3055,6eac313bb052a024e0e666306fbd8ebd5a2a4243b71eb3b5e8620cb811201cb3
train,images/train/unhealthy_0384.jpg,labels/train/unhealthy_0384.txt,8eddfc6783d4615307e9e44c47e985a0d71d4f66c0eb494f068d6e9e9bd2e49d,bebcf2be8667ee97cee5db1211fecb68fe4f8bc01418788ddc92ab09eb959b60
train,images/train/unhealthy_0385.jpg,labels/train/unhealthy_0385.txt,66d055f2723fac0e1570447a90d3052b9a5730bd2fe10365925e4c2a0ff85c3b,05c4c08ef2dc71cfae2984e741b32498019d857e8b2f85684004c33806a6b8b0
train,images/train/unhealthy_0386.jpg,labels/train/unhealthy_0386.txt,f367ab5ddfe13008283e5b721cf5eca99ebec9f88b2566639663628ad415ba2f,875cad6b86919960ed21718a19107c1a723193bee0f08f5543308681661d4451
train,images/train/unhealthy_0387.jpg,labels/train/unhealthy_0387.txt,f7d4ba605f8a8cf3242a553e6ce06a05f0fc7a25db7e40bb885b30582bedde4f,575f1a03db381e5f5bc44bc353d5deaa214197270a5b2ee434edb8184594fb5f
train,images/train/unhealthy_0388.jpg,labels/train/unhealthy_0388.txt,5911405143d82f396527d13224efa7daa5ea832769b12adb8f298aa58fc4023c,5a9af20d8b2dfeef61441f450860a313fd3938338def0c1af252fc468335b24f
train,images/train/unhealthy_0389.jpg,labels/train/unhealthy_0389.txt,6b881b706361fda1e5fc68da14b12b29ef6615f578101456bac793a0a8e958e8,139c232b9c3c8b5a845749efcce8a8dd4d3ebe977db0b4db7d5c5411ea1138c9
train,images/train/unhealthy_0390.jpg,labels/train/unhealthy_0390.txt,74bb5d64f3d834e77485d60afb915b8a787be5f8a7a6794e6ea7d59898ff83e7,5ce9598605d434e73652a3604d9e52312b6b3c3240b6faba26be519f3e54ae80
train,images/train/unhealthy_0391.jpg,labels/train/unhealthy_0391.txt,286ac8ba99d75c06bad57249001351dfdbbf52f7b04733e238c922bac55a7185,57cc2fbfcb92d4af77981057a087290ebd2eb87ae8f97dcffdc4bbd068fb4ed7
train,images/train/unhealthy_0392.jpg,labels/train/unhealthy_0392.txt,58056881bba7577d98de9332a25096aebc42f0f21148f359f263c34a2f9543dd,c4231acc10aa49e06a9505c252807716c451edc95503ad59b62ea1c8a9cea7cc
train,images/train/unhealthy_0393.jpg,labels/train/unhealthy_0393.txt,56344b8fb836eb57748588057b318cead2319015bf2259df26f05d6d9d0f8fdb,0a6681d856f2713851b6b40b703398693dd9ebd0fd4d45dc45898adc85d6f67d
train,images/train/unhealthy_0394.jpg,labels/train/unhealthy_0394.txt,658110ac2fd54a9bf05db8f83f5a13ce71f2882e347164743a3ca83ef67b94f1,1b19a47ea2b15ccfe6fc3d51c93d5aec1a28ea692136747b6719768ffee5f07a
train,images/train/unhealthy_0395.jpg,labels/train/unhealthy_0395.txt,5ceaffdbc0c2641ce6e3cc2bc07a7153270313501ac67416ca3546c3685bd050,b4068234aca9ae54d947e325fb380b0760266391b630a6c8f620ddb01b23605a
train,images/train/unhealthy_0396.jpg,labels/train/unhealthy_0396.txt,f7c3d402fa604beb760f1336226eaafce1c5b91c09b7e5d8b9b1b47369f0804d,23a21a3740ae36c19c05f58505f83c9eee377adb683f7ae8377e25217bb4027b
train,images/train/unhealthy_0397.jpg,labels/train/unhealthy_0397.txt,c3bcc8bbced445a6460509b0213d2691512dca7e649b9514a26f8f7f90e6eede,b91ad7eaafe9a32a2a41e0c82e1137c826c7010ff85b96a36619a1d9dc6c0399
train,images/train/unhealthy_0398.jpg,labels/train/unhealthy_0398.txt,ac79030610e62b8b42285a760227e25f6e4d7442e38702010f0c964608e70d33,c5fb5179af38b66457427cb169587e32534d2341e04d5ba443c8620eed153f66
train,images/train/unhealthy_0399.jpg,labels/train/unhealthy_0399.txt,fc820c2700cb9ad3a7c58fc87ac41f381e769e714c3d289c7a0a62b4fb295221,b69d4d47627469685b814439b183ade02358a3a92e53a1f6f1a89e0c68a629fd
train,images/train/unhealthy_0400.jpg,labels/train/unhealthy_0400.txt,99cec12367c3bf678f9ded5e65b35a8a78662d6b375ed8e294253f55cb1b6d9b,58fb8c7f0c3b1ff9395bdfd56ec59c44164680edea6b2d12548c815d9e6769f5
train,images/train/unhealthy_0401.jpg,labels/train/unhealthy_0401.txt,221577d89a61547cb27a9fadc26e51abf70d4c5cc867fa2fa5da42145e26dd1d,0bf20d90174448537d9467d827749dbc3781d1a216a3929b474b0df9fce345ec
train,images/train/unhealthy_0402.jpg,labels/train/unhealthy_0402.txt,cd9e226f3b42ba685dea1bda80e19eed8e5b6ebceb7fbf94017fece1761f91dc,790aa2d585f3c5ad90d00a1bbab550f32dd4c29404f2408fb0aca00f6a87961e
train,images/train/unhealthy_0403.jpg,labels/train/unhealthy_0403.txt,be92b6aa6e8f88db829540176e05546f50aa2b4caa3b42bca3f730b89ead2fa9,ec9494d838dd755fd60f3bd355c5ee06da51f2ffd0091a296adfdc4d25d147c2
train,images/train/unhealthy_0404.jpg,labels/train/unhealthy_0404.txt,7a7fcde737b9555e05f1b55aeedce59582ac4fc4374722a3323fe1fded6ca28f,a82a8f1d24a22219c6cd0db622115d76b7c113dc994f96aef612e2b46e8687e7
train,images/train/unhealthy_0405.jpg,labels/train/unhealthy_0405.txt,a6d845082c85830a65962e8b87f04a8284bc7ddb0841ae0d13b0ab186ed8602e,26bc8bc80e06341a360719a44461ef95b61bd4a152a92bc40d8f05dd37aa59b5
train,images/train/unhealthy_0406.jpg,labels/train/unhealthy_0406.txt,87fc871625bfa65cb66f2bcafeec310532cb8ba3214bd482a001031ed14221a5,d0de9e84379520fc26ca9ae3d796a288d8ce70832b89dcc3a756e00f81b61769
train,images/train/unhealthy_0407.jpg,labels/train/unhealthy_0407.txt,b9b8207e472ebfda74dd04c80f48c94b7e505887d2dd2c3ccd80466f7505dd25,41c4dcc0652c8d9e19ee1e0bac60bcdabbf64bdc154f086364b02d8a6ff7faa6
train,images/train/unhealthy_0408.jpg,labels/train/unhealthy_0408.txt,55f446d7172888019cd8452a9b88a13a2f94405910113b7134bd9b68b2c4c78e,923d91f960f621843dc63b0ff9eb7b5bc935fd9660dab52088985458b3fc9e55
train,images/train/unhealthy_0409.jpg,labels/train/unhealthy_0409.txt,70077dacb3b0f03b243023f8cf087e8d7c4f7c65b401de1aa77a8dea42906b27,c494488d167dadcaf6335274006d91c52eb1a5681346df16ea70204bc427f9d3
train,images/train/unhealthy_0410.jpg,labels/train/unhealthy_0410.txt,bb12cf185bd7253342eacdd12f39113e0469d7a32537619113b2f6fb262e9d89,3085425f54250a2f7f29b28e56e781c62a612fa324302c5c17a2fb5d3c120038
train,images/train/unhealthy_0411.jpg,labels/train/unhealthy_0411.txt,7de25da4975da961c19548f27ae751dfdb0626ec10780427e54f01f689df3311,b924d4132602e51abd7f17ad55bf395398c5ca945fd1ab9be856ea35ea95769a
train,images/train/unhealthy_0412.jpg,labels/train/unhealthy_0412.txt,be6f93fae725fb2aa876ac85c816f262a5e83b13db113fde7696bdf0d4a7c8e2,04a6a06b71c012acce639adf730e0a5f87bff5caabdeb1a1880a6f134c9345a0
train,images/train/unhealthy_0413.jpg,labels/train/unhealthy_0413.txt,06932aca87a033af2ec6c8ae6ab25494276adc3ecd1248ff54946b9f68d4e148,165150e68292d69a145b91c4d400e5100708e6f6a4c2fbe58a7f043f95bea6b6
train,images/train/unhealthy_0414.jpg,labels/train/unhealthy_0414.txt,b9edfa7b74631319dff169a58cab60f9ac34a6012683603fa3dc3dac53911dd2,fa0627370eae356ebe141366f4b47d211a4a9e030478f03683901156bc17e2eb
train,images/train/unhealthy_0415.jpg,labels/train/unhealthy_0415.txt,759b85721821c71eca02cde66ce07d0a3e7bb17bb94569bf70245d1410f20d18,e4ddce958a6ebbd4853de168bc8c305b08ef339c929a190a47d1ede8183f2184
train,images/train/unhealthy_0416.jpg,labels/train/unhealthy_0416.txt,87de36bde527f630144a1ecd0fa6c3ba5c95c02c2d74cd9b127d8880b65c01ac,c840a50261e756a1e1c6a212794db7dc2272faab8bfe348aa06e845d12bb9b9c
train,images/train/unhealthy_0417.jpg,labels/train/unhealthy_0417.txt,edbff5a40e0a22f8bf7cd1572a4edd4fdce2cfc7c3dfce1e7f49264526f7f9b4,63c0c10149ed18e19b252fa6f61c603ab43d96cdc0c9509d904a71235aec310e
train,images/train/unhealthy_0418.jpg,labels/train/unhealthy_0418.txt,8f22a3d81d790080b1efeeb9a6fa828e487d58eda7dbe6fed885b1d693d31169,f25af84637344be4b2253e6eab5b73e139b263755384ae5a50238db6edde95b9
train,images/train/unhealthy_0419.jpg,labels/train/unhealthy_0419.txt,2324aa6135bfd9891c58e62aeb4e184ca8c8d58a8b4e4d8012082694300c50b0,1424df8b3e6a36c016a873c6579c7719bb94070aac6771c35f84058382d6ab0e
train,images/train/unhealthy_0420.jpg,labels/train/unhealthy_0420.txt,acfcdaa8026412e3f1c7d42107e8f4d55459bdd826c9f420925f165af30b3e2c,fa140c5af7ebf9c56996cce9cd004fb6ea375edfacb6ff22c0c7e9dbf33dccbf
train,images/train/unhealthy_0421.jpg,labels/train/unhealthy_0421.txt,419e45936f0e45eb60fc27af33210095aa4ebc97185dcff01323b6f362ba6da7,f4b2fcc4d4a02ed51a6f0546d6eac5289c645d8b85d7105b4e9b4aeca37f7473
train,images/train/unhealthy_0422.jpg,labels/train/unhealthy_0422.txt,8b027adcdf3cea146120ad5af90c276b2dcb060942c2f496aad79d1bdd3b7c32,8cc1ba09e28e4fd9d70bde32d00c0472fdb2cb19695b4ba1c5816f800a405771
train,images/train/unhealthy_0430.jpg,labels/train/unhealthy_0430.txt,3319f3d975dda2f117c055a678da67c2dffc8e2c4b51fc5f21b01021dbda7da4,f022171c7c8bdf577f5be5ea2e1928d57e2381f973f9e4cdbc497edb69897028
train,images/train/unhealthy_0437.jpg,labels/train/unhealthy_0437.txt,27fffd0cb7bb7abe4a97c13b6b5d571274651020b57889f0d558ac379656dc53,05414d73eda45019ce9a28405a3139f2e8764d4178c79b50fb47fc21c9499a38
train,images/train/unhealthy_0441.jpg,labels/train/unhealthy_0441.txt,8685bce0c8f9eaf82288e034c0c1c7a3708be80c8c1703a79918b76ac1dbe071,c3e2bf42e8d917046d73dba300231c832431160d155a142c77c1f0bf4a4239d5
train,images/train/unhealthy_0442.jpg,labels/train/unhealthy_0442.txt,5a11b0bd2f6f2c28b8eba896b36fe3cacbe35d02b26aa4e27c0bb58c77b5c1fe,f95adfcefa814d28ed7ce7ea44df4f39d6a8589a27ceb1b53da72d43320dfdf4
train,images/train/unhealthy_0443.jpg,labels/train/unhealthy_0443.txt,5a11b0bd2f6f2c28b8eba896b36fe3cacbe35d02b26aa4e27c0bb58c77b5c1fe,f1876ccc2821f236e28ae72e1a576efbf1c39884d7e46776f475f0a6a62729d2
train,images/train/unhealthy_0444.jpg,labels/train/unhealthy_0444.txt,27364731b45e9cf5e017987f04ad172ba5beadd58919f4b92f963d4e8dc50bca,b0e12eb36e68fec677dc9b57d85c422cc6bc864cad114bb3a6d039dcd844ba1a
train,images/train/unhealthy_0445.jpg,labels/train/unhealthy_0445.txt,6d782331ade38ec14717c8377dd30831a387781dbe05ea332266550431a5bf8e,dc580480901403f6518f449b42c715435eef8e72b5d1cc99ebf6dd090392a3e1
train,images/train/unhealthy_0446.jpg,labels/train/unhealthy_0446.txt,418fbc48a294c05ab657603da533a2149d7714df651c836b4bff8c2236071594,ceb86eac85409249e8f38d00629460b08899422b6acf516773f6895e58f6fac4
train,images/train/unhealthy_0447.jpg,labels/train/unhealthy_0447.txt,98b7373368e27f3e23d499e921c5dada17028ba18d2b576d4c7fe42b96775b9f,f7b9124fa65fd2bf8e87a3bfbbdd1da76cf20e18546ed104e867e60b51f12349
train,images/train/unhealthy_0448.jpg,labels/train/unhealthy_0448.txt,ae7d525c953bbdabe67127b3fb95aa64d38807eb413d368686ce98c77802188a,529834de19d2109cf33cb3adb79220133456211c504a9255e423ab75a6add41a
train,images/train/unhealthy_0449.jpg,labels/train/unhealthy_0449.txt,913626139fcb266d72108baf781a09dde78172f4a38d5d7fd3a42d5d82f94e1e,a7d2a856718b281f33ad62f9b12d55e5b4a6c3b6b93ab98ca500d4d94dee40ed
train,images/train/unhealthy_0450.jpg,labels/train/unhealthy_0450.txt,30936edaa85ef4d74f4c73546990721815ff4b0027cc4c1f80c1378447dff99a,ca419c25e58e070cfecbfecac2fb60ad04d14974318cde8fc9dee6c4007ce9d9
train,images/train/unhealthy_0452.jpg,labels/train/unhealthy_0452.txt,b136358c08b11aecfde89b9076e51aa64a38da1551080712eda289128919f454,52fe8d88af50605beeba1022f9dc05b0b4b965ba058370bf51c3b6ff2fb6d57a
train,images/train/unhealthy_0453.jpg,labels/train/unhealthy_0453.txt,f36f27d5d206fd6427bfdd7ee0be59fb111191d0934fc0a4d7de25e9c8b97f61,6cb6a64ccbe3cc1846b6804c5d856c33cb37f249f04f32d2481c1ae05ab589c7
train,images/train/unhealthy_0457.jpg,labels/train/unhealthy_0457.txt,11e48ad08f72db26f45226a0ba093a342298b89c166464c391652e2282979981,501bc3da49e41957b3aa517842203ca5d673a78600f7424e7bf405d589b56e95
train,images/train/unhealthy_0458.jpg,labels/train/unhealthy_0458.txt,45676522137aec051d698a8a68826a5d377c0c24494c9bb49795ac3893c0decb,1d9365c36fbdb641e650e5491c3404008f4e80f54d8fc415dc6fe4ee6601d18e
train,images/train/unhealthy_0459.jpg,labels/train/unhealthy_0459.txt,df94d3cabbfa797003fe839062c4238c50e017964ef54bb52fe222b9971e80b3,41c8bb4853a373539c3c3eed2c237c485494aff1e1f3d946643f71f3be1ddba4
train,images/train/unhealthy_0460.jpg,labels/train/unhealthy_0460.txt,53e9785f49e176a49fc44c4708883278ec23c55fd8a07d3601a46e847cd88702,8b95cff9b4901c902de119f27b0118eaaa8571b01b901f26fe416b1e299e0926
train,images/train/unhealthy_0461.jpg,labels/train/unhealthy_0461.txt,d04c5d54c75e1630bfa33a1425652c0614b3e7d2fa3a157a2df67f9c69f7d3af,496ab0a246189e5707e6d5343593227f16eda6f294664721f09a35edd4a3ea2b
train,images/train/unhealthy_0462.jpg,labels/train/unhealthy_0462.txt,67d5287dac7ad702f68d661671ce082312479750f3e04c2acfb41b71f25ee90c,2f50a0b27b787b1fb13ccc906064c6bbaa395faedb49d3aa776db6115a620eb9
train,images/train/unhealthy_0463.jpg,labels/train/unhealthy_0463.txt,ecd9415e96ca384af215aa7cc761c4c87185c9c963502967432d352283203452,824238471bac03e515149464617ef6871c738e46ba9afbb5359cba0866a0abfd
train,images/train/unhealthy_0467.jpg,labels/train/unhealthy_0467.txt,21aa2d1e4cff54f5250f0e579ff26f09fadc57fc4fa8cf7b29d31f607c12b7ea,3a7597ce65ab55dffd64551d6507dacba1a8ec85f8ed9c1b0ef339bd880f44db
train,images/train/unhealthy_0468.jpg,labels/train/unhealthy_0468.txt,5de2a592be2f2bbdbeaf862f2301576efe73179e2840c082e154e212d1210e83,a8265c8252a6ec4960ba592247731a0c599a79218f54da921c84e527e68e394c
train,images/train/unhealthy_0469.jpg,labels/train/unhealthy_0469.txt,a4d0a031200b3b447b05a9bf7691148298f4509ff22128a6e377a689f1255a8d,bf8f7c7287be7bf177ca2415f846bda09e50d222d5e846810e1e8aa27be7df64
train,images/train/unhealthy_0471.jpg,labels/train/unhealthy_0471.txt,0d567bb68d240956cd3cde23c828f8bd4ed9bcdbabc17d1aa382cb701a2fc22d,d3fdb128e681640a2e2db9b544006a25ff41740c9c9115ddbb8fbf1b37fbdfa8
train,images/train/unhealthy_0472.jpg,labels/train/unhealthy_0472.txt,b30837935b74d114b1cb6c22eef1a8a7bbe8c991b87761d13e0652b57da5c261,e74104c5acc85ee90b4f0cfc19db42e1bc40e9e68dde4642eb2f63bd953fc9e1
train,images/train/unhealthy_0473.jpg,labels/train/unhealthy_0473.txt,aa1155cc55bd9d4a8ed5fe056fab48bf394e94ec6e27c687b72a86440cc7a6f4,9c2e2c42e16d1143a114bdef0701fc231c48e977a7bfb56209f9719af2942caf
train,images/train/unhealthy_0479.jpg,labels/train/unhealthy_0479.txt,566eb2c68eaeeaf15ce12c9dbd884c82f209e1af3a15543e283b6a6ebd1b1336,5b76fc91ce54cfc8ae896d51e5903bc86eb5011ab87826db718c00938e0bc67a
train,images/train/unhealthy_0480.jpg,labels/train/unhealthy_0480.txt,d53608f31f00562a24d30260c87bede93819cac2d88912f69c43c0968dfb49ba,11688bad485330c7a158ec706774e4aa30d9273d37dd8e5276f01721164e4542
train,images/train/unhealthy_0481.jpg,labels/train/unhealthy_0481.txt,36ff2de54902281d245b4a983cccb5dcf0af7a1b065cc3dc03d222474249c677,ca210b9126e3bf3c0b0d1f3536a5cff783e8ec5a249c73d7ff883bbaa41ec782
train,images/train/unhealthy_0483.jpg,labels/train/unhealthy_0483.txt,3a9f8a9a81febfc5bb18e6b635c36427f7334128bbb1401265a330dd261db120,c8b18b8e9a9b6b8c0b6d040dee219630712a670e99a1b25644b40df3015cb7e4
train,images/train/unhealthy_0484.jpg,labels/train/unhealthy_0484.txt,a5ca5912613afb91020985b7e38a85cbf808985c0fbbb2c005eb4d025857f9cd,c173795b4e61ce8bb871301fcebc3ae74eb5a883938a529c22aa623bc5c214b4
train,images/train/unhealthy_0485.jpg,labels/train/unhealthy_0485.txt,5c5f6c904a24f32337b29eee47eebc56cfe0a930590be4b2ed9c4f0343452a01,1ebe18fc9f29a01f58810a17d93d0a67ae0bb645da8f33ebc71dc81be7d247a3
train,images/train/unhealthy_0486.jpg,labels/train/unhealthy_0486.txt,25e13df7f7de965a51fd5c21cbc26e3163aa81f62722d5dcfc01811821b9418c,1ad9ac0f62f1dcb76803fe1c862ab3451f6f4c4cbfd9d037b30b9e570d711bea
train,images/train/unhealthy_0487.jpg,labels/train/unhealthy_0487.txt,fac9cf62d0d6a08b14beb19f59bb05b360be59268aed635b603fa251568fc1dc,bbc8bea3694f47fdf98d096c4b5956c419c1b51e53b6369fd889402e0f92f913
train,images/train/unhealthy_0488.jpg,labels/train/unhealthy_0488.txt,efac000c01627694744bec39251b0cd66f7badf9be5bfb928d0d2a173dc2c405,793615420d18b10aeafd365244d348d24468dabe4c7699a7c322032d80dc4a81
train,images/train/unhealthy_0489.jpg,labels/train/unhealthy_0489.txt,f717c2af43e8455914b0e05e1b9b958830bb0ec52a879dc768e52ef6352d7f4a,3493c078b1f72e4976e762e009f37f769c5ddfc51f8d7e8477fa0da0e1c69b44
train,images/train/unhealthy_0491.jpg,labels/train/unhealthy_0491.txt,a9a0b743470920a30007e8b3fc28713415f3defaaa5c473706fec491137abf88,a32b6724df9b556c37fa566ad05ff471ad0eb95b811b26172212ee777bbccd90
train,images/train/unhealthy_0492.jpg,labels/train/unhealthy_0492.txt,e8fd9ae03ff9f2026d55775a3d8cc4e697170eefc69d934516475cf443de922a,c77ac9683c75c2cfbeedddb707505b4e7f1217c3e35ec837f731eeb0b64419dd
train,images/train/unhealthy_0494.jpg,labels/train/unhealthy_0494.txt,b84374e109bec1e38c5964fc2ffd5ab0440d56909e89b183e1eebe52d890a552,57b8652774dbecd7fb847c3b1c73367e1b341943736b036b1d46aee2d2e28e53
train,images/train/unhealthy_0495.jpg,labels/train/unhealthy_0495.txt,3b79362c70999f0e5f27f37e82d07348b762bf7bcd6ee14465be8932d93359cc,b6cb04a22d375b3ccad212e9d854f0283ae755b75b1b79199982f95a932cb882
train,images/train/unhealthy_0499.jpg,labels/train/unhealthy_0499.txt,ac970c72d7d9f06c68d4988d516d1143fa81c6d6171185f5e0537725de377bdf,2773c29625ccea55d186f07b702a86d68f68d990784d0aeee5cf788786a1b40b
train,images/train/unhealthy_0503.jpg,labels/train/unhealthy_0503.txt,19a1ef9b90b5c60d8b86e543a6914d7055423cf5efd63c2123765636a1c9b800,7d69b823065484b820e61fb31bc4b3e9a2444e0a5b0f984a0118748337b9e55e
train,images/train/unhealthy_0510.jpg,labels/train/unhealthy_0510.txt,11a6f84409b1e164cd399b8be69f748c858e2b0ee0f43304cfbf84f653948c5a,c9f18d6bb1e76ae0f958e31789816b5f3120a552ba08775049b8a15081ddba49
train,images/train/unhealthy_0512.jpg,labels/train/unhealthy_0512.txt,58a01cf8188bddfcdb9c09993928406df0c5e7fb87b8164fdf6fcc5d3772366e,9d5e010d4cfa3960554c5024adaf5771703bae0803888f088d66d4e7120ac1e7
train,images/train/unhealthy_0513.jpg,labels/train/unhealthy_0513.txt,27f887a193b1538a004128111f15f6621928b5c7ae265351c614049cfa7e9af1,39dd23fd7f314d20c2c92c17841143d2394bf21b11fd8774d9476b224d60319b
train,images/train/unhealthy_0517.jpg,labels/train/unhealthy_0517.txt,94a0e571d9674feb007e387449cc0774c8aa9e8000771d6ea2baf1d53fa4fae1,1624c01273bf62d81b1b63d7c593cf783ecc9c0d25bb5230896b5d349bf7422f
train,images/train/unhealthy_0519.jpg,labels/train/unhealthy_0519.txt,69d4c39f1bccbb9451b8a8dcda16b61f4af63f099856912a65572d0f7bfbcff5,05896f3dea299cd55ac1badf11a3afa1c3e4d5f0006ce41c3a166fcd0949c382
train,images/train/unhealthy_0520.jpg,labels/train/unhealthy_0520.txt,9d4c397747c6c48eb121c427f69f20784d5afd11e7af10f60aff5b422fdbbfae,c3610617705ce257a710a82a57c96fc32a46c16a660e2d1587d51fe0b739df83
train,images/train/unhealthy_0521.jpg,labels/train/unhealthy_0521.txt,48931c959b542edf59806be62918f99279c118fceee56e6d982317cb4a0ba613,904dc14a6d5732de8328d2589078576e875b7d7f78b48fabe54a12bdd80dae74
train,images/train/unhealthy_0523.jpg,labels/train/unhealthy_0523.txt,7ea573f27492875fa366e2075fc0a80b9ebdfb046af5d1b1250c0d49ceb91f46,7691881b36e27a78e9b2005956f704f5d94fc5b9ae398d8b0a413951e158b3ec
train,images/train/unhealthy_0525.jpg,labels/train/unhealthy_0525.txt,d421da84c08422f4e9785df6ae1556e20b8b844e37abe2af0a913edfaf213404,1537df3bc8da08a98ba70e5d1f4d8bfbe60c56d9b77768e68e4ec917811ee7db
train,images/train/unhealthy_0527.jpg,labels/train/unhealthy_0527.txt,1926d0082f6a01c870a1f3972d56e0dba71676395396c662e4a23047e7cea6ae,28b7a6ba15a5fd62fba6fe283fe528a6e60715b671db440991da009a8218d485
train,images/train/unhealthy_0528.jpg,labels/train/unhealthy_0528.txt,ca8dc569efe960b1b723433c129e44a0fde82a548c95e48afb13ad456ec48d16,a2843815ff0243ae6026c8f730bc08d8529a574f73d2455db1e7b6e78662548a
train,images/train/unhealthy_0529.jpg,labels/train/unhealthy_0529.txt,2001d55881d1efac8862d8f6888fcd9e74f401b2477a6c2b332611c279ed2c2c,787d91f925fc647aa1390c1cbfdfba9cd64cb99afad4550aa4e91096fa5e3775
train,images/train/unhealthy_0533.jpg,labels/train/unhealthy_0533.txt,b760a34083bcc263856da124dde517017126b399180c1feb4bca78ab57bffae8,a6c6369677e8b396f62283a9619a9b84d42fe88a3663125a108bab10960cc4e1
train,images/train/unhealthy_0534.jpg,labels/train/unhealthy_0534.txt,42c070892c913037cce1939f42ee7a7696a5adb7d4ed50b7e0c35c829bba7561,8d82d10d3ea3d33c2a37b0dae88371b480204af7ffe0e7ce8f49fe473faf0717
train,images/train/unhealthy_0535.jpg,labels/train/unhealthy_0535.txt,9100a369db149dc419e414f792dbf8d16f21f3bcd05ee5479ba0f50e276caf96,4b9ec86cb84fc45c0ba27b1f0aba77fe0e49d55335740cca58a757e9bc4d5dac
train,images/train/unhealthy_0536.jpg,labels/train/unhealthy_0536.txt,9dfece8202ead14c21291c67b5b51ffbdf55f395e3eb4f89c3b9694ecdc0dede,16da28abb0bb7881f9512b79b84e02f5684e63b0a0c4c7957727546e598d0ccb
train,images/train/unhealthy_0539.jpg,labels/train/unhealthy_0539.txt,5a9fbf96e871d3427f92db4b4e371a8951d40403035173c69c92e5b67dc8c01e,173fd059fa4e44c11f3eccc6f8bd12f25af469352647a3471c11201f49614ed1
train,images/train/unhealthy_0540.jpg,labels/train/unhealthy_0540.txt,0c1a8269d9ab2738f6325ac74c00a70ef0894af30ad6b4d728eeafbc73edd44c,d25f0c67549988146e360b29fc248edc7a62519ae84ec4c5d8370e7ee214cf7e
train,images/train/unhealthy_0541.jpg,labels/train/unhealthy_0541.txt,be20f8ea8954119404abd91624b2b81416dcdf2416c241d3ffe387dfd7c3e01c,b1fb192fd3f2ff94a42e1d1c937f8bae87406061f27ad289171e438a0f74b779
train,images/train/unhealthy_0542.jpg,labels/train/unhealthy_0542.txt,f737b9ffe0076581955d643c84ba91e6d53cbd2c210208087f98adb277ba71b8,7cdaa2103c6da2786a57691e6bdb34f6e03eb7d46858a53e38f5a1947bf83a69
train,images/train/unhealthy_0552.jpg,labels/train/unhealthy_0552.txt,88774738abd6d97770331844ae738cb6572a01c3e779ba822479b165dca75471,5dd456c4dc0b31e4b06c9a8a51f24fde96014fa4683f6fd26533fafc44d8a3b9
train,images/train/unhealthy_0554.jpg,labels/train/unhealthy_0554.txt,92a61c4c4355894253a4931b39baa7fb437f2d2a767c55b11d3e34797d2b59a7,1374d866a34380a979a05457f7090218c0d8d07c29657fb33e95f3476ed5d7cc
train,images/train/unhealthy_0556.jpg,labels/train/unhealthy_0556.txt,ac7c31453bf354b8dbd356eaf94fd399c3e41f64308f59f58625630f056ccf4f,c9d8f3d0867352221693b03cae75003b706b03c5831e01f9bafe18bcb0108a02
train,images/train/unhealthy_0557.jpg,labels/train/unhealthy_0557.txt,8c251270152d5f2231a576e04ccb7d55d7113d3a6b06993c8adf2dd3e199539a,13e03387263d66e3a4a4a7f5dd019be5bfd81b7f976e9f7d66a75859a9199f79
train,images/train/unhealthy_0558.jpg,labels/train/unhealthy_0558.txt,6fbabe7f2da6c5cc8aac77c6956ce2bd86d467847efa7560d73e07a712189708,23e82ee6e3e56d68ce91b5e88fd32df2427cef78ce924d53d9c803c28c295284
train,images/train/unhealthy_0559.jpg,labels/train/unhealthy_0559.txt,37c4c765b5fb266a68df0d8c9208aa36d5b12eb33f9445769a22ce7e58458933,be1d0ef553824ca75f3967414ebb04019c9a35e91ed95b10875bbd85882305ee
train,images/train/unhealthy_0560.jpg,labels/train/unhealthy_0560.txt,2490aeeedc6ff3f603904c2389e0d52ccbc89bf2bc71b47baf05dce72ed4ebf0,801c869821f2f991ad342913089dfc043f917c3c8b148fb15153965978795f4b
train,images/train/unhealthy_0561.jpg,labels/train/unhealthy_0561.txt,b5f5eb5d62cf1d77e46b96295447c840301d69736951844d1eb512c77c9e223a,d95fe6f81ded6f67710fd5fba325bf7b34bbc13a394ea9ef46d453ff73328bac
train,images/train/unhealthy_0562.jpg,labels/train/unhealthy_0562.txt,13e6ad95e0646953ba8d6e971e80338f613df77cc08dc14cba59df6f46aafcf0,59973be3405159fceb7edde989357815bde232c32a2f467188bef8782729508a
train,images/train/unhealthy_0563.jpg,labels/train/unhealthy_0563.txt,89bc788f505bb571afd51bd1a5bec037cb057b5cb546a6bf559dd29b788b2db4,99766791462082d92fd1cfd322253d15e020213a7247cabbd2b75961a5b38766
train,images/train/unhealthy_0566.jpg,labels/train/unhealthy_0566.txt,d8b3823cfbb9eb03f2564e2a91ab071a8e7795a1cdc969a9853fefa94437d268,05bb110ddb7ceb611a883a558fcf9343ab32a216da2dd9efb768f94cd4240319
train,images/train/unhealthy_0568.jpg,labels/train/unhealthy_0568.txt,84f34c9efc4ab4be8e92c08d14cf1e188159b438d255c05cda8d6523087da0e1,2e24e01017766e588dc1e33c38d489bd841aff01aa01e55d0be8299c742fde31
train,images/train/unhealthy_0571.jpg,labels/train/unhealthy_0571.txt,41701301ae9330659d00c0d3b01ca2f0b4febe4bd92d3e599cfd075eb6a84ff3,cd132579adbb22110e7240e323265df7c2090d34f899c1c14fef3d9edc4617ff
train,images/train/unhealthy_0572.jpg,labels/train/unhealthy_0572.txt,7edac4f7295588ce70d1fdce653e846794cb22482e6e400476f188cdafbc391b,f9a5eeeee89fe22f1eb256de9c79c5abfe20bf83d2c44febd444a674c87e676e
train,images/train/unhealthy_0573.jpg,labels/train/unhealthy_0573.txt,bdab8922ba1cc1fb02d03215c44d22eb38908a109a1d309475bfd56f75021dbd,c60f6abf4b4d5b2a2c0666deca11f01423f5fe0334ed1c5f99505f5518faaf5e
train,images/train/unhealthy_0576.jpg,labels/train/unhealthy_0576.txt,745d3399c5b3cbfbc81b2cad18784b93405804af50ea7e3301da2fe0a883b25e,c79423c4f0a1af1c8fe19f97e83100088c7e18f6a0d07f84e4cd594b6f0ed3f4
train,images/train/unhealthy_0577.jpg,labels/train/unhealthy_0577.txt,9232e179c1a6f4d459545b8d49dfbab69f27c03a420cf7811ca701e9ebbdff49,6f37771258ef9501c3b1f68c31c408f22adfd023870b0ef641447f4fc8a3a4d4
train,images/train/unhealthy_0578.jpg,labels/train/unhealthy_0578.txt,276624e5ccff6b791e03531262906b3e2f005de60800e91af2401319a3ee3b42,15b643451116523af3f36959b469c17e5eb15270584205e7b7e9e5c8c09ea662
train,images/train/unhealthy_0580.jpg,labels/train/unhealthy_0580.txt,0a5b90762cb24248795c723aed8c851e63dd76f5d2255034cb981ad2399b7ec7,c26e25cec105aa52d55545918bd8e8e920488621ce28cf4585a95f20f155d40b
train,images/train/unhealthy_0581.jpg,labels/train/unhealthy_0581.txt,bd3f3d376ebf6964e9b09bfdf3667a4083a4d0e67dd4d0787a9e87ee53aaa6ee,8919b954b67b7259b8e7e12964f5148add1779f942cecad8d6a9262183f89194
train,images/train/unhealthy_0582.jpg,labels/train/unhealthy_0582.txt,bd3f3d376ebf6964e9b09bfdf3667a4083a4d0e67dd4d0787a9e87ee53aaa6ee,ccea5cf53b0318a9f09f619f589674aee3ccb6c073e0898314c664bb15ba4fef
train,images/train/unhealthy_0584.jpg,labels/train/unhealthy_0584.txt,309eabc7537d1b8436f05c9e2af92ec709480747ac5cb8e1a5b87dc2711f2a82,744ab4747be556569b3414040a518996feafdc5f7bb78f178985dc919b2fcca8
train,images/train/unhealthy_0585.jpg,labels/train/unhealthy_0585.txt,309eabc7537d1b8436f05c9e2af92ec709480747ac5cb8e1a5b87dc2711f2a82,437b553c54c256c788108e5b3fa0b337945afc969dc6fee3099328c6c86b8a8c
train,images/train/unhealthy_0586.jpg,labels/train/unhealthy_0586.txt,441e7d043027814eda7f22513b5f85a30c837617b61232fce9628229a61a039c,6e562ab95d8244daf39cd733ccb97486642fd547daaa1478ef61fe993bd04589
train,images/train/unhealthy_0587.jpg,labels/train/unhealthy_0587.txt,9b39797230290894b2671d28922f3451aeeb6a2d64592ace5e08ccdbe904cfbb,cbb245fbda5dcf71dea2fc0c3e2f90643bf4496d12818bd9292890faca3d7630
train,images/train/unhealthy_0588.jpg,labels/train/unhealthy_0588.txt,9b39797230290894b2671d28922f3451aeeb6a2d64592ace5e08ccdbe904cfbb,1622d60edc07cec08c7ac2091cf1abea322784ded74bddc9d4d71172a512e010
train,images/train/unhealthy_0590.jpg,labels/train/unhealthy_0590.txt,9930beebd4a66b4c2cbd3e8d5556c477669ad6932e31be00c8397043d0874cd7,cf29e35e71853b6a582a44a3cc2f198c5339b2b9d126891f5a6bff752a0811b2
train,images/train/unhealthy_0592.jpg,labels/train/unhealthy_0592.txt,2de9a320b7f77e706871384e3db67020beb606eb2b129a85c21e78bd442d1c36,17d4cd4b63df5ca7f1a7108a6548e9761826353a6119f0c8f0190e2131955e05
train,images/train/unhealthy_0595.jpg,labels/train/unhealthy_0595.txt,1363158647a68166e630dae67f9c8b11738068ce284130257265b98450421c93,c5ce4125ff1d28a62ebeb1d09d1e6ce1002aceb10a5b2be044b0a3c7ec6bdf75
train,images/train/unhealthy_0596.jpg,labels/train/unhealthy_0596.txt,a4de42a1598ec5c8d56a2644b90ea1a3164f1cad060613996b57dc06440d25aa,c66a4c1a049372da0474018bbed67a255dc9e60a1d3a4a5a9c8db6fa8a2b31b2
train,images/train/unhealthy_0597.jpg,labels/train/unhealthy_0597.txt,a395046cf9778ad79d2909fe87dfdab4ee53af4ac8b7a0015174fbf2870d2230,a1970ba86cf94776b4d09505c498e0415339d3355115d42ce6d78f0d51325fa0
train,images/train/unhealthy_0598.jpg,labels/train/unhealthy_0598.txt,42712afa7508edf19ab4f58aef4ad3a4def787b6db4ad93be2a9a4aa16a9ac2f,86b662b6fa757d34775b788286492fadbda19e4cd23ef4f8bd81f1cef1d5b9e6
train,images/train/unhealthy_0599.jpg,labels/train/unhealthy_0599.txt,55c44ffbf4c554c2244f9510eb207df5b8b17ac2024d6e50a3c1d6bfed35089d,59812d6590a4f9da90a37a8069faccca7ef0a0896261113a38ac4c02ab7ad624
train,images/train/unhealthy_0600.jpg,labels/train/unhealthy_0600.txt,0bdca1bb7bf520dbcf7f98be0894d09723ab9c318962ea9c112ceda571a322c1,a105a64316857cb50a7b838115ea5354dcaf3ec2aa4b03e3d85c0dac1e68c445
train,images/train/unhealthy_0601.jpg,labels/train/unhealthy_0601.txt,331ccd37ef9dda9637842bbd1da1ef6c4dd1f4687548ef674bc501802a91fa90,3d4f94d3f774fef316b901fd2c306f416b71248ea52b97f208652e64beef3d1f
train,images/train/unhealthy_0602.jpg,labels/train/unhealthy_0602.txt,c4e1ce0bf820afa8d16ea1eea6e4054f1fc2de44c0acb8243ac7f8e202e17636,61254f4de01093f29a764e5f33803411c7c2a9e68217929084fd8274f5eff9c3
train,images/train/unhealthy_0604.jpg,labels/train/unhealthy_0604.txt,60cc19d3f5fe4a70a6b7548c0e09edefde8f42c9bac5162def750ed257aea827,601fef7721021e18a270bdd006b2705d249ada7e5ecb597d5767ba08aeb41882
train,images/train/unhealthy_0605.jpg,labels/train/unhealthy_0605.txt,e49e62e8e44aa039f43ec17f977aa511942d77b79d0f5d5eddcc829bd7c49b37,751fe8fcd47449d826e497aa70368f825050b80c09853af8216beb906c114edd
train,images/train/unhealthy_0611.jpg,labels/train/unhealthy_0611.txt,1195cb49b33534bc15e7323b1f21ea2281dcad4af3e8038f3856bffd785cf0d9,a38452746d2a30ef6302c77cd5fa48f1f0040481104f00fcce9d8b2314121f96
train,images/train/unhealthy_0612.jpg,labels/train/unhealthy_0612.txt,39d375bbbc7cf3ec38d490fe6f7b818feea97ab6743c9159b9eb83067172a054,f11943a929f63c6a1836b1a14ec0610dd8c5cc70347ebed8523a1cfc12a9e3c1
train,images/train/unhealthy_0614.jpg,labels/train/unhealthy_0614.txt,30d16c40a8be6d6f994e807c6bdaa98f0339d773eaca221c64b59f51a47f49e3,b3369b2fb58585b9af285a3ba9f011eced40a4938e00e89f84aa58f394ebaad8
train,images/train/unhealthy_0616.jpg,labels/train/unhealthy_0616.txt,0ece7a380e9c708d97b0a218b9e4cdad0500a793d39eb69ad5bbed1883055e61,33558b4eaec342e7ebab0588a4ae37b05ed71ebf47ca806466bb38c2d39cabd0
train,images/train/unhealthy_0620.jpg,labels/train/unhealthy_0620.txt,bb4132aaff6547f0cb0c649797a103338935e98ef6bc536c3903a739685ef35b,10f0f67d2da898d2b152ab99a32e7f272fad47da4c4c5bbf1103d7826cad26db
train,images/train/unhealthy_0622.jpg,labels/train/unhealthy_0622.txt,41ad55e6c666570ab0e18de44f99fda2d2508ab31e1730cc450dde8feea3666c,c3f9e3764f22c611fc4ffaf12a70cb0962646479fabef0f0f9b25f461336534e
train,images/train/unhealthy_0623.jpg,labels/train/unhealthy_0623.txt,55d1ddc2f5c951d17800df5ef7fe17e447d6d67cf27d484c0f591abcad641283,fcb2396c78435c5732026efd90bf20b29f53f263a9939ab3a61445daa985b3be
train,images/train/unhealthy_0624.jpg,labels/train/unhealthy_0624.txt,aaa49685f5ab57e4fb0ab20d81172e6c087e4a6f1e118c9a91e42184e7a31659,c4354d29dfb3677c84fe32b7bbf3b5b8c5e164d5aad77f4428365c070fb57b51
train,images/train/unhealthy_0625.jpg,labels/train/unhealthy_0625.txt,e9991b3dfdac56a6d04ff7e1c1179b905fad31c06de4cf115c4c3b20317cbef7,2cccfb505451e9b46d1b5a0fde161a96312f3da5542d674796582580555291dc
train,images/train/unhealthy_0626.jpg,labels/train/unhealthy_0626.txt,426f0754abff00174eaf61ef0c4e7520e7df14060d19ebbeeee225d612780316,48aaaa67d61b9ef6c177d9a4d949c927efa58a676a27041f6bf50c3028be07cb
train,images/train/unhealthy_0627.jpg,labels/train/unhealthy_0627.txt,1e8a2af5edd13475cda12e8ccc8864e705503feabf4cc35e7f7eef65396c8451,3b5a182bc7235e4df4986bb8623efd877c892c650f3b02106914afa538c85237
train,images/train/unhealthy_0628.jpg,labels/train/unhealthy_0628.txt,752e6c70478de8f01348bd28bef27c456643fc3a1e86ec45c3c750f54b8d0c30,b772dc6418b6c34c54633c8f790055b402af24eca309b2aded396e2cfa5d019c
train,images/train/unhealthy_0629.jpg,labels/train/unhealthy_0629.txt,3511ffb7de1b4b2b94903b821de8f286e2f36c316e0f070ec14d1c01f87b03fd,8ce458bde8e2d09f9fbe86e95b04e4a4aacafdb365c31dafd92af1c2ed8f3637
train,images/train/unhealthy_0631.jpg,labels/train/unhealthy_0631.txt,e8be49d56c15d62285149f466c1b0a5f3380933a28b64cc1e85813503448bb45,37594fc0c41e54ae39e72322a13c6724bc0421233c5e3319d3a7554ae26aad3a
train,images/train/unhealthy_0632.jpg,labels/train/unhealthy_0632.txt,7d0975c42d5cba0d4d70e4197ba08fbb92bb44f478320422e5e01872a74b404e,58db4fc8ad1ac2c84d4a9dd4a7f7b28fcc43900492949cf0da14c25c03a90ac6
train,images/train/unhealthy_0633.jpg,labels/train/unhealthy_0633.txt,4b95bedc0e3380b9d9a9c71d899f76a72185651631504a62bdf936a76bb37130,e78180775836076c439b4f8521e4f0c0b5972395e8733370506de05be5d2b4c2
train,images/train/unhealthy_0635.jpg,labels/train/unhealthy_0635.txt,4ab2afeab98d056583b56cf0752143f760843288ac64ca2e6ec50f74a863b1cd,f59112aa5a7a6fa1ac02b821f0b789932dbebc61b097fa4b6dbf5ecec2af35a6
train,images/train/unhealthy_0636.jpg,labels/train/unhealthy_0636.txt,65e742088daad372437a5fcf93713c0c2e9b0cfeeb3c3604f5699e95f1f0dc2f,faaeb8263d94deac582f0686430b59d9bf0422d1010b9117f72e91038a9939d6
train,images/train/unhealthy_0637.jpg,labels/train/unhealthy_0637.txt,c8f22cf284dc49540dc29f02d596c9315cb097e67f6f280aea60147beb2a1424,d8327d558b893889e0eba03a0f3a41ee46c05dfe463306a853b99ca1b0932987
train,images/train/unhealthy_0638.jpg,labels/train/unhealthy_0638.txt,974e0c1e424d2dac2b7eacfc867b38c798a76905750433c7e855e2a5ef876ad8,6b2f42a6b82e70bc1879a011ad45343276b6f0b72bdc9a172ce4922c74cd19f8
train,images/train/unhealthy_0639.jpg,labels/train/unhealthy_0639.txt,38ad0503d5a4c4164a8b3fdd2c5aec04e1eb541e508ee039806190c5581753f9,817e76fe61c5afa5a5b30b1f38d3207124216c2fc163f0ad5898e3ae90084190
train,images/train/unhealthy_0640.jpg,labels/train/unhealthy_0640.txt,a05c18e70446e2ca5ca7c21bff9c1a1729ffaff38deb6594658274ea894ae831,14b71c6ec9de027c629ad6ba7491b4dfefa380e47ee3712ff4bc47e7a9b88712
train,images/train/unhealthy_0643.jpg,labels/train/unhealthy_0643.txt,10a73d2813f26885c831a2f06b662b6ce8a90c35c05d58f82fd4ba2c5324dde6,51199d8a0be63d35d8487c946583f9c281c687b352b75938ad4cf3d50530b5c9
train,images/train/unhealthy_0644.jpg,labels/train/unhealthy_0644.txt,c6dbd3d66fa2882ccd5d267deb49921652d47bf7607ec19dc9f0299121279e68,f1b1d7743ffa08cf11bb89436d609e931179d6a177dc820ee752ab7e628951b2
train,images/train/unhealthy_0645.jpg,labels/train/unhealthy_0645.txt,bf9ccf818266e94510a1a29853cc3746afab42c56f41611690d02241e5ee3eac,029dcbd0e0136439b4521ff86c44bddeaf9e255ab8311d79b6f7dd60ef8cc9a6
train,images/train/unhealthy_0646.jpg,labels/train/unhealthy_0646.txt,9db29c2637ab888d307d644cf6733b1e677520cf213846a43cc01022b407d418,a25ba94d8f8866129475d54c6176690efbc71a4e19acfa01ec5ca1a29c3c0494
train,images/train/unhealthy_0647.jpg,labels/train/unhealthy_0647.txt,aea838ca65acd3ce62e242221dd77910bed7267546f87d791e2c04d62bc656ea,11b634f17b2b56c004bfbbd4852f629c538d5028ac8440af12311cf39ad7a2fe
train,images/train/unhealthy_0648.jpg,labels/train/unhealthy_0648.txt,aecd8d20698e1a53c3048cb51cfb36f6eacf6f9d543e1705d9a5b95b3e06f826,ad31c055f6d55f7ba6eef1b334043133f4b5b1fb9fd0b09a093573199173ed71
train,images/train/unhealthy_0649.jpg,labels/train/unhealthy_0649.txt,d0426bc07cb245b4354682a320c7f6354853fa64ba4c4a76a21e51197d5f26e4,ced0bd196af80525654a83831ecd2dcf922afc68cf19f420bbfbe3ab89c13881
train,images/train/unhealthy_0650.jpg,labels/train/unhealthy_0650.txt,7c36c3b2539b6c0e81d4264b356ea2e4a73b60ffcf094d01970f95e6ebfd5e2c,a068007a8f06be48a6177cb1b5ecd55d05ed617233ed39224fdb8d037c0a3976
train,images/train/unhealthy_0653.jpg,labels/train/unhealthy_0653.txt,505127a66cb4c336dd383e7d513573a4ad11037ef1a03b3c51a77ea024bc530d,85171ec56d4cabd215901bc6f292f1729ab64172f35fa74a9a088e12630efbd6
train,images/train/unhealthy_0655.jpg,labels/train/unhealthy_0655.txt,29d8dd5d8e3b6b38ce545134a454545f297d4e1134be1cc3e7fecaae75c26108,21c9af6a38beed50a745de28472682df3ed44f7e6e3cab2446a929c8f167a4c6
train,images/train/unhealthy_0656.jpg,labels/train/unhealthy_0656.txt,7c3d7381064761c842915b79068df0c81eea1b59541485597c35a43001089ef3,848d0c71f5d7e8597f1bed6a592432fd319bcef01df91d1eab646de852caef61
train,images/train/unhealthy_0657.jpg,labels/train/unhealthy_0657.txt,84ad0e018f61000e741347cff7178113662d419e5e78f263009e8039cec03c51,5ca2ab3f490df1562d5503df7cd52679b6a1266190b3804b32701fdefa53c16c
train,images/train/unhealthy_0658.jpg,labels/train/unhealthy_0658.txt,109e4336deaae3d5220450b3c34ca894462c4d357b03e4df7e87ec2c7f0c7072,41358d4e31725ab3ae40e71638eabe56ee48ae3c05de81bf1ad2efa7f5e6d47a
train,images/train/unhealthy_0659.jpg,labels/train/unhealthy_0659.txt,5372e57ce3257284f175d7a3cfacfc4251c64c61d63520dcf07228314d887034,455f29765f0e994fcfa70f30a0abd2a46464650cb08d85ccfab59fed0af4d0ae
train,images/train/unhealthy_0661.jpg,labels/train/unhealthy_0661.txt,a6539c703bd3e17b6c78d9edf1f3bbd622dd3f552fa4e7d408190ee86067f146,85368e4222898b5f9f46d105bf8568d2ec6e0318e30e0264fe69563244f6b04a
train,images/train/unhealthy_0662.jpg,labels/train/unhealthy_0662.txt,53253c8b249da9716cfef262fbb32f08173fcae5dcee2c1b135898d27bb0de4e,e447a3591bfcffaf9dfaaa0bbc1b555228b499c34ceabb776c5f4fcb5d8a9b02
train,images/train/unhealthy_0663.jpg,labels/train/unhealthy_0663.txt,6c33ed98fea04dc0449545e653295db004cf79ec563432a5acbdfa59ad7cd954,e6083b0e6532c5aba92d12cd9a5a343170b9da63e44b6d7af632d5c125fdd1a1
train,images/train/unhealthy_0664.jpg,labels/train/unhealthy_0664.txt,d058b057291409390a36e1a5c934e86958c30acd415dadfc01ae0d3db4c280bc,73028aba8988f4533a344867eabdcd1afd6cd4748d172367cadeccbc019edaa5
train,images/train/unhealthy_0665.jpg,labels/train/unhealthy_0665.txt,dbf474fe05f83591f6b1b96177885483114daccaa6d820f1966380ed213aed3f,0bc7c1f5d44d50915f9217a53d13f901c191b5c2ed42b1dd653c4c3ee72d9f57
train,images/train/unhealthy_0666.jpg,labels/train/unhealthy_0666.txt,2bf7147ed5ca031534c22d03a95625c899fb820e325d9affb31fbb19f1025208,b0ca8c21a73a55a516be0ef60ab14397a64b20a1522dd49f12e1ff6eae56fef6
train,images/train/unhealthy_0667.jpg,labels/train/unhealthy_0667.txt,d5481de52cacfe572baa1c3f43c2079a47ee959be909e89f202366e2d2ab7134,aa7806828fbc7c4e0215350202d367674276217331baebfa93c680ee01c38fcc
train,images/train/unhealthy_0668.jpg,labels/train/unhealthy_0668.txt,ed5c49160888933d0555915a765e489e0b412c63a4d3b7543b8489077ed160a6,2144183e4a93a9c395cb115504fa81b68455375ac86e7f73522fbb21c7717db9
train,images/train/unhealthy_0669.jpg,labels/train/unhealthy_0669.txt,be68d0ebc5316d1428cb9b029af4c25ed8fcd7fb13a1b5fa957d91049d275f1d,471ddf13f321dc65c80219e17fb2dd2665dcad1832fe1fe39089d1a22428f562
train,images/train/unhealthy_0670.jpg,labels/train/unhealthy_0670.txt,99cb4eb50a1dcb19a2aa3c4f575ee7d5c39d9ad5743a88db29afdd82b00099f5,a36be745f06b3b59f45c6b78a89a1b7e2f4cbf026dade69bd140ad3cf2a3bd51
train,images/train/unhealthy_0671.jpg,labels/train/unhealthy_0671.txt,8be1c30ebe461741f9ee098b9d47c06c9610e82c046d281bd6d97df1b3ac9547,054711d3fd12f20100285bba24c62a2d81ba71e15f4f7ca2df52a25fca1b7a22
train,images/train/unhealthy_0672.jpg,labels/train/unhealthy_0672.txt,d3b1e987f4ecf740a26500fcc2bbe56deabe0ad134f75ceb8f4cfcbd3eb581e3,0eb4b7261dbb0e20a93d363eda10b12e21dba7c796063a4873aae7ab860eb1ad
train,images/train/unhealthy_0673.jpg,labels/train/unhealthy_0673.txt,1b5df9a5e9b7509065e39ef511a91cc4044107f2e144f53ea31430b5d2e7821f,99245177cab57e9195a69ef8ecb3f0c0f02010e004fa8814db723aff31c30b2e
train,images/train/unhealthy_0674.jpg,labels/train/unhealthy_0674.txt,ef2e8ace7d6670f629b9f57fcee64cc5fa673946985ddfba5afa3cf5fa4a90b9,b4fc899b15855a4ac0844198f0c0639860b7e9f79ba912f7483da6f533df7f7c
train,images/train/unhealthy_0675.jpg,labels/train/unhealthy_0675.txt,6cc851236f0e4c08eaae7c6db7569e48f9f5ee9246ca4a263166d8f56aa4e9f3,9f8ef823e83a1d18927820ef68c8bb0949fe21f8349b43189646da394847b2c1
train,images/train/unhealthy_0676.jpg,labels/train/unhealthy_0676.txt,b54e3340a63b5a73e3c64af264796342221703b69cabf759dfedf349dd074215,ac408e7369212c1a7edd19772dae060d3f0219598ef470629871f527ecd91f3b
train,images/train/unhealthy_0677.jpg,labels/train/unhealthy_0677.txt,1beee6952df78e0d09b0d893d45778f693e12045466c00f629d9d7857b842f53,edeeabae328f175414d5bb20e0916112f10b2aa85820f533be314836ff5ed802
train,images/train/unhealthy_0678.jpg,labels/train/unhealthy_0678.txt,f28597b93c89d3c2d3bdadf3ac153fc7b11a120581ba408493bb783f4f94d4cd,14c2b8faffa900e0e0e0065476742d7b7a9044e8983773a37042d58639d4cb97
train,images/train/unhealthy_0679.jpg,labels/train/unhealthy_0679.txt,506aa49b27f7b2d07558b275f74746d301cf6f1d82808a42ac076dd219e8a218,f92deefac222d823a300f026d6ec9314f8fe905158dbad30315612f7cd4780db
train,images/train/unhealthy_0680.jpg,labels/train/unhealthy_0680.txt,a112593655c4e893590599ac17c9b9d2d90988f75000dece7f652a28d28266b6,13e45e7f7b9236ff13fa1b5a60d3ce7be3624e80ef64b72069a3ed0c98245360
train,images/train/unhealthy_0681.jpg,labels/train/unhealthy_0681.txt,9521de6bb2485e0c7e4aeb9de0b446c7bfc73f57103d0e6c3dd6ba8b2f6515d3,09252c2cdd4e5ebd2615f4a180e5ea6ab36688aacdb3b590400e60693c9259f4
train,images/train/unhealthy_0682.jpg,labels/train/unhealthy_0682.txt,1654440b93e6c3f28633f25dd8295483bb654820591971073decd7e20e8d5d8b,b5140995eddb1cedc5a8509b3b7d94aee3f1d421bbc191314bdb1a977b0ad3e9
train,images/train/unhealthy_0683.jpg,labels/train/unhealthy_0683.txt,bd038da5d5d04f232a2d67f312e04431e3e85e32bc2823e0d2ca832b86ee6376,da9771869c179639ad4869db0ef13634fdf5fa0981e11b16162bbe9ef2d91e27
train,images/train/unhealthy_0685.jpg,labels/train/unhealthy_0685.txt,53041d623f1fccb4633d25fc8e0fe3dd019b73140e5622f244a6983dc3b45c38,9c663e79396d7a6c0c49f5cdafb01927cd61a887c5a5ec927450648568b68867
train,images/train/unhealthy_0686.jpg,labels/train/unhealthy_0686.txt,dc7a15b1e07c5e71360e97e61346384758e9f2587e795299504a39455e2ce045,cce45f5a0cd5ab5bd862c07ba2a5209aa3efaef58c3b501eddb0a4c83a11c6c5
train,images/train/unhealthy_0687.jpg,labels/train/unhealthy_0687.txt,f8a1fcaa3d14a0a08265b956510e4a9a79c7a265f805193b1ce251e67ecfdc08,a8e16d8a1551ce3707f16fc5467499a5db28cabef7dbad099dad129138f797cb
train,images/train/unhealthy_0688.jpg,labels/train/unhealthy_0688.txt,ab50312b42a4e6ecf85803815ed595d1c0aa26dde4bad6d54bebedb567fcb7cd,dd24bf8a09ffc5e0dbecb46859953a98254089ff97f1d9a7de2f1405f0d12475
train,images/train/unhealthy_0689.jpg,labels/train/unhealthy_0689.txt,b509abbe73932fa334858a27cee3eb55b4ff3b13a4f8b4cc7e318198ac3316cb,978151905196685a5d4279541a5716a1c90a300929316afdd7cada391b4c1f77
train,images/train/unhealthy_0691.jpg,labels/train/unhealthy_0691.txt,257799cf3d68688c881251e0d0769917a7523b84016d71e832f10615c9c8a50e,204d1dd92e45e20e23532396d855bdcf684aaef119cb5d6db7f41d9c960df880
train,images/train/unhealthy_0692.jpg,labels/train/unhealthy_0692.txt,4ac9c509dee712e7a30c5727963a294238652bb59cdc0884d40d7199f7b9c8d6,df556ba7cd804fbe00b4f8b75eca85aad89ba12e5bc54b24a31713beca50da13
train,images/train/unhealthy_0694.jpg,labels/train/unhealthy_0694.txt,d888a87dcf716f44b6241599f9c4914ce4f37762ca112486f70589894e5687b8,cf807f69476c46ba24d9386b154711bb595c6322fc5f0b4297961f32d843e0a8
train,images/train/unhealthy_0695.jpg,labels/train/unhealthy_0695.txt,b4ef0672a58d03fee1d0e9a290337644f14586983530aec7a239ebdfbf88835a,58a733d68382339956f575f829eefd7e5ca4973b879a0653ee6359174ab2531c
train,images/train/unhealthy_0696.jpg,labels/train/unhealthy_0696.txt,aae862ecf48f578028d818e519ad7571a862c2f62cf8e29b91c4686b4482239c,847204cff6eed29257885cceb712ec5cd4ec46479fd8a224c91cd326a95807b0
train,images/train/unhealthy_0697.jpg,labels/train/unhealthy_0697.txt,ad877d8367e01be2dbee41d7b7bca974b8988e7b8ed9f629f005c3d1d781e99a,c10d1a52aa82c7741f1d599c18c6ed5f2d123c973cb8bf927e17070891d0dff7
train,images/train/unhealthy_0698.jpg,labels/train/unhealthy_0698.txt,b18e7636eddd62bacf6a3f3b96087e0d46b1c2bcae33f2f9ce9cfebc1e3cabad,297a9f5a36cc3780dbdb8b181c7865cad039fb29dfb456f52d7627bf015769be
train,images/train/unhealthy_0699.jpg,labels/train/unhealthy_0699.txt,e850e9de47db05c65b33cc0aac2a8a4da2b354000a6d84d4d468bb8cc37c7192,11575e9d6bbc742e0ecbee2ae370cea3790edbbebd7e91e21186dea14cc720b0
train,images/train/unhealthy_0701.jpg,labels/train/unhealthy_0701.txt,8dae6b9a4aebb80a171e60dc9a82bb346cfe221975fca5ca80aeaadc93054ba3,6202053d01df923abf05a6cf8e8eec22439f762b0a80909d70cb4ec8be0cd6e7
train,images/train/unhealthy_0702.jpg,labels/train/unhealthy_0702.txt,bfe8464ebbc9de8593816ae5903e50bbea11f490f25784f4a41f973d57d8a818,89b8e61f30744a77ba418723a20a2049634b63ceafeb288ef48c08bba41dbc91
train,images/train/unhealthy_0703.jpg,labels/train/unhealthy_0703.txt,b603721f24734ff9b49c8ed329e73ae514dbc1c5da8c10c4038b6305f2962e66,89195c407683280a6253d2fe8ef5539beef59c49a52177647cd694f1011a3400
train,images/train/unhealthy_0704.jpg,labels/train/unhealthy_0704.txt,878d6b81cbc18b364c61b301684dc47b2f90a088ed44055aad50a4b532b27f05,6f165e8908e57236cc3fe835fdfb600ebcf56f3771ac14074d53e7dc9cb87cfd
train,images/train/unhealthy_0705.jpg,labels/train/unhealthy_0705.txt,498fd4bd56da2a912eea9716b1fc434113eb60b179e62420df7264391348f2be,cb6f9f2e715b915bcc19b391fbbe3df4e71b412be26ab69400ec422b782f4fb2
train,images/train/unhealthy_0706.jpg,labels/train/unhealthy_0706.txt,8383c6a532745351cdcd9bbacbad13addb122412aa39d39045d6f66b775174ac,ad8025523ee0fb1bd5bb9dabbd7e346a0a878199c7b797a2362a92d37551ad7e
train,images/train/unhealthy_0708.jpg,labels/train/unhealthy_0708.txt,b424205b05a984689459b33490cc55caa639f60861cb478cee8f5daccd06069c,96a54400da77a79a004b82c76cf0deb43ccda8432bd581a46687f688396302eb
train,images/train/unhealthy_0709.jpg,labels/train/unhealthy_0709.txt,86f5b79f1f8683551ba40c405296295ea3b2cf65856258a5c11f64b09c407e4c,1d6350ca5319890d364f4e921c2aa5b6bcc7a5da35e26ec9f3ff877820c2d518
train,images/train/unhealthy_0711.jpg,labels/train/unhealthy_0711.txt,43b8484fe05904cc28b4392480ac27db37fdd0932fc12fb4d75a5d46b1a08f5e,166b8f9cd646a49a168f090dfd279ac027e69247460f4c700ffd59d46bebcb81
train,images/train/unhealthy_0712.jpg,labels/train/unhealthy_0712.txt,81c10257629b56d5b2da1bf01a51cbbc16b960f58de9c8c9fba7fb924c015f60,25a91bb72e193e2d8aaf96d71906277996f0dcbefd5a29984920d84a620ef660
train,images/train/unhealthy_0713.jpg,labels/train/unhealthy_0713.txt,b008414e9875bce9779046826c772b5e52506d0e54115ce448c6bb674091684e,993a44692d0adf418ba5184b163ca2f247a9d31b184e7112c3c60ac0ac428a28
train,images/train/unhealthy_0714.jpg,labels/train/unhealthy_0714.txt,402c5eb9a74f8f83568aa024a54d2790a5be4652640cd80b9b6df4abdc000b61,3ce823a155eba5978c01d4fa152bd4ffa830086b06fbb88e5f595a7bf3d2e220
train,images/train/unhealthy_0715.jpg,labels/train/unhealthy_0715.txt,f93b637dcefc2b041529cc90b0fa36e9416bdfe8514400e028f162ccf6756ee1,d99d5cb363bff3739e81678580f1940737faa5585c572103f820578b11fc35f9
train,images/train/unhealthy_0716.jpg,labels/train/unhealthy_0716.txt,5692d1795a2afe003c03bc5d53b75e18e24d0166a0720e15a3a685f970cdf30e,d7714c28704e68199892cc6aea3c3770753f46ec681815b73344b7c0f47f5df1
train,images/train/unhealthy_0717.jpg,labels/train/unhealthy_0717.txt,4043f5447954d04cf3eb5d869ed0d0e098ba74ae361ef2e02425c36c3b903c51,4a8b1331f7b2db05add33454fbb31c3546ccda1fcd703d71bf95ba822fbe1586
train,images/train/unhealthy_0718.jpg,labels/train/unhealthy_0718.txt,0da5a9e1be302f63ee584f3acde03f9c95d88999e888c2198525704753f27f6d,32f9094c799acbc01497654779f961cf01ed4ac2fd273967db154365354e1833
train,images/train/unhealthy_0719.jpg,labels/train/unhealthy_0719.txt,a8ff89cf2a26edae54e8460740ad7be54dd56826465d727c748a07d3fa76a984,77fc8886337f2c5ff95405fbe7d793a6c77169eda9059f099ef56ec9dd49ac6b
train,images/train/unhealthy_0720.jpg,labels/train/unhealthy_0720.txt,47964c0b3bc18d6d8e18259e430f925bc0de052e287cb6ea8f223787f8267721,ad3a4bb236366f17c42a0141dedf5c5bd0716c4b7b6353984d981bbece6a7ed2
train,images/train/unhealthy_0721.jpg,labels/train/unhealthy_0721.txt,ccce6156cde1d0aa9db7e6985a9985b3b9df29de298e39ad52679bcffa810b78,6f182f2050d1fb22eaee2ab4ce2c3c108c2d4d20b0ebe6c60672960ca04ceaa7
train,images/train/unhealthy_0722.jpg,labels/train/unhealthy_0722.txt,d579c89d30088483c3a69ccc18feef90dbbdaced5bb81b8d42f04b42b635d01e,6efb4a5b8efb597e99e3a0d7ee5dd1734eb76fe2228da5db2b5c115be0df1054
train,images/train/unhealthy_0723.jpg,labels/train/unhealthy_0723.txt,c314da13b942da623018a2073a01d3bcef2c9e678250b23a95cf192f7d9f5480,30e12b67f7e6ab9412a866c42a6372a79c56fd532aa834e730ab2cc650058adc
train,images/train/unhealthy_0724.jpg,labels/train/unhealthy_0724.txt,b701ccc32687e659f7775c3392250a4604b17b19a2d048a7ea3c5a348d6c967a,b3e25994412c3af5856bd24fa33af66f87a2d67e63892118e60a8f7ffbb87b1c
train,images/train/unhealthy_0725.jpg,labels/train/unhealthy_0725.txt,2f1a6d3bf38deddb5911c8c27c160ce81a409a407d4572444d0abd2d519b8925,90e8f2de2aeffb6c5edc0a50a8cf7b038ec5f93e08619afd60561f96dd3fb79e
train,images/train/unhealthy_0726.jpg,labels/train/unhealthy_0726.txt,b6293355424a19ce45fadca4ab7b19844ef33c460823e5ec39f14e61ec2f9707,eed24cdc8aef028ffaf769a4d3704a66f6097add127525e7b259c3082b15be02
train,images/train/unhealthy_0727.jpg,labels/train/unhealthy_0727.txt,5c435b174b6da8267c1f432d5fbe520349e411ab1982720bfd4e8832728d2ab6,60cd69808668fc2ea8cd366e142f31705b57ed1b937a93716112f46bb338b337
train,images/train/unhealthy_0728.jpg,labels/train/unhealthy_0728.txt,b81a0dd44f7e51819619734d6552a4492af38f95f87f18c4d7349e1d3e2f6d7a,d995de2afe0d9fd706c7aff6eacf4717920f98725b02523a986af71602326311
train,images/train/unhealthy_0729.jpg,labels/train/unhealthy_0729.txt,fbe8cd47ffb0968d835aa008eda3ad64a08e1d303da73f84af15e68b52310ce4,30bbe9e0c8a7315f0184ef5279c1b847bbeca4fe796b1da7339b73c4ab89d5d5
train,images/train/unhealthy_0730.jpg,labels/train/unhealthy_0730.txt,669e2c7dc8345bfc2c9e43cb9b03828679fe0ee34a19a09b9cc1b705551601b6,ced98b6fc6024db4f7111565af3f39753c98415720f7c13e0faa9c8ed66f3ef6
train,images/train/unhealthy_0731.jpg,labels/train/unhealthy_0731.txt,2f5157d1fa12740496c894eaf8ded683b9563267a8cdd39ab4d965e7f9a30f22,a5a65136e6eb0e086e481306f71fe509f6679b16d0742877dc18780b1c289492
train,images/train/unhealthy_0732.jpg,labels/train/unhealthy_0732.txt,c5441bd580c130ab9c3f049026460f564e9eda961a05507092fc3bacf025ae6d,8f5b054d54e5a26c48253c5e7036f1dd7d11764c486e1a86492f5c6a870cc3ef
train,images/train/unhealthy_0733.jpg,labels/train/unhealthy_0733.txt,cb25d1f24a40c4c91b4d48fd4a16032641c0e1e8dc5fde0a71903240f562b4bc,b915007567faaf04c934c7e1e79543168b44d6272c908662b673d4c667939877
train,images/train/unhealthy_0734.jpg,labels/train/unhealthy_0734.txt,a139f40e26336e40d1b2117d47ad369bab56373ae88b0aa50515e0034ca5064c,802e4b560a615ec95454118e18997ef41a6958b0f36e0f202f9a30578f57ea2c
train,images/train/unhealthy_0735.jpg,labels/train/unhealthy_0735.txt,e51e95ef2dd100ecfb22474c51d7288ad2210f240486192cbdb938eea30336fe,262cd3da0a1dfd567b525077f992dd063ced2d0e8c3b32d67f2be00e98a35e29
train,images/train/unhealthy_0737.jpg,labels/train/unhealthy_0737.txt,668ef88d2f39bbeb2cf78b914baf1bf62dcb14b3424f27de428423905c7b7a87,345198fa1bdb950870fc692e3f20c2276a775cb0ac8ef595c9dd04ed1c387faa
train,images/train/unhealthy_0738.jpg,labels/train/unhealthy_0738.txt,d911887db5406dbfdcb37e5cf194c5f0fa0d040f0116a45fa2ea8fcb25c4c9a9,5442749be2fe4d42f20492377c13611b0371b5efcd1761c21ecda1078353cff4
train,images/train/unhealthy_0740.jpg,labels/train/unhealthy_0740.txt,5bfd6e767314f4db5c488b5b4fd4ea0a7b2ab85cb6fe72454dcd210555dc5cbb,8a4580669392b91ab3126ecfbfdcb86baf450b27d1c763c6ba10c8e33f1db643
train,images/train/unhealthy_0741.jpg,labels/train/unhealthy_0741.txt,c47da716120c993a621c55248e72304587439a67ee8e3a23c6848d3cd438da22,528cb97c17f54ac85c9dd9b347411617cd5d18ea72d5a8107ddf1468e0ec437d
train,images/train/unhealthy_0742.jpg,labels/train/unhealthy_0742.txt,092ddcc122950b62d008302e87b613211190ef65fc0724456461d608e2714829,8c67adce37210c477be8f0b2ac04e3d09a8be35bcb43e9665b16daa424f9c64e
train,images/train/unhealthy_0743.jpg,labels/train/unhealthy_0743.txt,202932e02f7a1cae873e8912f9d067f847e31edf94cbf66725485927502288dd,07ea502b23589d4c0963cbf982b45dd95f9534802309a9972186f5938c18a806
train,images/train/unhealthy_0744.jpg,labels/train/unhealthy_0744.txt,d99cb30fd05e5b8df9bb819794332db7c761e5309104ca9cc98b391946655107,e796c68d80181df9dac0da4e8baaff5cb7edef7000bf258c1b2760f1d2478da5
train,images/train/unhealthy_0745.jpg,labels/train/unhealthy_0745.txt,d890eb1e9ba27122827b7e66ef7dba1cb12d1b549b9891871252cc4547cee101,50d762993e173625bb87cfaeccace40bfc6bbd3b57aa1042809f5f930746afc6
train,images/train/unhealthy_0746.jpg,labels/train/unhealthy_0746.txt,8831f6b34bf29aa4cbf1d5af44d5d688ab1d559f734802af71cb019d3fcca460,f8e6bf45b9678b6d47d22dc5c188cbcb85ede058762d198101c0734084bcbe20
train,images/train/unhealthy_0748.jpg,labels/train/unhealthy_0748.txt,72a2239793c369a6613ecf78dc5492aae2d1480757eb9cb3ed9aa7deb742a8e7,175619a64c1ed9b26e00fbfb14e3fed185c1443b3091c6d48e6ea7be3d9e1a69
train,images/train/unhealthy_0749.jpg,labels/train/unhealthy_0749.txt,408b271236e0a24d7d336f536ae1092723003a16fee6e6ba7e8e01877a34d09a,868afa8bb26cee9306ded8c1231671718d32d29cbf5e9dcab5467482c356d170
train,images/train/unhealthy_0750.jpg,labels/train/unhealthy_0750.txt,6386bffee4164da246a6e8b5520045cc8f76c461e17ab7a9bc90a31e48c1585f,4c0b6e4f38697d701a8dc2f661cf9840d00a0906e55743ecedbd72225abce039
train,images/train/unhealthy_0751.jpg,labels/train/unhealthy_0751.txt,02b190ad99bbe83b64322295ad9d0008189170d286c0a53dbcd5baac2c3efd80,30f21a627c2bcf7c279bb71231e16f4714f857230d5e40ce88613520e50030b6
train,images/train/unhealthy_0752.jpg,labels/train/unhealthy_0752.txt,2304a078d5ec26d60f7964f5076407beba629b39a9dd2a87c3bd0e67c1defbf1,e5e4f8e6b7fe2d5354e94e06ef37c80b4d6f58515e0ecb4b4af5fa533aba3581
train,images/train/unhealthy_0753.jpg,labels/train/unhealthy_0753.txt,cbda79fbd4b210d4655fc4cad6b6f471e31be11f903c699cf0d867acd091f59e,f8913e794386fea1c01569ebe82bd77ba53ebe6bccd5cd395c253045b06e5227
train,images/train/unhealthy_0755.jpg,labels/train/unhealthy_0755.txt,4857b558cd0759496e1cccae09e5116847054826d6a47ab5df62a63bf9082856,39a71eae15d2daaaa6b2ba9f567247d2f073797a1723dfc5e7810f7006d41a39
train,images/train/unhealthy_0756.jpg,labels/train/unhealthy_0756.txt,99774f10afcb1d03ae84325cb9a571cfb84af7d670813b0e79578ae9d0a0d02f,33673bcc61b6472d2fdd0be0eb08e953639bad795e25d7444bdf9579a5d15da6
train,images/train/unhealthy_0757.jpg,labels/train/unhealthy_0757.txt,e0e1805d1de5b3fdc45e076a8aa914dc02517d8d8bfacda72b5b533a6f4b198c,c6c4fd29e950798cfed6791a70b182ef808e5320b592fa9398474bd72e1bbdb2
train,images/train/unhealthy_0758.jpg,labels/train/unhealthy_0758.txt,7253eaf4eff9dedd3bdac11b6fce662303656ee420d361c1ed17465dab4bd299,c6978fe10d70117c9f90929d50c1fb7de074fec937965958baea6565df2c6e7a
train,images/train/unhealthy_0760.jpg,labels/train/unhealthy_0760.txt,8de9a7fb494e882e3854cd1f2733239cfc8f5ba0761e3df20a82086e09949e20,7531c6c5f1194cb53bd3af80a5432469658d76d01878d2e63781e0bcdee2534b
train,images/train/unhealthy_0761.jpg,labels/train/unhealthy_0761.txt,b92107ea3c2f920725348c0f54ee9a7f449bd83694b8d2d0a23c81a02b3a1b2c,47b2b45f431dfb2b561130291e38ea1b08af8f7b46427c107fe4a529947d8584
train,images/train/unhealthy_0762.jpg,labels/train/unhealthy_0762.txt,0a898e9cf240bb9b2354032ea62ed0a2e26953f8312a5bd17a4e797305d8e567,6e59078a28c3f9c29c56efe2f2b6c4783eee77c6b44a156fdbbd072df767714b
train,images/train/unhealthy_0763.jpg,labels/train/unhealthy_0763.txt,28f40f956535dac0c2945de00e8e52f10ce28ad978b2cb9fb2a2ef9cad59e640,23bf11bf0677df9cf2efbfe4feee47a1fa8633e26b22eceacafa3b8baa64a479
train,images/train/unhealthy_0764.jpg,labels/train/unhealthy_0764.txt,334f68bd89b046426782188e7fcc8e1f426607ab3a40498a44bca0846bcdc1fc,9634d5bee5c29d7a73206efe6932d15af1d1dc7a33282adc5a33e9b3a6f04787
train,images/train/unhealthy_0765.jpg,labels/train/unhealthy_0765.txt,0e8c11f09a4f396d24028311dcd4e4cd90414e9f4b2083dd3f909206ee9d696d,0a81ea0a41041f686a54f42e4d877923e01257d7b71b4a2b298a1e61558c867f
train,images/train/unhealthy_0766.jpg,labels/train/unhealthy_0766.txt,788f70ecce242d6fd30ff70a4b1088656e40c789b4b352a2c6b5bf6f70cd62e9,f1da77e3d36a5c4855d1d2312804548cf0f8b644439dbfb9a01917d5211deb90
train,images/train/unhealthy_0767.jpg,labels/train/unhealthy_0767.txt,fbe8e7a389e21ffdb638446375831b4bcac7cf00bb0a81ba4e96e3eb37eed717,04191c1092bad3ec05e31307c34c593218f001abece5e9d6657cb3b83199903a
train,images/train/unhealthy_0768.jpg,labels/train/unhealthy_0768.txt,66fc5fdb55eb70eb356af21bdab696027d39e382538a62f647336e050116fe88,a3800bba969724496ed1a47bb4367ac627c362739d5d37d8b0eb30acdbeb593d
train,images/train/unhealthy_0771.jpg,labels/train/unhealthy_0771.txt,0899d8b8a92d83eb2ecba16d12bcd0ed93e745e11d098ce6ec3b30ee49d18635,9ac23f3a2338ba3242d267080a637908128fb428a258a30268424585479ce5fa
train,images/train/unhealthy_0772.jpg,labels/train/unhealthy_0772.txt,7d7d95bc18a09ad2c4f4395ff6f44c308462cd222069394f7feab07612b99b00,367b6e23ec2c087d51f8bc94e34e79dad6ccc096eacb603b308b142786b06ad5
train,images/train/unhealthy_0773.jpg,labels/train/unhealthy_0773.txt,cdd21986f092704daf464e45836f4f665f31c165c4bae995e056d980cd9720ba,217dca83589ec245e524ea66ecc303706dcfa8a3ba2ca03099cb372631f53191
train,images/train/unhealthy_0774.jpg,labels/train/unhealthy_0774.txt,fe6f2d29d47dc4452a3c520be78145c0d827c13fca02cc3a30b416c806386ff7,f822275776287844be0fc82d8a15d821f64f027d4c7948b273950b07671616b7
train,images/train/unhealthy_0775.jpg,labels/train/unhealthy_0775.txt,6e57c77492afbf5f96d2f859670aefb06f32a46daffb4b2017ce6a7d1fc738d6,7c1cd1923637fb82483094dd0cf3cf0eab9248e758630e7e49a289e4ecbff6ad
train,images/train/unhealthy_0776.jpg,labels/train/unhealthy_0776.txt,33e62d06c100fd6b5670346e20e5d65a425a5b07f8157ba31aabb4c103787cf9,a1e33999855ad163f3a0934aa1d54314656e121b6f2af29384a756769ee3daf5
train,images/train/unhealthy_0777.jpg,labels/train/unhealthy_0777.txt,a6c940b7182b8eeaf8b71b763e7d142950a0f28a82e10870bd872fe1b2aa07f7,727125c10c065f057cf894f9cf662e81db2e38b0bb8817b167c4a160d65724cd
train,images/train/unhealthy_0779.jpg,labels/train/unhealthy_0779.txt,e9a60a70467b09f20bedf2d93a0dcf023aeca4708cb75b675bb58847992d40be,165955caf8fd97b7e09b3cedc60ef296c504834aecc1a54d4a9d0f079d77ee1d
train,images/train/unhealthy_0780.jpg,labels/train/unhealthy_0780.txt,9eed447af9aee045fae467da666ae4dcf0b542345bdf84f5ff1acaf6836bd997,0f25844257d50a73ac0c31a553edb970c1f0cf088f31fa1dabc43faaf0402c72
train,images/train/unhealthy_0781.jpg,labels/train/unhealthy_0781.txt,cb71bcdc79a552515fd162f04896f3c13ffe44ec1a250885aedc906bb26f821a,db8be78e18c154d9e2bc5f62fa03830f73d2633f715627086e9ff0bce38f3754
train,images/train/unhealthy_0782.jpg,labels/train/unhealthy_0782.txt,f298e2cc1a7baa91f0e1ab6ec1f48ebbf9333708e96a56f719a39f830b6f6c8f,c7dbe75c156f289bdc279a7de4f9ca96b2fe0a632633fc6a1e43fa892d2fcaa0
train,images/train/unhealthy_0785.jpg,labels/train/unhealthy_0785.txt,910183e863e23ab33cacdb55456fb60b15b096a1973dea7c303c7f10897dc405,4fa549165f44b708e56e3159c80b37eb7c09fb761e723ab568c69acb391d37d8
train,images/train/unhealthy_0786.jpg,labels/train/unhealthy_0786.txt,06b212ff0df561ea4476cc8fd5b2c3075bb3eb12959426c7755ee97ae53a8b69,4d3b677f67e3e3f9f827b082ed5ff7e800184a88f65bb5dcf2a46119dae4c2dc
train,images/train/unhealthy_0790.jpg,labels/train/unhealthy_0790.txt,309d75232abb1d4f63e816cc012f1c64f12400ca83db3800d5ae87416aa2ef42,279ccdcd5d436c0e8cae557c083014f053353ee926232ce9616d3345764e6590
train,images/train/unhealthy_0791.jpg,labels/train/unhealthy_0791.txt,6c2f2ba02a2149a3ef14355bd58abc43b43cf809e70dde6faac1ba9f69baf62a,0ec56b439f29d0c2f5834f30d7fe889d4f029ff7c0aa0da89cca556e6e7ba768
train,images/train/unhealthy_0792.jpg,labels/train/unhealthy_0792.txt,ade9257c0d2e169b1ef3d0c9a4b0209ab3e92efb2838018e2e67209278f4ba39,731f4002321481dec23fcfb3852359e739145f9e7c6ce5669e940d3e4580c0ef
train,images/train/unhealthy_0793.jpg,labels/train/unhealthy_0793.txt,63a712e61c36de166f7cbffc253743a72f2e570dc395125ed1b7ec01626d9a95,af22047bf3876fb8719721ef1cb3b5f565c7b7511208dae3d62c12b8ad58469d
train,images/train/unhealthy_0794.jpg,labels/train/unhealthy_0794.txt,99d0c741760d8b050c9cc29b4889b3346b3e5b2b801181c1c786c3dd8e43cd42,141018b78b040bc741faa46012b0466d507d5afb3e5eeb8190aa6db59087000b
train,images/train/unhealthy_0795.jpg,labels/train/unhealthy_0795.txt,b16083492f45a0423d3aaf22ce92afd5afe80341ca2d6c43a47cdbf30f265bf0,8b1cde74dd1ad9a6b20e68990d1e9513c176bafb658c84bc87de93eda1d16d6b
train,images/train/unhealthy_0797.jpg,labels/train/unhealthy_0797.txt,e3b51d895a4537acea57a574723d2e8a089c13f1979b551571f0196ca934d396,5ebf7b94762e8a045e69a2e76bcaa65bd88a296ea28a890e0a3389372f8ee77d
train,images/train/unhealthy_0798.jpg,labels/train/unhealthy_0798.txt,0c1e5b087a8558117413ce3b884f5a5667b9e852df2cc628ea1bc1c09952aa80,53357c43bbc33d4ed5ec557bc413eceac75700ca49e1f7ab18e365de1f820dff
train,images/train/unhealthy_0799.jpg,labels/train/unhealthy_0799.txt,fd023e41b10d09ea90d9e4eb9ba63ce36ead2f4047d871e038228091f39485cc,2c98392a5ab0de1475ef7fe9a9f6e8a3599f264542a6fd98fcd44d936ba56fac
train,images/train/unhealthy_0801.jpg,labels/train/unhealthy_0801.txt,a25bd8c78109b65e67af86a7e52ec56a0079d81c52cc8cbf711efe4b5e8f62c0,bf00bf2ad273a7223ff880ff46d0ac180276593d9d6df9372df4beee0464f8d5
train,images/train/unhealthy_0803.jpg,labels/train/unhealthy_0803.txt,f864f292899009821b3fbcfa04559fba077516fd6890b226130a2d1d0cf010e6,097f0dc5152ef3ba17c6b3ecc46bd2407fda295e5c6f2d11334fbf37b1ebafe0
train,images/train/unhealthy_0804.jpg,labels/train/unhealthy_0804.txt,752e6c70478de8f01348bd28bef27c456643fc3a1e86ec45c3c750f54b8d0c30,cfc7ff5d7c663d34e84e1e6da73172339702cc2249d5f51d55b6cfe867d6e7e1
train,images/train/unhealthy_0805.jpg,labels/train/unhealthy_0805.txt,3511ffb7de1b4b2b94903b821de8f286e2f36c316e0f070ec14d1c01f87b03fd,e84c51f9ed2764737bc2a44a3e02a8bccb2d0985a1b153b65b5c504523c0a282
train,images/train/unhealthy_0806.jpg,labels/train/unhealthy_0806.txt,a1d2a83f1a27053dc6e445ffadd48402743221bc2877071e09d39afa64daca8f,9764ce4b98174dd519efcc1d4ecf12aac4bcb3556cd26e23d0aaae45c7d3b320
train,images/train/unhealthy_0807.jpg,labels/train/unhealthy_0807.txt,f42d9844cbae0c6f091905f2a2471014ee4415d8aab4ccdf1168a1b7e7efccfa,f805ee147d134cdc703189a614c0fbd92873c760cd7c70bef6eee7b4a06dc250
train,images/train/unhealthy_0808.jpg,labels/train/unhealthy_0808.txt,e49e3d73d110a311ea8afe40afc752e2f7c0a6100be121300f1f52362160f0bf,4fecbd961fae728b880a8f02771dfc580b1d657cd87ed86298dd07fdb2d0037c
train,images/train/unhealthy_0809.jpg,labels/train/unhealthy_0809.txt,fe0925ddd8b894eb6d279e6b5f6c9a04fbc0ee4a6440e1bcfac3071598bd8a80,35b27b267c4f719fbc04972570c20af33a4d40671ef3e7610dc26d1f7fd3ce22
train,images/train/unhealthy_0810.jpg,labels/train/unhealthy_0810.txt,31f5f1f85dead9fa79feca7f65c07799b74468d9ae83870ee1aa8e8deb07c0ff,67f7b571e9bc87d3e3fe816f33a8e9c65ed2c80d75d3cff040c9d480b753e55c
train,images/train/unhealthy_0811.jpg,labels/train/unhealthy_0811.txt,5fe70be82846c710e54382c3a6d75f7af1fa9ba2a5b8c9f15eadf22b96b94d55,e852d83f2f282d04f0091743571ab7b279079de0ca2642226f5a581847f133c5
train,images/train/unhealthy_0813.jpg,labels/train/unhealthy_0813.txt,acc7814339df6ee456e2c8d5a85feb4cee3b2a32722145f5990d89268c55288e,b745936f0cbae9c2d52f4b806810c01a171eb2f7ee542824a2a9c026270f5a1a
train,images/train/unhealthy_0814.jpg,labels/train/unhealthy_0814.txt,8de07a7ccb0fed11d8a9bf3f115fd2de6d65332b03b48641912800981fb2aebe,3ab72d9533f12acc2831d87b0b798ec333ede299fa97bab620de308202094183
train,images/train/unhealthy_0815.jpg,labels/train/unhealthy_0815.txt,98f9eef6a3ad6f0c8b406cf824a0ad60abb2153a0f87a113d852deefdc8fbbad,eb846e80aa1cccc4f3f924f7f3a6cca6156bf123299bda7503a2b35ccdf1e0a4
train,images/train/unhealthy_0816.jpg,labels/train/unhealthy_0816.txt,12072c244dc7ca87cf698d37f711350644e1260599f08d742b5f3963d0a5aad7,3a511d0958eee8392d6eaae10592da83ef162c49c2c240b0ead2643b33c95261
train,images/train/unhealthy_0817.jpg,labels/train/unhealthy_0817.txt,b5ad36f42a171e07331902ddd1ad233e7dd24178c6a08b5aa29d43adfe774149,8a5de16c1489e368257fee3e207b12cf1bef79df0b61fd622e754310c53d7ea6
train,images/train/unhealthy_0819.jpg,labels/train/unhealthy_0819.txt,f65f8c623f1f3531e2997165a95962771fd745fa1a9a6ee1015ce525e62ab749,8a3f44fbb6910d48f9451aaf9b6be2e816a8c40e66ce7b91141bb4d5ba4e9031
train,images/train/unhealthy_0820.jpg,labels/train/unhealthy_0820.txt,2df2eeb41589bdb97ce2f7febc0e1feb4e83b191803c2269b0b3e98783467691,9b4e50f5131cb8e439c5b2be08f661f11ee0b80933fcd2f9ebd82c5b88f88b80
train,images/train/unhealthy_0821.jpg,labels/train/unhealthy_0821.txt,d5da3a9c9d2e6fed17b11e64ab54114f0a423526c18a29b06415e04cb118664b,a85fd6a7604e920da65ebfded62890df2a771605df5569673d2f7790ddb56418
train,images/train/unhealthy_0822.jpg,labels/train/unhealthy_0822.txt,e0c4b1b778ab68cfa4822039979843967939f4339803ff3aa6c39cb0db591772,11b09163d77f3c96e6f30708316e0ee8211660336b984730a538a9ee72b659e8
train,images/train/unhealthy_0824.jpg,labels/train/unhealthy_0824.txt,53e4958eccd2475457d1dec6a2490052c6665b844eca4dc198e35d6d34f4582a,ccab91d12f7be95a112e48dc3b76f337862185a3ae70597f796514fbb12066c9
train,images/train/unhealthy_0825.jpg,labels/train/unhealthy_0825.txt,61f5d432306e046b81474a2c39f372dc656a40741272175c18be8464807bba7d,395e129db3778181c4cc0c564c994caa3e2f9c1d5ce86d86977e1dbb69c8a10b
train,images/train/unhealthy_0826.jpg,labels/train/unhealthy_0826.txt,43ceb1f50fb73806cd252c88bfc1caddd8994581ae7a1e45773cccad55d4063a,cca26b4e862a1bf4dd06d2d9ddfda2b0df053852965e6059247eeb09f56ecf51
train,images/train/unhealthy_0828.jpg,labels/train/unhealthy_0828.txt,7f0f855cf57128060a9e98a38c5c0c2dfc65b94ef46cef816caefcf71442112e,714d27313d7758a401bc175c850107a3890a86e005e6b64024c78834bb05dbb1
train,images/train/unhealthy_0829.jpg,labels/train/unhealthy_0829.txt,79d35866515e07a5c90e4c247112cecca7fda222b8da56d1681abb4123c46fdc,832d655ed289c20beab409999709d8a9782b4aeb0f4def14b08bc7f57fffbe5b
train,images/train/unhealthy_0830.jpg,labels/train/unhealthy_0830.txt,694539c0d67fa2c7d5684445d4f644a5a1ff5d84815851614a49b98639815b0a,cab70b9ec043bddc9a93098e6ccec647f338dfeaa557231cb4a932ae9b497701
train,images/train/unhealthy_0832.jpg,labels/train/unhealthy_0832.txt,1a73502bc6730f68c3b7f1d5d1ea0d897b6f048c396e24de324c35ec7fc78b99,80750be969febeb398ec0396d3096dea409f349522e58642709d19ff3e5b383f
train,images/train/unhealthy_0833.jpg,labels/train/unhealthy_0833.txt,edd92e37f7fbf11b449f60e71fb51f6287ecb2debe340bbed267ddcd524971cb,0b11850050b301afe73f25053636cfc8ad849365f66b391f4f6ccb1917491913
train,images/train/unhealthy_0834.jpg,labels/train/unhealthy_0834.txt,1cec2253cf96199adf2d697e564fb3f55d1624d424e5883eadcef1757d769a13,038906234b8331a17c16fee5d684fc6a0f5ea9eb589b364d7c4c07756a5528a6
train,images/train/unhealthy_0835.jpg,labels/train/unhealthy_0835.txt,cd6ec0243abcf1d2f5a4da01d659bc4fc085cb6fd1804748e3349c5ce86197bb,c243439eb7be0ded523cb5a8f5e5f9d096d4feb664fe47d75025631aa6d4dcbf
train,images/train/unhealthy_0836.jpg,labels/train/unhealthy_0836.txt,a63ea923e04916179b651bb687d0a7193b639468442de5f768b4bcff9157da8b,a748232ddf5e540b33e4e001566ae6bbf1206490f7917be0775125e35c067f3b
train,images/train/unhealthy_0837.jpg,labels/train/unhealthy_0837.txt,a1e1991a9d55312048ff4f690d9578d2ffa10cecf3c9051f57cc8561c820f0ad,47ed01bb5c330d9e89b7a18c9ba86a55104f915896218d6834b719bae333d720
train,images/train/unhealthy_0838.jpg,labels/train/unhealthy_0838.txt,a5d10aa92da4a0663162a11d7bb4b659fa6d773917879ddf4714ea5d6642b164,1bbbd9913b53fd64b30b5f0d222d05663f5a13b569ec14a01ff05cb87d166f4d
train,images/train/unhealthy_0839.jpg,labels/train/unhealthy_0839.txt,26b9c896a782b2445a5ecd3b30ab31412f355ba0a5dba025b58c9cd42ebeacba,aee31144328a99e1bb321f38872ecbb4a5bb9e6463317424e59fa1776402537c
train,images/train/unhealthy_0841.jpg,labels/train/unhealthy_0841.txt,59961251fefc71d2277aee16a8cbb380dc42c575f99d779bb83d1a7f969d7f79,d4377951d44428ba6ee5a8c55f76941f8915492ad02e9888cd13ee1f6de9fef0
train,images/train/unhealthy_0842.jpg,labels/train/unhealthy_0842.txt,661515893da24c8949339158b68a37232ec2e113b7c18825b275dc0f4f3e95f0,ec3999a9ef2a28520cf1c5e1d9dc302ae58c5e2b31b2ffa337fa46da9535c11f
train,images/train/unhealthy_0843.jpg,labels/train/unhealthy_0843.txt,f4352b3b7130ee4a36169293540ebb4bf768c0da1fbda7b120bc8bdd22563911,750968c1b112777716d2b411a2e2d303a46aa9ee2176d74321144649eca47612
train,images/train/unhealthy_0844.jpg,labels/train/unhealthy_0844.txt,5b0ffddc814217675850a38444ad6e0d00df31219523786c5ed07db25db637a5,2ae9a1ba94c51a626eb4746d9c3e334f3f672f85f0b7f84ad293841a32843e20
train,images/train/unhealthy_0845.jpg,labels/train/unhealthy_0845.txt,fd63450e21c05a1f3df4ca72d2e63c173cb362453384d18eb0b5c475dec0263d,5f5e3f14c68ffaf586d8fa49f3d89fe5ce233136042d79e669c75f815584c630
train,images/train/unhealthy_0846.jpg,labels/train/unhealthy_0846.txt,65e0a5c86c424b15429a044834f7617adff3d9f7557c1eb9ba718cf4554ce685,f21724fa1cd2bb7f9d4a34743d4f67fdf79c64aa1fce71cfa9719ccdade21b53
train,images/train/unhealthy_0847.jpg,labels/train/unhealthy_0847.txt,fdf51f2d4f4ac8e950e8e536886bdb14d0fb6af38236eb1a782ea7be82b62b31,bccc03b4e1185792b8b267ab106d80ea2429266d7d9a8589b9220adbf4e786b9
train,images/train/unhealthy_0848.jpg,labels/train/unhealthy_0848.txt,e3e49d5ede914b1a6ac8fbe0b71899b753a375ca4eb8057619e6fedb5b3af62e,987613711ff0761a20c7fece3ccebd6062fccba62051a1fcae4e0e058402aa28
train,images/train/unhealthy_0849.jpg,labels/train/unhealthy_0849.txt,348e934882e180cebff7a9dd1d595a2079105dba1f5a07ebec8e2ef3df5cdd85,1db48b5ee8ec8eee87f0c8b3f4f75da4e8f30627ba350c29390f18b2e0d66783
train,images/train/unhealthy_0850.jpg,labels/train/unhealthy_0850.txt,a3f24407cbe197da0f2eff5a749cc12e6c8d06b16d5efb922452a6315d813413,50875a8e878b9e2d4969baaecfa2dd1fdf9ea1f7af480c63e10996317ed7b7ef
train,images/train/unhealthy_0851.jpg,labels/train/unhealthy_0851.txt,6246a1cbd9de5f78cc9a617126df4c57ece8a17b4b160bf0339eb5a6ba3ff5ba,68aef92c2b2fbe602add7d701aba46e339a5acb76e0463680f98b681fa1ecb1d
train,images/train/unhealthy_0852.jpg,labels/train/unhealthy_0852.txt,3e40cae29bd911b309642483f07b3ae9d1bc1d8338a17417999bf7e864edabb2,100e6296eef7a926e34178acffe95a51fbddcc025b7e27af6534dd275d85b2aa
train,images/train/unhealthy_0853.jpg,labels/train/unhealthy_0853.txt,79d35866515e07a5c90e4c247112cecca7fda222b8da56d1681abb4123c46fdc,6d1aed9b0f2e9dd2fcd3d6f20e3563fffb229e1cbb05d8fed1406ca69c974956
train,images/train/unhealthy_0854.jpg,labels/train/unhealthy_0854.txt,0226f96d0138aeb3f10e159548a82a44237f4fb0840f1a625b3d293943585952,cdace2290846f7d162d4cbdd3934868db4d4d0838df398c80c5db36a07df5f57
train,images/train/unhealthy_0855.jpg,labels/train/unhealthy_0855.txt,9ae4af5d7b9b597b787fd96801327ea59a447ed78d7a6d3ec6466b81dff51f87,85baa2685876594e5cce1f25e31786392a6d04b1031af797c3b99874c1ab2ec9
train,images/train/unhealthy_0856.jpg,labels/train/unhealthy_0856.txt,1cfc8ed909e1217a813ec9f397061330c8aa979b023e2a70523e6482e934f774,28875c952e38d88a5b45a252039479cba1013e93cacdb63ccfa959f94cfb0cd5
train,images/train/unhealthy_0857.jpg,labels/train/unhealthy_0857.txt,2a11a77c5dce470eb51db17f2a76561fa379a25485d9b0ce33cfd276aa954176,e0614966caf7a210c275dd6d0a4b59ec9126c5d68f80678c95c8ce7d6247b223
train,images/train/unhealthy_0858.jpg,labels/train/unhealthy_0858.txt,b9b46200e60757db37018d6584853de34d769f2208f32131beced46201172390,1f220de3143a396eb509b2ee9fd9aafbe6a9cbe2d5077289c99b0bc94779e089
train,images/train/unhealthy_0859.jpg,labels/train/unhealthy_0859.txt,c654812d7c6f23c218555edb6216ec4ec36471a7ffdd04677bb92a53054f9002,f9922c9a7208676065ccc8a7e75690ea5248d7cd4a6bda162268d0e0e8fc6af9
train,images/train/unhealthy_0860.jpg,labels/train/unhealthy_0860.txt,bade100097090c3091edfeed86228f69cdab0d6e622c38988e74d2118844d66e,784ff595bdb01b595de1a43ff22361722959735e84452d0430d663ab1e2eda90
train,images/train/unhealthy_0862.jpg,labels/train/unhealthy_0862.txt,1f34dceecb7dc3df6d967542d21385ba7924bc4020e4b60e92e23cdf6a9e6f59,ad2ffdeca1214d7c31b7a93d452f30a78e6f3bd3abb9eb0911f2bc082194a7cf
train,images/train/unhealthy_0863.jpg,labels/train/unhealthy_0863.txt,63eadf98348e3f0e4fdafaf37cbce0290ae8aa74234f15753bcbb93f6b6c07ed,993c64ec00ee855f8f64b2c6961c7b073df04d68547db023662c95311c9cd8a7
train,images/train/unhealthy_0864.jpg,labels/train/unhealthy_0864.txt,947a087cfedd337fdf20524edf55f859ad9adff3372f0eef9c07425d9861dcba,00b2083d32d6d67451309a5f7f22ebe49469ad26132113b2d6fcd38f7856cf26
train,images/train/unhealthy_0866.jpg,labels/train/unhealthy_0866.txt,7e81af7a003d1736163cabe7c048fef9cecabdc9b62207b645be9411f19cf6b6,a5708a9d0f09fe97b1ff61f28bf605b15f1d8e6ceaf26da2a0fa9e32831e155c
train,images/train/unhealthy_0870.jpg,labels/train/unhealthy_0870.txt,3b40a4690b4e04b337c843bc7581a5eb8558b36f2206305ff250ec80aeeaf141,aecea476879aed802c3d8ffda9ebe9a3b536bab58eeec937fa5a2de284200575
train,images/train/unhealthy_0871.jpg,labels/train/unhealthy_0871.txt,db99b461f8cf543c413f97292fcc9572dc7959401ae5ce4ce8cd6822db6cacfb,da10c5790d19b0f675cc485264d58c7aa5368bf3961e0a81e4a47714efce9e6c
train,images/train/unhealthy_0872.jpg,labels/train/unhealthy_0872.txt,85a6329caef422a100ada13f65bd983a53538a449de82ef9ebb042fef8919573,cf1253c4b33c731371f1477f6c772396b0f63009ad4c306a60ba2bcc9bd13bae
train,images/train/unhealthy_0873.jpg,labels/train/unhealthy_0873.txt,f7629c44ad7fa95886370f419f9429c3a7e086d66e69f6d5520c5dfed219658d,62df880157d0a404aac090c4c98870359b496d8a1aa4f6e019e437230f1761e3
train,images/train/unhealthy_0874.jpg,labels/train/unhealthy_0874.txt,5fc4806727ea30d4d07891a8f1daea98a9b1cef2842b9b1bfb5e9f82dec8df81,d6b652866580fdc91770edac6076186e6976aa14ccfb458900808e6a344fba8d
train,images/train/unhealthy_0877.jpg,labels/train/unhealthy_0877.txt,532c04e20d2842cfac010b75c938d45d1ecb561ac18ddc271bb6f11fefb7e4ce,76440919bb3acd3afc3f565b96fe23873f37bffd3edde5cf4884f7a6cbcdbf09
train,images/train/unhealthy_0878.jpg,labels/train/unhealthy_0878.txt,e5b01e0446a6c927b48bc72b3e1292ccfdaeeb36ee6f302b77dc8af0715d49ee,797b484c79f1c547a1743c3bac034b4da149ea419b4b61eab9ac6246c5b3129a
train,images/train/unhealthy_0879.jpg,labels/train/unhealthy_0879.txt,0f9d39a3bf641e4f0a25bbfd5f93cfd4099ff475e5d6f95ea289ef886b60f8ac,6ec64d6dd77d21faf83d53d44aa3ba705652d4c5a7044e70e7c9057ddcf15d23
train,images/train/unhealthy_0880.jpg,labels/train/unhealthy_0880.txt,8381c0be31eaad3a41cd4d29ad36ff1d42a8bab29810898163d21201a5f41927,0bdf9a0d4396f13e66f55e5255728050a2fb8288db2676e935c10093f752c482
train,images/train/unhealthy_0881.jpg,labels/train/unhealthy_0881.txt,dbf250fd55460421964036679c780fddfd16dce767e76d9be0ebe0aa50926d61,711d924da3b3cb98909450834314da55382452403cb40481d06ab4dbfd844151
train,images/train/unhealthy_0882.jpg,labels/train/unhealthy_0882.txt,c676fdab73aab94901e30ddce74d117cc5a60b25c42fd906fe8d17af57581265,5aa202faca0b0b8944f4e87f7b7a82f8f5d2343af9ea1882cfa16ab3dfa18d8f
train,images/train/unhealthy_0884.jpg,labels/train/unhealthy_0884.txt,fbde6a0fe27e5779ccfde1e5599527fc772650cbad0c5551892fbbd9e442e7d1,f589eaac3794dd87f113e8bf50a2ea5c697a23ae00a2e2f52edf1832aa7a54b7
train,images/train/unhealthy_0885.jpg,labels/train/unhealthy_0885.txt,f99636eced2df7a1bd778da1fcd0560ab451e67bdeb4d6a6b3f9ebc6bb7b85fa,3a9a4c20dbc6c3b6fd66090fb726b2516d30e037837039fc552e38502bb68c07
train,images/train/unhealthy_0886.jpg,labels/train/unhealthy_0886.txt,f6edd58339cd5a8c322618ec6c8b2bab1acfeb61217f38c8209dfab144c639ff,c41ca476a5e15bcff695dcae29cc0b7b8681907557ad004400a1b8a029cf131c
train,images/train/unhealthy_0887.jpg,labels/train/unhealthy_0887.txt,39106cbabd30f4b8b0bee133ff2b735c8074f45e59b95139a93482e5a6a72a4b,4715f8d06269e27b06b0255ba83e98a1c7c3f76851520640a76ffea729c458aa
train,images/train/unhealthy_0888.jpg,labels/train/unhealthy_0888.txt,37d0ff3b595b83c01a5fcc08dc597112a07e62e568e3546d41be25b54990449e,c54f888d77d7bf5abbd10dddfac946b5af5971623f03d9779b63a2ca6fa1f2c5
train,images/train/unhealthy_0890.jpg,labels/train/unhealthy_0890.txt,ed3fc218f5f1e932d72e0d5cc5fbcf07eb6ec57e0b8c936cc2b158a0d9511e03,0aca0aba8cede7d8f9667267e0707064aa369c59305c5cc0a6892a476f5156f1
train,images/train/unhealthy_0891.jpg,labels/train/unhealthy_0891.txt,16ff45cd21417de1831600aa51a3354168657a0b8af33a39f43b1667ba54d853,30e6e58a41260ed6acb20df3f0cf76c6ba405b179c046507881b1626cdeca2f0
train,images/train/unhealthy_0892.jpg,labels/train/unhealthy_0892.txt,cf8d54e864f6f396f8fe7ba342dece51a6fc35e805de9b62723d592ddb351b0f,61eaeb63c7ab0448d14e1ce2f64cbe4b3954e3fe6927f9342ee1a0989ad201ff
train,images/train/unhealthy_0893.jpg,labels/train/unhealthy_0893.txt,8e579e2a6206e0095f04256fadd8cd08cb05e1deb3b97044c09b1c84ccce68e1,62283b495831c622c9652f56f4a0ca6a403e735732742cc9d5cc3d0e82bdf4a2
train,images/train/unhealthy_0894.jpg,labels/train/unhealthy_0894.txt,623576279ca8543b73556b0fb6f155f55894ad38825545bede19ebb1a957450c,617a99bd6a3398d8a2c49d40f48a0fbdae22e8778288adbed35b050276133913
train,images/train/unhealthy_0896.jpg,labels/train/unhealthy_0896.txt,1b840ce50e6d6a45001cfedf4748eb4fe57043b0867a0edf930a7d7bbe2fd9cf,03d53028087fd75f98793ac3cf66c7acb13fe3820270850e89dec41f56910f66
train,images/train/unhealthy_0897.jpg,labels/train/unhealthy_0897.txt,0596b92ee1ecbdda1f46571431504a9e773f359624ac96cf033451f13ad240e7,b03e17b640857e0a99129bfefe14a9ee3fef2e4014560b808aa2b134cd2e5bc0
train,images/train/unhealthy_0898.jpg,labels/train/unhealthy_0898.txt,c47382741d9e48b322102cc9c941969f796ccc0ef889e84278e69284970c11d5,60a9342e1fa4db72fa17b6b208378cf107fa658bd19f1d04c0bb46292782c198
train,images/train/unhealthy_0900.jpg,labels/train/unhealthy_0900.txt,c570956d0d8db772bf60cdf5e50c32dd1a024a6236bd2bed80ecbf12c8ee5608,34a20f5a0b22916e653a971dae215923f7a6bdac9ecbecc757a6192ceff59393
train,images/train/unhealthy_0901.jpg,labels/train/unhealthy_0901.txt,81dd73a9a392024e6d6d77570ed24a8a4e8cff95d174e73e62d40af36404e622,364c74697d44a64ea273c95183f4158b66c60cfa795fcaa863388a86b0a6a0f8
train,images/train/unhealthy_0902.jpg,labels/train/unhealthy_0902.txt,efe481cfa8549ecb185aef01bea7474eff92a2fc235461c0be212daafb80cec9,d81864d2948e94e6f3ae7f20c57756fe43a239f7d2e8030ec116e866c4abb9c9
train,images/train/unhealthy_0903.jpg,labels/train/unhealthy_0903.txt,f6953ca8e31f1a17a0da1cc609b924ff0831bb8abe8c00cf6a6efc7bf15bc612,13c4ae027f6ae70fdb95d251c59fbd53021f18595230099c2b5e8c8b6577b0cb
train,images/train/unhealthy_0904.jpg,labels/train/unhealthy_0904.txt,679e3037dce2a8be31c74575aadfc103ac098ae2eed5425af2ba4bd1b5b3937b,cff076dac21189b0f9ed7a184b11520594ce557421942f91605f1180d3a1a301
train,images/train/unhealthy_0906.jpg,labels/train/unhealthy_0906.txt,41b6e9cda9f2ed264e11f186806e40d68dd5b26852b7df58da5a2bba55f2e857,b8fc08521fa07df0f35f0be68ad74e1c8048bca5eec4f5a2300185ce6bcf0ef4
train,images/train/unhealthy_0907.jpg,labels/train/unhealthy_0907.txt,0bc3ea1601f9db23b02bbf610624ed82f8130a0bc9428747abf41c58143821bb,f4903353580d76fa4a5d1a26f7fcd0c6927b01e9c77e3f09460456d9fca41fc2
train,images/train/unhealthy_0908.jpg,labels/train/unhealthy_0908.txt,4c48ae56fcaca72bd8a3dbbfa5e9dd01204df2fffa45e3c5f0f9ef5a073954f2,4176f3cb0b502d6b5bc8fd17074a663ba145148c6d192140e72843f20d945fff
train,images/train/unhealthy_0909.jpg,labels/train/unhealthy_0909.txt,f553e6c0e9d31b5c8fcad525afaf1fac9ef2760c6291137c5168325de828a30d,c4dffffcb6aab28a4dc6473b6374678962673e2a9aaf755e6d7c0ee476ded453
train,images/train/unhealthy_0910.jpg,labels/train/unhealthy_0910.txt,8252699b0d6e7d6d20013ca96e7af9cb561e615e9d684af5a033cd546d562f36,bbf24e390f69685b5066270cca9d84252a6637454a9efd92fc85e7cc65d42fdd
train,images/train/unhealthy_0911.jpg,labels/train/unhealthy_0911.txt,cb62cf203de4d97b11762c87fb5c7bda361bbc079aeccc1d963b436d690eb045,866317c3ec2f5f0fe547c4e428515a7be07d071a583ce796b4db9f2222eadac1
train,images/train/unhealthy_0912.jpg,labels/train/unhealthy_0912.txt,22b739ad33ba14fae8611e54e8a20f5b8cc86074c4a4c85611e716e043f6bdcd,d1ddaf80942fe036c66f7814af28b5d47de1f8bdfb9267441322400a0b848b21
train,images/train/unhealthy_0914.jpg,labels/train/unhealthy_0914.txt,982f0f084b71062b903d48c07b8c9576b4f7b50159ed68a4b5a06471b43101b3,6055cbc7af52870ac70f2a016835b0e2faa974068b55d3eb112949fe6d4ec952
train,images/train/unhealthy_0915.jpg,labels/train/unhealthy_0915.txt,8bf5ae0c852936ef38cb2397fd9b66e669e224a1fa9073354d4632674774b318,3a6ed91f2aaeb41779ef94a4c978cda6440fd8cb06667f408705ceb070ed0a4d
train,images/train/unhealthy_0916.jpg,labels/train/unhealthy_0916.txt,74e3f5f65134a91b64eb8952cc680a0746bccd7a778146b64fd62ba77d485d26,59dfe9fc627baf24d04568943afd69138209eaaa715120a41ab2a4073983608d
train,images/train/unhealthy_0917.jpg,labels/train/unhealthy_0917.txt,f30d997efe510baedd7aeeafd0bac7cd09043bb282ccdea2230acb95dd73940b,9096e133bd4fbca78402d3f812ee68ce2e03e660fea92b5c34866a20d00870ee
train,images/train/unhealthy_0919.jpg,labels/train/unhealthy_0919.txt,14e519d4c5afcbed8bc4f3a0529fb430c28f2e280667ec76d8f3b52f90980df1,ae062fe4604d592ee7e17ac524c1460bb3630bdd12c3b4917e771055dfe6f49a
train,images/train/unhealthy_0920.jpg,labels/train/unhealthy_0920.txt,6e0e156639189a48f7c3686233c80aafe7996757b743cbe9c30aeba568a17121,f1727bea2ff22d8001d2764e73cf13000fdb80cd27d25a435d06e7161e1fb18f
train,images/train/unhealthy_0922.jpg,labels/train/unhealthy_0922.txt,15fe12f67ce0a4ad4a5aca742347e21056d804b76a7afdccf5bdcb4a89e2cbe4,d2fa67398a221edaefcea6d395c3a02d2decb08a4195fce043e7d02e28b25ca2
train,images/train/unhealthy_0923.jpg,labels/train/unhealthy_0923.txt,3daaa6885175287e60ce714ee1e420e706aaebda7c44b7663e45107d1f4a7c95,9581529d7328a057c5489776712205dfd03d058dd74b58c401918c22ec27d219
train,images/train/unhealthy_0924.jpg,labels/train/unhealthy_0924.txt,33ba7edf11f8ff17f8373414bc78179bf2098f8f19975c25f9c387a9f1ec85ca,18a2a371bf8353bef2954539663d640c96a02dbf5e57ff15a1cf0e2c6a1ffb4a
train,images/train/unhealthy_0925.jpg,labels/train/unhealthy_0925.txt,b638658e01b81077cf42f9816f11935600fc74134b23ae75a90820030db10315,64f69e6aa44450574e488cf5a14b9a2a792587b71ff0c2e88cd285580d41d8ae
train,images/train/unhealthy_0926.jpg,labels/train/unhealthy_0926.txt,ac9b00847b5abb40e7b10d708bfcb5b9616747cb7b653591ba072911aa4c6dfa,3afd5bfba41ac48e9ae73125c0577883e29e5736770378e21167bdf490e407dd
train,images/train/unhealthy_0927.jpg,labels/train/unhealthy_0927.txt,708fa09f81fb679b4a123d4f9ca6e0d8822db679d00305096bd2c9ff2f6bdca8,3feee832492b7d5773fad0b28ca77946cda29a0378a30c31f2b7af6d7cece648
train,images/train/unhealthy_0928.jpg,labels/train/unhealthy_0928.txt,fa0264c86f347c3542271fb655ef34a4cd56882ab2783f8a16cf60ab7b7c99ba,9a912b72e80a785ed80442654b50aae1cc2ec92f3fb4ed14c5123311f002f18b
train,images/train/unhealthy_0929.jpg,labels/train/unhealthy_0929.txt,c80ceeeab86f1c521df25579ccc2b6da829530d29c78f32e85af9720b9389226,0258ddc925548977a5281b5f6a81c533f74aa19628e6606c522d204ad52c8896
train,images/train/unhealthy_0930.jpg,labels/train/unhealthy_0930.txt,a1db717f22788cfd1c395b25ff639c3f14a722d465b9c1a2380b50eb12dc9fa7,76d7f0f4ad875445085b8695ab4c26aa61454dbfb320765bdf58e738dce20a1f
train,images/train/unhealthy_0931.jpg,labels/train/unhealthy_0931.txt,a7fc2ee78e1eef3f8ddf160233001611040a761f907047ea4c95caea8742cdac,9ac9a6aa6b75782dc23d304a90de922acec0507da9fc74ea0748d6c0fa044058
train,images/train/unhealthy_0932.jpg,labels/train/unhealthy_0932.txt,3ca6e3075e76646562b1f07a945918bf50491321f72d659075a2ba58d78a96ff,23434e326eec411588e71e51a181eb920e004e7d6c35144b73baf1e2774ce8d8
train,images/train/unhealthy_0933.jpg,labels/train/unhealthy_0933.txt,dce321840103295ddbd7e77e3344895aa5b7fd41a55306e1a960602550f7c835,130b2e02b79dce6eaa4cc1b55b22890a55ebce07734f532b6f0c8d634b54c4ad
train,images/train/unhealthy_0934.jpg,labels/train/unhealthy_0934.txt,6cf5f22c43a22e4023ad47daa2bb10d44ec27d7f9357dfd5a31e370cdc0d40cb,6e35de31c123d5682b23d9cc73f434cecb44e1cac865f5c4aa338ea253ecd082
train,images/train/unhealthy_0936.jpg,labels/train/unhealthy_0936.txt,53019a06e97cf966c6b652a77c1879fc503fdb4cda1a50b8fe850d81ae74ce57,3407fd74fea488f03fd797f40d96a33fc57429964c85e917339ead406d57aa55
train,images/train/unhealthy_0938.jpg,labels/train/unhealthy_0938.txt,e01037db4b4434d78fa05901624592cd78310a1701096a90f823a416448b8649,8e71b747aa4a3e0b69c586bfd91f2a76d876ac75a7340b7592c7510fa8478cb4
train,images/train/unhealthy_0939.jpg,labels/train/unhealthy_0939.txt,a8aa1dbcf5f835732b64a15cc7eb87909774ba25a5f4e81bd3d62b77dfd0358a,038aa4083173c64ac5efdc32780758a8a5afefb4adb4658d4ee7f13e4020d5c6
train,images/train/unhealthy_0941.jpg,labels/train/unhealthy_0941.txt,e05d63143e9dc010d8512514d19634979f4d150cf8fed21188721db2e40a0296,e36b064d19536931112b11c4e1fe61aca691cf09feda9d963c1c85a86b7b20a9
train,images/train/unhealthy_0943.jpg,labels/train/unhealthy_0943.txt,b59de0562f366f48efa260b462e71ff559cca7b20704b93e47432757ad2d29c8,bbfb7a14f10fff52c68990e8f7004b0c878a0201f0e25d3c8abf5ad7f692ad60
train,images/train/unhealthy_0944.jpg,labels/train/unhealthy_0944.txt,248924b0da76be85bddb23063d41738c8cabd66d6356696751729e5bc467788a,88cebc5768b54f777d42afe5b611b70362b397e8f107b69e5f51cd8a130a5910
train,images/train/unhealthy_0945.jpg,labels/train/unhealthy_0945.txt,8211e804a83a36d84bc434ed77aa406181cde020b538ddef252f4b01c4b5f9b3,f0364cab6b818cfcce47dd34ce5f88fe86520755da67a48cc5716bc5eb598674
train,images/train/unhealthy_0946.jpg,labels/train/unhealthy_0946.txt,2a012a3e185a303ab7abecaafbaba100d1970541f3c7c432d45931403baf77c5,e2e53af6ad17a31aedcc98688314aad971e1f68744a95ee86af560cb0b9eff35
train,images/train/unhealthy_0947.jpg,labels/train/unhealthy_0947.txt,1255403616ac91cae00e9ded604aa023f13b6179e1b5e45697f5bbe114f5d0bf,91a44dc2cdcfc71a861328cace40ad83e79f6bd824ae535020eb3b8edf67b380
train,images/train/unhealthy_0948.jpg,labels/train/unhealthy_0948.txt,24d4a19eb29ac5dd41ff7d3c63935ac45c663ea0172b65485e42f530bb4f3102,eaf4c6cc2b625dbb25fdd64daa6207bdecdd48293d3565d842c8eb789a8349c6
train,images/train/unhealthy_0950.jpg,labels/train/unhealthy_0950.txt,1ae7fc9fb8ca8c98fbacb45f538cd30936e54e61304b634911793104b4242036,bd8b6b99cc9e733ad49a13709717675df4f49cde777691d204e1d1edd7094154
train,images/train/unhealthy_0951.jpg,labels/train/unhealthy_0951.txt,7e3128219070ddefe0114c5d676350492527d5cea395681fc2fe5e12233e6b0e,5756895ffefa11f3569a55aba7c50e58a7595a52ea6c058b486a809594154f8f
train,images/train/unhealthy_0952.jpg,labels/train/unhealthy_0952.txt,963e72eddb922059f427ef7b6545cefde7ee2cdc61de4886113ad4106b2bf96f,994631ce73a4ea8028c394cfb935dae511c4d03c0bcfce1d5865644aee8f245e
train,images/train/unhealthy_0954.jpg,labels/train/unhealthy_0954.txt,03e3be9020090bf6007e677c937ec50faa42adc9a1744d5679096532488dddeb,70c1ec0b703b0c1263bfea88e3d609c8eea7d9a094463276393579b81cfa5cc8
train,images/train/unhealthy_0955.jpg,labels/train/unhealthy_0955.txt,65a915de350b2d7ffe829707a5eb8f887fe3cf217a677b958c47318f70e9b7ad,70e48ca616eb35ba81f0fe3a53f4ee427f47341aa71e6691591c94438735b563
train,images/train/unhealthy_0956.jpg,labels/train/unhealthy_0956.txt,c629a55f93fd19b19c499dac39781a113773fe73802fdc1e8fd439ffb041866a,666af8fa38c026fcef76af50e11bda2c1bd7dd526ce2dc3058065db57eb3efc7
train,images/train/unhealthy_0957.jpg,labels/train/unhealthy_0957.txt,bd1c828e7c1dd5d1422a04560833bf24d293098f88f80325451fedfcccf94a99,bc7d1db96e65c8eea7ae048f676da2a27589b7fde0f9dc2c735329b7315e468b
train,images/train/unhealthy_0958.jpg,labels/train/unhealthy_0958.txt,eab2a37bb49eb607bf880a529d954389119698827deb33922c02bb9cab558a7a,a85f24008991e6049e523723b4f4e82b9c97fdb9901c3f0c43e062f79c4f74eb
train,images/train/unhealthy_0959.jpg,labels/train/unhealthy_0959.txt,878900bb08b7c42b3ff071180230bb85bfa3af70d0deb3688d8314f6a956ca7a,b110fbd7385ae09af841d35c0b827787bab66ee4c80470788c2252ce81a28ae0
train,images/train/unhealthy_0960.jpg,labels/train/unhealthy_0960.txt,b5977e551a15bf15a9f1098099246dd6fa117aeae6811cff4f2b9f9ffaa8ad10,48403e0acbe2f8dfc0cfa3d72bbed0f3416ae219759aa1496c4d623f05502d4f
train,images/train/unhealthy_0961.jpg,labels/train/unhealthy_0961.txt,235dd29e6fe71cc4ddcc54dcd79b27e22da587c3d6db16c46cbe391802508199,80c706f33c469a54eb6210ae78391cb0383b62a31656b9bc059ff1d3102e9cc4
train,images/train/unhealthy_0963.jpg,labels/train/unhealthy_0963.txt,2cc570f803cde736d1b33b43fb234a7124ab53d35e48f72807e44f647bb0cdce,cdafd132d45d078c2c5ff7ab5487035144c569318a0f6554c59f6bd0d612cba4
train,images/train/unhealthy_0964.jpg,labels/train/unhealthy_0964.txt,31244f41f4ceeebd95b42b6cde7366cba64b214a4cd2fab2a4dc737ab244d3b9,abe60778736a240013d0d7bde33cb498b5f255725c1b1485b0aad89fbbb3fee7
train,images/train/unhealthy_0966.jpg,labels/train/unhealthy_0966.txt,13774be571b23b26db9bc75a71c302d528b0d5116f3be9e2359aefdf5b3dcdcd,4fb9a1e3d24723e32011ece51925977b4c3911a1c4d8bcd65e3af1b64523d7a3
train,images/train/unhealthy_0968.jpg,labels/train/unhealthy_0968.txt,c1220944e173b9c38608245643ec788df1589610642d0da5046b05d2f94bb155,dd5d4afb4afa1722d6565d14e9495bfe4d2181ddcd80f5236f6d6f0b99219760
train,images/train/unhealthy_0969.jpg,labels/train/unhealthy_0969.txt,70ea5f06738cbdab1ff556f211550f7480a37b744b61f76fd5df8e7a4e72778e,48afcae51a54db94ee1e8a424641a5addac8a984bdec4122055291dbac4fa999
train,images/train/unhealthy_0970.jpg,labels/train/unhealthy_0970.txt,b5c933d27d57c0465c134fafefc5870f75bdbea0b7ca1bc9e3a94ca8c5d33134,91eb05aacec5b5480153f44107acfd2dc234f259b232996bc30baf35dc8009be
train,images/train/unhealthy_0971.jpg,labels/train/unhealthy_0971.txt,b7c60ae0ec3db7d92753ca0cbbabbda41a80b22b72c53135cfeacab86854c6dc,9eaf7c210e4a398cddef010c81153f02d12456135f97bdba3607fa2e086d274e
train,images/train/unhealthy_0972.jpg,labels/train/unhealthy_0972.txt,64524546390e658ee15bbbcc43406a3429330f2e2dcd4ca755a32ba7e25b622e,6ec5435f4ac8b5389c0e8d5c8729766aa7f7080e2f4cb7efc84cbc4acb928def
train,images/train/unhealthy_0973.jpg,labels/train/unhealthy_0973.txt,6d5b2fb867807170ef07b72a3a3f0a432521dcbeded54c318d66a7386bb0fcdd,95ae675687d01f9475b43497ff30272ba6e6b3d51c115a8805df6d0c44545108
train,images/train/unhealthy_0974.jpg,labels/train/unhealthy_0974.txt,a6dc2672b7e120552b89606a6cfc5c206857562ad731ba901e3c3cd9ae0efc58,2e4eacca8a48406f9d135d1e23115a0a377d27ca37f90248a0ec61e4f815eee9
train,images/train/unhealthy_0975.jpg,labels/train/unhealthy_0975.txt,36281c2881cdd0d6360c30b817aea129f410e001255b32aec07cd749276f3e31,89909f5b8938ae8494a8945df69e2d4c48cd57c1f0d407586ca5249d9656caec
train,images/train/unhealthy_0976.jpg,labels/train/unhealthy_0976.txt,cf6ed1b9dcbfb88ca36768b73c6102bee3c0427f59b5286b55d64a72ee15874f,e215a685bf5235d9d8e6f514f0d4b14d5656785096dfe59d1ad73ff436ad8751
train,images/train/unhealthy_0977.jpg,labels/train/unhealthy_0977.txt,3b0f7bd36caab558f015e2057cf9712201a0dd78df527ef036a97ae3351b6cfa,15dc5158535e54b95a5e821fb6de180eed63bff42e2a88f03ef76b538545f8e0
train,images/train/unhealthy_0978.jpg,labels/train/unhealthy_0978.txt,e4ca7e68fd01c0d758ac6d8c2d0979c42b1943eedbaddacb9a5b173311c1e93b,9fb920594e298dfc4455922b53d798a6c95b865585b8dcc641c16bafa24f2c27
train,images/train/unhealthy_0979.jpg,labels/train/unhealthy_0979.txt,7cef5cf9d67e605c40154d731650d4f96587eaf4456931ffbf9ec7a7407d65a0,8df6a549aae3e5114676e541d5a1f405bd78cbeec8d4a6fc6be8c730e5de3e3a
train,images/train/unhealthy_0980.jpg,labels/train/unhealthy_0980.txt,b1fdf4755aa17350eb382e92cef4823e1c86a5a9b7d4fe69c8059320deeb996a,607b93c224878942b074e49dbc4f7a5e57514ea851a58a7d9fa1cc563d5f52af
train,images/train/unhealthy_0981.jpg,labels/train/unhealthy_0981.txt,026169f86393208a7743c4dad456a61cbb70ea477a8b163870a279b2e92a1da2,25f226c8fba97faeb3c4e4cfa663c07db2774b26de5655f5ed9915e3e74688f5
train,images/train/unhealthy_0982.jpg,labels/train/unhealthy_0982.txt,f123c944a38667689210d3b94a364eb7ba0810130894db2ee810afd00d0633ef,397c1dac24b0cadda8497b4a8ac4acdd86fac1629a521cddfc533b7869c5b5b0
train,images/train/unhealthy_0983.jpg,labels/train/unhealthy_0983.txt,ad6b555e1c2fe285c8c58933a62f371d154de6ec875377bed76ffa9fce860063,48877db4e7c0efbba9b107d007ff75f87d5b7603a37ae41542efbff805c05bb6
train,images/train/unhealthy_0984.jpg,labels/train/unhealthy_0984.txt,833f31be2de3aa4a12465d0e8d075ffbb8dab567ae40fc9785838f1f5004b62c,d2cf7ac54d1f512b6aacd84a16dd0aeae9d18783ddd64d11e02d76bfa07c52e2
train,images/train/unhealthy_0985.jpg,labels/train/unhealthy_0985.txt,7d5fd3eefb0c94adb46d9a8c87cf057f708ef23e3cce72f5fe251db294be8126,9f2968547a399f983a3b512f1686773a08a821b4792ae542d6087f6efd09eb69
train,images/train/unhealthy_0986.jpg,labels/train/unhealthy_0986.txt,c4a7b6272fac3fc6e6e0b4f14892187b5b0c4f99fb4e3a43fef26ad91a21fee4,e6a5f6988ffe471580e147c0e0337bcd9acfd79f576de93ed934c22091191e1a
train,images/train/unhealthy_0987.jpg,labels/train/unhealthy_0987.txt,8357bfca13bc3fbd0f6f5f747a3926967208ca96d54f3083caa5397e4c866bd0,7c0e9d8f1fa7d6147444aad3a4bc41f5255a43b996cecb5cefb7eab3f45df252
train,images/train/unhealthy_0988.jpg,labels/train/unhealthy_0988.txt,90791e70bcb69329382d6441be4bd3879ebcea95b3191a5f2206e8e96888cb3a,c38f90f23a4cc285501b431f09732be9e00a72ec4ad88a49943ec6431274d863
train,images/train/unhealthy_0989.jpg,labels/train/unhealthy_0989.txt,fa1f8c9db9c5374716ef50100b81171e0c19c9aa9386ef2d1b8fefdb71a93100,4bdf30f038eba2f608b87f6185f3c14218e29b67d7cae5ba9be3f8e2daf1cddb
train,images/train/unhealthy_0990.jpg,labels/train/unhealthy_0990.txt,c8e022b4cfc67cad14b366baa8691e3f2fa690aaba31b0999ec9e6f31a02ad37,fec7325250de844b39fa908102e5d939300622192a399f00f261e57f831949ec
train,images/train/unhealthy_0991.jpg,labels/train/unhealthy_0991.txt,c082acdb65b4e506b56c2778e29147717ca43db2e707b8d82d14c95b288e5927,d89ba241fe83b450559a9b1c3558c4cffea8f48a7ec4ae6bd7376d660c8ac77a
train,images/train/unhealthy_0992.jpg,labels/train/unhealthy_0992.txt,51d7b88d61266a23ccd8f027df2df22414f81b59826f14940437a9d382c6c1c9,fe43547ff88d992ce199d6a061fef36f99b110ce63aefd1cc620273995761fd2
train,images/train/unhealthy_0993.jpg,labels/train/unhealthy_0993.txt,01a206c1174e6f0125168e43b93625ca612483f452caa1b6a48b8cd10be356f8,c8395ea7b3470d0d4fb3db57bc1880b567f0eb2f995f64edc8376015bc282e1b
train,images/train/unhealthy_0994.jpg,labels/train/unhealthy_0994.txt,14415b1c3fecd1d09f78a1fd5d5ddf2cd27731bcdd8d06cefacf575be86e850e,8179ca466f3e8bbcba49ad6cbcd81be0aaad83e47e1bcc1ddee3d60025a51ed2
train,images/train/unhealthy_0995.jpg,labels/train/unhealthy_0995.txt,0018fa7a3c0aa4a278700aef3170b2f00852cf54dbc79b2af0001323702a4016,57bfe26aded4c1bbed2989639b849dfa4da19b5afa76fe59c4ced758238bb172
train,images/train/unhealthy_0996.jpg,labels/train/unhealthy_0996.txt,30a4380d2f89c5ad065e8ee32530484053464fd443d3265e29ed4f6a8faed11a,bf84bdb83ad62771c49d7a28e23894f7bab1eb765a85dc1a89931485a114ba41
train,images/train/unhealthy_0997.jpg,labels/train/unhealthy_0997.txt,8797e039c6e7708f2a86fb0c59fe9e612f034498e179e5448b82d31bdc716882,62c314bff5f8a0b0ed83df61f234fee489a28d8a4742c08e59489447f253ee5a
train,images/train/unhealthy_0999.jpg,labels/train/unhealthy_0999.txt,b6c2015f28d041b8a9050e75e3b9433ce316734da1f25ffa4628873ecb0b255d,6a7216ae1198b197fcf84b77d3e07b35277c43cd83f93d1804d4143749b6a89d
train,images/train/unhealthy_1000.jpg,labels/train/unhealthy_1000.txt,e24368cd030cb6a81b758f75ff400ebd1f0dd987c5eaeb65c99a5e54da91436b,74a163a49c3a5a478e5cad441bfbf990aa679ea81c1369ef5982b60808292586
train,images/train/unhealthy_1001.jpg,labels/train/unhealthy_1001.txt,08e87840f0f4493c0ab35e4a903825c5a7d8ba4a9fc64d75c94fb78ae05c4ffd,96ff8a46d066537888f019717a109fcf7e2eedb8b65750b2a3d2efd9f53b1e24
train,images/train/unhealthy_1003.jpg,labels/train/unhealthy_1003.txt,672c0f60ed6c1290125e114c1b92999de05e8da837c97d2b334bb75b9ce96fde,ce07d935bbb8295a2f16ce2886bbba62770dfc7d1a046fbf68144b225b223d02
train,images/train/unhealthy_1004.jpg,labels/train/unhealthy_1004.txt,c32a358de9789ca89226ec463b53592456cca4bfc7396482f7a1c39909d13687,5c94fa3e69fc4f672a776b095edd7eba4dbb7dcfd845e4d95e898c5d539c474d
train,images/train/unhealthy_1005.jpg,labels/train/unhealthy_1005.txt,f1963bf4988c62867ce0abf67b75f81f7beb09493d1ac45132a695c29eb333f6,fb237063d94330e02bd769223e06b31af92b353b3fa9209a6b46759a0b0f4a51
train,images/train/unhealthy_1007.jpg,labels/train/unhealthy_1007.txt,031cdc07a1b2b20cee5a18753b3e7a9ee5d447369891e6b2cad3583a697545c7,525469085b91221f7fc84ef83c644c94e7fa7a992ad9f59f0d0dce92201a55ca
train,images/train/unhealthy_1008.jpg,labels/train/unhealthy_1008.txt,3577435ba622071f2ab22ea61783df018b73a6f6fae21480a48916fea531619c,3ca1347d03e1f85ac9b63155c85c5993bb720ab5a68d89530ab05e3249827e98
train,images/train/unhealthy_1009.jpg,labels/train/unhealthy_1009.txt,520fa41d3b4fff80c32f4b12a942d4ce2af3f7f1e7d352e89093dc72037f70ec,91f7c11b125a8ae3754a58ac5b5a6bb06601f361f5a98d51bc4083a105063989
train,images/train/unhealthy_1010.jpg,labels/train/unhealthy_1010.txt,f2423f1b390cecae6f6df07cc8888e0d0c99d9dcfad15e03276db6baa773bd57,60041a8ca98e0a73f70136cefdbc03e87bf11920384d7a6e861961f20c6952a6
train,images/train/unhealthy_1011.jpg,labels/train/unhealthy_1011.txt,815b6f08ef1556988584e019c801aea4425dc03a44ba8289f544a11b59041b39,99830ada516aeb702b016de38291cfcf9f43ae717daa5c8162d8e7cee9458e15
train,images/train/unhealthy_1012.jpg,labels/train/unhealthy_1012.txt,e8b129605251b1be64cf908c472d75131b4a149e09e0f955f60a7a6b915ac14e,f1080c2ba8e5ae56245c6b08c0e2266efa698f6195068b7c390f764a8fa380e9
train,images/train/unhealthy_1013.jpg,labels/train/unhealthy_1013.txt,d88b32b5061a21a966aa7b4d403972c7962e29a14b27eef605a4e5edb0125999,402bbe7e0d655e70373e60cf4b82cabb7d80c7d123123c97b9fa2015e9a24351
train,images/train/unhealthy_1016.jpg,labels/train/unhealthy_1016.txt,9d0ac0c4578e28702506781c9018e3a95c6c0e22c83c2de4140e2760ba311cfe,ce86d970f42a0166637ffe3be89aa8ed70bf417b25dc4dd7406f29a47099a14b
train,images/train/unhealthy_1017.jpg,labels/train/unhealthy_1017.txt,6f45ceb65b613068f7ef776b32c536bf62ef46d0969009c192328dcbfdfaaee5,0d5338b49ffcae698217da14e1843d4d2a85ee17e894b5d718aeed1e688e659e
train,images/train/unhealthy_1018.jpg,labels/train/unhealthy_1018.txt,00737fb859e0bc404550c96a482f7660b8725eb3f2bb2309c9980d1bfa3836d3,3bbb136967f72171a9042f15bdfdca92b2ce66502bfd819d408e73d18e14c768
train,images/train/unhealthy_1020.jpg,labels/train/unhealthy_1020.txt,7cf4b44076e76adc2519e8e4e8bea21ef5404a3e1de25f3cf08069e64d000e17,4a861af0a3c50d0b8e30a347770f004e61693b3a3063be674024832d379dec6f
train,images/train/unhealthy_1021.jpg,labels/train/unhealthy_1021.txt,744b43a104487bc8708f70c38471d4900ca032945805acfa5ed5c6cbeab4318d,21197a819c4195455902cbfea006ae70f936becd785cab15c83be82c3e33aeea
train,images/train/unhealthy_1022.jpg,labels/train/unhealthy_1022.txt,eb51dbcfb40142adf54a5860be86b85fdcdb34fba27d4c31fb3fc9ea702045b5,bf4dd7218c91587483e2c17acfcf66e91871b605c4fea088809fd2c54d17fff0
train,images/train/unhealthy_1023.jpg,labels/train/unhealthy_1023.txt,f9d616be1e94bd6e215ca62a2288fc943a141608ecf7fdd098337af1a36268d1,9315657ce039b92f555b6f23718a70c2dbb2f3b3ae389a0ac78336f4d836ed46
train,images/train/unhealthy_1024.jpg,labels/train/unhealthy_1024.txt,ed197bd095fdc0ae77b2c68784b32a091c1376eb8ce58914332ae637bd11ff41,e47ae253b9152a828b7e65ea31273866bfd2065384149812c4cb2f4df33306a6
train,images/train/unhealthy_1025.jpg,labels/train/unhealthy_1025.txt,79d09f4de8e3707b66dd956a64b5e0ffcb52ce0e65fff3aee47ac1779bf74644,4c7c19023d8597ff29638a0a050de0ac1368bc4f9048fc717f194291bc43cd55
train,images/train/unhealthy_1026.jpg,labels/train/unhealthy_1026.txt,ef678f72cb3654ff1a3c738834821151e9814aff3c55a5184cb0ef869d791596,a5c9ec537ea6b9b8866e24b36547d31f90b66bd619f5fc7656be18c0bbc3c292
train,images/train/unhealthy_1027.jpg,labels/train/unhealthy_1027.txt,bc17d09fba837b2eaa426b2132b8631c25e901ee7e21f0fa6a3854a0c5088579,1618a45f1510be3b989c62f7a302148fc20b52077c66b4afb3a5f34e3a144529
train,images/train/unhealthy_1028.jpg,labels/train/unhealthy_1028.txt,968c4724b819e948cfb777e8b709c5dc3bcd25f7f7d8a38df3134b31d79b6861,a748986191234f4bb591ca40b4c4361908e1373b4f4f4b45d94b88e623901a72
train,images/train/unhealthy_1029.jpg,labels/train/unhealthy_1029.txt,53c3637ba96cdd95a7fa80a6832b9a007b66fb5650e00ea18ffd2055b81a4fa5,b76c669805d56029b4c4d81626e03f71ae95480f0c7b570359d14b912243ecc1
train,images/train/unhealthy_1030.jpg,labels/train/unhealthy_1030.txt,a1c489fc933d2fc3a911ccab659ce272478a85528d9d976afa7f0ee779008718,fa24c8ed2ff762e765d67fe59efd8f54fd01c6b36046241dcb7b319a5c7c5d88
train,images/train/unhealthy_1031.jpg,labels/train/unhealthy_1031.txt,81984302daf266ab7ad6479bbbb675f6ea81ac5e594b8991cc60d6fe72d9855a,c349760327c6af1ecd0cd09aa03b8d0df206376c85ac385cbe5bb623eefaf1f6
train,images/train/unhealthy_1032.jpg,labels/train/unhealthy_1032.txt,e92582d2bc9be9daecac768ebf1bd5e83b51023331925c5e7e4e5472ab894da8,2aae50345c86d65ed8e95c52032fe4f3957c3306ef0f819f887c55afb7560713
train,images/train/unhealthy_1033.jpg,labels/train/unhealthy_1033.txt,5a5b05783b190962031710d13797ec01928d3fe819791b503a5eaf8a5991984c,4104c31fe97ab7e5180a7a41161fd994e7cece2cf15a9902615b08a79ed303c6
train,images/train/unhealthy_1034.jpg,labels/train/unhealthy_1034.txt,aa42e470a08bc37b6b69d5b3c1617cbb93605af58733a3f261f8142f81f28c64,ec3e0d883fac6402642b9fe56930a312b99061facd11c20eeff90dc0c9be1c25
train,images/train/unhealthy_1035.jpg,labels/train/unhealthy_1035.txt,aa42e470a08bc37b6b69d5b3c1617cbb93605af58733a3f261f8142f81f28c64,a972eddd84e2ca166928400402e212431d02e7dd6a337a45f861c6d17e2fe959
train,images/train/unhealthy_1036.jpg,labels/train/unhealthy_1036.txt,90acf20a23fb1aec3dc625516cbe53b86bb774298b68a25a3327dd9a32e67885,24146f2b5fa97ec3defc06fc28e8b4b1aaca1d393a59f605715bbd7bfea446ca
train,images/train/unhealthy_1037.jpg,labels/train/unhealthy_1037.txt,7399dceb766519f4c6489e79b23c050c3a48db097da380f406e7647fd74d8dbd,4b74adbfda715ffaec06d6107b597b59324c34c38a0c9094f94a3717cb9be7aa
train,images/train/unhealthy_1038.jpg,labels/train/unhealthy_1038.txt,764115c89a40efd1dde1285c6d8084e7999b64ad65e5adf823c34aaaed169765,0ea4182319bc219f9fda0fcd4218d5357d3e2c5604bf0359472d8a862c2b3052
train,images/train/unhealthy_1039.jpg,labels/train/unhealthy_1039.txt,a3a936cac0eb9e918f716254e15f136d4ece1ecb585789321ec52aab268d6eea,2765a2a4b671004072cce7fc0bd72a2abecbbb930d5a6fd5579623f20ceb80ab
train,images/train/unhealthy_1040.jpg,labels/train/unhealthy_1040.txt,f45459b49a4092d0f24f8204e1edd5a5362e8cb3028015efce095a1253e89ca0,eeb9b77ad332fb478d281dfcc498775d0119ee57313340258853b5549963eb73
train,images/train/unhealthy_1041.jpg,labels/train/unhealthy_1041.txt,e47adfe8fe5c5e2b58441084263c2bc1a9819a6f5b572dd6acab4b3f36e7a110,2c8ecb6d1f73b82cd98c64f265d8fa525d858b1946f53b4b649f7b09da0a6c2d
train,images/train/unhealthy_1042.jpg,labels/train/unhealthy_1042.txt,722698b4a5226092a4f07b11d6adf60779b260efd1c5b79ef2f7430f7cf06041,f62f28e8b8741faaa600863a4fc503e9f16f168ff505a20abc0dd405f12907c1
train,images/train/unhealthy_1043.jpg,labels/train/unhealthy_1043.txt,fb06ee343f31c938272b9eed01f5096ff1d12ce43b215c9f1755148b0eee9357,a041fe97bee75e95219b9330bfdcb5f399db0f85c71fa2de2c6096d0bf52e137
train,images/train/unhealthy_1044.jpg,labels/train/unhealthy_1044.txt,e5dcdfa32af004728e94bd3f11d4372f46bf790e194125114acb731fed4d5a6c,df1e419c9d82c5dc9c4c21dae8d42542ac674056751ce9bd5ffc59881b84255b
train,images/train/unhealthy_1045.jpg,labels/train/unhealthy_1045.txt,73af60f2b3722a23e7f4f32b6352d0a2d2b6a836169b1640cd2fc7121aafbf37,e724f7df49963431257d5382f8ba5c2e41a765aee9a05cba0de242ee986745a4
train,images/train/unhealthy_1046.jpg,labels/train/unhealthy_1046.txt,1665b75dcc3f47bb0e967364aea81ab757c0348a94d610ba9e921abae9b28bcf,a41ced56155641d95f646ee72f2004d648ec9fa19f82e3a9dc7637844b097f54
train,images/train/unhealthy_1047.jpg,labels/train/unhealthy_1047.txt,4597f4f57b2f1b88e4e71772c26a7baa22d303211a52218ec436b567e5652b71,11d47b6a68edc4d0566ec92e16ff9318f85e9773bc384f8978135743f6298646
train,images/train/unhealthy_1048.jpg,labels/train/unhealthy_1048.txt,472ea6193fa2b54be176e68ac031c42d8d835b0d9470dc7311bd4dc431379ee9,9fa158b964a444e0b2c1f5df95c66031cfb0796c15d5240ee37d8a7ec0f85f4c
train,images/train/unhealthy_1049.jpg,labels/train/unhealthy_1049.txt,bc04ccea689712442a3594525b8d6a8ac203ef2c8f689f606d80fe1924e963f7,32b8e6f05fc6872766029701c6ee0698e5abb45ca40cfa4a508b1004ca39fedb
train,images/train/unhealthy_1050.jpg,labels/train/unhealthy_1050.txt,a5cfa8a8d13dff35a5652b0ea81f0c14ee97c976127cc4009f23e0b7efb52fa3,f09f576aefd20fd67db8413227b50eaba09b5602cec90a6b7b395ff3332b0d5a
train,images/train/unhealthy_1051.jpg,labels/train/unhealthy_1051.txt,c7bae405b7ae9be72a1661549ab588391ce8d85da964ac49db7b36ddcb4cd349,3ec659fb71be0e29e7f78ff2279e456b8111a661dbb1cc2bf4dec17f2bc869ba
train,images/train/unhealthy_1052.jpg,labels/train/unhealthy_1052.txt,340008e81bd32ae77e193d65648c3958c1b75e4816a5b9e5dcfa23609370f06f,9837ae3f1743460e7a01ed5331075dbc04db53757ad7e663370a53142d2d99cd
train,images/train/unhealthy_1053.jpg,labels/train/unhealthy_1053.txt,cc393dfee2db975bee1a51b25dc030794daba87bf5f54169e936e69dcb3687d5,a90c337ead13f4afba1a99c57161464674bb656b4a5d98bee43401a21c5534f9
train,images/train/unhealthy_1054.jpg,labels/train/unhealthy_1054.txt,c0da0e1bf68df93d5b14ce97ded4913af306700db9e74459b73382d4ade0f370,3b32d7dccf48de8745a5dec63528b4f0c4be846e336530fccb376dc270dfa669
train,images/train/unhealthy_1055.jpg,labels/train/unhealthy_1055.txt,561b2822dee014b837c5b672baf13ce08db888db8cd7db41a222b4be9322b55e,d09f76fa2dd8c9c3131efa43fff453a80eac381117e231de44daee3beae25e72
train,images/train/unhealthy_1056.jpg,labels/train/unhealthy_1056.txt,e9b582bd58c6825ab1d02cf1778dc6c779980384a57284b9e07f7c553ba8e8e1,cdf45493c8e3fd06d24e0c7eb76a8c6212ae0129658d12158b6dff76caf6dcc3
train,images/train/unhealthy_1057.jpg,labels/train/unhealthy_1057.txt,471feed33bc23aaa07d7b187c6110830eeafb0a05beed434e15f2d3a131d707e,81bce31665546a68207bf7b3160daaeac957b5fd877e9893052d81db4ed426dd
train,images/train/unhealthy_1058.jpg,labels/train/unhealthy_1058.txt,b81ccd2be01ab6e6504184590a9fef2ab32cf42af59f86ea783c994300fb8285,f061d2d1f05a2fec46b09542391168ff5c9305edb754988e8f04c3b8b50ecb4c
train,images/train/unhealthy_1059.jpg,labels/train/unhealthy_1059.txt,660a82708301f3cc5b8f2876465aaf5e630d17b12eac7c935b0536b2bcfc0288,ad6e232352b25987f3defec275cd8780dc6ea692c03c35e552feecb2b441e43e
train,images/train/unhealthy_1060.jpg,labels/train/unhealthy_1060.txt,95182698e110ed01dacb9186cfa18a6a5398744b3e552aeb1ee7d6eea01bdb45,4063702653b3a95d2ed79a032ff33118b90381247e01f04d011170443c2a3d21
train,images/train/unhealthy_1061.jpg,labels/train/unhealthy_1061.txt,b62829402f604993bfa9b8956fecfcb49bb6a4105ebce220d58141fd5d56748c,a3ab9d64d059b241ad6175e6358696dc4957a9cc1cdc77de62a574865b1a5efb
train,images/train/unhealthy_1062.jpg,labels/train/unhealthy_1062.txt,599292c862ec8718ad6d24dfaf01a44851ee97e8175a3acad9b2fcc1ad70d438,d2bd887760e92213a1007b7abb0b60f66f8faac9e1d1dba4ddd478cac7515b82
train,images/train/unhealthy_1063.jpg,labels/train/unhealthy_1063.txt,7d3aebdcc2b5477804d073764977bcc9062abe7a6a0504322722898e2fc1477e,8ecd0e00171135d2d1f60ef8a04fb808f1c0f5c5880ecf59c74d06605160407f
train,images/train/unhealthy_1064.jpg,labels/train/unhealthy_1064.txt,109be361be3b2e589704f4836b114363b5db6816407855afa13ae50c5c528882,e13fae524957bcde5df18bc4da3e7a4252f701db4600ffca9f026fb4734f9f49
train,images/train/unhealthy_1065.jpg,labels/train/unhealthy_1065.txt,86705ab92441c5fe79496565c71478112ce5251eece8121c47b8068089c25a39,470ff3ba131a9cd64199472a7e051807caa493685e865863fa01874ce3beb468
train,images/train/unhealthy_1066.jpg,labels/train/unhealthy_1066.txt,37c2b701278d58c0485264d18e5e84c1361bc288baa5d9357e1f09467dae352a,12c58a22bcc64018dbf900fbde10b37fea64d3027fe28de66612b517100fac66
train,images/train/unhealthy_1067.jpg,labels/train/unhealthy_1067.txt,27fd261e947529646eeab61eafab3407c01b0bdcf3248a32ed1d94017c776146,3142ff6d57c01d274302d969dc5bca73eca3963a9664f73a4b522154e919cc1f
train,images/train/unhealthy_1068.jpg,labels/train/unhealthy_1068.txt,4d2647efdcab0eef7116bbb75d5288fa799274a626e86fa77e447041d5bd144d,23f9a03c6af611a2b73e04d709c72fa8dae122f607659489f08ccb882fbee9a8
train,images/train/unhealthy_1069.jpg,labels/train/unhealthy_1069.txt,cc9fb6e202ad5b6ce5c3173bc374cab16a90159aa8be97642faa9bc95e06fa60,d8156566a8fd0feb850e65267fc1bad7b76ac6eb28a4ddb1a09aa8c760459f6b
train,images/train/unhealthy_1070.jpg,labels/train/unhealthy_1070.txt,4215f82aa85d763dc6a3a4f6b32e47ac47e55b984053d027cde02294d82e329c,ca68fc28eb5844a3d8d2d398446fe7dd367e0d30a07b4c3c928725e58872fbab
train,images/train/unhealthy_1071.jpg,labels/train/unhealthy_1071.txt,5c5382db0adc9b08b9fa787286d4d68da2fe9194cf81cc39f9740b71e37b7f42,d6392ebf9a09a3a5573c203cf11164498574d5ebb6b7d8a8ee612178cfa6133d
train,images/train/unhealthy_1072.jpg,labels/train/unhealthy_1072.txt,dcaaf68535dcf557aa36827b8c53cd8bb9e8fc7d55a3aca68c7f5f19ee14e0bb,d9ff524e8692a0666fd3f7e1ee563c3dfdf8217a0b2ace4f44aa016358d3a3b6
train,images/train/unhealthy_1073.jpg,labels/train/unhealthy_1073.txt,885c7273030dff2dd7727caa61bf98353476bd82f513dd143aac5cc1a5705860,b464acbab04e27e99bcd5fe9de12c427afe4afcb4f5035a9873906900260e896
train,images/train/unhealthy_1074.jpg,labels/train/unhealthy_1074.txt,f4081197132568b7e045c9b6bfd265002b64c5a4239a49b76cb5409d69d44cf2,b10ade33891af72ae2f35f720c3ed47a8d16195cb816bd6a07bde532f969c5ee
train,images/train/unhealthy_1075.jpg,labels/train/unhealthy_1075.txt,9206d856518ab01a8c3c3eae547adda7bf24844b40da89b0e590991a51e43de6,6a0ba5971473ae4e0cb592bc648d0b3ac26e72eac3436003498f261ed7790bbc
train,images/train/unhealthy_1076.jpg,labels/train/unhealthy_1076.txt,82c68bca21a5ac6ef2a2614caa63845b12a9b888ba7ef45a3b2a4d68cf8b30e3,617455d4bb8c217bc5008e7107c0db70eb498030cb8f38c1191f98c88963412a
train,images/train/unhealthy_1077.jpg,labels/train/unhealthy_1077.txt,2d7d51e6930ba238cf0516dc4fa361392fd7952d7048aa49107f1723c23bbb74,04de6de4ca2ff3bf488bc2fedbc877bdf1d44f299290d36b624c36bc7bfd153f
train,images/train/unhealthy_1078.jpg,labels/train/unhealthy_1078.txt,5be94f77ad7a23edfb1835394bf5cc61d59c11405f6800f0c235952f231b8e75,31aad89954b73b377020001a56f3f6c8803a5947193cf8745cd0a0cdad615fe1
train,images/train/unhealthy_1079.jpg,labels/train/unhealthy_1079.txt,268fe16ee1ce3a56d1b746c444021f5a333e237834aeab5a1f1036ee96454645,bf197f099c7dff16f42645b8cb55cc7fe479e90ec754b412d4f9920552346467
train,images/train/unhealthy_1080.jpg,labels/train/unhealthy_1080.txt,4acf35d562d91adc487c96203f396eaff1aeaf67ed8976e4342b237eeaa3f223,62568a0cfd2783de20f327f5faa33d8a67af911fd82f18b7d8cad90a25bc7b0d
train,images/train/unhealthy_1081.jpg,labels/train/unhealthy_1081.txt,27b085a7f3e72c8997bcdcea343ebcabab599a5c956b745ca3224f79118ee9b1,2b0eb806450d7a891cda75c12e6075ba2d3b6756f7c9d5c5a9a1e2355d8327d0
train,images/train/unhealthy_1082.jpg,labels/train/unhealthy_1082.txt,2fcfa9e45965aa7a74e35cc65835e8918c3f6bbae9c94c737a0d0bb97bd7a2af,ddd9de9c784a60ee1ed7deded560e7e09d4562d00e8d7d68020395601beadb72
train,images/train/unhealthy_1083.jpg,labels/train/unhealthy_1083.txt,54d78648d1779d8ebe512281eb4801187ef4d5019ca65e8c6e14258dd690f76d,0822c17a311f80df760b1577fbd9b0ddf2ffb330d4e2ef820e24720747e3eeea
train,images/train/unhealthy_1084.jpg,labels/train/unhealthy_1084.txt,2fd81e74d6f6838e5f4b77363d7bee3101c6b48f09c06df257a2646403c2ee46,ee4777f19675db3c2efc7a022af0e0ae19222e77392674dcfe8a67cc9ae048c5
train,images/train/unhealthy_1085.jpg,labels/train/unhealthy_1085.txt,17e71c9e5f0a1207bf50e907e84f3d5c2fd9299bb29d0694f6c8d3f87e59b184,d55223513b87bc1b066cd2ce580d59aba625f84e03e69da499b654913605703f
train,images/train/unhealthy_1086.jpg,labels/train/unhealthy_1086.txt,c9f505114661805036d31569279576dfcbbc2eae8a570fdaae15a744f5c8628a,0eb3a92a77264783938f32cc0bf98c06420086958c2fce225968b39c23c1556f
train,images/train/unhealthy_1087.jpg,labels/train/unhealthy_1087.txt,0f08106ed4e5d6deb3e7fa206f50a5e0ed2d6f2419ad67d5e45443bbb8047d5a,5c8acb5cc40b40942886a419ddab9ad5b5d2b2de7f93685ea0c28abee5013d21
train,images/train/unhealthy_1088.jpg,labels/train/unhealthy_1088.txt,862a328385f73f23d3073a29bbc68765b421544cb7116809347b1fa2e90150ef,81c16aedea2ece3c05c7655dc874f87224159c2898bc40806f24153c8b9b675d
train,images/train/unhealthy_1089.jpg,labels/train/unhealthy_1089.txt,a2f87e0132ff3f79a29a54bf41b651f3279d6be80d3c5a764c51d9bb35e73db5,a84a4e9d134f8bd4c2d0683d8ab685d6bc6e63843cf8af697381ac2aa7bea8b2
train,images/train/unhealthy_1090.jpg,labels/train/unhealthy_1090.txt,97ecb9b4ce08e6ce7821b4c2e67a5e6f29d3ab50e528c6cfc2ceffe4c9084267,08d42a588af3fc24bf1c42abfab0bb80699c41dd762a6e9ebb038ea58a2ffe59
train,images/train/unhealthy_1091.jpg,labels/train/unhealthy_1091.txt,dcb65a02e5c71ec1fe0267384c6bf0808bb417978a636945a57bb32604d12c5a,c23c6dd43df6cc33cb3650d275cab03611bc74df34980a96b7d7b853b5e83a91
train,images/train/unhealthy_1092.jpg,labels/train/unhealthy_1092.txt,32346e612b28aa74dc278046eeec4940deffd6a7e573ad4d4ac97d5dc6d12939,80df2e918a2d513a7c784b9294311e3d66010757f109e96b1cd2ddb14d7cee56
train,images/train/unhealthy_1093.jpg,labels/train/unhealthy_1093.txt,73d48a77668cc71b1ea8c671b6668e3ec899d22b2c6103c5e8f4e74c354846f0,9de9ec7f5d1dd8a23a31f9d5376dce940a2964961b925382ac08fff33c92f736
train,images/train/unhealthy_1094.jpg,labels/train/unhealthy_1094.txt,57bdde9ad3e54ca67e8c0f76117ee9bf3e325027fde2c301aa8cf15070ebf52a,4a36a5a29da135f3da2a970b23bbb6cdd6018262e1fdf0dd02fb80ab928d786a
train,images/train/unhealthy_1095.jpg,labels/train/unhealthy_1095.txt,be021687b8cbd1553db82af1f487cc820f187ca4e1ca86bff6a9dd38e624649c,1e923e6b58e61364127a12918dd8f63dd27612e5bc9699c03de1095962d5ae0c
train,images/train/unhealthy_1096.jpg,labels/train/unhealthy_1096.txt,a7bd6d30c4fd17c9e3ec61943b6396f42eaf0c4117732851d97651230310a6b5,cac3503aaae28f6c4ea444f60e68ddca2761ba76f45c5e53556b86e7c6c19402
train,images/train/unhealthy_1097.jpg,labels/train/unhealthy_1097.txt,bcdbe9ee95a5f69ef00f52dc63196a6eb29d1caf70030f05eeb8df96217c23f4,063359610fd0793b2f5c0ec1e9560088fabab20713d4bda33391c56f79d9e7ba
train,images/train/unhealthy_1098.jpg,labels/train/unhealthy_1098.txt,81e06b068d0fc87ad6dc4e467b57d8a8fb9f8c46c3f0c2a6929e90ac909b3d7c,87a7447c4468bdb4ce478cb7cdb444a259a9959f7d1b722dc90190dcbdb4b32c
train,images/train/unhealthy_1099.jpg,labels/train/unhealthy_1099.txt,89c79ee29e29742cc157fe89c96fee0d9b9d927356f34ba6e8e66427bdfdd9e4,27d498a3e5724226d54045f4812fce12bc618a7e17681b6e2e163ed07fe1162a
train,images/train/unhealthy_1100.jpg,labels/train/unhealthy_1100.txt,b4f03650a1165829e96050d781aeaf51d4b58852ffb6495e140bc5c8d6b322b9,3b4e6cd3931be2ddcdd0db8cd9d5bd461073af7c70065b48117d0b5ea03eb6b5
train,images/train/unhealthy_1101.jpg,labels/train/unhealthy_1101.txt,3492bea7f276fc18618d6ed8a6a0df14f703d4d82fdb196e35b17f01fe1fd846,2f24c6ba929205cf4db563e07484377297d07f9f191b364d5fd608d98b2cc1fe
train,images/train/unhealthy_1102.jpg,labels/train/unhealthy_1102.txt,093a256cb6e2f1f8d9c76e0310d06d45a626b59aa5b78eff17f768fe0a629136,77ece531044789dd9243d3bb2241be018be9d206ac513ca5e774f4f1187149c4
train,images/train/unhealthy_1103.jpg,labels/train/unhealthy_1103.txt,d71960a6e4b197c1d3c93de6ecd9d002e1f0202cf26e6885ffc98b8d27b712f5,0a823d8e1a9a553c8475893c003bbe960f1c9823f34227dcde00f5cf7361de12
train,images/train/unhealthy_1104.jpg,labels/train/unhealthy_1104.txt,ff3e6a571d69263c3a3ecfb0ec5413db401834147697b8887ead874077c6790d,85f2e1517142e418ce9e109d705b3acc05b588c4bc00af2f7608ccec9590caec
train,images/train/unhealthy_1105.jpg,labels/train/unhealthy_1105.txt,e484ea0fed109dcb3263307784b44c6a174349a7a95b8f19d54eb5b1b559d0f6,575e96c36057e6ee0e210eb7c62afe5088a83b40feeb14b90d2b0d1d5ec3e118
train,images/train/unhealthy_1106.jpg,labels/train/unhealthy_1106.txt,ef4d32a12b36fa6054be6266e245e37e37ab85efaab150dd47f88d6fceffd937,e4f0e49cfaf4b12da5c1279566ea9d0e910a7c8795b4e91705492484479f23a2
train,images/train/unhealthy_1107.jpg,labels/train/unhealthy_1107.txt,9bd879ffd28d94c37df5fd0dfdb5eaba231bbe0ad3518f48f300351086721dfb,90ca6359549c4d98e940ba0dc44cb1d8adf26efec9a74ae60a69e4a766dbb8ca
train,images/train/unhealthy_1108.jpg,labels/train/unhealthy_1108.txt,7f243d4dfe392c507351dbe61886005f930e87cc4be575d16116b83254f90a34,e8dc5fc02db9d8afab6b3ee48ef624a28bf82c8ad6d217a8b279c05c9d18c07e
train,images/train/unhealthy_1109.jpg,labels/train/unhealthy_1109.txt,4d02b55f21070c7d23a7be32aa3491e22770bb06e896dd17050d9dc6e26c9280,990b32bccd71c072b11b279148fdab3d083073398b4fa083ef22940fa4495a0e
train,images/train/unhealthy_1110.jpg,labels/train/unhealthy_1110.txt,07dd55943b198ce8ccfd91689e288b2f481af4315612ab2a0a2e36525f377531,3be73f35916eb2e20c98d209304e6a3f59dce0e98e28cc3ca6f3a8831da8109a
train,images/train/unhealthy_1111.jpg,labels/train/unhealthy_1111.txt,69ef7f644c68d278ac2794487b4774dfe4f49497c98aab120ef1642ed55de401,7ac54400550ddb976f3daf7119ab68544a5ecfd768e878b8acee13c2201d6374
train,images/train/unhealthy_1112.jpg,labels/train/unhealthy_1112.txt,84a90d3fd82ca67ba990af15f14a2aa17872b42193fdd1b44d3820572b2ad859,943904ebd6560aeddb5faf1faa57d3fa3b99548284ad4f51334efc26fa058a91
train,images/train/unhealthy_1113.jpg,labels/train/unhealthy_1113.txt,740a32f051ecf399da6d551ef5add2d549637c1b5705699442c246cd141b9153,18a0a51895f790b32407761890f178bf0b90071298feaab87753eaf4227e2084
train,images/train/unhealthy_1114.jpg,labels/train/unhealthy_1114.txt,740a32f051ecf399da6d551ef5add2d549637c1b5705699442c246cd141b9153,eea8313681ea1747b97dd8b5339c6ddeec3884c45da1bb63ec14efd9874460fa
train,images/train/unhealthy_1115.jpg,labels/train/unhealthy_1115.txt,0235ba1faefd1c07f8b19b88b282f48cf552fadc2d2f5283578126d5667608e5,9565272ab93f868660e9e1d0c8ffa125f23b57f6cb96043d31e5bb5f1e4fd498
train,images/train/unhealthy_1116.jpg,labels/train/unhealthy_1116.txt,1de6e536c689c5e67955fa58be2a77977cfbe4d9006c6146fd752114ef3058b9,49f5dfe8894b79136160bb921a7443f13f7070c26314fbd2ca99dcbf14ac3d20
train,images/train/unhealthy_1117.jpg,labels/train/unhealthy_1117.txt,1de6e536c689c5e67955fa58be2a77977cfbe4d9006c6146fd752114ef3058b9,64119aea06dcc3b5bd6d407b8bc2e292cf90a67deffc551138eff688b6c974ab
train,images/train/unhealthy_1118.jpg,labels/train/unhealthy_1118.txt,1f6438a29d8b6cfe4122622da5a5f6ac4cd45b7e15e6449df2fe132e923bef6e,531a5b5bce29a1e287dfecd428aafaed2aa78dfbb79cc229b4f584445c8936da
train,images/train/unhealthy_1119.jpg,labels/train/unhealthy_1119.txt,961f93379d527e1e84c6ff08ded8c1ce16c0b038a3aea11d369ee9dd5aabfdd9,e80525a759399a787b8626357bc061cd3f89c28b531ae8437584c0d8a1bb7ae9
train,images/train/unhealthy_1120.jpg,labels/train/unhealthy_1120.txt,7d6453a032e31d678412079cebd64ff4993b1ae62a592240511586bd0ea90efe,ea8f2dffa7dec645094a75e84114220338bcbf753c866e3e64f1e74a543bd4ce
train,images/train/unhealthy_1121.jpg,labels/train/unhealthy_1121.txt,14f2a2fbc8be22222597d55e6ad06e07afae688a05f9135c626c8140a95b664e,55320f5c0baf170cce91b89b3cf8a21ff93ba85b935cd9e041d70434ad93c60f
train,images/train/unhealthy_1126.jpg,labels/train/unhealthy_1126.txt,f130fad7bad77563d4cf0e41080a0a3a5896ff8f3a5bd5dc1ce9bab4b208cd63,d4c79db483e32b0e24c29193671e603dd59037a5b73430bd3bb51929d23cfdc4
train,images/train/unhealthy_1127.jpg,labels/train/unhealthy_1127.txt,f130fad7bad77563d4cf0e41080a0a3a5896ff8f3a5bd5dc1ce9bab4b208cd63,b177ac8ad3ed3efa2c93bb7b531427251987d5d96a1d8deb8c2a2674856990e3
train,images/train/unhealthy_1128.jpg,labels/train/unhealthy_1128.txt,f11c1c0e6ecde13558d6ad4a8ef8284d3447d031e230bc2d3121dcf5ef97329d,c82030c112a0bab7468e41b039984cbc4687982d06b2ce85908615872444ae3c
train,images/train/unhealthy_1129.jpg,labels/train/unhealthy_1129.txt,f11c1c0e6ecde13558d6ad4a8ef8284d3447d031e230bc2d3121dcf5ef97329d,d3f295c0e7c395adbcc54b574cc8c46f274d80338ecc2ae4f94d3efd7cd801ef
train,images/train/unhealthy_1189.jpg,labels/train/unhealthy_1189.txt,fc455d6cf6481e9ed744ecc76228b5057a4353aba1920350a0ac6c949702d6a8,adafb59de46e190af3a2b88eea145109858a2c7c9504e12b5e45be24b37cce7a
train,images/train/unhealthy_1207.jpg,labels/train/unhealthy_1207.txt,65a3c797f309d20885235d1454c57dd66bf223df34655ab351a182d14e7799d7,221a835c0061ce39d6a5253532a72cd265feb8563b1fdd4d385f03ba484fbdac
train,images/train/unhealthy_1208.jpg,labels/train/unhealthy_1208.txt,ef00cbf9a6a323fd485ea280cba8c49969f28bb93940607cdb968ee8e922d30c,3435003520290d679dde68975577845e5300b039b1fc8bd05d119785e2d14f7f
train,images/train/unhealthy_1210.jpg,labels/train/unhealthy_1210.txt,524a0ec028a5d92cf04e9e66fec47913b0c15deb610d77a0c282bedf6d31ef83,aa2ebe8d3415f96215b8ebdb2d83b4a1fb41742f371f7e22e366b77def1e91e8
train,images/train/unhealthy_1211.jpg,labels/train/unhealthy_1211.txt,524a0ec028a5d92cf04e9e66fec47913b0c15deb610d77a0c282bedf6d31ef83,f20a2764f0c69f8f445ee0de77352d4428da30532799e72ab4ab250c146658fa
train,images/train/unhealthy_1212.jpg,labels/train/unhealthy_1212.txt,a35d6710c9b82bc02ca922084ba61f79e1ae2c50712e64794fc9d0f28253c1eb,1ce87b2ee0e2ed3b5039d68e7e7888f939f14232d87f222afb65d3bda202cf63
train,images/train/unhealthy_1213.jpg,labels/train/unhealthy_1213.txt,a35d6710c9b82bc02ca922084ba61f79e1ae2c50712e64794fc9d0f28253c1eb,edae09ade7268987b077cd7a592e6c292610d8b1ac2da515c35606a2dc3ded60
train,images/train/unhealthy_1216.jpg,labels/train/unhealthy_1216.txt,6aba77c4e5d2e86d71b0b288081e6adedd65678d4f06931d2419774f9f6ea6a1,13fef154c71a13d2bbf20bc9d5a70d52b749d870cea9b8cf3d424ae499a952e2
train,images/train/unhealthy_1217.jpg,labels/train/unhealthy_1217.txt,6aba77c4e5d2e86d71b0b288081e6adedd65678d4f06931d2419774f9f6ea6a1,caaadc8dea12191cbbfbcefda26607c58a90d0850d11a24c23e773b946dfb8a3
train,images/train/unhealthy_1227.jpg,labels/train/unhealthy_1227.txt,d679ef59063dd7f52246e7f55e24ed55116d32cf40dd0e9a84cccf33b699c240,38d1aedc6e4b1e9bce321c38eacea9183691cc63ababa4302373820f5effaec2
train,images/train/unhealthy_1229.jpg,labels/train/unhealthy_1229.txt,670070362dc957cd56999a8a14e8b4551c17585cee6321f9975fba694971a696,b09a2b4e4dc64ff635cb01c083362f684610f558f58fdc14866fc5cd11c8a37a
train,images/train/unhealthy_1231.jpg,labels/train/unhealthy_1231.txt,88f559d46074f11f0b9a9ee5632e64b95a6f4e9e5b288b62ad104898b8ee8116,41c86eeb0b848fb004054236ef47bceb1a48a2ec8cefb853c931ef8d20a694b4
train,images/train/unhealthy_1232.jpg,labels/train/unhealthy_1232.txt,26719195744216d313944083685fb281116e43100aa03aa0411b7ba6820de5a9,3d21fde5b8cceed2361186512fd6f56acec62852453df0d6c9c5aaf0d6925ff6
train,images/train/unhealthy_1233.jpg,labels/train/unhealthy_1233.txt,26719195744216d313944083685fb281116e43100aa03aa0411b7ba6820de5a9,4887ab7cd2ac12eab361907240ea1c65a9cf3afe4b9a9d542fcf22d4e3d607c6
train,images/train/unhealthy_1284.jpg,labels/train/unhealthy_1284.txt,04b1bb3fffd3d52716366ae77558489f69f27f694fb26d8947a62c54ba9561fe,cbab6ef6a01489efd55eaca2c60c2fbc1ec5b3974e79a11a00dbd6dfcc7ed0a5
train,images/train/unhealthy_1285.jpg,labels/train/unhealthy_1285.txt,bf331412abe4bea5fc25f9fd8b5c45d5c73542071223925760b62c6751d7e049,53b845500450e2d60e4e48f8e9df58507cb92a96105155997be155db152976ac
train,images/train/unhealthy_1286.jpg,labels/train/unhealthy_1286.txt,34b2ee69097a9eda7af617bf92d5380cf53fe8e85ac459c8e9d6b9c663567d16,d1172408a5ae780bec8ea1ef2d1ef59d14a87aae884f2ec38a7c8928a289cd42
train,images/train/unhealthy_1295.jpg,labels/train/unhealthy_1295.txt,833296eb9f0ca0fc3bcc6981a9db07444b1ec6f544dc2f89df158a1cd79cbf8d,bb9b07669773ecd76bf0bffc27387d58c49f1f41014a60a8638f20d7dd8b870a
train,images/train/unhealthy_1320.jpg,labels/train/unhealthy_1320.txt,b1bfe5502d75c75c2c2fa307abcd3e9f8cf215a95fba6073e7dc06180a588b5b,69e542671f73ad2f6b3e8bb6b66c43f61af11c704e6c1f5d59844c8b088f4c83
train,images/train/unhealthy_1362.jpg,labels/train/unhealthy_1362.txt,9d0f70f166b3db4342e9f826e70ef2e369a8fbdf417beeb0a5caa1bd19f9b5ea,0c56d045fdf3aef49c051871108826b91d9f6664029b955fa82c02253b4f53e9
train,images/train/unhealthy_1368.jpg,labels/train/unhealthy_1368.txt,a688958d61e1fabcc54746db63bfca618ac12a83c3a775684c7203d2959a6205,f0dd96f0d3aeaac2b4f902017eaf5cbd9c431724cf695f37f88bab0faabc7cb7
train,images/train/unhealthy_1369.jpg,labels/train/unhealthy_1369.txt,e45cf65aa813e7ffd3eb736954aca9661238c3f426097e3bb749e2e2460def76,e3c0d8b1e8a6c47b88e1dff088b4793efb1b23fc09b87245f01a85794479aea8
train,images/train/unhealthy_1370.jpg,labels/train/unhealthy_1370.txt,1819e87432c573be88b3a4e7d2d1105a1451d9bf8b7f45fafd78633d22be47d7,319e0b907082bcdaa0bc5706ca4676cb6e96d9921a40eaba41b7296d93dc9d07
train,images/train/unhealthy_1381.jpg,labels/train/unhealthy_1381.txt,deba875f7c6d0fe8ed5285f5c0bb456d10b0e8e56bea25c7dd5f03c3f5feaa96,1cfe226e9032a94341dc6e7effe69979150a4ddecd39d2cb56db476930dbda04
train,images/train/unhealthy_1384.jpg,labels/train/unhealthy_1384.txt,48bf80d3a4cab9ac81f5c16217d735b88c893259cc8bc3c82c3bbc4b7e1b9e53,e9d32cee0949eef4087a2fa57c73308d6b15e28dd585e6c6039d07e43ddbe86e
train,images/train/unhealthy_1408.jpg,labels/train/unhealthy_1408.txt,a1b92e56eeb1e4e02043bebdf391f72d3c8c2f11e09ce62b4c5cb3fc50d8a654,5254ba713aa449d731d220d1627bc8767a6a2ae15a83baa871ef566b753c6b85
train,images/train/unhealthy_1409.jpg,labels/train/unhealthy_1409.txt,3603e2bce7ac3ab72658bab12cd5419323f4a0d1416e88905a6ac76cacf84a47,41bfa19b81ab91aab2ca3efb35dbec0e69ea7f801568b19cc175b32619abe94a
train,images/train/unhealthy_1410.jpg,labels/train/unhealthy_1410.txt,610abe8cc2a7b6624e450bbf6e9f590daca0a8cb6568a7b34c587cd5b20498d8,5c97046a8e443126a4f91db7afa97e557023effc44659752c1db1d5d428aff6a
train,images/train/unhealthy_1411.jpg,labels/train/unhealthy_1411.txt,610abe8cc2a7b6624e450bbf6e9f590daca0a8cb6568a7b34c587cd5b20498d8,df559020604c3f9a6b0a0f2b09759f138ce9d2f59199e102d2bd98a854391c21
train,images/train/unhealthy_1412.jpg,labels/train/unhealthy_1412.txt,2d12792d0ab663891c39f576c46f30c3a6c24744519d9950582d993c7b15cb5e,5b6ad16abcf73af3b21eb6993020a9cb4050035fd02edf4cb58447141d79c079
train,images/train/unhealthy_1413.jpg,labels/train/unhealthy_1413.txt,2d12792d0ab663891c39f576c46f30c3a6c24744519d9950582d993c7b15cb5e,cc8423cab700aec72eab9e6e9409ebaf43aef42bb60a7bf4bccc9124b978f054
train,images/train/unhealthy_1414.jpg,labels/train/unhealthy_1414.txt,52d5b48d32130ef3b5770e4c78940aabbe45f0e6dedc0385b6ce54fc7c23d24f,f61bfa265001c4a1e0f6c33cc2866257f5340fbceb47f75637bc2d27d794f98c
train,images/train/unhealthy_1415.jpg,labels/train/unhealthy_1415.txt,52d5b48d32130ef3b5770e4c78940aabbe45f0e6dedc0385b6ce54fc7c23d24f,ffbb28f52897bfd3b7354c3adb591f0c266dca6a3414101e5c9e6bb5d36b4959
train,images/train/unhealthy_1416.jpg,labels/train/unhealthy_1416.txt,7a08487150c8bd50964e4cced8eba5e5fac31f627b354789e9946523b2fda70f,b0025f87ab678cb1e1c1ed04af195a1f5726f72e5fba5ec63d8dbfa323aa4c60
train,images/train/unhealthy_1417.jpg,labels/train/unhealthy_1417.txt,7a08487150c8bd50964e4cced8eba5e5fac31f627b354789e9946523b2fda70f,b93922e0f7d3914ff7b4e2e921dc262e50b4cc3fdd71b05c54e9600a36e42094
train,images/train/unhealthy_1418.jpg,labels/train/unhealthy_1418.txt,261a8283048d29d694ab074b643b60f95a7ccfd06b75525d3699e6ccacf42740,0909ca596fa63b7c61b7eb8ff1793519d4f402064bae66c6ca769e656ba59a43
train,images/train/unhealthy_1419.jpg,labels/train/unhealthy_1419.txt,261a8283048d29d694ab074b643b60f95a7ccfd06b75525d3699e6ccacf42740,5fd6f95440f94b0dfe8dcb94e16f9bb387a50b0dba8ba589babb73b2105229b9
train,images/train/unhealthy_1420.jpg,labels/train/unhealthy_1420.txt,f9b1e54ef41b57a896a5523c572872dd4d934a51ff22e1e8d9feb9a0c0a74c0e,57c41da0dcf40d2c165843404a391352777e6219e10005784fd2a16064b91073
train,images/train/unhealthy_1421.jpg,labels/train/unhealthy_1421.txt,f6a819a6756de10f84c5c3c045bcc50a684e923b1f55f65671b83504fcaf914f,f84a5d6a8e8ffe590691498e2592b19a6cbb3ba46912c14b514b03ed5062e452
train,images/train/unhealthy_1422.jpg,labels/train/unhealthy_1422.txt,54e0319909620e4d6739f42b825ec2d8209eb0abd04e66c7818d737434628f90,f00fcbf2a52f1f1c3089c2214fad113f896febd00f8640f13b1796ad32134947
train,images/train/unhealthy_1423.jpg,labels/train/unhealthy_1423.txt,54e0319909620e4d6739f42b825ec2d8209eb0abd04e66c7818d737434628f90,e940c6058aca44cf893ba419bf3b4f9c71201a8aabf6a8a7026f5beabdd2f7c4
train,images/train/unhealthy_1424.jpg,labels/train/unhealthy_1424.txt,e75a2d42b816d1c5e58844f6e2ea4e09e31cfae86475aee8c4b0059571cf2a28,17203258a2479004c1b8898753fe88bff8bb4ed27e4512b47037030317c45e2d
train,images/train/unhealthy_1425.jpg,labels/train/unhealthy_1425.txt,e75a2d42b816d1c5e58844f6e2ea4e09e31cfae86475aee8c4b0059571cf2a28,b621505e4a0c07f58cea54ec50dca7a326868deaa8e9d5012dc1db37b44743f5
train,images/train/unhealthy_1426.jpg,labels/train/unhealthy_1426.txt,ddb8fd7b20ae49437a193ea04d6be058b31145755291e2446a5ab6393dcfab5a,7ff5eeb437aa7b81387ed3d17bd4f90a682d9e007ec5613b3c2ea007a58e17e3
train,images/train/unhealthy_1427.jpg,labels/train/unhealthy_1427.txt,ddb8fd7b20ae49437a193ea04d6be058b31145755291e2446a5ab6393dcfab5a,144130fd6440d475823b736dc264279e61615147b9144edc7d385e9b3a20c7db
train,images/train/unhealthy_1428.jpg,labels/train/unhealthy_1428.txt,00bec303bec40a99d695aa1d867c2dcf8d567e383d143e7bd5d907f5f6d0a6d4,6f9a2a41405bee30aeddf2c0cc6101c03a385ba73ebb7c24c5239699a9166d57
train,images/train/unhealthy_1429.jpg,labels/train/unhealthy_1429.txt,9e59415c3295b63ec16ca7c4221e8e41689741d4d7605611c39a7a2e71cd7abf,4b3d9b371f76a6a1c2bf437f067eff4b1e94ca0690c5e8bf080c1cbee48b15a8
train,images/train/unhealthy_1430.jpg,labels/train/unhealthy_1430.txt,019cdf6702c432cd4fc3e8bad776856402e774a942669416da0e2506505ba42a,f2176fcfa06ba2501f1186b71d03f9e7d01cfa3d4ce7e9557fd0c0de619c7fea
