split,image,class_id,class_name,x_center,y_center,width,height,area,aspect_ratio
train,healthy_0001.jpg,0,healthy,0.535645,0.536133,0.114258,0.382812,0.043739333495999996,0.29847026738973703
train,healthy_0001.jpg,0,healthy,0.674316,0.57959,0.133789,0.379883,0.050824166687,0.35218475162089374
train,healthy_0001.jpg,0,healthy,0.40332,0.612305,0.1875,0.365234,0.068481375,0.5133695110531878
train,healthy_0001.jpg,0,healthy,0.513672,0.203125,0.095703,0.267578,0.025608017333999998,0.357663933507239
train,healthy_0002.jpg,0,healthy,0.449219,0.722656,0.232422,0.353516,0.08216489575199999,0.6574582197128277
train,healthy_0002.jpg,0,healthy,0.78125,0.440918,0.167969,0.336914,0.056591107666,0.4985515591515936
train,healthy_0002.jpg,0,healthy,0.299316,0.755371,0.37207,0.225586,0.08393378302,1.649348807106824
train,healthy_0002.jpg,0,healthy,0.437012,0.345215,0.21582,0.266602,0.05753804364,0.8095213089174125
train,healthy_0002.jpg,0,healthy,0.615723,0.32373,0.147461,0.333008,0.049105692688000004,0.44281518762312017
train,healthy_0002.jpg,0,healthy,0.670898,0.714844,0.21875,0.349609,0.07647696875,0.625698995163168
train,healthy_0003.jpg,0,healthy,0.304688,0.188965,0.212891,0.260742,0.05550962512199999,0.8164814260840219
train,healthy_0003.jpg,0,healthy,0.467285,0.1875,0.161133,0.271484,0.043745031372,0.5935266903390255
train,healthy_0003.jpg,0,healthy,0.683105,0.533203,0.256836,0.283203,0.072736725708,0.9068971726994418
train,healthy_0004.jpg,0,healthy,0.619141,0.40625,0.201172,0.353516,0.071117520752,0.569060523427511
train,healthy_0004.jpg,0,healthy,0.176758,0.714844,0.294922,0.222656,0.065666152832,1.32456345214142
train,healthy_0005.jpg,0,healthy,0.292969,0.436035,0.583984,0.610352,0.356435802368,0.956798699766692
train,healthy_0005.jpg,0,healthy,0.574219,0.541992,0.390625,0.798828,0.3120421875,0.48899763153019177
train,healthy_0005.jpg,0,healthy,0.81543,0.514648,0.25,0.724609,0.18115225,0.3450136556404903
train,healthy_0006.jpg,0,healthy,0.251953,0.431152,0.501953,0.614258,0.308328645874,0.817169658352028
train,healthy_0006.jpg,0,healthy,0.538574,0.567871,0.428711,0.72168,0.30939215448,0.5940458374903004
train,healthy_0007.jpg,0,healthy,0.432129,0.5,0.356445,0.757812,0.27011829834,0.4703607227122294
train,healthy_0008.jpg,0,healthy,0.269531,0.541016,0.292969,0.84375,0.24719259375,0.3472225185185185
train,healthy_0008.jpg,0,healthy,0.644043,0.484863,0.454102,0.708008,0.321507848816,0.6413797584208089
train,healthy_0009.jpg,0,healthy,0.150391,0.827148,0.242188,0.345703,0.083725118164,0.7005666713913388
train,healthy_0009.jpg,0,healthy,0.595215,0.605469,0.649414,0.601562,0.39066278466800003,1.0795462479345437
train,healthy_0010.jpg,0,healthy,0.306152,0.623047,0.606445,0.560547,0.33994092541500004,1.081880734354122
train,healthy_0010.jpg,0,healthy,0.668945,0.553223,0.662109,0.37207,0.24635089562999998,1.7795280457978335
train,healthy_0010.jpg,0,healthy,0.713379,0.366211,0.573242,0.273438,0.156746145996,2.0964240522531616
train,healthy_0011.jpg,0,healthy,0.316895,0.550293,0.344727,0.899414,0.310052289978,0.38327955757860116
train,healthy_0011.jpg,0,healthy,0.695801,0.582031,0.454102,0.771484,0.35033242736799997,0.5886084481337267
train,healthy_0012.jpg,0,healthy,0.223633,0.527832,0.392578,0.805664,0.316285961792,0.4872726099217539
train,healthy_0012.jpg,0,healthy,0.615234,0.608398,0.470703,0.783203,0.368656001709,0.6009974425532078
train,healthy_0013.jpg,0,healthy,0.515625,0.621582,0.216797,0.44043,0.09548390271,0.4922394024021978
train,healthy_0013.jpg,0,healthy,0.711914,0.646973,0.232422,0.424805,0.09873402770999999,0.5471263285507468
train,healthy_0013.jpg,0,healthy,0.857422,0.485352,0.285156,0.4375,0.12475575000000001,0.651785142857143
train,healthy_0013.jpg,0,healthy,0.197266,0.4375,0.392578,0.400391,0.157184697998,0.9804865743735498
train,healthy_0014.jpg,0,healthy,0.837891,0.784668,0.242188,0.424805,0.10288267334,0.5701157001447723
train,healthy_0014.jpg,0,healthy,0.401855,0.743164,0.62207,0.375,0.23327625000000002,1.6588533333333333
train,healthy_0014.jpg,0,healthy,0.651855,0.183105,0.241211,0.364258,0.087863036438,0.662198222139253
train,healthy_0014.jpg,0,healthy,0.284668,0.526855,0.567383,0.145508,0.08255876556399999,3.899325123017291
train,healthy_0014.jpg,0,healthy,0.3125,0.364746,0.623047,0.22168,0.13811705895999998,2.8105692890653198
train,healthy_0014.jpg,0,healthy,0.371582,0.231934,0.569336,0.274414,0.15623376910399997,2.074733796380651
train,healthy_0015.jpg,0,healthy,0.217285,0.236328,0.432617,0.257812,0.11153385400399998,1.6780328301242766
train,healthy_0015.jpg,0,healthy,0.248535,0.399902,0.420898,0.354492,0.14920497381599998,1.187327217539465
train,healthy_0015.jpg,0,healthy,0.241211,0.587402,0.179688,0.458008,0.082298541504,0.3923250248903949
train,healthy_0015.jpg,0,healthy,0.380859,0.64502,0.183594,0.530273,0.097354941162,0.34622543482319484
train,healthy_0015.jpg,0,healthy,0.529785,0.657227,0.225586,0.519531,0.117198920166,0.434210855560111
train,healthy_0015.jpg,0,healthy,0.653809,0.630859,0.336914,0.441406,0.148715861084,0.7632746269873993
train,healthy_0015.jpg,0,healthy,0.753418,0.482422,0.454102,0.289062,0.13126363232399998,1.5709501767786842
train,healthy_0015.jpg,0,healthy,0.779297,0.268555,0.414062,0.238281,0.09866310742199999,1.7377046428376581
train,healthy_0016.jpg,0,healthy,0.537109,0.332031,0.75,0.414062,0.3105465,1.8113229419748733
train,healthy_0016.jpg,0,healthy,0.542969,0.741699,0.707031,0.450195,0.318301821045,1.57049945023823
train,healthy_0017.jpg,0,healthy,0.496582,0.817871,0.555664,0.364258,0.20240505731200004,1.5254682120914298
train,healthy_0017.jpg,0,healthy,0.570801,0.661133,0.567383,0.306641,0.17398289050299998,1.8503168199947169
train,healthy_0017.jpg,0,healthy,0.608398,0.362793,0.533203,0.280273,0.149442404419,1.902441548062068
train,healthy_0018.jpg,0,healthy,0.570312,0.641113,0.664062,0.27832,0.18482173584000003,2.385965794768612
train,healthy_0018.jpg,0,healthy,0.574707,0.333008,0.649414,0.308594,0.200405263916,2.1044284723617444
train,healthy_0018.jpg,0,healthy,0.476562,0.824707,0.673828,0.336914,0.22702208679199998,2.0
train,healthy_0019.jpg,0,healthy,0.257812,0.539062,0.386719,0.544922,0.210731690918,0.7096777153427463
train,healthy_0019.jpg,0,healthy,0.558594,0.641602,0.259766,0.716797,0.186199489502,0.3623982801267304
train,healthy_0019.jpg,0,healthy,0.753418,0.539551,0.407227,0.524414,0.21355553997800003,0.7765372396617939
train,healthy_0019.jpg,0,healthy,0.86377,0.302246,0.272461,0.473633,0.129046520813,0.5752576361866677
train,healthy_0020.jpg,0,healthy,0.274902,0.445801,0.547852,0.43457,0.23808004364000002,1.2606760705985227
train,healthy_0020.jpg,0,healthy,0.663574,0.625488,0.27832,0.637695,0.1774832724,0.4364468907549848
train,healthy_0020.jpg,0,healthy,0.771484,0.419922,0.267578,0.560547,0.149990045166,0.47735158693205026
train,healthy_0021.jpg,0,healthy,0.20752,0.322754,0.40918,0.643555,0.2633298349,0.6358120129592654
train,healthy_0021.jpg,0,healthy,0.338379,0.611328,0.225586,0.724609,0.163461645874,0.3113210020852626
train,healthy_0021.jpg,0,healthy,0.548828,0.647949,0.1875,0.704102,0.13201912500000001,0.26629664452025414
train,healthy_0021.jpg,0,healthy,0.716797,0.659668,0.306641,0.676758,0.20752174987799998,0.45310288168000973
train,healthy_0021.jpg,0,healthy,0.813477,0.524902,0.373047,0.522461,0.19490250866699999,0.7140188454257831
train,healthy_0022.jpg,0,healthy,0.241211,0.403809,0.474609,0.43457,0.20625083313,1.0921347538946544
train,healthy_0022.jpg,0,healthy,0.32373,0.601074,0.411133,0.62207,0.25575350531,0.6609111514781295
train,healthy_0022.jpg,0,healthy,0.541016,0.699219,0.177734,0.582031,0.10344669775399999,0.30536861438651897
train,healthy_0022.jpg,0,healthy,0.721191,0.704102,0.256836,0.585938,0.150489972168,0.43833306595578375
train,healthy_0022.jpg,0,healthy,0.818359,0.512695,0.363281,0.386719,0.140487665039,0.9393926856451326
train,healthy_0023.jpg,0,healthy,0.227051,0.632324,0.354492,0.698242,0.247521203064,0.5076921754921645
train,healthy_0023.jpg,0,healthy,0.5,0.660645,0.251953,0.678711,0.17100327258299997,0.37122280322552603
train,healthy_0023.jpg,0,healthy,0.694824,0.653809,0.458008,0.604492,0.27686217193600005,0.7576742123965247
train,healthy_0023.jpg,0,healthy,0.757812,0.455078,0.484375,0.341797,0.165557921875,1.4171423388736588
train,healthy_0024.jpg,0,healthy,0.264648,0.577637,0.271484,0.743164,0.201757135376,0.3653083303281644
train,healthy_0024.jpg,0,healthy,0.427734,0.620605,0.160156,0.737305,0.11808381958,0.21721811190755522
train,healthy_0024.jpg,0,healthy,0.612305,0.651855,0.248047,0.696289,0.172712397583,0.35624144572153227
train,healthy_0024.jpg,0,healthy,0.77832,0.463379,0.443359,0.631836,0.28013017712399996,0.7016994916402358
train,healthy_0025.jpg,0,healthy,0.179688,0.499023,0.347656,0.591797,0.205741777832,0.5874581993487632
train,healthy_0025.jpg,0,healthy,0.435547,0.617188,0.181641,0.666016,0.120975812256,0.2727276822178446
train,healthy_0025.jpg,0,healthy,0.683594,0.619629,0.357422,0.545898,0.195115954956,0.65474136193941
train,healthy_0025.jpg,0,healthy,0.79834,0.495605,0.40332,0.342773,0.13824720636,1.1766387667640101
train,healthy_0026.jpg,0,healthy,0.221191,0.360352,0.44043,0.205078,0.09032250354,2.147621880455241
train,healthy_0026.jpg,0,healthy,0.287109,0.552734,0.390625,0.371094,0.14495859375,1.052630869806572
train,healthy_0026.jpg,0,healthy,0.513184,0.708496,0.217773,0.583008,0.12696340118399999,0.37353346780833196
train,healthy_0026.jpg,0,healthy,0.79541,0.477539,0.344727,0.224609,0.07742878674300001,1.534787118948929
train,healthy_0027.jpg,0,healthy,0.188965,0.372559,0.348633,0.618164,0.21551236981200003,0.5639814029933804
train,healthy_0027.jpg,0,healthy,0.375488,0.352539,0.213867,0.601562,0.128654260254,0.3555194643278664
train,healthy_0027.jpg,1,unhealthy,0.762695,0.352051,0.236328,0.702148,0.165937232544,0.33657861305593695
train,healthy_0033.jpg,0,healthy,0.307617,0.282227,0.587891,0.208984,0.12285981274400001,2.8130909543314324
train,healthy_0033.jpg,0,healthy,0.300781,0.42627,0.599609,0.200195,0.12003872375499999,2.9951247533654684
train,healthy_0033.jpg,0,healthy,0.351562,0.574707,0.677734,0.178711,0.12111852087399999,3.7923463021302544
train,healthy_0033.jpg,0,healthy,0.349121,0.710938,0.645508,0.160156,0.103381979248,4.0304952671145635
train,healthy_0033.jpg,0,healthy,0.724609,0.813477,0.285156,0.347656,0.09913619433600002,0.8202245898244241
train,healthy_0034.jpg,0,healthy,0.473633,0.422363,0.923828,0.553711,0.5115337257079999,1.6684299210237832
train,healthy_0035.jpg,0,healthy,0.458984,0.655762,0.794922,0.379883,0.301977354126,2.092544283371459
train,healthy_0035.jpg,0,healthy,0.378906,0.256836,0.671875,0.435547,0.292633140625,1.5426004541415737
train,healthy_0036.jpg,0,healthy,0.420898,0.650391,0.806641,0.363281,0.29303734912100005,2.220432667824632
train,healthy_0036.jpg,0,healthy,0.460449,0.271484,0.727539,0.501953,0.365190383667,1.4494165788430393
train,healthy_0037.jpg,0,healthy,0.450195,0.670898,0.744141,0.410156,0.305213895996,1.8142877344230002
train,healthy_0037.jpg,0,healthy,0.500977,0.29834,0.730469,0.508789,0.37165459204100004,1.4357012435410357
train,healthy_0038.jpg,0,healthy,0.470703,0.282227,0.708984,0.478516,0.33926018774399996,1.4816307082730775
train,healthy_0038.jpg,0,healthy,0.452148,0.672852,0.787109,0.419922,0.330524385498,1.8744171536618703
train,healthy_0039.jpg,0,healthy,0.308594,0.508789,0.339844,0.705078,0.239616527832,0.4819948998550515
train,healthy_0039.jpg,0,healthy,0.533203,0.611328,0.177734,0.71875,0.12774631250000001,0.24728208695652173
train,healthy_0039.jpg,0,healthy,0.743164,0.618164,0.251953,0.662109,0.16682034887699998,0.3805310001827494
train,healthy_0042.jpg,0,healthy,0.678223,0.365723,0.635742,0.299805,0.19059863031,2.1205183369189977
train,healthy_0042.jpg,0,healthy,0.646973,0.12793,0.588867,0.248047,0.146066692749,2.3740137957725755
train,healthy_0042.jpg,0,healthy,0.585449,0.654297,0.586914,0.330078,0.193727399292,1.7781069928925892
train,healthy_0043.jpg,0,healthy,0.550781,0.323242,0.8125,0.384766,0.312622375,2.1116730688262475
train,healthy_0043.jpg,0,healthy,0.550293,0.76123,0.852539,0.446289,0.38047877777100003,1.9102845913746476
train,healthy_0044.jpg,0,healthy,0.566895,0.549805,0.77832,0.335938,0.26146726416,2.316856086539778
train,healthy_0044.jpg,1,unhealthy,0.506836,0.335449,0.744141,0.209961,0.156240588501,3.544186777544401
train,healthy_0044.jpg,0,healthy,0.380859,0.798828,0.490234,0.402344,0.19724270849599998,1.218444912810928
train,healthy_0045.jpg,1,unhealthy,0.453613,0.374023,0.831055,0.310547,0.25808163708500004,2.676100558047574
train,healthy_0045.jpg,0,healthy,0.512695,0.770996,0.966797,0.452148,0.437135329956,2.138231287100684
train,healthy_0046.jpg,0,healthy,0.436523,0.720215,0.785156,0.475586,0.373409201416,1.6509232820141888
train,healthy_0046.jpg,0,healthy,0.414062,0.466797,0.716797,0.265625,0.190399203125,2.698529882352941
train,healthy_0047.jpg,0,healthy,0.257812,0.594238,0.197266,0.756836,0.149298010376,0.26064563524990886
train,healthy_0047.jpg,0,healthy,0.390137,0.628906,0.157227,0.740234,0.116384771118,0.21240175403993874
train,healthy_0047.jpg,0,healthy,0.552246,0.646973,0.254883,0.682617,0.17398746881100002,0.3733909351803427
train,healthy_0047.jpg,0,healthy,0.66748,0.580078,0.375977,0.613281,0.230579550537,0.6130582881256716
train,healthy_0047.jpg,0,healthy,0.794434,0.376465,0.411133,0.602539,0.24772366668700002,0.6823342555419649
train,healthy_0048.jpg,0,healthy,0.350586,0.532715,0.699219,0.405273,0.28337458178700003,1.7253036841832543
train,healthy_0048.jpg,0,healthy,0.495117,0.172363,0.658203,0.342773,0.225614216919,1.9202300064474156
train,healthy_0048.jpg,0,healthy,0.415039,0.766602,0.828125,0.421875,0.349365234375,1.962962962962963
train,healthy_0048.jpg,0,healthy,0.350586,0.654785,0.699219,0.188477,0.131786699463,3.7098372745746167
train,healthy_0049.jpg,0,healthy,0.355957,0.227539,0.709961,0.328125,0.23295595312499998,2.1636906666666667
train,healthy_0049.jpg,0,healthy,0.306641,0.372559,0.611328,0.18457,0.11283280896,3.3121742428346965
train,healthy_0049.jpg,0,healthy,0.345703,0.662598,0.689453,0.307617,0.21208746350099997,2.241270801028552
train,healthy_0049.jpg,0,healthy,0.347168,0.79541,0.692383,0.37207,0.25761494281,1.8608944553444242
train,healthy_0050.jpg,0,healthy,0.314453,0.525391,0.345703,0.673828,0.232944361084,0.5130433879268893
train,healthy_0050.jpg,0,healthy,0.628418,0.53418,0.25293,0.744141,0.18821558313,0.3398952617850649
train,healthy_0050.jpg,0,healthy,0.812988,0.523438,0.374023,0.734375,0.274673140625,0.509307914893617
train,healthy_0051.jpg,0,healthy,0.273438,0.495117,0.34375,0.867188,0.298095875,0.396396167843651
train,healthy_0051.jpg,0,healthy,0.658691,0.526855,0.448242,0.913086,0.40928349481199994,0.49090885195918016
train,healthy_0052.jpg,0,healthy,0.236816,0.529297,0.47168,0.814453,0.38416119103999996,0.5791371632248884
train,healthy_0052.jpg,1,unhealthy,0.633301,0.617188,0.282227,0.683594,0.19292868383800002,0.41285763186920893
train,healthy_0053.jpg,0,healthy,0.492188,0.456055,0.976562,0.464844,0.453948986328,2.100838130641678
train,healthy_0054.jpg,0,healthy,0.562012,0.516113,0.868164,0.444336,0.38575651910400005,1.95384573836016
train,healthy_0055.jpg,0,healthy,0.537598,0.533691,0.899414,0.514648,0.46288161627200003,1.7476294477001757
train,healthy_0056.jpg,0,healthy,0.519043,0.505371,0.961914,0.540039,0.5194710746460001,1.7811935804636332
train,healthy_0057.jpg,0,healthy,0.514648,0.490723,0.970703,0.606445,0.588677980835,1.6006447410729745
train,healthy_0058.jpg,0,healthy,0.497559,0.514648,0.993164,0.470703,0.467485274292,2.109958933765028
train,healthy_0059.jpg,0,healthy,0.497559,0.61084,0.993164,0.614258,0.610058932312,1.6168515509769512
train,healthy_0063.jpg,0,healthy,0.483398,0.569336,0.65625,0.462891,0.30377221875,1.4177203704543835
train,healthy_0063.jpg,0,healthy,0.515137,0.35791,0.551758,0.713867,0.393881828186,0.7729142823523149
train,healthy_0064.jpg,0,healthy,0.552246,0.447266,0.456055,0.664062,0.30284879541000004,0.6867656935647575
train,healthy_0065.jpg,0,healthy,0.378906,0.452148,0.460938,0.625,0.28808625,0.7375008000000001
train,healthy_0066.jpg,0,healthy,0.517578,0.542969,0.40625,0.742188,0.301513875,0.5473680522994174
train,healthy_0067.jpg,0,healthy,0.731934,0.441895,0.458008,0.65332,0.29922578656000004,0.7010469601420437
train,healthy_0067.jpg,0,healthy,0.430176,0.818848,0.00293,0.006836,2.002948e-05,0.4286132241076653
train,healthy_0067.jpg,0,healthy,0.626465,0.453125,0.604492,0.611328,0.369542885376,0.9888177868509214
train,healthy_0068.jpg,0,healthy,0.237793,0.525391,0.473633,0.671875,0.318222171875,0.7049421395348837
train,healthy_0068.jpg,0,healthy,0.672852,0.543945,0.539062,0.662109,0.356917801758,0.8141589979897571
train,healthy_0069.jpg,0,healthy,0.544434,0.410156,0.711914,0.345703,0.24611080554200002,2.0593225977211653
train,healthy_0069.jpg,0,healthy,0.498535,0.769531,0.655273,0.375,0.245727375,1.7473946666666667
train,healthy_0070.jpg,0,healthy,0.433594,0.35791,0.865234,0.334961,0.289819645874,2.5830887774994697
train,healthy_0070.jpg,0,healthy,0.439941,0.62793,0.772461,0.298828,0.23083297570799996,2.584968610705824
train,healthy_0071.jpg,0,healthy,0.499023,0.47998,0.591797,0.750977,0.444425935669,0.7880361182832497
train,healthy_0072.jpg,0,healthy,0.478516,0.411621,0.591797,0.768555,0.454828543335,0.7700125560304728
train,healthy_0073.jpg,0,healthy,0.432617,0.442383,0.595703,0.376953,0.22455203295899998,1.5803110732637755
train,healthy_0073.jpg,0,healthy,0.528809,0.240723,0.532227,0.473633,0.25208027069100003,1.1237118190666613
train,healthy_0073.jpg,0,healthy,0.500977,0.713867,0.521484,0.572266,0.298427562744,0.9112615462040378
train,healthy_0074.jpg,0,healthy,0.422852,0.609863,0.751953,0.577148,0.433988170044,1.3028772515888472
train,healthy_0075.jpg,0,healthy,0.402832,0.493164,0.772461,0.556641,0.42998346350100003,1.3877184756422898
train,healthy_0076.jpg,0,healthy,0.43457,0.53418,0.84375,0.414062,0.3493648125,2.0377383097217328
train,healthy_0077.jpg,0,healthy,0.476562,0.313477,0.658203,0.423828,0.278964861084,1.5529955548005323
train,healthy_0077.jpg,0,healthy,0.431152,0.705566,0.665039,0.413086,0.274718300354,1.6099286831313577
train,healthy_0078.jpg,0,healthy,0.472168,0.566895,0.754883,0.448242,0.338370265686,1.6840969833259714
train,healthy_0078.jpg,0,healthy,0.470703,0.255859,0.734375,0.292969,0.21514910937499998,2.50666452764627
train,healthy_0079.jpg,0,healthy,0.462891,0.591797,0.785156,0.3125,0.24536124999999998,2.5124991999999997
train,healthy_0079.jpg,0,healthy,0.453125,0.369141,0.75,0.382812,0.287109,1.9591862324065077
train,healthy_0080.jpg,0,healthy,0.539551,0.260254,0.766602,0.375977,0.288224720154,2.0389598299896003
train,healthy_0080.jpg,0,healthy,0.489746,0.583008,0.743164,0.410156,0.304813173584,1.8119057139234829
train,healthy_0081.jpg,0,healthy,0.527832,0.523438,0.801758,0.464844,0.37269239575199997,1.724789391709907
train,healthy_0081.jpg,0,healthy,0.569824,0.254395,0.672852,0.454102,0.305543438904,1.4817199659988285
train,healthy_0082.jpg,0,healthy,0.45166,0.290039,0.875977,0.439453,0.384950720581,1.9933348958819261
train,healthy_0082.jpg,0,healthy,0.498535,0.677734,0.793945,0.357422,0.28377340979000004,2.2213098242413727
train,healthy_0083.jpg,0,healthy,0.501953,0.503906,0.769531,0.533203,0.41031623779299997,1.4432233126970404
train,healthy_0084.jpg,0,healthy,0.546387,0.49707,0.875977,0.630859,0.552617974243,1.3885464105291359
train,healthy_0085.jpg,0,healthy,0.462891,0.520508,0.763672,0.515625,0.393768375,1.4810608484848484
train,healthy_0086.jpg,0,healthy,0.497559,0.396484,0.805664,0.548828,0.442170961792,1.4679717507124272
train,healthy_0087.jpg,0,healthy,0.493164,0.552246,0.792969,0.463867,0.367832151123,1.7094749141456498
train,healthy_0088.jpg,0,healthy,0.470215,0.474121,0.833008,0.547852,0.456365098816,1.520498236750071
train,healthy_0089.jpg,0,healthy,0.481934,0.564941,0.834961,0.487305,0.40688067010499995,1.7134258831737823
train,healthy_0090.jpg,0,healthy,0.486816,0.429688,0.790039,0.507812,0.4011912846680001,1.5557706395280142
train,healthy_0091.jpg,0,healthy,0.414062,0.574707,0.402344,0.825195,0.33201225708,0.48757445209920075
train,healthy_0091.jpg,0,healthy,0.705078,0.458496,0.589844,0.708008,0.417614270752,0.8331035807505001
train,healthy_0092.jpg,0,healthy,0.197266,0.460938,0.392578,0.800781,0.31436900341799995,0.4902438993932174
train,healthy_0092.jpg,0,healthy,0.70166,0.473633,0.59668,0.755859,0.45100594811999994,0.7894064898347444
train,healthy_0093.jpg,0,healthy,0.211914,0.566406,0.382812,0.599609,0.22953752050799997,0.6384360474909483
train,healthy_0093.jpg,0,healthy,0.605469,0.517578,0.488281,0.583984,0.285148291504,0.8361205101509631
train,healthy_0094.jpg,0,healthy,0.403809,0.524902,0.317383,0.74707,0.23710731781000002,0.42483702999718903
train,healthy_0094.jpg,0,healthy,0.695801,0.507324,0.44043,0.766602,0.33763451886,0.5745223727566586
train,healthy_0095.jpg,0,healthy,0.323242,0.53125,0.371094,0.664062,0.246429423828,0.5588243266441988
train,healthy_0095.jpg,0,healthy,0.634766,0.533203,0.361328,0.669922,0.24206157641599998,0.5393583133558831
train,healthy_0096.jpg,0,healthy,0.353027,0.556152,0.389648,0.848633,0.330668151184,0.4591478295093403
train,healthy_0096.jpg,0,healthy,0.683105,0.574219,0.411133,0.851562,0.35010523974600005,0.4827986687992184
train,healthy_0097.jpg,0,healthy,0.414551,0.449219,0.600586,0.367188,0.220527972168,1.635636240835757
train,healthy_0125.jpg,0,healthy,0.147461,0.452148,0.271484,0.789062,0.21421770800800002,0.34405914871074766
train,healthy_0125.jpg,0,healthy,0.533203,0.428223,0.521484,0.643555,0.33560363561999995,0.8103176884648553
train,healthy_0125.jpg,0,healthy,0.729492,0.277344,0.541016,0.503906,0.272621208496,1.0736446876996901
train,healthy_0126.jpg,0,healthy,0.197266,0.634766,0.291016,0.509766,0.148350062256,0.5708815417269884
train,healthy_0126.jpg,0,healthy,0.433594,0.647461,0.21875,0.560547,0.12261965625,0.3902438154160133
train,healthy_0126.jpg,0,healthy,0.680664,0.574219,0.390625,0.501953,0.19607539062499998,0.7782103105270812
train,healthy_0126.jpg,0,healthy,0.782715,0.505859,0.350586,0.423828,0.148588163208,0.8271893315212776
train,healthy_0127.jpg,0,healthy,0.383789,0.642578,0.242188,0.552734,0.133865541992,0.43816374603335423
train,healthy_0127.jpg,0,healthy,0.636719,0.629883,0.248047,0.537109,0.13322827612299998,0.4618187369789
train,healthy_0127.jpg,0,healthy,0.130859,0.568848,0.259766,0.424805,0.11034989563,0.6114946857970127
train,healthy_0128.jpg,0,healthy,0.583496,0.551758,0.694336,0.259766,0.18036488537599998,2.672928712764565
train,healthy_0128.jpg,0,healthy,0.544922,0.833496,0.583984,0.27832,0.16253442688,2.098246622592699
train,healthy_0128.jpg,0,healthy,0.556152,0.253906,0.651367,0.375,0.244262625,1.7369786666666667
train,healthy_0129.jpg,0,healthy,0.507324,0.299805,0.885742,0.40625,0.3598326875,2.180288
train,healthy_0129.jpg,0,healthy,0.47168,0.597168,0.738281,0.37793,0.27901853832999995,1.953486095308655
train,healthy_0129.jpg,0,healthy,0.249023,0.74707,0.412109,0.470703,0.193980942627,0.8755181080214063
train,healthy_0130.jpg,0,healthy,0.613281,0.464355,0.681641,0.352539,0.240305036499,1.9335194120366828
train,healthy_0130.jpg,0,healthy,0.602539,0.147461,0.667969,0.285156,0.19047536816400001,2.342468683808161
train,healthy_0130.jpg,0,healthy,0.773438,0.725586,0.390625,0.542969,0.212097265625,0.7194241291860124
train,healthy_0131.jpg,0,healthy,0.360352,0.591797,0.287109,0.599609,0.172153140381,0.47882703561821127
train,healthy_0131.jpg,0,healthy,0.623047,0.555664,0.320312,0.533203,0.17079131933599997,0.600731803834562
train,healthy_0131.jpg,0,healthy,0.103516,0.55957,0.205078,0.511719,0.10494230908200002,0.4007629187112458
train,healthy_0131.jpg,0,healthy,0.860352,0.495605,0.279297,0.493164,0.137739225708,0.5663369589021097
train,healthy_0132.jpg,0,healthy,0.509766,0.495605,0.564453,0.219727,0.124025564331,2.568883205068107
train,healthy_0132.jpg,0,healthy,0.549316,0.256836,0.536133,0.339844,0.18220158325199998,1.5775855980979507
train,healthy_0132.jpg,0,healthy,0.557129,0.804199,0.479492,0.387695,0.18589665094,1.2367763319103933
train,healthy_0133.jpg,0,healthy,0.625977,0.460938,0.197266,0.78125,0.1541140625,0.25250047999999997
train,healthy_0133.jpg,0,healthy,0.379395,0.555176,0.438477,0.68457,0.30016819989,0.6405144835444148
train,healthy_0133.jpg,0,healthy,0.265137,0.744629,0.473633,0.452148,0.214152213684,1.0475176269716997
train,healthy_0133.jpg,0,healthy,0.854004,0.528809,0.258789,0.739258,0.191311838562,0.3500658768657221
train,healthy_0134.jpg,0,healthy,0.533203,0.624512,0.332031,0.750977,0.24934764428700001,0.4421320493170896
train,healthy_0134.jpg,0,healthy,0.296387,0.637207,0.225586,0.717773,0.16191953997800002,0.31428599292533993
train,healthy_0134.jpg,0,healthy,0.724121,0.444824,0.313477,0.698242,0.21888280743400002,0.4489517960821606
train,healthy_0135.jpg,0,healthy,0.54834,0.642578,0.331055,0.714844,0.23665268042,0.4631150292931045
train,healthy_0135.jpg,0,healthy,0.307617,0.55127,0.441406,0.790039,0.34872795483400004,0.5587141900589717
train,healthy_0136.jpg,0,healthy,0.524414,0.437012,0.660156,0.282227,0.186313847412,2.3390958342043815
train,healthy_0136.jpg,0,healthy,0.524902,0.738281,0.600586,0.408203,0.24516100695799997,1.4712924696780767
train,healthy_0136.jpg,0,healthy,0.586914,0.186523,0.521484,0.371094,0.19351958349599996,1.4052612006661385
train,healthy_0137.jpg,0,healthy,0.555664,0.48584,0.609375,0.327148,0.1993558125,1.8626890581632778
train,healthy_0137.jpg,0,healthy,0.570312,0.168945,0.619141,0.335938,0.20799298925800003,1.843021628991064
train,healthy_0137.jpg,0,healthy,0.618164,0.683594,0.554688,0.472656,0.26217661132799996,1.17355539758302
train,healthy_0138.jpg,0,healthy,0.227539,0.416016,0.298828,0.777344,0.232292152832,0.38442182611559356
train,healthy_0138.jpg,0,healthy,0.600586,0.449219,0.365234,0.705078,0.257518458252,0.5180051001449485
train,healthy_0139.jpg,0,healthy,0.414062,0.47998,0.152344,0.65332,0.09952938208,0.23318435070103471
train,healthy_0139.jpg,0,healthy,0.674805,0.437012,0.191406,0.555664,0.10635742358400001,0.3444635607129488
train,healthy_0139.jpg,1,unhealthy,0.541016,0.466309,0.140625,0.663086,0.09324646874999999,0.21207656322106033
train,healthy_0139.jpg,0,healthy,0.750488,0.388672,0.235352,0.503906,0.118595284912,0.46705536350033544
train,healthy_0140.jpg,0,healthy,0.348145,0.554199,0.239258,0.506836,0.121264567688,0.4720619687630713
train,healthy_0140.jpg,0,healthy,0.727539,0.561523,0.253906,0.560547,0.14232624658200002,0.45296112547208356
train,healthy_0140.jpg,0,healthy,0.81543,0.442383,0.369141,0.472656,0.174476708496,0.7809929420127958
train,healthy_0140.jpg,0,healthy,0.483887,0.630371,0.157227,0.579102,0.091050470154,0.2715013935368899
train,healthy_0141.jpg,0,healthy,0.141113,0.374512,0.280273,0.686523,0.192413860779,0.4082499785149223
train,healthy_0141.jpg,0,healthy,0.244141,0.564453,0.169922,0.822266,0.139721083252,0.20665088912833557
train,healthy_0141.jpg,0,healthy,0.394043,0.600586,0.163086,0.798828,0.130277663208,0.2041565894034761
train,healthy_0141.jpg,0,healthy,0.571777,0.586914,0.250977,0.820312,0.205879444824,0.3059531007714138
train,healthy_0142.jpg,0,healthy,0.118652,0.40918,0.235352,0.658203,0.154909392456,0.35756749817305605
train,healthy_0142.jpg,0,healthy,0.23584,0.583984,0.172852,0.794922,0.137403857544,0.21744523362040552
train,healthy_0142.jpg,0,healthy,0.38916,0.529297,0.15918,0.941406,0.14985300708,0.16908751378257628
train,healthy_0142.jpg,0,healthy,0.560059,0.548828,0.28418,0.902344,0.25642811792,0.31493532400060287
train,healthy_0143.jpg,0,healthy,0.25293,0.490723,0.318359,0.704102,0.224157208618,0.4521489784150592
train,healthy_0143.jpg,0,healthy,0.535645,0.554199,0.204102,0.858398,0.17520074859600002,0.2377708242563473
train,healthy_0143.jpg,0,healthy,0.726074,0.515625,0.274414,0.742188,0.203666777832,0.3697365088090888
train,healthy_0144.jpg,0,healthy,0.255371,0.477051,0.323242,0.776367,0.25095442181399996,0.41635206030137806
train,healthy_0144.jpg,0,healthy,0.527832,0.550293,0.211914,0.87207,0.18480384198,0.24300113522997005
train,healthy_0144.jpg,0,healthy,0.749023,0.511719,0.328125,0.744141,0.24417126562500002,0.4409446596814313
train,healthy_0145.jpg,0,healthy,0.519531,0.511719,0.333984,0.976562,0.32615608300800003,0.34199979110389306
train,healthy_0145.jpg,0,healthy,0.210449,0.518555,0.319336,0.962891,0.307485760376,0.33164293777800397
train,healthy_0146.jpg,0,healthy,0.138672,0.490723,0.275391,0.893555,0.246077005005,0.3081970331988518
train,healthy_0146.jpg,0,healthy,0.404297,0.45459,0.236328,0.854492,0.201940385376,0.276571342973369
train,healthy_0146.jpg,0,healthy,0.684082,0.52002,0.40918,0.913086,0.37361652947999996,0.4481286538179317
train,healthy_0147.jpg,0,healthy,0.180664,0.499023,0.353516,0.833984,0.294826687744,0.42388822807152177
train,healthy_0147.jpg,0,healthy,0.487305,0.506348,0.287109,0.932617,0.267762734253,0.30785306294009224
train,healthy_0147.jpg,0,healthy,0.777344,0.490234,0.445312,0.964844,0.429656611328,0.4615378237310902
train,healthy_0148.jpg,0,healthy,0.520508,0.574707,0.9375,0.360352,0.33783,2.6016228576502973
train,healthy_0149.jpg,0,healthy,0.491699,0.747559,0.80957,0.342773,0.27749873761,2.3618254646661203
train,healthy_0149.jpg,0,healthy,0.429199,0.410156,0.727539,0.400391,0.291300067749,1.8170713127917462
train,healthy_0150.jpg,0,healthy,0.553223,0.370605,0.858398,0.420898,0.361298001404,2.039444235895633
train,healthy_0150.jpg,0,healthy,0.54834,0.819336,0.90332,0.361328,0.32639480896,2.5
train,healthy_0153.jpg,0,healthy,0.221191,0.467773,0.426758,0.660156,0.281726854248,0.6464502329752362
train,healthy_0153.jpg,0,healthy,0.38916,0.378418,0.231445,0.754883,0.174713895935,0.30659718128504687
train,healthy_0154.jpg,0,healthy,0.32666,0.500977,0.282227,0.878906,0.248051003662,0.3211117002273281
train,healthy_0154.jpg,0,healthy,0.564453,0.519043,0.238281,0.868164,0.206866986084,0.2744654235835625
train,healthy_0154.jpg,0,healthy,0.832031,0.520996,0.277344,0.848633,0.23536327075199998,0.3268126504625674
train,healthy_0155.jpg,0,healthy,0.516602,0.229492,0.859375,0.439453,0.377654921875,1.9555561118026275
train,healthy_0155.jpg,0,healthy,0.452148,0.760742,0.878906,0.414062,0.363921576172,2.1226434688524907
train,healthy_0156.jpg,0,healthy,0.510254,0.28125,0.952148,0.392578,0.373792357544,2.425372792158501
train,healthy_0156.jpg,0,healthy,0.523926,0.654785,0.952148,0.583008,0.5551099011839999,1.633164553488117
train,healthy_0157.jpg,0,healthy,0.468262,0.222168,0.856445,0.438477,0.375531434265,1.9532267370922534
train,healthy_0157.jpg,0,healthy,0.505371,0.735352,0.854492,0.441406,0.377177895752,1.9358413795915779
train,healthy_0158.jpg,0,healthy,0.765137,0.480469,0.270508,0.736328,0.19918261462400003,0.36737432231288236
train,healthy_0158.jpg,0,healthy,0.48584,0.431641,0.290039,0.861328,0.249818711792,0.3367346701837163
train,healthy_0158.jpg,0,healthy,0.325195,0.422852,0.253906,0.757812,0.19241301367200003,0.3350514375597114
train,healthy_0159.jpg,0,healthy,0.495117,0.474609,0.982422,0.382812,0.376082930664,2.566330209084355
train,healthy_0159.jpg,0,healthy,0.501465,0.176758,0.99707,0.345703,0.34469009020999997,2.884180929873331
train,healthy_0160.jpg,0,healthy,0.481934,0.210938,0.961914,0.414062,0.398292034668,2.323115861875758
train,healthy_0160.jpg,0,healthy,0.40332,0.746094,0.798828,0.507812,0.405654444336,1.573078225800099
train,healthy_0161.jpg,0,healthy,0.458496,0.362305,0.90918,0.416016,0.37823342688,2.1854447905849774
train,healthy_0161.jpg,0,healthy,0.48291,0.709961,0.954102,0.306641,0.292566791382,3.111462589803712
train,healthy_0162.jpg,0,healthy,0.493652,0.271484,0.879883,0.392578,0.34542270837399996,2.24129472359633
train,healthy_0162.jpg,0,healthy,0.475586,0.578613,0.949219,0.387695,0.368007460205,2.4483653387327666
train,healthy_0163.jpg,0,healthy,0.468262,0.357422,0.93457,0.316406,0.29570355542000004,2.9537050498410267
train,healthy_0163.jpg,0,healthy,0.503418,0.646484,0.889648,0.310547,0.276277517456,2.864777312290893
train,healthy_0164.jpg,0,healthy,0.179688,0.410645,0.333984,0.579102,0.193410802368,0.5767274158956454
train,healthy_0164.jpg,0,healthy,0.415527,0.577637,0.239258,0.844727,0.202107692566,0.28323706949109
train,healthy_0164.jpg,0,healthy,0.595215,0.54834,0.211914,0.727539,0.154175699646,0.29127510690148567
train,healthy_0164.jpg,0,healthy,0.787598,0.547363,0.424805,0.739258,0.31404049469,0.5746370008846708
train,healthy_0165.jpg,0,healthy,0.475098,0.324707,0.776367,0.415039,0.322222583313,1.8705880652179676
train,healthy_0165.jpg,0,healthy,0.52002,0.681152,0.776367,0.375977,0.291896135559,2.0649321634036126
train,healthy_0166.jpg,0,healthy,0.527832,0.257812,0.811523,0.408203,0.331266123169,1.9880378145187567
train,healthy_0166.jpg,0,healthy,0.493652,0.666504,0.883789,0.518555,0.45829320489500003,1.7043303024751475
train,healthy_0167.jpg,0,healthy,0.516602,0.226562,0.75,0.382812,0.287109,1.9591862324065077
train,healthy_0167.jpg,0,healthy,0.428223,0.690918,0.848633,0.444336,0.37707819268799997,1.9098902632242265
train,healthy_0168.jpg,0,healthy,0.602051,0.213867,0.704102,0.386719,0.272289621338,1.8207070249974788
train,healthy_0168.jpg,0,healthy,0.494141,0.515137,0.734375,0.329102,0.24168428125,2.231451039495354
train,healthy_0169.jpg,0,healthy,0.289062,0.59375,0.324219,0.613281,0.19883735253899998,0.5286630435314318
train,healthy_0169.jpg,0,healthy,0.580566,0.575684,0.291992,0.713867,0.208443453064,0.4090285725492283
train,healthy_0170.jpg,0,healthy,0.385254,0.561035,0.34082,0.688477,0.23464673114,0.49503469251696136
train,healthy_0170.jpg,0,healthy,0.647461,0.491699,0.380859,0.625977,0.238408974243,0.6084233126776223
train,healthy_0171.jpg,0,healthy,0.408691,0.605957,0.319336,0.764648,0.244179633728,0.417624841757253
train,healthy_0171.jpg,0,healthy,0.6875,0.439453,0.398438,0.691406,0.275482423828,0.5762721179740992
train,healthy_0172.jpg,0,healthy,0.263672,0.504883,0.302734,0.707031,0.21404232275399998,0.4281764165927661
train,healthy_0172.jpg,0,healthy,0.587891,0.570312,0.455078,0.726562,0.33064238183600003,0.6263443450111621
train,healthy_0173.jpg,0,healthy,0.285645,0.548828,0.407227,0.789062,0.321327351074,0.5160899903936572
train,healthy_0173.jpg,0,healthy,0.681641,0.609375,0.496094,0.753906,0.37400824316399994,0.6580316378965017
train,healthy_0174.jpg,0,healthy,0.452637,0.546387,0.387695,0.862305,0.334311336975,0.44960309867158377
train,healthy_0175.jpg,0,healthy,0.54248,0.536133,0.463867,0.923828,0.428533322876,0.5021140298843507
train,healthy_0176.jpg,0,healthy,0.383789,0.563965,0.439453,0.756836,0.33259385070799996,0.5806449481789978
train,healthy_0177.jpg,0,healthy,0.582031,0.582031,0.4375,0.777344,0.340088,0.5628138893462868
train,healthy_0178.jpg,0,healthy,0.583984,0.541504,0.474609,0.69043,0.32768429187,0.6874107440290833
train,healthy_0179.jpg,0,healthy,0.458008,0.530762,0.537109,0.764648,0.41069932263199993,0.7024264759732582
train,healthy_0180.jpg,0,healthy,0.455078,0.515625,0.335938,0.808594,0.271637451172,0.4154594271043317
train,healthy_0181.jpg,0,healthy,0.520508,0.511719,0.414062,0.869141,0.359878260742,0.4764037135516561
train,healthy_0182.jpg,0,healthy,0.484863,0.284668,0.680664,0.313477,0.213372508728,2.1713363340851166
train,healthy_0182.jpg,0,healthy,0.449707,0.463379,0.856445,0.198242,0.16978336969,4.320199554080366
train,healthy_0182.jpg,0,healthy,0.503418,0.61377,0.743164,0.202148,0.150229116272,3.6763361497516676
train,healthy_0182.jpg,0,healthy,0.489746,0.776855,0.71582,0.170898,0.12233220636,4.188580322765627
train,healthy_0183.jpg,0,healthy,0.530273,0.437012,0.853516,0.44043,0.37591405188,1.937915219217583
train,healthy_0184.jpg,0,healthy,0.569336,0.589844,0.857422,0.457031,0.391868434082,1.876069675798797
train,healthy_0185.jpg,0,healthy,0.546387,0.458984,0.848633,0.478516,0.40608446862799996,1.7734683897717107
train,healthy_0186.jpg,0,healthy,0.58252,0.518066,0.823242,0.44043,0.36258047406,1.8691778489203734
train,healthy_0187.jpg,0,healthy,0.366211,0.562988,0.238281,0.834961,0.198955342041,0.28537979618209713
train,healthy_0187.jpg,0,healthy,0.583008,0.562012,0.265625,0.875977,0.232681390625,0.3032328474377752
train,healthy_0188.jpg,0,healthy,0.523438,0.57373,0.859375,0.420898,0.36170921875,2.0417654633664215
train,healthy_0189.jpg,0,healthy,0.541992,0.496582,0.861328,0.415039,0.357484711792,2.075294128985469
train,healthy_0190.jpg,0,healthy,0.518555,0.430176,0.876953,0.393555,0.345129237915,2.228285754214786
train,healthy_0191.jpg,0,healthy,0.547852,0.556641,0.886719,0.357422,0.31693287841800005,2.480874148765325
train,healthy_0192.jpg,0,healthy,0.425293,0.575684,0.235352,0.834961,0.196509741272,0.2818718479066687
train,healthy_0192.jpg,0,healthy,0.594238,0.522949,0.24707,0.780273,0.19278205011000002,0.3166455843019046
train,healthy_0192.jpg,0,healthy,0.758301,0.466797,0.31543,0.689453,0.21747415978999998,0.4575076183583217
train,healthy_0193.jpg,0,healthy,0.372559,0.476074,0.280273,0.741211,0.207741430603,0.37812849512487
train,healthy_0193.jpg,1,unhealthy,0.626953,0.550293,0.308594,0.850586,0.26248573608399994,0.36280164498357603
train,healthy_0193.jpg,0,healthy,0.861816,0.59668,0.276367,0.779297,0.215371973999,0.35463629399317587
train,healthy_0194.jpg,1,unhealthy,0.328125,0.499023,0.3125,0.96875,0.302734375,0.3225806451612903
train,healthy_0194.jpg,0,healthy,0.666016,0.493652,0.400391,0.907227,0.363245525757,0.44133496908711933
train,healthy_0198.jpg,0,healthy,0.266602,0.437012,0.457031,0.838867,0.38338822387700006,0.5448193813798851
train,healthy_0198.jpg,0,healthy,0.80957,0.585938,0.259766,0.773438,0.20091289550799998,0.33585885358619566
train,healthy_0200.jpg,0,healthy,0.312988,0.586914,0.364258,0.802734,0.29240228137200003,0.4537717350953118
train,healthy_0200.jpg,0,healthy,0.544434,0.601074,0.34082,0.797852,0.27192391864,0.4271719567037496
train,healthy_0200.jpg,0,healthy,0.729492,0.604492,0.228516,0.785156,0.179420708496,0.29104534640249835
train,healthy_0201.jpg,0,healthy,0.349609,0.557129,0.349609,0.885742,0.309663374878,0.3947074881850471
train,healthy_0201.jpg,0,healthy,0.64502,0.549805,0.329102,0.880859,0.289892458618,0.37361484641696346
train,healthy_0203.jpg,0,healthy,0.476562,0.498535,0.419922,0.975586,0.409670024292,0.4304305309834295
train,healthy_0204.jpg,0,healthy,0.328613,0.574707,0.354492,0.850586,0.301525932312,0.4167620910760346
train,healthy_0204.jpg,0,healthy,0.70752,0.55957,0.424805,0.880859,0.37419330749499996,0.48226220087437377
train,healthy_0205.jpg,0,healthy,0.521973,0.307129,0.895508,0.483398,0.43288677618399996,1.8525273170348242
train,healthy_0206.jpg,0,healthy,0.596191,0.226562,0.688477,0.417969,0.287762043213,1.6471963231722928
train,healthy_0206.jpg,0,healthy,0.546875,0.55127,0.710938,0.274414,0.19509134033199999,2.5907497430889093
train,healthy_0207.jpg,0,healthy,0.628906,0.686523,0.720703,0.558594,0.402580371582,1.2902089889973754
train,healthy_0208.jpg,0,healthy,0.507812,0.291504,0.943359,0.50293,0.47444354187,1.8757262442089355
train,healthy_0208.jpg,0,healthy,0.497559,0.738281,0.881836,0.458984,0.40474861462399997,1.9212783016401442
train,healthy_0209.jpg,0,healthy,0.520508,0.53125,0.738281,0.328125,0.24224845312499999,2.249999238095238
train,healthy_0209.jpg,0,healthy,0.431152,0.842285,0.782227,0.31543,0.24673786261,2.479875091145421
train,healthy_0209.jpg,0,healthy,0.500977,0.227539,0.771484,0.345703,0.266704333252,2.231638140253339
train,healthy_0210.jpg,0,healthy,0.69043,0.604492,0.277344,0.636719,0.17659019433599998,0.43558304369745515
train,healthy_0210.jpg,0,healthy,0.89502,0.605469,0.192383,0.623047,0.11986365100100001,0.30877766845839877
train,healthy_0210.jpg,0,healthy,0.400391,0.569336,0.443359,0.746094,0.33078748974600003,0.5942401359614203
train,healthy_0210.jpg,0,healthy,0.245117,0.611328,0.488281,0.777344,0.379562305664,0.6281401798946155
train,healthy_0211.jpg,0,healthy,0.206055,0.583496,0.410156,0.686523,0.28158152758800004,0.5974395613839595
train,healthy_0211.jpg,0,healthy,0.400391,0.605469,0.308594,0.697266,0.215172104004,0.4425771513310558
train,healthy_0211.jpg,0,healthy,0.614746,0.595703,0.237305,0.720703,0.171026425415,0.32926878339621174
train,healthy_0211.jpg,0,healthy,0.848145,0.595215,0.258789,0.758789,0.19636624652100002,0.3410552867793286
train,healthy_0212.jpg,0,healthy,0.14502,0.488281,0.288086,0.861328,0.248136538208,0.3344672412832278
train,healthy_0212.jpg,0,healthy,0.403809,0.482422,0.28418,0.787109,0.22368063561999998,0.36104275265560426
train,healthy_0212.jpg,0,healthy,0.614258,0.561523,0.535156,0.757812,0.405547638672,0.7061857030503607
train,healthy_0213.jpg,0,healthy,0.501953,0.470703,0.996094,0.537109,0.535011052246,1.8545472148111466
train,healthy_0214.jpg,0,healthy,0.522461,0.508301,0.412109,0.706055,0.290971619995,0.5836783253429265
train,healthy_0214.jpg,0,healthy,0.212891,0.500977,0.417969,0.716797,0.299598925293,0.5831065141176651
train,healthy_0215.jpg,0,healthy,0.424316,0.593262,0.288086,0.760742,0.219159119812,0.3786908045040237
train,healthy_0215.jpg,0,healthy,0.692871,0.614746,0.383789,0.764648,0.293463491272,0.5019159142507402
train,healthy_0216.jpg,0,healthy,0.396973,0.458984,0.436523,0.841797,0.367463751831,0.5185608881951349
train,healthy_0216.jpg,0,healthy,0.797852,0.518555,0.369141,0.896484,0.33092900024399996,0.41176529642469917
train,healthy_0217.jpg,0,healthy,0.450195,0.449219,0.466797,0.804688,0.375625944336,0.5800968822698984
train,healthy_0217.jpg,0,healthy,0.666016,0.481445,0.289062,0.916016,0.264785416992,0.31556435695446367
train,healthy_0217.jpg,0,healthy,0.87793,0.503906,0.232422,0.873047,0.20291532983399999,0.26621934443391937
train,healthy_0217.jpg,0,healthy,0.292969,0.638184,0.486328,0.723633,0.351922989624,0.672064430450242
train,healthy_0218.jpg,0,healthy,0.786133,0.456543,0.427734,0.651367,0.27861181237800003,0.6566712774825866
train,healthy_0218.jpg,0,healthy,0.319824,0.535645,0.55957,0.692383,0.38743675531,0.8081798657679349
train,healthy_0219.jpg,0,healthy,0.754883,0.55127,0.423828,0.737305,0.31249050353999996,0.574834023911407
train,healthy_0219.jpg,0,healthy,0.357422,0.521973,0.443359,0.727539,0.322560963501,0.609395510068876
train,healthy_0220.jpg,0,healthy,0.471191,0.480957,0.336914,0.838867,0.282626036438,0.40162981736079734
train,healthy_0220.jpg,0,healthy,0.795898,0.437988,0.408203,0.754883,0.308145505249,0.5407500235135776
train,healthy_0220.jpg,0,healthy,0.236328,0.583496,0.470703,0.706055,0.332342206665,0.6666661945599138
train,healthy_0221.jpg,0,healthy,0.205566,0.606934,0.405273,0.678711,0.27506324310299995,0.5971216025672194
train,healthy_0221.jpg,0,healthy,0.469727,0.52002,0.314453,0.77832,0.24474505895999998,0.40401505807379995
train,healthy_0221.jpg,0,healthy,0.77832,0.51416,0.443359,0.719727,0.319097442993,0.6160099593318022
train,healthy_0222.jpg,0,healthy,0.226562,0.539551,0.349609,0.782227,0.273473599243,0.4469405939708039
train,healthy_0222.jpg,0,healthy,0.533691,0.607422,0.561523,0.642578,0.36082232629399996,0.873859671510696
train,healthy_0223.jpg,0,healthy,0.397949,0.583008,0.463867,0.746094,0.346088385498,0.6217272890547303
train,healthy_0223.jpg,0,healthy,0.812988,0.588867,0.374023,0.814453,0.304624154419,0.4592321472202816
train,healthy_0224.jpg,0,healthy,0.61084,0.527344,0.750977,0.427734,0.321218396118,1.7557103246410153
train,healthy_0224.jpg,0,healthy,0.594727,0.82959,0.810547,0.34082,0.27625062854000004,2.3782260430725897
train,healthy_0224.jpg,0,healthy,0.669922,0.248047,0.660156,0.482422,0.318473777832,1.3684201798425444
train,healthy_0225.jpg,0,healthy,0.494141,0.538086,0.982422,0.398438,0.391434256836,2.4656834940442427
train,healthy_0225.jpg,0,healthy,0.493164,0.194336,0.951172,0.371094,0.352974222168,2.5631565048208813
train,healthy_0226.jpg,0,healthy,0.729004,0.538574,0.483398,0.780273,0.377182407654,0.6195241921737649
train,healthy_0226.jpg,0,healthy,0.296875,0.600586,0.591797,0.693359,0.410327776123,0.8535217686652947
train,healthy_0227.jpg,0,healthy,0.224121,0.538086,0.446289,0.730469,0.326000279541,0.6109622721840351
train,healthy_0227.jpg,0,healthy,0.618164,0.583984,0.332031,0.724609,0.240592650879,0.4582209163838705
train,healthy_0228.jpg,0,healthy,0.252441,0.705078,0.405273,0.589844,0.239047847412,0.6870850597785176
train,healthy_0228.jpg,0,healthy,0.534668,0.678223,0.286133,0.643555,0.184142322815,0.4446131255292866
train,healthy_0228.jpg,0,healthy,0.835449,0.645996,0.329102,0.522461,0.171942960022,0.6299073040858553
train,healthy_0229.jpg,0,healthy,0.476562,0.608398,0.361328,0.644531,0.23288709716799996,0.560606084113875
train,healthy_0229.jpg,0,healthy,0.766602,0.609375,0.320312,0.619141,0.19831829199200002,0.5173490368106779
train,healthy_0230.jpg,0,healthy,0.218262,0.605957,0.430664,0.69043,0.29734334551999997,0.6237620033891922
train,healthy_0230.jpg,0,healthy,0.478027,0.592773,0.331055,0.699219,0.231479946045,0.47346396479500696
train,healthy_0230.jpg,0,healthy,0.811035,0.598145,0.37793,0.69043,0.2609342099,0.547383514621323
train,healthy_0231.jpg,0,healthy,0.478516,0.622559,0.337891,0.635742,0.214811500122,0.53149076197577
train,healthy_0231.jpg,0,healthy,0.178223,0.653809,0.342773,0.50293,0.17239082489,0.6815521046666534
train,healthy_0232.jpg,0,healthy,0.29248,0.707031,0.411133,0.451172,0.185491697876,0.91125557437075
train,healthy_0233.jpg,0,healthy,0.543945,0.48584,0.375,0.625977,0.234741375,0.5990635438682251
train,healthy_0233.jpg,0,healthy,0.832031,0.54834,0.335938,0.666992,0.22406795849600003,0.503661213327896
train,healthy_0233.jpg,0,healthy,0.222656,0.488281,0.443359,0.6875,0.3048093125,0.6448858181818182
train,healthy_0234.jpg,0,healthy,0.265137,0.552734,0.397461,0.574219,0.22822965795900002,0.692176678236004
train,healthy_0234.jpg,0,healthy,0.700684,0.581055,0.581055,0.541016,0.31436005188000005,1.0740070533958328
train,healthy_0235.jpg,0,healthy,0.277832,0.475586,0.479492,0.666016,0.319349343872,0.719940662086196
train,healthy_0235.jpg,0,healthy,0.720703,0.461426,0.410156,0.713867,0.292796833252,0.5745552042607377
train,healthy_0236.jpg,0,healthy,0.368652,0.603027,0.274414,0.711914,0.195359168396,0.3854594796562506
train,healthy_0236.jpg,0,healthy,0.606934,0.570801,0.295898,0.850586,0.251686696228,0.3478754646796444
train,healthy_0236.jpg,0,healthy,0.139648,0.653809,0.271484,0.692383,0.187970906372,0.3921009036905875
train,healthy_0237.jpg,0,healthy,0.680176,0.55127,0.268555,0.838867,0.225281927185,0.3201401414050141
train,healthy_0237.jpg,0,healthy,0.441895,0.397461,0.329102,0.685547,0.22561488879400002,0.48005753070176077
train,healthy_0238.jpg,0,healthy,0.488281,0.56543,0.277344,0.697266,0.193382541504,0.39775924826393366
train,healthy_0238.jpg,0,healthy,0.195312,0.567383,0.351562,0.675781,0.23757891992199998,0.5202306664437147
train,healthy_0239.jpg,0,healthy,0.20459,0.480957,0.34082,0.879883,0.29988172406,0.387346954083668
train,healthy_0239.jpg,0,healthy,0.487793,0.496582,0.239258,0.844727,0.202107692566,0.28323706949109
train,healthy_0239.jpg,0,healthy,0.722168,0.52002,0.286133,0.913086,0.261264036438,0.31336916785494473
train,healthy_0240.jpg,0,healthy,0.277344,0.478516,0.447266,0.839844,0.375633666504,0.5325584275174913
train,healthy_0240.jpg,0,healthy,0.560059,0.480957,0.356445,0.825195,0.294136631775,0.43195244760329377
train,healthy_0240.jpg,0,healthy,0.859863,0.518066,0.280273,0.862305,0.241680809265,0.32502768741918464
train,healthy_0241.jpg,0,healthy,0.566895,0.529785,0.276367,0.65918,0.18217559905999997,0.4192587760550987
train,healthy_0241.jpg,0,healthy,0.785645,0.416016,0.411133,0.576172,0.23688332287600003,0.7135594926514999
train,healthy_0241.jpg,0,healthy,0.248047,0.524414,0.474609,0.617188,0.29292297949199997,0.7689861112011251
train,healthy_0242.jpg,0,healthy,0.301758,0.427246,0.433594,0.723633,0.313762927002,0.5991904736240609
train,healthy_0242.jpg,0,healthy,0.64502,0.399902,0.352539,0.797852,0.281273946228,0.44186014448795013
train,healthy_0243.jpg,0,healthy,0.437988,0.582031,0.469727,0.609375,0.286239890625,0.7708340512820513
train,healthy_0243.jpg,0,healthy,0.797852,0.577637,0.322266,0.737305,0.23760833313,0.43708641606933357
train,healthy_0244.jpg,0,healthy,0.582031,0.549805,0.333984,0.695312,0.23222308300800001,0.4803368847366362
train,healthy_0244.jpg,0,healthy,0.244629,0.608398,0.487305,0.623047,0.303613918335,0.7821320060926382
train,healthy_0245.jpg,0,healthy,0.256348,0.546875,0.477539,0.90625,0.43276971875,0.5269395862068965
train,healthy_0245.jpg,0,healthy,0.674316,0.556641,0.530273,0.869141,0.460882005493,0.610111592940616
train,healthy_0246.jpg,0,healthy,0.333496,0.532227,0.432617,0.935547,0.40473353649899996,0.4624214496973428
train,healthy_0246.jpg,0,healthy,0.734375,0.584473,0.498047,0.831055,0.413904449585,0.5992948721805417
train,healthy_0247.jpg,0,healthy,0.285645,0.586914,0.55957,0.613281,0.34317364917,0.9124202445534756
train,healthy_0247.jpg,0,healthy,0.689453,0.569824,0.353516,0.680664,0.240625614624,0.5193693217211428
train,healthy_0248.jpg,0,healthy,0.516113,0.443359,0.282227,0.851562,0.240333788574,0.3314227267069221
train,healthy_0249.jpg,0,healthy,0.455078,0.537598,0.546875,0.924805,0.505752734375,0.5913408772660182
train,healthy_0250.jpg,1,unhealthy,0.364258,0.360352,0.517578,0.699219,0.361900371582,0.7402230202554564
train,healthy_0250.jpg,0,healthy,0.76123,0.652344,0.47168,0.642578,0.30309119104,0.7340431823062725
train,healthy_0252.jpg,0,healthy,0.32666,0.518555,0.405273,0.847656,0.343532090088,0.4781102239587757
train,healthy_0252.jpg,1,unhealthy,0.685547,0.605957,0.416016,0.733398,0.305105302368,0.5672445248009949
train,healthy_0253.jpg,0,healthy,0.555664,0.503418,0.302734,0.87793,0.26577926062,0.3448270363240805
train,healthy_0253.jpg,0,healthy,0.354492,0.553223,0.349609,0.65918,0.23045526062,0.5303695500470281
train,healthy_0254.jpg,0,healthy,0.456543,0.552734,0.354492,0.753906,0.26725364575199995,0.47020716110496535
train,healthy_0254.jpg,0,healthy,0.176758,0.618652,0.351562,0.663086,0.23311584033199997,0.5301906540026482
train,healthy_0255.jpg,0,healthy,0.286621,0.541016,0.571289,0.765625,0.437393140625,0.7461733877551021
train,healthy_0255.jpg,0,healthy,0.780273,0.626953,0.361328,0.6875,0.248413,0.5255679999999999
train,healthy_0256.jpg,0,healthy,0.205566,0.583008,0.405273,0.808594,0.327701316162,0.501207033443236
train,healthy_0256.jpg,0,healthy,0.624512,0.58252,0.25293,0.639648,0.16178616863999998,0.3954206063334834
train,healthy_0257.jpg,0,healthy,0.853516,0.623047,0.292969,0.644531,0.18882760253899997,0.4545460187330012
train,healthy_0257.jpg,0,healthy,0.254395,0.623535,0.506836,0.75293,0.38161202947999995,0.6731515545933885
train,healthy_0258.jpg,0,healthy,0.814453,0.51709,0.371094,0.897461,0.33304239233399996,0.4134931768622815
train,healthy_0258.jpg,0,healthy,0.26123,0.486816,0.514648,0.922852,0.474943936096,0.5576712192204167
train,healthy_0258.jpg,0,healthy,0.508301,0.519043,0.397461,0.961914,0.38232330035400003,0.4131980613651532
train,healthy_0259.jpg,0,healthy,0.468262,0.5625,0.329102,0.875,0.28796425000000003,0.3761165714285714
train,healthy_0259.jpg,0,healthy,0.688477,0.583984,0.199219,0.832031,0.165756383789,0.23943699213130282
train,healthy_0259.jpg,1,unhealthy,0.833984,0.502441,0.285156,0.72168,0.20579138208,0.3951280345859661
train,healthy_0260.jpg,1,unhealthy,0.657715,0.621094,0.18457,0.748047,0.13806703479000001,0.24673583344362054
train,healthy_0260.jpg,0,healthy,0.773438,0.59668,0.271484,0.667969,0.181342895996,0.4064320350195892
train,healthy_0260.jpg,0,healthy,0.263672,0.42041,0.525391,0.393555,0.20677025500500001,1.3349874858660165
train,healthy_0261.jpg,0,healthy,0.560547,0.58252,0.212891,0.834961,0.177755682251,0.2549711902711624
train,healthy_0261.jpg,0,healthy,0.734863,0.581055,0.333008,0.837891,0.27902440612800006,0.39743594333869203
train,healthy_0261.jpg,0,healthy,0.391113,0.587891,0.235352,0.824219,0.193981590088,0.28554546789142204
train,healthy_0262.jpg,0,healthy,0.595703,0.504883,0.412109,0.990234,0.408084343506,0.41617334892560753
train,healthy_0262.jpg,0,healthy,0.225586,0.484863,0.449219,0.950195,0.426845647705,0.4727650640131762
train,healthy_0263.jpg,0,healthy,0.324219,0.500488,0.392578,0.999023,0.392194451294,0.39296192379955214
train,healthy_0263.jpg,0,healthy,0.732422,0.499023,0.480469,0.988281,0.47483838378899995,0.4861663838523659
train,healthy_0264.jpg,0,healthy,0.660156,0.618652,0.324219,0.723633,0.23461556762699998,0.4480434142721518
train,healthy_0264.jpg,0,healthy,0.814941,0.537598,0.370117,0.53418,0.19770909905999998,0.6928694447564491
train,healthy_0264.jpg,0,healthy,0.202637,0.488281,0.40332,0.808594,0.32612213208,0.49879172984217046
train,healthy_0265.jpg,0,healthy,0.240723,0.569824,0.360352,0.793945,0.28609966864,0.45387526843799003
train,healthy_0265.jpg,0,healthy,0.591309,0.53418,0.481445,0.732422,0.35262090979,0.6573327944818698
train,healthy_0266.jpg,0,healthy,0.175781,0.601562,0.349609,0.796875,0.278594671875,0.43872501960784316
train,healthy_0266.jpg,0,healthy,0.43457,0.596191,0.324219,0.719727,0.23334916821299997,0.4504749717601257
train,healthy_0266.jpg,0,healthy,0.717773,0.573242,0.564453,0.714844,0.40349584033200003,0.7896170353251898
train,healthy_0267.jpg,0,healthy,0.572754,0.746582,0.854492,0.432617,0.369667765564,1.9751697228726566
train,healthy_0267.jpg,0,healthy,0.574707,0.391602,0.850586,0.363281,0.309001732666,2.341399632791145
train,healthy_0268.jpg,0,healthy,0.57959,0.400879,0.84082,0.387695,0.3259817099,2.168766685151988
train,healthy_0268.jpg,0,healthy,0.577148,0.739258,0.845703,0.414062,0.350173475586,2.042454994662635
train,healthy_0269.jpg,0,healthy,0.539062,0.489258,0.363281,0.835938,0.303680392578,0.43457888025188474
train,healthy_0269.jpg,0,healthy,0.817383,0.622559,0.355469,0.754883,0.268337505127,0.47089284034744455
train,healthy_0269.jpg,0,healthy,0.215332,0.583008,0.424805,0.722656,0.30698788208,0.5878384736306072
train,healthy_0270.jpg,0,healthy,0.527344,0.529297,0.392578,0.814453,0.31973632983399997,0.4820143089902057
train,healthy_0270.jpg,0,healthy,0.77002,0.512207,0.459961,0.74707,0.34362306427,0.6156866157120484
train,healthy_0271.jpg,0,healthy,0.528809,0.514648,0.418945,0.8125,0.34039281250000003,0.5156246153846153
train,healthy_0271.jpg,0,healthy,0.766113,0.514648,0.454102,0.724609,0.32904639611799996,0.6266855642146316
train,healthy_0271.jpg,0,healthy,0.241211,0.475586,0.480469,0.681641,0.327507369629,0.7048710391540414
train,healthy_0272.jpg,0,healthy,0.539551,0.524902,0.37793,0.852539,0.32220006427000003,0.4432993681227486
train,healthy_0272.jpg,0,healthy,0.729004,0.380371,0.541992,0.645508,0.349860171936,0.8396363794097053
train,healthy_0272.jpg,0,healthy,0.225586,0.507812,0.449219,0.804688,0.361481138672,0.5582523909888056
train,healthy_0273.jpg,0,healthy,0.227539,0.525391,0.447266,0.767578,0.343311541748,0.5826977844596901
train,healthy_0273.jpg,0,healthy,0.553223,0.538574,0.350586,0.811523,0.28450860247800003,0.4320099368717831
train,healthy_0273.jpg,0,healthy,0.794434,0.418457,0.411133,0.741211,0.304736302063,0.5546774130443288
train,healthy_0274.jpg,0,healthy,0.685059,0.460938,0.629883,0.882812,0.556068270996,0.7134961917146572
train,healthy_0274.jpg,0,healthy,0.354492,0.536133,0.478516,0.927734,0.443935562744,0.5157900863825191
train,healthy_0275.jpg,0,healthy,0.700684,0.453125,0.598633,0.798828,0.47820480212399996,0.7493891050388819
train,healthy_0275.jpg,0,healthy,0.321289,0.557129,0.449219,0.885742,0.397892135498,0.5071668725204405
train,healthy_0276.jpg,0,healthy,0.520996,0.483887,0.374023,0.831055,0.31083368426499997,0.4500580587325749
train,healthy_0276.jpg,0,healthy,0.210449,0.506348,0.418945,0.956055,0.40053446197500003,0.43820177709441405
train,healthy_0277.jpg,0,healthy,0.207031,0.524902,0.408203,0.899414,0.367143493042,0.4538543985305988
train,healthy_0277.jpg,0,healthy,0.529785,0.478027,0.370117,0.856445,0.316984854065,0.4321550128729807
train,healthy_0278.jpg,0,healthy,0.558105,0.481934,0.352539,0.956055,0.33704667364499996,0.368743430032791
train,healthy_0278.jpg,0,healthy,0.218262,0.445801,0.430664,0.889648,0.383139366272,0.4840835926119094
train,healthy_0278.jpg,0,healthy,0.799316,0.395996,0.401367,0.772461,0.31004035418699993,0.5195951640276985
train,healthy_0279.jpg,0,healthy,0.572266,0.471191,0.351562,0.90332,0.31757298584,0.38918877031395294
train,healthy_0279.jpg,0,healthy,0.804688,0.429199,0.390625,0.805664,0.3147125,0.48484852246097626
train,healthy_0279.jpg,0,healthy,0.242676,0.407227,0.483398,0.712891,0.344610083618,0.6780812213928917
train,healthy_0280.jpg,0,healthy,0.279785,0.509766,0.510742,0.875,0.44689925,0.5837051428571429
train,healthy_0280.jpg,0,healthy,0.708984,0.513672,0.373047,0.947266,0.35337473950200005,0.3938144090466669
train,healthy_0281.jpg,0,healthy,0.737793,0.486816,0.424805,0.93457,0.39701000885,0.4545459409140032
train,healthy_0281.jpg,0,healthy,0.307129,0.486816,0.540039,0.907227,0.48993796185300004,0.5952633684844036
train,healthy_0282.jpg,0,healthy,0.475586,0.551758,0.683594,0.339844,0.232315319336,2.0114935087863848
train,healthy_0282.jpg,0,healthy,0.489746,0.26416,0.616211,0.387695,0.23890192364499999,1.5894220972671815
train,healthy_0283.jpg,0,healthy,0.577148,0.397461,0.298828,0.59375,0.177429125,0.5032892631578947
train,healthy_0283.jpg,0,healthy,0.801758,0.430176,0.28125,0.500977,0.14089978125,0.5614030185018474
train,healthy_0283.jpg,0,healthy,0.212891,0.59375,0.423828,0.613281,0.25992565966799996,0.691082880441429
train,healthy_0284.jpg,0,healthy,0.546387,0.503418,0.329102,0.655273,0.215651654846,0.5022364724321008
train,healthy_0284.jpg,0,healthy,0.802734,0.458496,0.394531,0.612305,0.241573303955,0.6443373808804436
train,healthy_0284.jpg,0,healthy,0.25293,0.479492,0.464844,0.589844,0.274185444336,0.7880795600192593
train,healthy_0285.jpg,0,healthy,0.542969,0.499512,0.640625,0.99707,0.6387479687500001,0.6425075471130413
train,healthy_0286.jpg,0,healthy,0.524414,0.500488,0.599609,0.999023,0.599023182007,0.6001953908969062
train,healthy_0287.jpg,1,unhealthy,0.454102,0.640137,0.300781,0.719727,0.21648020678700003,0.4179098463723051
train,healthy_0287.jpg,1,unhealthy,0.67334,0.615234,0.411133,0.697266,0.28666906237800005,0.5896358061342443
train,healthy_0287.jpg,0,healthy,0.164062,0.61084,0.287109,0.717773,0.206079088257,0.39999972136037437
train,healthy_0287.jpg,0,healthy,0.680176,0.626953,0.405273,0.611328,0.247754732544,0.6629387170226131
train,healthy_0288.jpg,0,healthy,0.678711,0.645996,0.421875,0.62207,0.26243578125,0.6781793045798704
train,healthy_0288.jpg,1,unhealthy,0.433105,0.665527,0.286133,0.651367,0.18637759381100003,0.4392807741258001
train,healthy_0288.jpg,0,healthy,0.171387,0.584961,0.282227,0.703125,0.198440859375,0.4013895111111111
train,healthy_0289.jpg,0,healthy,0.463867,0.445312,0.421875,0.773438,0.32629415624999997,0.5454541928376936
train,healthy_0289.jpg,0,healthy,0.780273,0.46582,0.316406,0.771484,0.244102166504,0.4101264575804554
train,healthy_0290.jpg,0,healthy,0.468262,0.434082,0.424805,0.801758,0.34059080718999996,0.5298419223755797
train,healthy_0290.jpg,0,healthy,0.812012,0.472168,0.288086,0.774414,0.223097831604,0.37200515486548535
train,healthy_0290.jpg,0,healthy,0.263672,0.475586,0.525391,0.693359,0.364284578369,0.7577474295422719
train,healthy_0291.jpg,0,healthy,0.448242,0.621582,0.578125,0.407227,0.235428109375,1.419662743383911
train,healthy_0291.jpg,0,healthy,0.447754,0.297852,0.551758,0.287109,0.158414687622,1.9217718706135996
train,healthy_0292.jpg,0,healthy,0.399414,0.608398,0.703125,0.394531,0.277404609375,1.7821793471235465
train,healthy_0292.jpg,0,healthy,0.553223,0.781738,0.360352,0.436523,0.157301936096,0.8255051852937875
train,healthy_0292.jpg,0,healthy,0.476074,0.274902,0.602539,0.24707,0.14886931073,2.4387380094710003
train,healthy_0293.jpg,0,healthy,0.421875,0.213379,0.828125,0.420898,0.34855615624999997,1.9675194465167334
train,healthy_0293.jpg,0,healthy,0.410156,0.540527,0.814453,0.366211,0.298261647583,2.223999279104123
train,healthy_0294.jpg,0,healthy,0.40332,0.546875,0.798828,0.376953,0.30112061108399996,2.119171355580139
train,healthy_0294.jpg,0,healthy,0.412598,0.212891,0.813477,0.412109,0.335241192993,1.973936507089144
train,healthy_0295.jpg,0,healthy,0.367676,0.510742,0.479492,0.978516,0.469190593872,0.4900195806711387
train,healthy_0295.jpg,0,healthy,0.735352,0.484375,0.529297,0.794922,0.420749829834,0.6658477183924963
train,healthy_0296.jpg,0,healthy,0.340332,0.59082,0.456055,0.818359,0.373216713745,0.5572798735029492
train,healthy_0296.jpg,0,healthy,0.720215,0.514648,0.55957,0.820312,0.45902198584000004,0.6821428919728103
train,healthy_0297.jpg,0,healthy,0.435059,0.312988,0.868164,0.500977,0.43493019622800005,1.7329418316609346
train,healthy_0297.jpg,0,healthy,0.446289,0.697754,0.884766,0.356445,0.31537041687,2.4821950090476794
train,healthy_0298.jpg,0,healthy,0.422852,0.720703,0.769531,0.546875,0.42083726562499996,1.4071424
train,healthy_0298.jpg,0,healthy,0.457031,0.482422,0.804688,0.291016,0.234177083008,2.765098826181378
train,healthy_0298.jpg,0,healthy,0.492188,0.236816,0.775391,0.290039,0.224893630249,2.6734025424167096
train,healthy_0299.jpg,0,healthy,0.492676,0.23584,0.983398,0.463867,0.45616588006599995,2.1199999137683863
train,healthy_0299.jpg,0,healthy,0.497559,0.706543,0.926758,0.487305,0.45161380719,1.9018027723910076
train,healthy_0300.jpg,0,healthy,0.498535,0.210938,0.975586,0.378906,0.369655388916,2.5747441317899424
train,healthy_0300.jpg,0,healthy,0.513672,0.667969,0.945312,0.521484,0.49296508300799996,1.8127344271348693
train,healthy_0301.jpg,0,healthy,0.483887,0.382812,0.291992,0.710938,0.20758820849599996,0.41071373312440745
train,healthy_0301.jpg,0,healthy,0.238281,0.409668,0.394531,0.696289,0.27470759545900003,0.5666196076629101
train,healthy_0301.jpg,0,healthy,0.716797,0.440918,0.332031,0.666992,0.22146202075200003,0.4978035718569338
train,healthy_0302.jpg,0,healthy,0.233887,0.41748,0.37207,0.661133,0.24598775531,0.5627763248847055
train,healthy_0302.jpg,0,healthy,0.48877,0.376465,0.276367,0.713867,0.197289281189,0.38714074190290343
train,healthy_0302.jpg,0,healthy,0.746582,0.446777,0.293945,0.682617,0.20065185406500002,0.4306148250043582
train,healthy_0303.jpg,0,healthy,0.239258,0.395996,0.283203,0.692383,0.19608494274899999,0.40902650700551574
train,healthy_0303.jpg,0,healthy,0.456543,0.397461,0.25293,0.740234,0.18722738561999996,0.3416892496156621
train,healthy_0303.jpg,0,healthy,0.644043,0.407227,0.323242,0.697266,0.225385656372,0.46358491594312634
train,healthy_0304.jpg,0,healthy,0.245117,0.394531,0.283203,0.660156,0.18695815966799997,0.42899405595041173
train,healthy_0304.jpg,0,healthy,0.456543,0.384766,0.24707,0.654297,0.16165715979,0.3776113905458836
train,healthy_0304.jpg,0,healthy,0.648926,0.427246,0.352539,0.723633,0.25510885418699997,0.4871792745770301
train,healthy_0305.jpg,0,healthy,0.282227,0.592285,0.310547,0.764648,0.237459142456,0.4061306640441092
train,healthy_0305.jpg,0,healthy,0.505371,0.574707,0.290039,0.786133,0.22800922918699998,0.36894393187921126
train,healthy_0305.jpg,0,healthy,0.745605,0.603516,0.50293,0.755859,0.38014416686999997,0.6653754205480122
train,healthy_0306.jpg,0,healthy,0.286621,0.595703,0.30957,0.767578,0.23761912146,0.4033075465946132
train,healthy_0306.jpg,0,healthy,0.503418,0.577148,0.280273,0.845703,0.237027716919,0.33140830764464596
train,healthy_0306.jpg,0,healthy,0.753906,0.616211,0.480469,0.767578,0.368797434082,0.6259546261096592
train,healthy_0307.jpg,0,healthy,0.309082,0.491699,0.383789,0.813477,0.312203524353,0.4717883849205325
train,healthy_0307.jpg,0,healthy,0.663086,0.487305,0.517578,0.958984,0.49634902075199994,0.5397149483203056
train,healthy_0308.jpg,0,healthy,0.291992,0.520508,0.419922,0.912109,0.38301463549799997,0.4603857652977879
train,healthy_0308.jpg,0,healthy,0.655273,0.501953,0.541016,0.996094,0.5389027915040001,0.5431374950556875
train,healthy_0309.jpg,0,healthy,0.46582,0.537109,0.5,0.925781,0.4628905,0.5400845340312665
train,healthy_0310.jpg,0,healthy,0.471191,0.55957,0.538086,0.880859,0.4739778958739999,0.6108650760223827
train,healthy_0311.jpg,0,healthy,0.303223,0.537109,0.40918,0.917969,0.37561455542,0.44574489988224
train,healthy_0311.jpg,0,healthy,0.462891,0.54248,0.240234,0.915039,0.219823479126,0.2625396294584165
train,healthy_0311.jpg,0,healthy,0.73584,0.503906,0.368164,0.867188,0.319267402832,0.4245492326923343
train,healthy_0312.jpg,0,healthy,0.293945,0.523438,0.394531,0.832031,0.328262022461,0.47417824576247763
train,healthy_0312.jpg,0,healthy,0.468262,0.539062,0.268555,0.863281,0.23183842895499998,0.31108642493000543
train,healthy_0312.jpg,0,healthy,0.712402,0.493652,0.366211,0.836914,0.30648711285400004,0.4375730361781497
train,healthy_0313.jpg,0,healthy,0.521973,0.430664,0.37793,0.851562,0.32183082666,0.4438079670065127
train,healthy_0313.jpg,0,healthy,0.246582,0.631348,0.491211,0.624023,0.306526961853,0.787168101175758
train,healthy_0313.jpg,0,healthy,0.729004,0.476562,0.233398,0.839844,0.196017909912,0.27790637308833543
train,healthy_0314.jpg,0,healthy,0.540039,0.437988,0.359375,0.842773,0.302871546875,0.4264196883383782
train,healthy_0314.jpg,0,healthy,0.242676,0.626465,0.483398,0.612305,0.29598701238999997,0.7894725667763615
train,healthy_0314.jpg,0,healthy,0.716797,0.463867,0.279297,0.857422,0.23947539233400003,0.32574041720413055
train,healthy_0315.jpg,0,healthy,0.328125,0.505371,0.339844,0.90918,0.30897936791999997,0.37379176840669615
train,healthy_0315.jpg,0,healthy,0.61377,0.5,0.178711,0.884766,0.158117416626,0.20198673999679012
train,healthy_0315.jpg,0,healthy,0.836914,0.539551,0.298828,0.889648,0.26585173254399996,0.3358946459723396
train,healthy_0315.jpg,0,healthy,0.484863,0.492188,0.254883,0.839844,0.21406195825200003,0.30348850500807295
train,healthy_0316.jpg,0,healthy,0.319336,0.488281,0.255859,0.876953,0.224376317627,0.2917590794489556
train,healthy_0316.jpg,0,healthy,0.60498,0.497559,0.15918,0.905273,0.14410135614,0.1758364603826691
train,healthy_0316.jpg,0,healthy,0.818359,0.550293,0.304688,0.801758,0.244286041504,0.38002489529259453
train,healthy_0316.jpg,0,healthy,0.469238,0.501953,0.219727,0.863281,0.189686144287,0.25452546737389103
train,healthy_0317.jpg,0,healthy,0.47168,0.57666,0.310547,0.821289,0.255048835083,0.3781214651602542
train,healthy_0317.jpg,0,healthy,0.803711,0.609375,0.392578,0.767578,0.301334236084,0.5114503021191331
train,healthy_0317.jpg,0,healthy,0.17334,0.596191,0.331055,0.807617,0.267365645935,0.4099158388196385
train,healthy_0318.jpg,0,healthy,0.186035,0.594238,0.342773,0.811523,0.278168173279,0.4223823600809835
train,healthy_0318.jpg,0,healthy,0.458008,0.583008,0.349609,0.833984,0.291568312256,0.4192034859181951
train,healthy_0318.jpg,0,healthy,0.809082,0.602539,0.344727,0.794922,0.27403107629400003,0.4336614158370255
train,healthy_0319.jpg,0,healthy,0.498047,0.48877,0.970703,0.381836,0.370649350708,2.542198745010947
train,healthy_0319.jpg,0,healthy,0.50293,0.179688,0.994141,0.339844,0.337852854004,2.92528630783536
train,healthy_0320.jpg,0,healthy,0.463867,0.485352,0.925781,0.376953,0.348975925293,2.455958700421538
train,healthy_0320.jpg,0,healthy,0.480469,0.182129,0.958984,0.358398,0.34369794763199996,2.675751538792069
train,healthy_0321.jpg,0,healthy,0.664062,0.540527,0.488281,0.84668,0.41341775708,0.5767007606179431
train,healthy_0321.jpg,0,healthy,0.250488,0.459961,0.442383,0.779297,0.344747744751,0.5676693224791062
train,healthy_0322.jpg,0,healthy,0.65918,0.510254,0.474609,0.844727,0.400915036743,0.5618489760597211
train,healthy_0322.jpg,0,healthy,0.239746,0.477539,0.438477,0.771484,0.338277989868,0.5683552737321838
train,healthy_0323.jpg,0,healthy,0.532227,0.512695,0.935547,0.591797,0.553653907959,1.58085796311911
train,healthy_0324.jpg,0,healthy,0.550781,0.508301,0.876953,0.602539,0.528398383667,1.455429441081822
train,healthy_0325.jpg,1,unhealthy,0.440918,0.509277,0.155273,0.344727,0.053526795471,0.4504230884148906
train,healthy_0325.jpg,0,healthy,0.234375,0.553223,0.394531,0.323242,0.127528989502,1.2205437412217472
train,healthy_0325.jpg,0,healthy,0.322266,0.169922,0.179688,0.212891,0.038253958007999994,0.8440375591265014
train,healthy_0325.jpg,0,healthy,0.422363,0.195801,0.104492,0.155273,0.016224786316,0.6729566634250643
train,healthy_0325.jpg,0,healthy,0.512207,0.188965,0.094727,0.186523,0.017668764221,0.507856939894812
train,healthy_0325.jpg,0,healthy,0.598633,0.211426,0.111328,0.192383,0.021417614624,0.578678989307787
train,healthy_0325.jpg,0,healthy,0.949219,0.256348,0.101562,0.235352,0.023902819824,0.43153234304361127
train,healthy_0325.jpg,0,healthy,0.785156,0.567383,0.246094,0.316406,0.077865618164,0.7777791824428107
train,healthy_0326.jpg,0,healthy,0.219238,0.555176,0.348633,0.327148,0.11405458868400001,1.065673640065047
train,healthy_0326.jpg,1,unhealthy,0.449707,0.516602,0.157227,0.339844,0.053432652588,0.46264462518096544
train,healthy_0326.jpg,0,healthy,0.313965,0.160156,0.188477,0.210938,0.039756961426,0.893518474622875
train,healthy_0326.jpg,0,healthy,0.418945,0.203125,0.089844,0.171875,0.015441937499999999,0.5227287272727272
train,healthy_0326.jpg,0,healthy,0.503906,0.192871,0.091797,0.188477,0.017301623169,0.487046164784032
train,healthy_0326.jpg,1,unhealthy,0.577148,0.509277,0.171875,0.297852,0.051193312500000004,0.5770483327290064
train,healthy_0326.jpg,0,healthy,0.602051,0.225098,0.131836,0.21582,0.028452845520000002,0.6108609026040219
train,healthy_0327.jpg,0,healthy,0.591797,0.609863,0.251953,0.713867,0.179860932251,0.35294109406934343
train,healthy_0327.jpg,1,unhealthy,0.600586,0.168945,0.255859,0.322266,0.082454656494,0.7939373064487101
train,healthy_0328.jpg,0,healthy,0.59082,0.599609,0.267578,0.638672,0.170894576416,0.4189599669313826
train,healthy_0328.jpg,0,healthy,0.830566,0.26123,0.321289,0.272461,0.087538722229,1.1792109696433617
train,healthy_0329.jpg,0,healthy,0.287598,0.629883,0.407227,0.585938,0.238609773926,0.695000153599869
train,healthy_0329.jpg,0,healthy,0.62793,0.628906,0.287109,0.650391,0.18673310961900003,0.441440610340549
train,healthy_0330.jpg,0,healthy,0.299316,0.54248,0.551758,0.694336,0.38310544268799995,0.7946556134205918
train,healthy_0330.jpg,0,healthy,0.736328,0.544922,0.314453,0.75,0.23583975,0.4192706666666666
train,healthy_0331.jpg,0,healthy,0.441895,0.622559,0.336914,0.737305,0.24840837677,0.45695336394029606
train,healthy_0331.jpg,0,healthy,0.157227,0.609375,0.3125,0.78125,0.244140625,0.4
train,healthy_0331.jpg,0,healthy,0.734863,0.617676,0.499023,0.764648,0.381576938904,0.6526179366192025
train,healthy_0332.jpg,0,healthy,0.610352,0.532715,0.761719,0.290039,0.220928217041,2.6262640541444426
train,healthy_0332.jpg,0,healthy,0.560547,0.233887,0.824219,0.461914,0.38071829516600003,1.784355962365289
train,healthy_0332.jpg,0,healthy,0.570312,0.783203,0.855469,0.433594,0.370926225586,1.9729724119798708
train,healthy_0333.jpg,0,healthy,0.192383,0.543457,0.382812,0.709961,0.27178159033199994,0.5392014490936826
train,healthy_0333.jpg,0,healthy,0.478027,0.520996,0.295898,0.743164,0.21990074127200002,0.39815976016061055
train,healthy_0333.jpg,0,healthy,0.816406,0.492676,0.359375,0.72168,0.25935375,0.49797001441081923
train,healthy_0334.jpg,0,healthy,0.197266,0.555664,0.388672,0.787109,0.305927229248,0.49379692012160964
train,healthy_0334.jpg,0,healthy,0.475586,0.54248,0.367188,0.799805,0.29367879834,0.4590969048705622
train,healthy_0334.jpg,0,healthy,0.820312,0.511719,0.355469,0.767578,0.27285018408199996,0.4631047268160369
train,healthy_0335.jpg,0,healthy,0.554199,0.496582,0.436523,0.825195,0.360216596985,0.5289937529917171
train,healthy_0335.jpg,0,healthy,0.265137,0.570801,0.52832,0.833008,0.44009478656,0.6342316040182088
train,healthy_0335.jpg,0,healthy,0.86084,0.583008,0.27832,0.796875,0.22178625000000002,0.3492643137254902
train,healthy_0336.jpg,0,healthy,0.553223,0.528809,0.479492,0.868164,0.416277692688,0.5523057855428236
train,healthy_0336.jpg,0,healthy,0.879883,0.570801,0.240234,0.80957,0.19448623938,0.29674271526859936
train,healthy_0336.jpg,0,healthy,0.259766,0.541016,0.517578,0.791016,0.409412479248,0.6543205194332352
train,healthy_0337.jpg,0,healthy,0.345703,0.528809,0.595703,0.708008,0.421762489624,0.8413789109727574
train,healthy_0337.jpg,0,healthy,0.564941,0.478516,0.356445,0.853516,0.30423151062000003,0.4176195876820118
train,healthy_0337.jpg,0,healthy,0.806152,0.461914,0.27832,0.921875,0.25657625,0.3019064406779661
train,healthy_0337.jpg,0,healthy,0.293457,0.726074,0.584961,0.547852,0.320472053772,1.0677354467995006
train,healthy_0338.jpg,0,healthy,0.338867,0.513672,0.589844,0.683594,0.40321381933600003,0.8628571930122265
train,healthy_0338.jpg,0,healthy,0.529785,0.443848,0.411133,0.791992,0.32561404693600005,0.519112566793604
train,healthy_0338.jpg,0,healthy,0.826172,0.423828,0.292969,0.841797,0.246620425293,0.3480280875317921
train,healthy_0338.jpg,0,healthy,0.300781,0.722656,0.595703,0.554688,0.330429305664,1.0739424685589016
train,healthy_0339.jpg,0,healthy,0.270996,0.557617,0.467773,0.884766,0.41386964611800003,0.5286968531792586
train,healthy_0339.jpg,0,healthy,0.678223,0.530762,0.432617,0.938477,0.406001104309,0.46097773307177475
train,healthy_0340.jpg,0,healthy,0.277344,0.556152,0.494141,0.887695,0.438646494995,0.5566562839714091
train,healthy_0340.jpg,0,healthy,0.669434,0.528809,0.485352,0.942383,0.457387473816,0.5150262685129082
train,healthy_0344.jpg,0,healthy,0.716309,0.564453,0.219727,0.742188,0.163078742676,0.29605302160638547
train,healthy_0344.jpg,1,unhealthy,0.29834,0.508301,0.530273,0.538086,0.28533247747799995,0.985480016205588
train,healthy_0345.jpg,0,healthy,0.550781,0.480469,0.337891,0.945312,0.319412416992,0.35743860228157476
train,healthy_0345.jpg,0,healthy,0.818848,0.518066,0.362305,0.928711,0.33647663885499995,0.390115977952237
train,healthy_0345.jpg,0,healthy,0.275879,0.539551,0.329102,0.874023,0.287642717346,0.37653700188667805
train,healthy_0346.jpg,0,healthy,0.29248,0.549805,0.364258,0.789062,0.287422145996,0.4616341935107761
train,healthy_0346.jpg,0,healthy,0.591797,0.531738,0.367188,0.936523,0.34388000732400004,0.39207579525542885
train,healthy_0347.jpg,0,healthy,0.596191,0.540527,0.530273,0.87793,0.46554257489,0.6040037360609616
train,healthy_0348.jpg,0,healthy,0.337891,0.479004,0.419922,0.760742,0.319452302124,0.5519900307857328
train,healthy_0349.jpg,0,healthy,0.462891,0.550781,0.285156,0.597656,0.170425194336,0.47712396428714854
train,healthy_0349.jpg,0,healthy,0.69873,0.55957,0.34668,0.566406,0.19636163208,0.61206978739632
train,healthy_0349.jpg,0,healthy,0.175781,0.551758,0.349609,0.558594,0.19528948974600002,0.6258731744343834
train,healthy_0350.jpg,0,healthy,0.460449,0.563477,0.245117,0.609375,0.149368171875,0.40224328205128207
train,healthy_0350.jpg,0,healthy,0.691895,0.558594,0.338867,0.5625,0.1906126875,0.6024302222222222
train,healthy_0350.jpg,0,healthy,0.182129,0.556152,0.348633,0.606445,0.21142673968500003,0.5748798324662583
train,healthy_0351.jpg,0,healthy,0.287109,0.544434,0.474609,0.879883,0.417600390747,0.5394001247893186
train,healthy_0351.jpg,0,healthy,0.727539,0.562012,0.464844,0.875977,0.40719265258799997,0.5306577684117276
train,healthy_0413.jpg,0,healthy,0.80127,0.580078,0.381836,0.828125,0.3162079375,0.46108498113207547
train,healthy_0413.jpg,0,healthy,0.214355,0.567871,0.381836,0.813477,0.310614803772,0.46938757948903287
train,healthy_0413.jpg,1,unhealthy,0.558105,0.572266,0.477539,0.833984,0.398259885376,0.572599714143197
train,healthy_0414.jpg,0,healthy,0.469727,0.503906,0.4375,0.970703,0.42468256249999997,0.45070428339049123
train,healthy_0414.jpg,1,unhealthy,0.123047,0.435059,0.244141,0.858398,0.20957014611799998,0.28441468875742953
train,healthy_0415.jpg,0,healthy,0.489258,0.507324,0.341797,0.682617,0.233316442749,0.5007156282366246
train,healthy_0415.jpg,0,healthy,0.801758,0.403809,0.382812,0.727539,0.278510659668,0.5261738545974854
train,healthy_0415.jpg,0,healthy,0.209961,0.468262,0.410156,0.59668,0.24473188208000002,0.6873969296775492
train,healthy_0416.jpg,0,healthy,0.617676,0.548828,0.448242,0.806641,0.361570375122,0.5556895818585963
train,healthy_0416.jpg,0,healthy,0.374512,0.536621,0.446289,0.733398,0.327307460022,0.6085222484926329
train,healthy_0416.jpg,0,healthy,0.881836,0.491211,0.232422,0.769531,0.17885593408199998,0.30203071741099446
train,healthy_0416.jpg,0,healthy,0.174805,0.447266,0.287109,0.574219,0.16486344287100002,0.49999912925207973
train,healthy_0417.jpg,0,healthy,0.217285,0.50293,0.424805,0.947266,0.40240333313,0.44845376061211945
train,healthy_0417.jpg,1,unhealthy,0.581543,0.529785,0.557617,0.916992,0.511330328064,0.6080936365857064
train,healthy_0420.jpg,0,healthy,0.229004,0.332031,0.444336,0.644531,0.286388326416,0.6893943037650633
train,healthy_0420.jpg,0,healthy,0.375,0.441895,0.375,0.823242,0.30871575,0.45551611798231867
train,healthy_0420.jpg,0,healthy,0.76416,0.446289,0.430664,0.84375,0.36337274999999997,0.5104165925925925
train,healthy_0421.jpg,0,healthy,0.380859,0.606934,0.289062,0.713867,0.206351822754,0.4049241665464295
train,healthy_0421.jpg,0,healthy,0.737793,0.567871,0.46582,0.651367,0.30341977594,0.7151421548834989
train,healthy_0421.jpg,0,healthy,0.815918,0.412109,0.352539,0.386719,0.13633352954099998,0.9116154106728659
train,healthy_0421.jpg,0,healthy,0.193359,0.387207,0.363281,0.387695,0.140842227295,0.9370278182591987
train,healthy_0423.jpg,1,unhealthy,0.398438,0.569824,0.558594,0.612305,0.34202989917000004,0.9122806444500698
train,healthy_0423.jpg,0,healthy,0.82959,0.506836,0.313477,0.71875,0.22531159375,0.43614191304347827
train,healthy_0424.jpg,0,healthy,0.252441,0.544922,0.495117,0.714844,0.353931416748,0.692622446295975
train,healthy_0424.jpg,1,unhealthy,0.733398,0.63916,0.509766,0.49707,0.25338938562,1.0255416742108758
train,healthy_0425.jpg,0,healthy,0.291992,0.556641,0.570312,0.876953,0.5001368193360001,0.6503335982658136
train,healthy_0425.jpg,0,healthy,0.719727,0.596191,0.419922,0.754883,0.316991979126,0.556274283564473
train,healthy_0426.jpg,0,healthy,0.685547,0.532227,0.351562,0.890625,0.31310990625,0.39473628070175437
train,healthy_0426.jpg,0,healthy,0.355469,0.685547,0.630859,0.546875,0.34500101562499996,1.1535707428571427
train,healthy_0427.jpg,0,healthy,0.29248,0.625977,0.454102,0.728516,0.33082057263200004,0.6233246764655821
train,healthy_0427.jpg,0,healthy,0.761719,0.586426,0.46875,0.780273,0.36575296875,0.6007512755151082
train,healthy_0428.jpg,0,healthy,0.725098,0.547852,0.516602,0.667969,0.34507412133800003,0.7733921783795356
train,healthy_0428.jpg,0,healthy,0.251465,0.586914,0.40332,0.642578,0.25916455896,0.6276592102437369
train,healthy_0429.jpg,0,healthy,0.605957,0.496094,0.530273,0.960938,0.509559476074,0.5518285258778403
train,healthy_0429.jpg,1,unhealthy,0.249512,0.550293,0.44043,0.848633,0.37376343218999997,0.5189875953445129
train,healthy_0431.jpg,0,healthy,0.325684,0.620117,0.385742,0.726562,0.280265479004,0.5309140857903385
train,healthy_0431.jpg,0,healthy,0.62207,0.544922,0.498047,0.765625,0.38131723437500004,0.6505103673469388
train,healthy_0432.jpg,0,healthy,0.140137,0.537109,0.27832,0.84375,0.2348325,0.32986074074074073
train,healthy_0432.jpg,0,healthy,0.412598,0.501465,0.307617,0.870117,0.267662781189,0.35353521422981043
train,healthy_0432.jpg,0,healthy,0.65625,0.40332,0.222656,0.667969,0.148727305664,0.33333283430817895
train,healthy_0432.jpg,0,healthy,0.811035,0.271973,0.366211,0.541992,0.19848343231200002,0.6756760247383725
train,healthy_0433.jpg,0,healthy,0.646973,0.556152,0.325195,0.764648,0.24865970636,0.42528719096891643
train,healthy_0433.jpg,0,healthy,0.288086,0.567383,0.375,0.828125,0.310546875,0.4528301886792453
train,healthy_0434.jpg,0,healthy,0.34375,0.492676,0.46875,0.959961,0.44998171875,0.4883010872316688
train,healthy_0434.jpg,0,healthy,0.785156,0.5,0.394531,0.90625,0.35754371875,0.43534455172413794
train,healthy_0435.jpg,0,healthy,0.454102,0.489258,0.847656,0.96875,0.82116675,0.8749997419354838
train,healthy_0436.jpg,0,healthy,0.541992,0.526367,0.701172,0.908203,0.636806513916,0.7720432546468136
train,healthy_0438.jpg,0,healthy,0.214844,0.481445,0.363281,0.683594,0.24833671191400003,0.5314280113634702
train,healthy_0438.jpg,0,healthy,0.314453,0.406738,0.265625,0.668945,0.17768851562500002,0.39708047746825226
train,healthy_0438.jpg,0,healthy,0.431152,0.387695,0.178711,0.671875,0.120071453125,0.2659884651162791
train,healthy_0438.jpg,0,healthy,0.574707,0.40332,0.137695,0.654297,0.09009342541500001,0.21044724337724308
train,healthy_0438.jpg,0,healthy,0.67041,0.431152,0.206055,0.608398,0.12536344988999998,0.33868454531408715
train,healthy_0438.jpg,0,healthy,0.777344,0.520508,0.259766,0.564453,0.146625697998,0.4602083787312673
train,healthy_0438.jpg,0,healthy,0.185547,0.72998,0.369141,0.514648,0.189977677368,0.7172688905815237
train,healthy_0439.jpg,0,healthy,0.445312,0.539062,0.703125,0.900391,0.633087421875,0.7809107376684129
train,healthy_0439.jpg,0,healthy,0.627441,0.472168,0.415039,0.942383,0.39112569793699997,0.4404143538242944
train,healthy_0439.jpg,0,healthy,0.843262,0.463379,0.288086,0.924805,0.26642337323,0.31150999399873486
train,healthy_0440.jpg,0,healthy,0.563477,0.492188,0.816406,0.982422,0.802055215332,0.8310135562925097
train,healthy_0443.jpg,0,healthy,0.521973,0.336914,0.571289,0.667969,0.38160334204100005,0.8552627442291484
train,healthy_0443.jpg,0,healthy,0.137207,0.424316,0.264648,0.834961,0.22097075872799998,0.3169585166253274
train,healthy_0444.jpg,0,healthy,0.280273,0.345703,0.257812,0.673828,0.173720944336,0.38260802459974946
train,healthy_0444.jpg,0,healthy,0.511719,0.35791,0.240234,0.567383,0.136304687622,0.4234071165332765
train,healthy_0444.jpg,1,unhealthy,0.566406,0.680664,0.232422,0.408203,0.094875357666,0.5693784710058476
train,healthy_0446.jpg,0,healthy,0.48877,0.320801,0.637695,0.510742,0.32569761969000005,1.248565812092994
train,healthy_0447.jpg,0,healthy,0.467285,0.684082,0.362305,0.52832,0.1914129776,0.6857680950938825
train,healthy_0449.jpg,0,healthy,0.558105,0.856934,0.682617,0.286133,0.19531925006100004,2.3856633104185816
train,healthy_0449.jpg,0,healthy,0.662109,0.564941,0.396484,0.686523,0.272195385132,0.5775247151224359
train,healthy_0449.jpg,0,healthy,0.408691,0.48877,0.211914,0.588867,0.124789161438,0.3598673384652222
train,healthy_0450.jpg,0,healthy,0.320312,0.519531,0.341797,0.859375,0.293731796875,0.3977274181818182
train,healthy_0450.jpg,0,healthy,0.54541,0.525879,0.180664,0.672852,0.121560133728,0.2685048123510073
train,healthy_0450.jpg,0,healthy,0.657715,0.547852,0.231445,0.542969,0.12566746020500003,0.42625822100340904
train,healthy_0451.jpg,0,healthy,0.225586,0.502441,0.353516,0.825195,0.29171963562000003,0.4284029835372245
train,healthy_0451.jpg,0,healthy,0.515137,0.483398,0.24707,0.732422,0.18095950354,0.3373328490951938
train,healthy_0451.jpg,0,healthy,0.735352,0.54248,0.326172,0.62207,0.20290181604000002,0.5243332743903419
train,healthy_0452.jpg,0,healthy,0.585449,0.597656,0.274414,0.310547,0.085218444458,0.883647241802368
train,healthy_0452.jpg,0,healthy,0.338379,0.171387,0.31543,0.213867,0.06746006781,1.4748885989890912
train,healthy_0453.jpg,0,healthy,0.34082,0.753906,0.611328,0.478516,0.292530229248,1.2775497580018222
train,healthy_0453.jpg,0,healthy,0.83252,0.749023,0.301758,0.490234,0.147932031372,0.615538701926019
train,healthy_0454.jpg,0,healthy,0.820312,0.449219,0.351562,0.433594,0.15243517382799998,0.8108091901640705
train,healthy_0454.jpg,1,unhealthy,0.213867,0.533203,0.421875,0.308594,0.13018809374999998,1.3670875000810128
train,healthy_0455.jpg,0,healthy,0.490723,0.441406,0.254883,0.380859,0.09707448449700001,0.6692319204745064
train,healthy_0455.jpg,0,healthy,0.384766,0.815918,0.246094,0.368164,0.090602951416,0.6684358057822057
train,healthy_0456.jpg,0,healthy,0.599121,0.560059,0.311523,0.30957,0.09643817511,1.0063087508479502
train,healthy_0456.jpg,0,healthy,0.418457,0.439453,0.208008,0.373047,0.07759676037600001,0.5575919388173608
train,healthy_0456.jpg,0,healthy,0.259277,0.54541,0.250977,0.256836,0.064459928772,0.9771877774143811
train,healthy_0456.jpg,0,healthy,0.259277,0.189453,0.231445,0.367188,0.08498382666000001,0.6303174395677419
train,healthy_0456.jpg,0,healthy,0.112305,0.45459,0.222656,0.319336,0.071102076416,0.6972467870831975
train,healthy_0456.jpg,0,healthy,0.604492,0.414551,0.173828,0.270508,0.04702186462400001,0.6425983704733317
train,healthy_0456.jpg,0,healthy,0.71582,0.790527,0.28125,0.170898,0.0480650625,1.6457184987536426
train,healthy_0456.jpg,0,healthy,0.467773,0.762695,0.248047,0.207031,0.051353418457,1.1981152581014438
train,healthy_0456.jpg,0,healthy,0.214844,0.775879,0.248047,0.165039,0.04093742883299999,1.502959906446355
train,healthy_0457.jpg,0,healthy,0.350098,0.520996,0.303711,0.489258,0.148593036438,0.6207583728830187
train,healthy_0457.jpg,0,healthy,0.631836,0.42627,0.453125,0.485352,0.219925125,0.9336007681023257
train,healthy_0458.jpg,0,healthy,0.476562,0.499512,0.277344,0.338867,0.09398272924799998,0.8184449946439164
train,healthy_0458.jpg,0,healthy,0.739258,0.383301,0.490234,0.250977,0.123037458618,1.9533024938540184
train,healthy_0458.jpg,0,healthy,0.525391,0.226074,0.417969,0.172852,0.072246777588,2.41807442204892
train,healthy_0458.jpg,0,healthy,0.178711,0.577148,0.34375,0.410156,0.140991125,0.8380957489345517
train,healthy_0459.jpg,0,healthy,0.55957,0.442871,0.482422,0.485352,0.234144482544,0.9939631442746708
train,healthy_0459.jpg,0,healthy,0.751953,0.669434,0.478516,0.288086,0.137853760376,1.6610178904910338
train,healthy_0460.jpg,0,healthy,0.694336,0.687988,0.607422,0.366211,0.22244461804200003,1.6586667249208789
train,healthy_0460.jpg,0,healthy,0.75,0.389648,0.394531,0.324219,0.127914446289,1.2168657604890523
train,healthy_0462.jpg,0,healthy,0.562012,0.598145,0.208008,0.524414,0.10908230731200001,0.3966484495074502
train,healthy_0462.jpg,1,unhealthy,0.803223,0.494629,0.37793,0.286133,0.10813824469000001,1.3208193392583167
train,healthy_0462.jpg,0,healthy,0.314453,0.598633,0.285156,0.482422,0.13756552783200002,0.5910924460327266
train,healthy_0464.jpg,0,healthy,0.42627,0.701172,0.336914,0.517578,0.17437927429199998,0.6509434326806781
train,healthy_0464.jpg,0,healthy,0.687988,0.473633,0.579102,0.212891,0.123285603882,2.720180749773358
train,healthy_0465.jpg,0,healthy,0.348633,0.470215,0.667969,0.170898,0.114154566162,3.9085828974007892
train,healthy_0465.jpg,0,healthy,0.359863,0.70459,0.633789,0.311523,0.197439850647,2.034485415202088
train,healthy_0465.jpg,0,healthy,0.436035,0.818359,0.493164,0.359375,0.1772308125,1.3722824347826086
train,healthy_0466.jpg,0,healthy,0.541504,0.560059,0.327148,0.485352,0.158781936096,0.6740427565972738
train,healthy_0466.jpg,0,healthy,0.357422,0.341797,0.277344,0.521484,0.14463045849599998,0.5318360678371724
train,healthy_0467.jpg,0,healthy,0.395508,0.311523,0.320312,0.462891,0.148269541992,0.6919814816015001
train,healthy_0467.jpg,0,healthy,0.541992,0.71875,0.322266,0.298828,0.096302104248,1.078433078560242
train,healthy_0467.jpg,0,healthy,0.228516,0.726074,0.291016,0.331055,0.09634230188,0.8790563501532979
train,healthy_0467.jpg,0,healthy,0.774902,0.298828,0.438477,0.402344,0.17641859008799998,1.0898062354602034
train,healthy_0471.jpg,0,healthy,0.460938,0.529785,0.429688,0.518555,0.22281686084,0.8286257002632316
train,healthy_0472.jpg,0,healthy,0.441895,0.506836,0.356445,0.478516,0.17056463562000002,0.7448967223666503
train,healthy_0472.jpg,0,healthy,0.279297,0.677246,0.517578,0.31543,0.16325962853999998,1.6408648511555655
train,healthy_0473.jpg,0,healthy,0.419922,0.568848,0.492188,0.31543,0.15525086084,1.5603715562882416
train,healthy_0473.jpg,0,healthy,0.52002,0.342285,0.614258,0.206055,0.12657093218999999,2.9810390429739635
train,healthy_0473.jpg,0,healthy,0.261719,0.185059,0.501953,0.209961,0.105390553833,2.390696367420616
train,healthy_0473.jpg,0,healthy,0.26416,0.731934,0.325195,0.40918,0.1330632901,0.7947480326506673
train,healthy_0474.jpg,0,healthy,0.373535,0.48877,0.293945,0.458008,0.13462916156000002,0.6417900997362491
train,healthy_0474.jpg,0,healthy,0.725098,0.409668,0.420898,0.356445,0.15002698761,1.1808217256519238
train,healthy_0475.jpg,0,healthy,0.449707,0.503418,0.217773,0.696289,0.151632944397,0.31276237309507976
train,healthy_0475.jpg,0,healthy,0.808105,0.461426,0.297852,0.631836,0.18819361627199999,0.4714071372951209
train,healthy_0476.jpg,0,healthy,0.370605,0.398438,0.241211,0.447266,0.10788547912600001,0.5393009976166309
train,healthy_0476.jpg,0,healthy,0.191406,0.327637,0.259766,0.446289,0.11593070837399999,0.5820578145551425
train,healthy_0476.jpg,0,healthy,0.490723,0.63916,0.327148,0.21582,0.07060508136,1.5158372718005744
train,healthy_0476.jpg,0,healthy,0.524414,0.305664,0.1875,0.496094,0.09301762499999999,0.3779525654412269
train,healthy_0476.jpg,0,healthy,0.495605,0.845215,0.28418,0.102539,0.02913953302,2.771433308302207
train,healthy_0476.jpg,0,healthy,0.59668,0.459473,0.265625,0.311523,0.082748296875,0.8526657742766987
train,healthy_0477.jpg,0,healthy,0.322266,0.568359,0.134766,0.417969,0.056328010254,0.32243061088262526
train,healthy_0478.jpg,0,healthy,0.46875,0.38916,0.369141,0.676758,0.24981912487799998,0.5454549484453822
train,healthy_0478.jpg,0,healthy,0.706543,0.500977,0.473633,0.574219,0.271969067627,0.8248298993937853
train,healthy_0478.jpg,0,healthy,0.15625,0.394043,0.302734,0.786133,0.237989187622,0.3850925988350572
train,healthy_0479.jpg,0,healthy,0.319824,0.337402,0.418945,0.325195,0.136238819275,1.288288565322345
train,healthy_0479.jpg,0,healthy,0.436035,0.745117,0.364258,0.273438,0.09960197900400002,1.332141106941976
train,healthy_0479.jpg,0,healthy,0.392578,0.226074,0.333984,0.40332,0.13470242688,0.8280868789050878
train,healthy_0480.jpg,0,healthy,0.57666,0.598145,0.311523,0.483398,0.150589595154,0.6444441226484181
train,healthy_0480.jpg,0,healthy,0.260254,0.485352,0.508789,0.351562,0.178870878418,1.447224102718724
train,healthy_0480.jpg,0,healthy,0.264648,0.15625,0.509766,0.246094,0.125450354004,2.071427990930295
train,healthy_0481.jpg,0,healthy,0.442871,0.64502,0.489258,0.661133,0.323464609314,0.7400296158261651
train,healthy_0481.jpg,0,healthy,0.773438,0.680664,0.380859,0.578125,0.220184109375,0.6587831351351351
train,healthy_0482.jpg,0,healthy,0.255859,0.444336,0.275391,0.306641,0.084446171631,0.8980892966041724
train,healthy_0482.jpg,0,healthy,0.36084,0.52832,0.31543,0.337891,0.10658095813,0.9335259003643186
train,healthy_0482.jpg,1,unhealthy,0.412598,0.794434,0.280273,0.217773,0.061035892029,1.2869960922612078
train,healthy_0485.jpg,1,unhealthy,0.464844,0.800293,0.183594,0.288086,0.052890861084000006,0.6372888651305513
train,healthy_0485.jpg,0,healthy,0.325684,0.192383,0.368164,0.339844,0.125118326416,1.0833323524911431
train,healthy_0485.jpg,0,healthy,0.3125,0.753418,0.326172,0.174805,0.057016496459999996,1.8659191670718802
train,healthy_0486.jpg,0,healthy,0.272461,0.382812,0.261719,0.535156,0.140060493164,0.48905179050594594
train,healthy_0486.jpg,1,unhealthy,0.771484,0.652344,0.427734,0.316406,0.13533760400400002,1.3518517347964323
train,healthy_0487.jpg,0,healthy,0.236328,0.568359,0.423828,0.558594,0.23674777783200002,0.7587406953887796
train,healthy_0487.jpg,0,healthy,0.629395,0.598145,0.459961,0.639648,0.294213133728,0.7190845590074542
train,healthy_0488.jpg,0,healthy,0.610352,0.63623,0.708984,0.481445,0.34133680188,1.472616809812128
train,healthy_0488.jpg,0,healthy,0.57959,0.206055,0.84082,0.404297,0.33994100354,2.0797087289789435
train,healthy_0489.jpg,0,healthy,0.387695,0.668945,0.419922,0.583984,0.245227729248,0.7190642209375601
train,healthy_0489.jpg,0,healthy,0.722656,0.572754,0.546875,0.547852,0.2996065625,0.9982166716558486
train,healthy_0490.jpg,0,healthy,0.337891,0.562988,0.535156,0.34082,0.18239186792,1.5702012792676485
train,healthy_0490.jpg,0,healthy,0.460449,0.333496,0.594727,0.202148,0.120222873596,2.9420375170667037
train,healthy_0491.jpg,0,healthy,0.483887,0.473145,0.264648,0.823242,0.217869348816,0.32147047891142577
train,healthy_0491.jpg,0,healthy,0.648926,0.447754,0.276367,0.81543,0.22535794280999996,0.33892179586230575
train,healthy_0491.jpg,0,healthy,0.220215,0.534668,0.428711,0.631836,0.270875043396,0.6785162605486235
train,healthy_0492.jpg,0,healthy,0.555176,0.58252,0.688477,0.522461,0.359702381897,1.317757689090669
train,healthy_0494.jpg,0,healthy,0.473145,0.321289,0.571289,0.429688,0.24547602783200004,1.3295437619854407
train,healthy_0494.jpg,0,healthy,0.585449,0.541504,0.34082,0.481445,0.1640860849,0.707910560915577
train,healthy_0494.jpg,0,healthy,0.673828,0.734375,0.341797,0.412109,0.140857619873,0.8293849442744518
train,healthy_0495.jpg,0,healthy,0.35791,0.364746,0.467773,0.34082,0.15942639386000002,1.3724928114547268
train,healthy_0496.jpg,0,healthy,0.445801,0.529297,0.141602,0.160156,0.022678409912,0.8841504533080248
train,healthy_0496.jpg,0,healthy,0.563477,0.51416,0.107422,0.145508,0.015630760376,0.738254941309069
train,healthy_0496.jpg,0,healthy,0.338867,0.582031,0.205078,0.140625,0.028839093750000003,1.4583324444444445
train,healthy_0496.jpg,0,healthy,0.518066,0.268555,0.145508,0.158203,0.023019802124,0.9197549983249369
train,healthy_0496.jpg,0,healthy,0.606445,0.800293,0.105469,0.135742,0.014316572998,0.7769813322332071
train,healthy_0496.jpg,0,healthy,0.504395,0.828125,0.100586,0.134766,0.013555572875999998,0.7463751984922012
train,healthy_0496.jpg,0,healthy,0.389648,0.848145,0.130859,0.12793,0.01674079187,1.0228953333854454
train,healthy_0496.jpg,0,healthy,0.233398,0.61377,0.275391,0.104492,0.028776156372,2.6355223366382114
train,healthy_0496.jpg,0,healthy,0.658203,0.502441,0.09375,0.151367,0.01419065625,0.6193556059114602
train,healthy_0496.jpg,0,healthy,0.433105,0.417969,0.151367,0.15625,0.02365109375,0.9687488
train,healthy_0496.jpg,0,healthy,0.140625,0.095215,0.181641,0.174805,0.031751755005,1.0391064328823547
train,healthy_0496.jpg,0,healthy,0.226562,0.305176,0.109375,0.209961,0.022964484375,0.5209300774905815
train,healthy_0496.jpg,0,healthy,0.33252,0.337402,0.124023,0.196289,0.024344350647,0.6318387683466725
train,healthy_0496.jpg,0,healthy,0.16748,0.421875,0.135742,0.171875,0.02333065625,0.7897716363636363
train,healthy_0496.jpg,0,healthy,0.702637,0.814941,0.124023,0.098633,0.012232760559,1.2574189165897822
train,healthy_0496.jpg,0,healthy,0.64502,0.682617,0.137695,0.126953,0.017480793335,1.084613991004545
train,healthy_0496.jpg,0,healthy,0.092773,0.319824,0.158203,0.151367,0.023946713501000003,1.0451617591681146
train,healthy_0497.jpg,0,healthy,0.350586,0.51416,0.210938,0.225586,0.047584659668,0.9350668924489994
train,healthy_0497.jpg,0,healthy,0.519531,0.484863,0.171875,0.250977,0.043136671875000004,0.6848237089454412
train,healthy_0497.jpg,0,healthy,0.521484,0.680176,0.226562,0.151367,0.034294010254,1.496772744389464
train,healthy_0497.jpg,0,healthy,0.692383,0.590332,0.322266,0.168945,0.05444522937,1.9075201988812927
train,healthy_0497.jpg,0,healthy,0.151855,0.327148,0.231445,0.234375,0.054244921875000005,0.9874986666666667
train,healthy_0497.jpg,0,healthy,0.64502,0.443359,0.178711,0.228516,0.040838322876,0.7820502721910063
train,healthy_0498.jpg,0,healthy,0.464844,0.577148,0.205078,0.277344,0.056877152832,0.7394355024806739
train,healthy_0498.jpg,0,healthy,0.690918,0.572266,0.336914,0.294922,0.09936335070800001,1.1423834098507402
train,healthy_0498.jpg,0,healthy,0.224121,0.527832,0.301758,0.342773,0.103434494934,0.8803435509798031
train,healthy_0498.jpg,0,healthy,0.345703,0.382812,0.226562,0.371094,0.084075798828,0.6105245571202984
train,healthy_0498.jpg,0,healthy,0.54834,0.403809,0.198242,0.358398,0.071049536316,0.5531336670405527
train,healthy_0498.jpg,0,healthy,0.6875,0.781738,0.367188,0.157227,0.057731867676000005,2.335400408326814
train,healthy_0499.jpg,0,healthy,0.495605,0.592285,0.362305,0.249023,0.09022227801499999,1.4549057717560225
train,healthy_0499.jpg,0,healthy,0.510254,0.863281,0.411133,0.201172,0.082708447876,2.043688982562186
train,healthy_0499.jpg,0,healthy,0.304688,0.474121,0.191406,0.313477,0.060001378662,0.6105902506403978
train,healthy_0499.jpg,0,healthy,0.544922,0.361816,0.275391,0.288086,0.079336291626,0.9559332976958269
train,healthy_0499.jpg,0,healthy,0.717773,0.507812,0.404297,0.205078,0.082912420166,1.971430382586138
train,healthy_0499.jpg,0,healthy,0.293457,0.743652,0.245117,0.182617,0.044762531189,1.3422463407021252
train,healthy_0499.jpg,0,healthy,0.16748,0.623535,0.227539,0.311523,0.07088363189699999,0.7304083486612545
train,healthy_0500.jpg,0,healthy,0.483398,0.638184,0.392578,0.495117,0.19437204162599997,0.7928994560881569
train,healthy_0500.jpg,0,healthy,0.160156,0.585938,0.308594,0.498047,0.153694315918,0.6196081895885327
train,healthy_0500.jpg,0,healthy,0.858398,0.718262,0.271484,0.401367,0.10896471862799999,0.6763984084391592
train,healthy_0500.jpg,0,healthy,0.832031,0.294434,0.324219,0.446289,0.144695373291,0.726477685983746
train,healthy_0500.jpg,0,healthy,0.174805,0.224609,0.339844,0.435547,0.148018034668,0.7802694083531742
train,healthy_0501.jpg,0,healthy,0.643066,0.649414,0.307617,0.4375,0.13458243749999999,0.7031245714285713
train,healthy_0501.jpg,0,healthy,0.321289,0.797363,0.34375,0.297852,0.10238662500000001,1.1540966654580127
train,healthy_0501.jpg,0,healthy,0.427246,0.549316,0.268555,0.475586,0.12772099823,0.5646823077214216
train,healthy_0501.jpg,0,healthy,0.672363,0.26123,0.219727,0.424805,0.093341128235,0.5172420286955192
train,healthy_0502.jpg,0,healthy,0.327637,0.594238,0.196289,0.30957,0.06076518573,0.6340698388086701
train,healthy_0502.jpg,0,healthy,0.494629,0.593262,0.211914,0.180664,0.038285230896,1.1729730328122925
train,healthy_0502.jpg,0,healthy,0.321289,0.874512,0.173828,0.125977,0.021898329956000002,1.3798391769926257
train,healthy_0502.jpg,0,healthy,0.44873,0.86377,0.161133,0.133789,0.021557822937,1.2043815261344357
train,healthy_0502.jpg,0,healthy,0.192871,0.350586,0.163086,0.359375,0.058609031250000006,0.45380452173913044
train,healthy_0503.jpg,0,healthy,0.320801,0.664062,0.272461,0.308594,0.084079829834,0.8829108796671356
train,healthy_0503.jpg,0,healthy,0.481445,0.714355,0.265625,0.282227,0.074966546875,0.9411750116041342
train,healthy_0503.jpg,0,healthy,0.687012,0.763184,0.141602,0.231445,0.032773074890000004,0.6118170623690293
train,healthy_0503.jpg,0,healthy,0.799805,0.337891,0.208984,0.361328,0.075511770752,0.578377540627906
train,healthy_0503.jpg,0,healthy,0.695801,0.518555,0.143555,0.337891,0.048505942504999996,0.4248559446685469
train,healthy_0503.jpg,0,healthy,0.547363,0.493164,0.200195,0.375,0.075073125,0.5338533333333334
train,healthy_0503.jpg,0,healthy,0.395508,0.484375,0.244141,0.378906,0.09250648974600001,0.644331311723752
train,healthy_0504.jpg,0,healthy,0.510254,0.609863,0.264648,0.610352,0.161528436096,0.43359897239625655
train,healthy_0504.jpg,0,healthy,0.787598,0.574219,0.325195,0.587891,0.19117921374500002,0.5531552617747167
train,healthy_0504.jpg,0,healthy,0.302734,0.377441,0.394531,0.700195,0.276248633545,0.5634587507765694
train,healthy_0504.jpg,0,healthy,0.224609,0.683105,0.412109,0.55957,0.23060383313000002,0.7364744357274335
train,healthy_0505.jpg,0,healthy,0.553223,0.581055,0.602539,0.472656,0.28479367358400004,1.274793930469517
train,healthy_0505.jpg,0,healthy,0.487305,0.34668,0.664062,0.642578,0.426711631836,1.0334340733731937
train,healthy_0506.jpg,0,healthy,0.241699,0.397949,0.31543,0.760742,0.23996084906,0.41463465931945387
train,healthy_0506.jpg,0,healthy,0.455078,0.424316,0.380859,0.772461,0.294198723999,0.49304625087868514
train,healthy_0506.jpg,0,healthy,0.65332,0.505859,0.408203,0.621094,0.253532434082,0.6572322385983441
train,healthy_0507.jpg,0,healthy,0.28125,0.467773,0.298828,0.759766,0.227039354248,0.3933158367181474
train,healthy_0507.jpg,0,healthy,0.45166,0.483887,0.420898,0.729492,0.30704172381600003,0.576974113492677
train,healthy_0507.jpg,0,healthy,0.621582,0.570801,0.387695,0.608398,0.23587286261,0.6372391099247532
train,healthy_0508.jpg,0,healthy,0.340332,0.354492,0.262695,0.441406,0.11595514917000001,0.5951323724643526
train,healthy_0508.jpg,0,healthy,0.671387,0.452637,0.461914,0.34082,0.15742952948,1.3553019189014728
train,healthy_0508.jpg,0,healthy,0.614746,0.216309,0.538086,0.383789,0.20651148785399998,1.4020360145809285
train,healthy_0509.jpg,0,healthy,0.464844,0.311523,0.347656,0.455078,0.158210597168,0.7639481583376916
train,healthy_0509.jpg,0,healthy,0.520996,0.583008,0.420898,0.361328,0.152082232544,1.1648640570340523
train,healthy_0509.jpg,0,healthy,0.180176,0.415039,0.34082,0.341797,0.11649125354,0.9971415781882228
train,healthy_0509.jpg,0,healthy,0.673828,0.563965,0.419922,0.401367,0.168542833374,1.0462295106473627
train,healthy_0509.jpg,0,healthy,0.482422,0.852051,0.371094,0.219727,0.081539371338,1.6888866639056646
train,healthy_0510.jpg,0,healthy,0.476074,0.398926,0.426758,0.750977,0.32048544256600003,0.568270399759247
train,healthy_0510.jpg,0,healthy,0.708496,0.407715,0.508789,0.75293,0.38308250177000003,0.6757454212210964
train,healthy_0512.jpg,0,healthy,0.223145,0.572266,0.30957,0.732422,0.22673587854000002,0.422666167864974
train,healthy_0512.jpg,0,healthy,0.506836,0.598633,0.318359,0.673828,0.214519208252,0.4724632992395686
train,healthy_0512.jpg,0,healthy,0.705078,0.648438,0.373047,0.603516,0.22513983325200004,0.6181228003897162
train,healthy_0513.jpg,0,healthy,0.30957,0.286133,0.296875,0.5625,0.1669921875,0.5277777777777778
train,healthy_0513.jpg,0,healthy,0.446777,0.638672,0.331055,0.355469,0.11767978979499999,0.9313189054460446
train,healthy_0513.jpg,0,healthy,0.705078,0.523926,0.298828,0.487305,0.14562037853999998,0.6132258031417696
train,healthy_0513.jpg,0,healthy,0.558594,0.266113,0.242188,0.512695,0.12416857666,0.4723822155472552
train,healthy_0514.jpg,0,healthy,0.286133,0.392578,0.294922,0.648438,0.191238631836,0.454819119175619
train,healthy_0514.jpg,0,healthy,0.499512,0.460449,0.499023,0.551758,0.27533993243399996,0.9044236784967323
train,healthy_0514.jpg,0,healthy,0.408203,0.758301,0.423828,0.307617,0.13037669787599998,1.3777782112171955
train,healthy_0514.jpg,0,healthy,0.69873,0.717285,0.543945,0.331055,0.180075711975,1.6430653516787241
train,healthy_0514.jpg,0,healthy,0.13623,0.335938,0.241211,0.648438,0.15641037841799998,0.37198776135883466
train,healthy_0515.jpg,0,healthy,0.369629,0.523926,0.249023,0.405273,0.100922298279,0.6144574151251132
train,healthy_0515.jpg,0,healthy,0.138672,0.400391,0.267578,0.457031,0.122291440918,0.5854701322229783
train,healthy_0515.jpg,0,healthy,0.708984,0.399902,0.546875,0.422852,0.2312471875,1.29330120231192
train,healthy_0515.jpg,0,healthy,0.59375,0.259766,0.330078,0.447266,0.147632666748,0.7379903681478136
train,healthy_0515.jpg,0,healthy,0.374512,0.255859,0.307617,0.498047,0.15320772399899998,0.6176465273357734
train,healthy_0515.jpg,0,healthy,0.685059,0.711426,0.549805,0.22168,0.12188077239999999,2.48017412486467
train,healthy_0516.jpg,0,healthy,0.526367,0.849609,0.560547,0.210938,0.118240663086,2.6574017009737463
train,healthy_0522.jpg,0,healthy,0.654785,0.614258,0.352539,0.285156,0.100528611084,1.2363022345663426
train,healthy_0522.jpg,0,healthy,0.361328,0.510254,0.279297,0.180664,0.050458913208,1.545947172651995
train,healthy_0522.jpg,0,healthy,0.622559,0.276367,0.28418,0.351562,0.09990688916,0.8083353718547511
train,healthy_0522.jpg,1,unhealthy,0.279785,0.666016,0.37207,0.191406,0.07121643042,1.9438784573106382
train,healthy_0522.jpg,0,healthy,0.745117,0.882812,0.396484,0.230469,0.091377270996,1.7203354898055703
train,healthy_0524.jpg,0,healthy,0.840332,0.498535,0.276367,0.604492,0.167061640564,0.45718884617166144
train,healthy_0524.jpg,0,healthy,0.331543,0.681641,0.34668,0.488281,0.16927725708,0.7100010035205138
train,healthy_0524.jpg,0,healthy,0.641602,0.48584,0.298828,0.516602,0.15437514245599998,0.578449173638507
train,healthy_0525.jpg,0,healthy,0.395996,0.557129,0.520508,0.858398,0.446803026184,0.606371403474845
train,healthy_0526.jpg,0,healthy,0.246582,0.553223,0.34668,0.87793,0.3043607724,0.394883418951397
train,healthy_0526.jpg,0,healthy,0.473633,0.571289,0.205078,0.8125,0.166625875,0.25240369230769233
train,healthy_0527.jpg,0,healthy,0.517578,0.59082,0.400391,0.800781,0.320625505371,0.5000006243904388
train,healthy_0527.jpg,0,healthy,0.805664,0.570312,0.318359,0.824219,0.262397536621,0.3862553520362913
train,healthy_0528.jpg,0,healthy,0.438477,0.682129,0.390625,0.477539,0.186538671875,0.8179960170792333
train,healthy_0528.jpg,0,healthy,0.714844,0.435547,0.298828,0.748047,0.223537388916,0.3994775729332515
train,healthy_0528.jpg,0,healthy,0.55957,0.388184,0.308594,0.745117,0.229938635498,0.414155092421727
train,healthy_0529.jpg,0,healthy,0.322754,0.499512,0.249023,0.331055,0.082440309265,0.7522103577955325
train,healthy_0529.jpg,0,healthy,0.695801,0.410156,0.243164,0.439453,0.106859149292,0.553333348503708
train,healthy_0529.jpg,0,healthy,0.654785,0.722168,0.260742,0.266602,0.06951433868399999,0.978019669769919
train,healthy_0529.jpg,0,healthy,0.530762,0.806152,0.293945,0.293945,0.08640366302500001,1.0
train,healthy_0529.jpg,0,healthy,0.90625,0.348633,0.166016,0.416016,0.069065312256,0.3990615745548248
train,healthy_0530.jpg,0,healthy,0.672852,0.258789,0.230469,0.435547,0.100380081543,0.5291484041905925
train,healthy_0530.jpg,0,healthy,0.412598,0.731445,0.327148,0.152344,0.049839034912,2.147429501654151
train,healthy_0532.jpg,1,unhealthy,0.187012,0.431152,0.366211,0.321289,0.117659565979,1.1398180454357292
train,healthy_0532.jpg,1,unhealthy,0.476562,0.415039,0.220703,0.277344,0.061210652832,0.7957734798661591
train,healthy_0532.jpg,1,unhealthy,0.356445,0.670898,0.222656,0.175781,0.039138694336,1.2666670459264653
train,healthy_0532.jpg,1,unhealthy,0.57666,0.647949,0.264648,0.133789,0.035406991272,1.9780998437838686
train,healthy_0532.jpg,0,healthy,0.172363,0.416504,0.334961,0.291992,0.097805932312,1.1471581413189404
train,healthy_0532.jpg,0,healthy,0.46582,0.422852,0.228516,0.302734,0.069179562744,0.7548408834158039
train,healthy_0532.jpg,0,healthy,0.351074,0.664062,0.262695,0.167969,0.044124616455,1.5639493001684834
train,healthy_0532.jpg,0,healthy,0.588379,0.64502,0.231445,0.176758,0.040909755310000004,1.3093891082723272
train,healthy_0532.jpg,0,healthy,0.706055,0.47998,0.351562,0.202148,0.071067555176,1.7391317252705938
train,healthy_0533.jpg,0,healthy,0.361328,0.42334,0.435547,0.350586,0.152696680542,1.242339967939393
train,healthy_0533.jpg,0,healthy,0.290039,0.721191,0.490234,0.299805,0.14697460436999998,1.6351761978619437
train,healthy_0534.jpg,0,healthy,0.405762,0.620117,0.504883,0.220703,0.111429192749,2.2876127646656363
train,healthy_0534.jpg,0,healthy,0.405273,0.858398,0.445312,0.267578,0.11915569433599998,1.6642324854808692
train,healthy_0534.jpg,0,healthy,0.303223,0.506836,0.454102,0.390625,0.17738359375,1.16250112
train,healthy_0537.jpg,0,healthy,0.626953,0.759277,0.310547,0.151367,0.047006567749,2.0516162703891867
train,healthy_0537.jpg,0,healthy,0.470703,0.683594,0.271484,0.1875,0.05090325,1.4479146666666667
train,healthy_0537.jpg,0,healthy,0.38916,0.5,0.245117,0.279297,0.06846044274900001,0.8776213135121393
train,healthy_0537.jpg,0,healthy,0.675293,0.436523,0.40332,0.244141,0.09846694812000001,1.6519961825338636
train,healthy_0537.jpg,0,healthy,0.471191,0.287598,0.209961,0.282227,0.059256663147000004,0.7439437048900354
train,healthy_0537.jpg,0,healthy,0.743652,0.848633,0.40332,0.125,0.050415,3.22656
train,healthy_0538.jpg,0,healthy,0.610352,0.65625,0.310547,0.244141,0.07581725512700001,1.2719985582102147
train,healthy_0538.jpg,0,healthy,0.329102,0.790039,0.607422,0.236328,0.143550826416,2.5702498222808976
train,healthy_0538.jpg,0,healthy,0.560547,0.422363,0.318359,0.401367,0.127778796753,0.7931867841651158
train,healthy_0539.jpg,0,healthy,0.379395,0.476074,0.454102,0.483398,0.219511998596,0.9393956946449924
train,healthy_0539.jpg,0,healthy,0.773438,0.418457,0.439453,0.483398,0.212430701294,0.9090914732787475
train,healthy_0539.jpg,0,healthy,0.287109,0.580566,0.542969,0.389648,0.211566784912,1.3934859154929577
train,healthy_0539.jpg,0,healthy,0.276367,0.817871,0.537109,0.208008,0.11172296887199999,2.5821554940194607
train,healthy_0542.jpg,0,healthy,0.453613,0.592773,0.256836,0.414062,0.106346027832,0.6202839188334115
train,healthy_0542.jpg,0,healthy,0.653809,0.431152,0.336914,0.432617,0.14575472393799999,0.7787812314356579
train,healthy_0542.jpg,0,healthy,0.166992,0.430664,0.212891,0.519531,0.110603474121,0.4097753550798701
train,healthy_0542.jpg,0,healthy,0.286621,0.384766,0.202148,0.505859,0.10225838513199999,0.39961333098748864
train,healthy_0543.jpg,0,healthy,0.398438,0.53418,0.310547,0.351562,0.109176524414,0.8833349451874777
train,healthy_0543.jpg,0,healthy,0.48877,0.621094,0.495117,0.306641,0.151823171997,1.6146470954634247
train,healthy_0543.jpg,0,healthy,0.191406,0.436523,0.191406,0.433594,0.082992493164,0.441440610340549
train,healthy_0543.jpg,0,healthy,0.072754,0.484375,0.125977,0.484375,0.061020109375000006,0.2600815483870968
train,healthy_0543.jpg,0,healthy,0.831543,0.21582,0.270508,0.392578,0.10619548962400001,0.6890554233808315
train,healthy_0543.jpg,0,healthy,0.509277,0.265625,0.34668,0.306641,0.10630630188,1.1305728849044974
train,healthy_0544.jpg,0,healthy,0.587891,0.28125,0.322266,0.285156,0.09189608349600001,1.1301392921769136
train,healthy_0544.jpg,0,healthy,0.833496,0.461914,0.319336,0.197266,0.062994135376,1.6188091206796915
train,healthy_0545.jpg,0,healthy,0.587891,0.53125,0.152344,0.255859,0.038978583496,0.5954216971066095
train,healthy_0545.jpg,0,healthy,0.713379,0.496094,0.200195,0.279297,0.05591386291500001,0.7167817771046592
train,healthy_0545.jpg,0,healthy,0.59082,0.881348,0.482422,0.196289,0.094694131958,2.4577128621573294
train,healthy_0545.jpg,0,healthy,0.576172,0.236328,0.417969,0.207031,0.08653254003899999,2.0188715699581223
train,healthy_0546.jpg,0,healthy,0.430664,0.550293,0.279297,0.581055,0.162286918335,0.48067222552081995
train,healthy_0546.jpg,0,healthy,0.603027,0.523926,0.208008,0.663086,0.137927192688,0.31369686586656936
train,healthy_0546.jpg,0,healthy,0.791016,0.593262,0.341797,0.540039,0.18458371008300004,0.6329116971181711
train,healthy_0546.jpg,0,healthy,0.27002,0.683594,0.395508,0.501953,0.198526427124,0.7879383129496189
train,healthy_0547.jpg,0,healthy,0.319824,0.76709,0.608398,0.291992,0.17764734881599997,2.0836118797775285
train,healthy_0547.jpg,0,healthy,0.273438,0.548828,0.513672,0.267578,0.137447326416,1.9197093931489138
train,healthy_0548.jpg,0,healthy,0.749512,0.657227,0.288086,0.513672,0.147981711792,0.5608364870968244
train,healthy_0548.jpg,0,healthy,0.362305,0.57373,0.548828,0.364258,0.199914989624,1.5067012941376714
train,healthy_0549.jpg,1,unhealthy,0.613281,0.745605,0.269531,0.360352,0.097126034912,0.7479658778083652
train,healthy_0549.jpg,0,healthy,0.27002,0.45166,0.475586,0.200195,0.09520993927,2.3756137765678464
train,healthy_0550.jpg,0,healthy,0.450195,0.706055,0.292969,0.285156,0.083541868164,1.0273990377197042
train,healthy_0550.jpg,0,healthy,0.663574,0.735352,0.286133,0.318359,0.091093015747,0.8987746537713713
train,healthy_0550.jpg,0,healthy,0.383789,0.519043,0.365234,0.219727,0.080251771118,1.6622172058964078
train,healthy_0551.jpg,0,healthy,0.238281,0.490723,0.246094,0.366211,0.09012232983400001,0.6720005679785698
train,healthy_0551.jpg,0,healthy,0.550293,0.865723,0.196289,0.219727,0.043129993102999996,0.8933312701670709
train,healthy_0551.jpg,0,healthy,0.646484,0.630371,0.169922,0.27832,0.04729269104,0.6105274504167864
train,healthy_0553.jpg,0,healthy,0.331543,0.69043,0.327148,0.478516,0.156545552368,0.6836720193264175
train,healthy_0553.jpg,0,healthy,0.560547,0.66748,0.335938,0.452148,0.151893694824,0.7429823862982917
train,healthy_0553.jpg,0,healthy,0.693848,0.633789,0.19043,0.457031,0.08703241333,0.416667578348077
train,healthy_0554.jpg,1,unhealthy,0.730469,0.663574,0.285156,0.594727,0.16958997241200002,0.47947377536247726
train,healthy_0554.jpg,0,healthy,0.532227,0.510742,0.253906,0.671875,0.17059309375,0.3779066046511628
train,healthy_0555.jpg,1,unhealthy,0.577637,0.740234,0.264648,0.519531,0.137492840088,0.5093978992591395
train,healthy_0555.jpg,0,healthy,0.742188,0.475586,0.230469,0.574219,0.13233967871100003,0.4013608048497176
train,healthy_0555.jpg,0,healthy,0.552246,0.435059,0.239258,0.495117,0.118460703186,0.48323527570251074
train,healthy_0555.jpg,0,healthy,0.404785,0.45752,0.21582,0.553711,0.11950190801999999,0.389770114734943
train,healthy_0556.jpg,0,healthy,0.384766,0.416992,0.261719,0.449219,0.11756914746099999,0.5826089279393792
train,healthy_0556.jpg,0,healthy,0.616211,0.461914,0.322266,0.376953,0.12147913549799999,0.8549235581093665
train,healthy_0556.jpg,0,healthy,0.755859,0.551758,0.412109,0.300781,0.12395455712900001,1.3701297621857762
train,healthy_0557.jpg,0,healthy,0.29248,0.556641,0.411133,0.451172,0.185491697876,0.91125557437075
train,healthy_0557.jpg,0,healthy,0.475098,0.425293,0.288086,0.506836,0.14601235589599998,0.5684008239351586
train,healthy_0557.jpg,0,healthy,0.731445,0.424805,0.333984,0.490234,0.16373031225600002,0.681274656592566
train,healthy_0558.jpg,0,healthy,0.339844,0.640137,0.337891,0.612305,0.20689234875499998,0.5518344615836879
train,healthy_0558.jpg,0,healthy,0.39209,0.458984,0.22168,0.777344,0.17232161792,0.2851761896920797
train,healthy_0558.jpg,0,healthy,0.500488,0.388184,0.137695,0.764648,0.10528820636000001,0.18007632270011825
train,healthy_0558.jpg,0,healthy,0.605469,0.383789,0.119141,0.753906,0.08982111474599999,0.15803163789650168
train,healthy_0558.jpg,0,healthy,0.76416,0.439453,0.239258,0.708984,0.16963009387199998,0.33746600769551927
train,healthy_0558.jpg,0,healthy,0.850098,0.532227,0.293945,0.558594,0.16419591333000003,0.5262229812708336
train,healthy_0559.jpg,0,healthy,0.620605,0.65332,0.200195,0.474609,0.095014348755,0.42181037443453456
train,healthy_0559.jpg,1,unhealthy,0.422852,0.401855,0.251953,0.602539,0.151811508667,0.4181521859995784
train,healthy_0559.jpg,1,unhealthy,0.262695,0.386719,0.236328,0.519531,0.122779722168,0.45488719633669605
train,healthy_0559.jpg,0,healthy,0.802734,0.734863,0.177734,0.428711,0.076196520874,0.41457765254448803
train,healthy_0562.jpg,0,healthy,0.67041,0.651367,0.385742,0.205078,0.079107197876,1.8809526131520689
train,healthy_0562.jpg,0,healthy,0.429199,0.494141,0.551758,0.208984,0.115308593872,2.640192550625885
train,healthy_0563.jpg,0,healthy,0.437988,0.756836,0.319336,0.441406,0.14095682641600002,0.7234518787692057
train,healthy_0563.jpg,0,healthy,0.589844,0.739258,0.386719,0.417969,0.161636553711,0.9252336895798492
train,healthy_0563.jpg,0,healthy,0.510742,0.713379,0.447266,0.383789,0.171655770874,1.1653955689193802
train,healthy_0564.jpg,0,healthy,0.725098,0.739746,0.399414,0.424805,0.16967306426999998,0.9402290462682878
train,healthy_0565.jpg,0,healthy,0.418457,0.421875,0.22168,0.339844,0.07533661791999999,0.652299290262591
train,healthy_0565.jpg,0,healthy,0.624023,0.51123,0.238281,0.34082,0.08121093042,0.6991403086673317
train,healthy_0565.jpg,0,healthy,0.244141,0.697266,0.236328,0.519531,0.122779722168,0.45488719633669605
train,healthy_0566.jpg,0,healthy,0.81543,0.625977,0.314453,0.40625,0.12774653125,0.7740381538461538
train,healthy_0566.jpg,0,healthy,0.545898,0.6875,0.263672,0.289062,0.076217555664,0.912164172392082
train,healthy_0566.jpg,0,healthy,0.509766,0.43457,0.322266,0.386719,0.124626385254,0.8333337643094857
train,healthy_0567.jpg,0,healthy,0.508301,0.84668,0.506836,0.244141,0.12373944787599998,2.0759970672685046
train,healthy_0567.jpg,0,healthy,0.805664,0.261719,0.375,0.263672,0.098877,1.4222215479838587
train,healthy_0568.jpg,0,healthy,0.606934,0.741211,0.243164,0.429688,0.104484652832,0.5659082869430843
train,healthy_0568.jpg,0,healthy,0.430176,0.751953,0.280273,0.404297,0.113313533081,0.6932354185165855
train,healthy_0568.jpg,0,healthy,0.449707,0.575195,0.166992,0.476562,0.079582041504,0.35040981026603046
train,healthy_0569.jpg,0,healthy,0.530273,0.536133,0.117188,0.3125,0.03662125,0.3750016
train,healthy_0569.jpg,0,healthy,0.400391,0.542969,0.154297,0.300781,0.046409605957,0.5129878549509443
train,healthy_0569.jpg,0,healthy,0.643555,0.538086,0.146484,0.267578,0.039195895752,0.5474441097549126
train,healthy_0569.jpg,0,healthy,0.257324,0.56543,0.241211,0.220703,0.053235991333000006,1.092921256167791
train,healthy_0569.jpg,0,healthy,0.214844,0.730469,0.248047,0.169922,0.042148642333999994,1.4597697767210838
train,healthy_0569.jpg,0,healthy,0.391113,0.728027,0.22168,0.213867,0.04741003656,1.036532050292939
train,healthy_0569.jpg,0,healthy,0.568359,0.779785,0.146484,0.165039,0.024175572875999998,0.887572028429644
train,healthy_0569.jpg,0,healthy,0.760742,0.728516,0.369141,0.150391,0.055515484131,2.4545418276359623
train,healthy_0569.jpg,0,healthy,0.822266,0.340332,0.232422,0.366211,0.085115493042,0.6346668996835158
train,healthy_0569.jpg,0,healthy,0.23877,0.438965,0.178711,0.364258,0.065096911438,0.49061654102312097
train,healthy_0569.jpg,0,healthy,0.790527,0.642578,0.297852,0.167969,0.050029902588000004,1.7732557793402353
train,healthy_0569.jpg,0,healthy,0.787598,0.560547,0.211914,0.191406,0.040561611084,1.107143976677847
train,healthy_0569.jpg,0,healthy,0.601074,0.166016,0.157227,0.328125,0.051590109375,0.47916800000000004
train,healthy_0569.jpg,0,healthy,0.443848,0.162598,0.241211,0.317383,0.07655627081300001,0.7599997479386104
train,healthy_0569.jpg,0,healthy,0.321289,0.17041,0.333984,0.331055,0.11056707312,1.0088474724743624
train,healthy_0569.jpg,0,healthy,0.763672,0.166016,0.179688,0.322266,0.057907333007999995,0.5575766602744316
train,healthy_0569.jpg,0,healthy,0.245117,0.178223,0.390625,0.331055,0.129318359375,1.1799398891422876
train,healthy_0570.jpg,0,healthy,0.510254,0.620605,0.420898,0.28418,0.11961079363999999,1.481096488141319
train,healthy_0570.jpg,0,healthy,0.191895,0.578125,0.266602,0.408203,0.108827736206,0.6531113196130357
train,healthy_0570.jpg,1,unhealthy,0.353516,0.372559,0.291016,0.325195,0.09463694812000001,0.8948969080090406
train,healthy_0570.jpg,1,unhealthy,0.699707,0.234375,0.401367,0.123047,0.049387005249,3.261899924419124
train,healthy_0574.jpg,0,healthy,0.420898,0.617188,0.544922,0.548828,0.299068451416,0.9928830161726443
train,healthy_0575.jpg,0,healthy,0.523926,0.537598,0.397461,0.803711,0.31944377777099997,0.494532238578295
train,healthy_0576.jpg,0,healthy,0.312988,0.486328,0.422852,0.558594,0.23620259008800001,0.7569934514155182
train,healthy_0576.jpg,0,healthy,0.754395,0.48584,0.450195,0.489258,0.22026150531000002,0.9201586892805023
train,healthy_0576.jpg,0,healthy,0.637207,0.373047,0.194336,0.431641,0.083883385376,0.4502259979937031
train,healthy_0576.jpg,0,healthy,0.508301,0.360352,0.196289,0.484375,0.095077484375,0.4052418064516129
train,healthy_0577.jpg,0,healthy,0.341797,0.692871,0.267578,0.614258,0.16436192712399997,0.4356117462043636
train,healthy_0577.jpg,0,healthy,0.523438,0.661133,0.251953,0.589844,0.148612965332,0.4271519249157404
train,healthy_0577.jpg,1,unhealthy,0.581543,0.201172,0.637695,0.318359,0.20301594250500002,2.003068862510562
train,healthy_0578.jpg,0,healthy,0.358887,0.683105,0.331055,0.633789,0.209819017395,0.5223426092911048
train,healthy_0579.jpg,0,healthy,0.38916,0.692383,0.291992,0.580078,0.16937813537599997,0.5033667886042911
train,healthy_0582.jpg,0,healthy,0.457031,0.349121,0.367188,0.391602,0.143791555176,0.9376560896011767
train,healthy_0582.jpg,0,healthy,0.73584,0.361816,0.291992,0.364258,0.106360421936,0.8016076517193855
train,healthy_0582.jpg,1,unhealthy,0.353027,0.54834,0.469727,0.311523,0.146330764221,1.5078405125785255
train,healthy_0583.jpg,0,healthy,0.542969,0.350586,0.4375,0.4375,0.19140625,1.0
train,healthy_0583.jpg,0,healthy,0.60498,0.445801,0.49707,0.438477,0.21795376239,1.1336284457337558
train,healthy_0583.jpg,0,healthy,0.709473,0.499512,0.518555,0.399414,0.20711812677,1.2982894941088694
train,healthy_0583.jpg,0,healthy,0.59375,0.739258,0.480469,0.291016,0.13982416650399998,1.6510054429996976
train,healthy_0583.jpg,0,healthy,0.611328,0.890137,0.443359,0.209961,0.093088098999,2.1116254923533417
train,healthy_0583.jpg,0,healthy,0.221191,0.828613,0.327148,0.299805,0.09808060614,1.091202615033105
train,healthy_0583.jpg,0,healthy,0.102539,0.682617,0.203125,0.316406,0.06426996875,0.641975815882126
train,healthy_0583.jpg,0,healthy,0.23877,0.464844,0.211914,0.166016,0.035181114624,1.27646732845027
train,healthy_0583.jpg,0,healthy,0.218262,0.702148,0.270508,0.230469,0.06234370825200001,1.1737283539217858
train,healthy_0583.jpg,0,healthy,0.625,0.111816,0.34375,0.22168,0.07620249999999999,1.5506586070010828
train,healthy_0583.jpg,0,healthy,0.303711,0.133301,0.287109,0.262695,0.075422098755,1.0929366756124022
train,healthy_0584.jpg,0,healthy,0.630859,0.462891,0.513672,0.232422,0.119388673584,2.2100833828122983
train,healthy_0584.jpg,0,healthy,0.229492,0.500488,0.363281,0.268555,0.097560928955,1.3527247677384522
train,healthy_0584.jpg,0,healthy,0.634766,0.693359,0.490234,0.248047,0.12160107299799999,1.976375444976154
train,healthy_0584.jpg,0,healthy,0.686523,0.200195,0.544922,0.34375,0.1873169375,1.5852276363636364
train,healthy_0584.jpg,0,healthy,0.12793,0.320801,0.246094,0.348633,0.08579648950200001,0.7058826903936231
train,healthy_0584.jpg,0,healthy,0.748047,0.282227,0.492188,0.224609,0.110549854492,2.191310232448388
train,healthy_0584.jpg,0,healthy,0.245605,0.370117,0.311523,0.167969,0.052326206787,1.854645797736487
train,healthy_0586.jpg,0,healthy,0.564453,0.643066,0.802734,0.262695,0.21087420813,3.055764289385028
train,healthy_0586.jpg,0,healthy,0.545898,0.465332,0.722656,0.260742,0.18842677075199998,2.7715366147379403
train,healthy_0587.jpg,0,healthy,0.524902,0.467285,0.536133,0.260742,0.13979239068599997,2.0561819729847897
train,healthy_0587.jpg,0,healthy,0.664062,0.635254,0.595703,0.208008,0.12391098962399999,2.8638465828237374
train,healthy_0587.jpg,0,healthy,0.196289,0.711914,0.322266,0.195312,0.062942416992,1.6500061440157285
train,healthy_0587.jpg,0,healthy,0.181152,0.572266,0.297852,0.201172,0.059919482544,1.4805837790547394
train,healthy_0587.jpg,0,healthy,0.317383,0.172363,0.253906,0.338867,0.086040364502,0.7492792157395085
train,healthy_0587.jpg,0,healthy,0.740234,0.14502,0.519531,0.264648,0.137492840088,1.9631019316223814
train,healthy_0587.jpg,0,healthy,0.76416,0.328613,0.456055,0.217773,0.099316465515,2.0941760456989615
train,healthy_0588.jpg,0,healthy,0.455078,0.546875,0.539062,0.275391,0.14845282324200001,1.9574423274544195
train,healthy_0588.jpg,0,healthy,0.587891,0.210449,0.583984,0.229492,0.134019656128,2.5446812960800376
train,healthy_0588.jpg,0,healthy,0.726562,0.456543,0.537109,0.297852,0.159978989868,1.8032747807636005
train,healthy_0589.jpg,0,healthy,0.513184,0.709961,0.264648,0.570312,0.150931930176,0.4640407355973572
train,healthy_0589.jpg,0,healthy,0.330566,0.732422,0.344727,0.525391,0.181116463257,0.6561341933912076
train,healthy_0590.jpg,0,healthy,0.344238,0.705566,0.293945,0.438477,0.128888121765,0.6703772375746049
train,healthy_0593.jpg,0,healthy,0.212891,0.428711,0.28125,0.082031,0.02307121875,3.428581877582865
train,healthy_0593.jpg,0,healthy,0.305176,0.217285,0.120117,0.272461,0.032727197937000005,0.4408594257526765
train,healthy_0593.jpg,0,healthy,0.415527,0.257324,0.166992,0.192383,0.032126421936,0.8680184839616806
train,healthy_0593.jpg,0,healthy,0.177734,0.329102,0.287109,0.128906,0.037010072754,2.2272741377437826
train,healthy_0593.jpg,0,healthy,0.870117,0.108398,0.128906,0.179688,0.023162861328,0.7173879168336227
train,healthy_0593.jpg,0,healthy,0.841309,0.310059,0.133789,0.124023,0.016592913147,1.0787434588745635
train,healthy_0594.jpg,0,healthy,0.55127,0.226562,0.12793,0.208984,0.026735323119999998,0.6121521264785821
train,healthy_0594.jpg,0,healthy,0.528809,0.381836,0.22168,0.103516,0.022947426879999996,2.1415046949263883
train,healthy_0594.jpg,0,healthy,0.650879,0.447754,0.149414,0.110352,0.016488133728,1.353976366536175
train,healthy_0594.jpg,0,healthy,0.280273,0.367188,0.134766,0.173828,0.023426104248000002,0.775283613687093
train,healthy_0594.jpg,0,healthy,0.384766,0.477051,0.132812,0.112305,0.014915451660000002,1.1826009527625663
train,healthy_0594.jpg,0,healthy,0.550781,0.58252,0.212891,0.086914,0.018503208374,2.449444278252065
train,healthy_0594.jpg,0,healthy,0.520508,0.485352,0.175781,0.099609,0.017509369628999998,1.764710016163198
train,healthy_0594.jpg,0,healthy,0.413086,0.312012,0.150391,0.157227,0.023645525757,0.956521462598663
train,healthy_0594.jpg,0,healthy,0.265625,0.258789,0.158203,0.193359,0.030589973877000003,0.8181827584958549
train,healthy_0594.jpg,0,healthy,0.119141,0.280762,0.169922,0.208008,0.035345135375999995,0.8169012730279605
train,healthy_0594.jpg,0,healthy,0.155762,0.421387,0.227539,0.106445,0.024220388855,2.137620367325849
train,healthy_0594.jpg,0,healthy,0.685059,0.229004,0.161133,0.15332,0.02470491156,1.050958779024263
train,healthy_0594.jpg,0,healthy,0.416016,0.188477,0.152344,0.175781,0.026779180664,0.8666693214852573
train,healthy_0594.jpg,0,healthy,0.742188,0.338379,0.212891,0.124023,0.026403380493,1.71654451190505
train,healthy_0594.jpg,0,healthy,0.195312,0.161133,0.123047,0.259766,0.031963427002,0.4736840079148157
train,healthy_0594.jpg,0,healthy,0.339844,0.111816,0.134766,0.135742,0.018293406372,0.9928098893489119
train,healthy_0594.jpg,0,healthy,0.502441,0.669922,0.180664,0.082031,0.014820048584,2.2023869025124645
train,healthy_0595.jpg,0,healthy,0.412109,0.367188,0.351562,0.230469,0.081024142578,1.5254199046292558
train,healthy_0595.jpg,0,healthy,0.413086,0.631348,0.410156,0.182617,0.07490145825200001,2.245990241872334
train,healthy_0595.jpg,1,unhealthy,0.404297,0.765625,0.472656,0.185547,0.08769990283199999,2.547365357564391
train,healthy_0595.jpg,1,unhealthy,0.650391,0.795898,0.238281,0.351562,0.08377054492199999,0.6777780306176435
train,healthy_0596.jpg,0,healthy,0.506836,0.57373,0.378906,0.22168,0.08399588208,1.7092475640562976
train,healthy_0596.jpg,0,healthy,0.667969,0.419922,0.478516,0.160156,0.07663720849599999,2.9878118834136718
train,healthy_0597.jpg,0,healthy,0.348633,0.658203,0.169922,0.220703,0.037502295165999996,0.7699125068531012
train,healthy_0597.jpg,0,healthy,0.484375,0.704102,0.166016,0.248047,0.041179770751999994,0.6692925131124343
train,healthy_0597.jpg,0,healthy,0.727051,0.660645,0.262695,0.155273,0.040789440735,1.691826653700257
train,healthy_0597.jpg,0,healthy,0.210449,0.623535,0.266602,0.166992,0.044520401184000004,1.596495640509725
train,healthy_0598.jpg,0,healthy,0.577637,0.51416,0.182617,0.28418,0.05189609906,0.642610317404462
train,healthy_0598.jpg,0,healthy,0.41748,0.511719,0.145508,0.242188,0.035240291503999994,0.6008059854328043
train,healthy_0598.jpg,0,healthy,0.675781,0.602051,0.28125,0.209961,0.059051531250000004,1.339534484975781
train,healthy_0598.jpg,0,healthy,0.689453,0.811035,0.283203,0.178711,0.050611491333,1.5846981998869683
train,healthy_0598.jpg,0,healthy,0.52002,0.76709,0.137695,0.194336,0.026759095520000005,0.7085408776551951
train,healthy_0598.jpg,0,healthy,0.38623,0.674316,0.174805,0.141602,0.02475273761,1.2344811513961667
train,healthy_0598.jpg,0,healthy,0.384766,0.819824,0.130859,0.15332,0.020063301880000002,0.8535024784763892
train,healthy_0598.jpg,0,healthy,0.418457,0.257812,0.196289,0.419922,0.082426069458,0.4674415724825086
train,healthy_0598.jpg,0,healthy,0.473633,0.223145,0.115234,0.428711,0.049402083374000004,0.26879179680484055
train,healthy_0598.jpg,0,healthy,0.59668,0.212402,0.173828,0.327148,0.056867482544,0.5313436120654872
train,healthy_0598.jpg,0,healthy,0.397949,0.36084,0.198242,0.243164,0.048205317688,0.8152604826372325
train,healthy_0599.jpg,0,healthy,0.442383,0.622559,0.160156,0.368164,0.058963673583999995,0.43501265740267925
train,healthy_0599.jpg,0,healthy,0.591309,0.60791,0.217773,0.288086,0.062737352478,0.7559305207472768
train,healthy_0599.jpg,0,healthy,0.743164,0.535156,0.345703,0.1875,0.0648193125,1.8437493333333332
train,healthy_0599.jpg,1,unhealthy,0.291504,0.617676,0.239258,0.305664,0.073132557312,0.7827483773031826
train,healthy_0600.jpg,0,healthy,0.506348,0.590332,0.165039,0.360352,0.059472133728,0.4579938504573306
train,healthy_0600.jpg,0,healthy,0.75,0.59375,0.289062,0.416016,0.120254416992,0.6948338525441329
train,healthy_0600.jpg,0,healthy,0.310059,0.715332,0.301758,0.334961,0.10107716143800001,0.9008750272419774
train,healthy_0600.jpg,0,healthy,0.236816,0.279297,0.186523,0.423828,0.07905367004399999,0.4400912634370547
train,healthy_0601.jpg,0,healthy,0.457031,0.528809,0.263672,0.606445,0.15990256604000003,0.4347830388576046
train,healthy_0601.jpg,0,healthy,0.684082,0.508789,0.366211,0.552734,0.202417270874,0.6625447321858254
train,healthy_0601.jpg,0,healthy,0.20459,0.53125,0.37793,0.585938,0.22144354834,0.6449999829333479
train,healthy_0603.jpg,1,unhealthy,0.391113,0.532227,0.274414,0.097656,0.026798173584000003,2.810006553616777
train,healthy_0603.jpg,0,healthy,0.719238,0.667969,0.256836,0.095703,0.024579975708,2.683677627660575
train,healthy_0603.jpg,0,healthy,0.806641,0.395508,0.326172,0.101562,0.033126680664,3.2115555030424767
train,healthy_0603.jpg,0,healthy,0.19873,0.470215,0.147461,0.350586,0.051697762146000005,0.42061291665953576
train,healthy_0605.jpg,0,healthy,0.441895,0.285156,0.87207,0.443359,0.38664008313000003,1.9669613112624307
train,healthy_0605.jpg,0,healthy,0.466309,0.684082,0.930664,0.428711,0.39898589410400004,2.170842362337332
train,healthy_0606.jpg,0,healthy,0.660645,0.341309,0.348633,0.567383,0.197808437439,0.6144579587333424
train,healthy_0607.jpg,0,healthy,0.491211,0.726562,0.916016,0.392578,0.359607729248,2.333335031509662
train,healthy_0607.jpg,0,healthy,0.476074,0.303711,0.932617,0.472656,0.440807020752,1.9731411428184558
train,healthy_0608.jpg,0,healthy,0.280273,0.693359,0.394531,0.179688,0.07089248632799999,2.1956446729887364
train,healthy_0608.jpg,0,healthy,0.319824,0.119141,0.114258,0.214844,0.024547645752,0.5318184357021839
train,healthy_0608.jpg,0,healthy,0.496582,0.86084,0.416992,0.149414,0.06230444268799999,2.7908495857148594
train,healthy_0608.jpg,0,healthy,0.441895,0.567383,0.27832,0.195312,0.054359235840000006,1.4250020480052428
train,healthy_0609.jpg,0,healthy,0.406738,0.397949,0.780273,0.418945,0.326891471985,1.8624712074377303
train,healthy_0610.jpg,0,healthy,0.473633,0.177246,0.669922,0.303711,0.203462680542,2.20578773900188
train,healthy_0610.jpg,0,healthy,0.415039,0.476562,0.751953,0.335938,0.252609586914,2.2383683894051876
train,healthy_0610.jpg,0,healthy,0.469238,0.773926,0.69043,0.303711,0.20969118573,2.2733124582250888
train,healthy_0611.jpg,0,healthy,0.550781,0.637207,0.777344,0.301758,0.23456977075200003,2.576051007761186
train,healthy_0611.jpg,0,healthy,0.544922,0.348633,0.808594,0.380859,0.307960302246,2.1230796699040853
train,healthy_0612.jpg,0,healthy,0.528809,0.429688,0.854492,0.400391,0.342130906372,2.1341438743628105
train,healthy_0612.jpg,0,healthy,0.568848,0.72998,0.831055,0.364258,0.30271843219,2.2815010239994726
train,healthy_0614.jpg,0,healthy,0.559082,0.229004,0.749023,0.290039,0.217245881897,2.5824906305703714
train,healthy_0614.jpg,0,healthy,0.577637,0.477539,0.704102,0.294922,0.20765517004400003,2.3874176901011115
train,healthy_0614.jpg,0,healthy,0.543945,0.776855,0.802734,0.28418,0.22812094811999997,2.824737842212682
train,healthy_0615.jpg,0,healthy,0.279297,0.520508,0.367188,0.728516,0.267502333008,0.5040218746053621
train,healthy_0615.jpg,0,healthy,0.550293,0.585449,0.307617,0.829102,0.25504586993399997,0.37102431305195255
train,healthy_0615.jpg,0,healthy,0.796875,0.550293,0.392578,0.838867,0.329320729126,0.4679859858594985
train,healthy_0616.jpg,0,healthy,0.226562,0.53125,0.359375,0.666016,0.23934950000000002,0.5395891389996637
train,healthy_0616.jpg,0,healthy,0.499512,0.519043,0.311523,0.708008,0.220560776184,0.4399992655450221
train,healthy_0616.jpg,0,healthy,0.733398,0.592285,0.292969,0.75293,0.22058514917,0.38910522890574156
train,healthy_0617.jpg,0,healthy,0.52832,0.541992,0.535156,0.873047,0.467216340332,0.6129750173816529
train,healthy_0618.jpg,0,healthy,0.488281,0.533203,0.546875,0.794922,0.43472296875,0.6879605797801546
train,healthy_0619.jpg,0,healthy,0.34082,0.563965,0.373047,0.81543,0.30419371521,0.4574850079099371
train,healthy_0619.jpg,0,healthy,0.712402,0.620117,0.463867,0.726562,0.337028135254,0.6384410415078134
train,healthy_0620.jpg,0,healthy,0.348633,0.530273,0.433594,0.681641,0.295555447754,0.6361031686767668
train,healthy_0621.jpg,0,healthy,0.678711,0.611328,0.351562,0.669922,0.235519118164,0.5247804968339598
train,healthy_0623.jpg,0,healthy,0.383789,0.473145,0.664062,0.34082,0.22632561084000002,1.9484243882401269
train,healthy_0625.jpg,0,healthy,0.456543,0.512695,0.866211,0.585938,0.507545940918,1.4783321784898744
train,healthy_0626.jpg,0,healthy,0.512695,0.527832,0.898438,0.416992,0.37464145849599995,2.154568912593047
train,healthy_0627.jpg,0,healthy,0.458496,0.644531,0.795898,0.357422,0.284471454956,2.2267739534779616
train,healthy_0628.jpg,0,healthy,0.451172,0.44873,0.75,0.370117,0.27758774999999997,2.0263862508341957
train,healthy_0629.jpg,0,healthy,0.460938,0.463867,0.886719,0.285156,0.25285324316400004,3.1095926440264274
train,healthy_0631.jpg,0,healthy,0.423828,0.501465,0.771484,0.448242,0.34581153112799995,1.7211327809531458
train,healthy_0632.jpg,0,healthy,0.450684,0.63623,0.74707,0.374023,0.27942136261,1.9973905348066832
train,healthy_0633.jpg,0,healthy,0.459473,0.568359,0.84082,0.5625,0.47296125,1.4947911111111112
train,healthy_0634.jpg,0,healthy,0.489258,0.647949,0.847656,0.543945,0.46107824292,1.558348730110581
train,healthy_0641.jpg,0,healthy,0.416504,0.408203,0.78418,0.421875,0.3308259375,1.858797037037037
train,healthy_0642.jpg,0,healthy,0.481934,0.536621,0.807617,0.491211,0.396710354187,1.6441345979629935
train,healthy_0643.jpg,0,healthy,0.431152,0.477051,0.821289,0.514648,0.422674741272,1.595826662106916
train,healthy_0644.jpg,0,healthy,0.401367,0.515625,0.761719,0.394531,0.300521758789,1.9306949263809434
train,healthy_0645.jpg,0,healthy,0.436035,0.456055,0.745117,0.320312,0.238669916504,2.3262225580059446
train,healthy_0646.jpg,0,healthy,0.462402,0.528809,0.829102,0.385742,0.319819463684,2.1493692675415175
train,healthy_0647.jpg,0,healthy,0.45752,0.509277,0.758789,0.37207,0.28232262323,2.0393716236192114
train,healthy_0648.jpg,0,healthy,0.413574,0.522949,0.706055,0.385742,0.27235506780999996,1.8303814466664248
train,healthy_0652.jpg,0,healthy,0.476074,0.446289,0.844727,0.419922,0.354719451294,2.0116283500269097
train,healthy_0653.jpg,0,healthy,0.450684,0.155762,0.657227,0.286133,0.188054333191,2.2969283515008754
train,healthy_0653.jpg,0,healthy,0.461426,0.387695,0.750977,0.267578,0.20094492370599998,2.8065722892016534
train,healthy_0653.jpg,0,healthy,0.48584,0.615723,0.833008,0.231445,0.19279553656,3.5991617878977724
train,healthy_0653.jpg,1,unhealthy,0.425781,0.84668,0.591797,0.248047,0.146793470459,2.3858260732844987
train,healthy_0654.jpg,0,healthy,0.372559,0.599121,0.62793,0.262695,0.16495407135,2.390338605607263
train,healthy_0654.jpg,1,unhealthy,0.431152,0.792969,0.555664,0.228516,0.12697811462400002,2.4316196677694344
train,healthy_0654.jpg,1,unhealthy,0.423828,0.397949,0.470703,0.256836,0.120893475708,1.832698687099939
train,healthy_0654.jpg,0,healthy,0.475098,0.193848,0.641602,0.286133,0.18358350506600002,2.2423208787521887
train,healthy_0655.jpg,0,healthy,0.515625,0.146484,0.5625,0.251953,0.14172356249999998,2.232559247161177
train,healthy_0655.jpg,0,healthy,0.464355,0.357422,0.59668,0.277344,0.16548561792,2.151407638167763
train,healthy_0655.jpg,0,healthy,0.430664,0.614258,0.617188,0.267578,0.165145930664,2.3065722892016534
train,healthy_0655.jpg,1,unhealthy,0.520996,0.870117,0.774414,0.255859,0.198140791626,3.0267217490883653
train,healthy_0658.jpg,0,healthy,0.492676,0.536621,0.979492,0.370117,0.36252664056399997,2.6464388288027845
train,healthy_0659.jpg,0,healthy,0.530273,0.267578,0.806641,0.435547,0.35133006762700003,1.8520182666853406
train,healthy_0659.jpg,0,healthy,0.498047,0.72168,0.910156,0.523438,0.47641023632799995,1.73880383159037
train,healthy_0660.jpg,0,healthy,0.37793,0.549805,0.751953,0.425781,0.320167300293,1.766055789243766
train,healthy_0660.jpg,0,healthy,0.42627,0.300293,0.69043,0.350586,0.24205509198,1.9693598717575715
train,healthy_0660.jpg,0,healthy,0.461426,0.068359,0.875977,0.134766,0.118051916382,6.499985159461586
train,healthy_0661.jpg,0,healthy,0.515625,0.757324,0.787109,0.432617,0.34051673425299994,1.8194130142828413
train,healthy_0662.jpg,0,healthy,0.40332,0.341797,0.751953,0.519531,0.390662894043,1.4473688769293844
train,healthy_0662.jpg,0,healthy,0.475098,0.794922,0.766602,0.378906,0.29047009741200003,2.023198365821602
train,healthy_0663.jpg,0,healthy,0.46875,0.814453,0.912109,0.363281,0.331351869629,2.5107533837442637
train,healthy_0665.jpg,0,healthy,0.519531,0.631348,0.863281,0.381836,0.329631763916,2.2608685404204945
train,healthy_0668.jpg,1,unhealthy,0.509277,0.177246,0.844727,0.34082,0.28789985614,2.4785135848835163
train,healthy_0668.jpg,0,healthy,0.504395,0.563477,0.807617,0.447266,0.361219625122,1.8056749227529032
train,healthy_0669.jpg,0,healthy,0.44043,0.631348,0.822266,0.43457,0.35733213562000005,1.8921370550199048
train,healthy_0669.jpg,0,healthy,0.435059,0.23584,0.795898,0.428711,0.341210227478,1.8564907361835827
train,healthy_0674.jpg,0,healthy,0.423828,0.687012,0.816406,0.549805,0.44886410082999995,1.4849010103582179
train,healthy_0675.jpg,0,healthy,0.543945,0.651367,0.630859,0.414062,0.261214739258,1.5235858398017688
train,healthy_0677.jpg,0,healthy,0.595215,0.460449,0.788086,0.336914,0.26551720660399997,2.3391310542156156
train,healthy_0677.jpg,0,healthy,0.578125,0.737305,0.669922,0.451172,0.302250048584,1.484848350518206
train,healthy_0677.jpg,0,healthy,0.58252,0.15332,0.688477,0.292969,0.201702418213,2.349999488000437
train,healthy_0678.jpg,0,healthy,0.521973,0.457031,0.897461,0.357422,0.320772305542,2.510928258473177
train,healthy_0678.jpg,0,healthy,0.513184,0.763184,0.879883,0.448242,0.394400515686,1.9629642023728255
train,healthy_0679.jpg,0,healthy,0.597168,0.464844,0.764648,0.498047,0.380830642456,1.5352928538872836
train,healthy_0679.jpg,0,healthy,0.47168,0.73877,0.802734,0.512695,0.41155770813,1.565714508625986
train,healthy_0680.jpg,0,healthy,0.47168,0.4375,0.753906,0.511719,0.385788024414,1.4732812344274884
train,healthy_0682.jpg,0,healthy,0.605469,0.430176,0.789062,0.348633,0.27509305224600006,2.263302670716771
train,healthy_0682.jpg,0,healthy,0.59668,0.691895,0.730469,0.43457,0.31743991333000005,1.6809006604229468
train,healthy_0683.jpg,0,healthy,0.558594,0.506836,0.820312,0.474609,0.389327458008,1.7283953738761804
train,healthy_0684.jpg,0,healthy,0.568848,0.693848,0.733398,0.350586,0.257119071228,2.091920384727285
train,healthy_0685.jpg,0,healthy,0.41748,0.430664,0.432617,0.734375,0.31770310937499996,0.5890954893617021
train,healthy_0685.jpg,1,unhealthy,0.772461,0.397461,0.376953,0.757812,0.285659506836,0.4974228436604329
train,healthy_0687.jpg,0,healthy,0.435547,0.458496,0.314453,0.813477,0.255800283081,0.38655426029254664
train,healthy_0687.jpg,0,healthy,0.746094,0.512695,0.486328,0.738281,0.359046722168,0.6587302124800719
train,healthy_0690.jpg,0,healthy,0.405762,0.498047,0.717773,0.679688,0.487861694824,1.056033062228552
train,healthy_0691.jpg,0,healthy,0.555664,0.368652,0.394531,0.71582,0.28241318042,0.5511595093738649
train,healthy_0691.jpg,0,healthy,0.866211,0.378906,0.255859,0.716797,0.183398963623,0.35694764347507035
train,healthy_0691.jpg,0,healthy,0.269043,0.39209,0.52832,0.663086,0.35032159552,0.796759394708982
train,healthy_0691.jpg,0,healthy,0.185059,0.658203,0.352539,0.509766,0.179712395874,0.6915702498793563
train,healthy_0692.jpg,0,healthy,0.654297,0.402344,0.316406,0.662109,0.209495260254,0.4778759992690026
train,healthy_0692.jpg,0,healthy,0.32959,0.386719,0.37793,0.707031,0.26720822583,0.5345310177347246
train,healthy_0692.jpg,0,healthy,0.822754,0.528809,0.350586,0.551758,0.193438630188,0.6353981274399284
train,healthy_0692.jpg,0,healthy,0.163574,0.51123,0.323242,0.506836,0.16383068231199996,0.6377644839750926
train,healthy_0694.jpg,0,healthy,0.376953,0.566406,0.402344,0.564453,0.227104277832,0.7128033689253135
train,healthy_0694.jpg,0,healthy,0.762695,0.583984,0.310547,0.625,0.19409187500000002,0.4968752
train,healthy_0694.jpg,0,healthy,0.575195,0.57666,0.181641,0.563477,0.102350525757,0.3223574342874687
train,healthy_0702.jpg,0,healthy,0.567383,0.288086,0.730469,0.417969,0.305313397461,1.7476631042015078
train,healthy_0702.jpg,0,healthy,0.615234,0.710938,0.761719,0.435547,0.33176442529300004,1.7488789958374182
train,healthy_0704.jpg,0,healthy,0.541992,0.395996,0.669922,0.567383,0.38010235412599996,1.180722721688877
train,healthy_0704.jpg,0,healthy,0.655273,0.714844,0.675781,0.337891,0.22834031787099998,1.9999970404657121
train,healthy_0704.jpg,0,healthy,0.295898,0.37207,0.386719,0.427734,0.165412864746,0.9041109661612123
train,healthy_0705.jpg,0,healthy,0.588379,0.260742,0.786133,0.447266,0.351610562378,1.757640866956129
train,healthy_0705.jpg,0,healthy,0.572266,0.724609,0.777344,0.386719,0.300613694336,2.01010035710684
train,healthy_0706.jpg,0,healthy,0.555664,0.337891,0.703125,0.402344,0.282898125,1.747571729664168
train,healthy_0706.jpg,0,healthy,0.63623,0.605957,0.698242,0.30957,0.21615477594000002,2.255522175921439
train,healthy_0706.jpg,0,healthy,0.633301,0.845215,0.713867,0.288086,0.20565508856200002,2.47796491325507
train,healthy_0706.jpg,0,healthy,0.316895,0.206543,0.483398,0.405273,0.195908157654,1.1927712924374434
train,healthy_0707.jpg,0,healthy,0.510254,0.45752,0.713867,0.510742,0.364601859314,1.3977056909359324
train,healthy_0707.jpg,0,healthy,0.574707,0.663574,0.62207,0.325195,0.20229405365,1.912913790187426
train,healthy_0707.jpg,0,healthy,0.30127,0.417969,0.561523,0.517578,0.290631951294,1.0849050771091506
train,healthy_0708.jpg,0,healthy,0.61084,0.375,0.52832,0.498047,0.26312819104,1.060783420038671
train,healthy_0708.jpg,0,healthy,0.569824,0.743164,0.577148,0.384766,0.222066927368,1.4999974010177615
train,healthy_0708.jpg,0,healthy,0.122559,0.194824,0.241211,0.385742,0.093045213562,0.6253169216730354
train,healthy_0708.jpg,0,healthy,0.164062,0.566406,0.314453,0.53125,0.16705315625,0.5919115294117647
train,healthy_0710.jpg,0,healthy,0.302246,0.574219,0.25293,0.439453,0.11115084729,0.5755564303804958
train,healthy_0710.jpg,0,healthy,0.574219,0.530273,0.292969,0.396484,0.11615752099599999,0.7389175855772238
train,healthy_0710.jpg,0,healthy,0.777832,0.466797,0.424805,0.335938,0.14270814209,1.2645339318564734
train,healthy_0710.jpg,0,healthy,0.142578,0.520508,0.269531,0.386719,0.104232758789,0.696968599939491
train,healthy_0711.jpg,0,healthy,0.280762,0.555176,0.258789,0.444336,0.114989269104,0.5824173598357999
train,healthy_0711.jpg,0,healthy,0.151855,0.508301,0.293945,0.401367,0.117979822815,0.7323596608590144
train,healthy_0711.jpg,0,healthy,0.54834,0.516113,0.288086,0.391602,0.112815053772,0.7356601855966006
train,healthy_0711.jpg,0,healthy,0.760254,0.473145,0.430664,0.34082,0.14677890448,1.263611290417229
train,healthy_0711.jpg,0,healthy,0.819824,0.406738,0.352539,0.299805,0.105692954895,1.175894331315355
train,healthy_0714.jpg,0,healthy,0.743652,0.366211,0.508789,0.541016,0.27526298962400003,0.940432445620832
train,healthy_0714.jpg,0,healthy,0.54541,0.48877,0.391602,0.510742,0.200007588684,0.7667315396031655
train,healthy_0714.jpg,0,healthy,0.200195,0.582031,0.378906,0.564453,0.213874628418,0.6712799825671935
train,healthy_0715.jpg,0,healthy,0.510254,0.553711,0.344727,0.585938,0.201988648926,0.5883335779553469
train,healthy_0715.jpg,0,healthy,0.147461,0.510742,0.292969,0.583984,0.17108920849599998,0.5016729910408504
train,healthy_0715.jpg,0,healthy,0.72998,0.501953,0.393555,0.501953,0.197546112915,0.7840475104242828
train,healthy_0717.jpg,0,healthy,0.367676,0.484863,0.524414,0.125977,0.06606410247800001,4.162775744778809
train,healthy_0717.jpg,0,healthy,0.431641,0.705566,0.445312,0.280273,0.12480893017599999,1.5888508704013586
train,healthy_0717.jpg,0,healthy,0.59375,0.209473,0.310547,0.370117,0.114938723999,0.8390508947170761
train,healthy_0717.jpg,0,healthy,0.376953,0.618164,0.484375,0.15625,0.07568359375,3.1
train,healthy_0717.jpg,0,healthy,0.402832,0.374023,0.450195,0.191406,0.08617002417,2.352042255728661
train,healthy_0717.jpg,0,healthy,0.517578,0.79541,0.349609,0.317383,0.110959953247,1.101536629246053
train,healthy_0717.jpg,0,healthy,0.733398,0.208984,0.394531,0.410156,0.161819256836,0.9619047386847931
train,healthy_0718.jpg,0,healthy,0.57373,0.379395,0.62793,0.333008,0.20910571344,1.8856303752462402
train,healthy_0718.jpg,0,healthy,0.46582,0.515625,0.783203,0.302734,0.237102177002,2.587099565955591
train,healthy_0718.jpg,0,healthy,0.459473,0.716797,0.836914,0.222656,0.186343923584,3.758775869502731
train,healthy_0719.jpg,0,healthy,0.534668,0.565918,0.358398,0.647461,0.23204872747799998,0.5535437655704359
train,healthy_0719.jpg,0,healthy,0.219727,0.599121,0.306641,0.688477,0.211115275757,0.4453903325746539
train,healthy_0719.jpg,0,healthy,0.736328,0.623047,0.384766,0.537109,0.20666128149399998,0.7163648346983574
train,healthy_0721.jpg,0,healthy,0.521973,0.599121,0.282227,0.594727,0.167848017029,0.47454882660447567
train,healthy_0721.jpg,0,healthy,0.370605,0.591797,0.338867,0.59375,0.20120228124999998,0.5707233684210525
train,healthy_0721.jpg,0,healthy,0.179199,0.447266,0.348633,0.558594,0.19474430200200002,0.6241259304611221
train,healthy_0721.jpg,0,healthy,0.767578,0.567383,0.220703,0.570312,0.12586956933600002,0.3869864214675476
train,healthy_0721.jpg,0,healthy,0.875,0.516602,0.240234,0.53125,0.1276243125,0.4522051764705882
train,healthy_0722.jpg,0,healthy,0.85498,0.53125,0.27832,0.591797,0.16470894104,0.4702964023136312
train,healthy_0722.jpg,0,healthy,0.203125,0.418457,0.400391,0.467773,0.187292099243,0.8559514978419019
train,healthy_0722.jpg,0,healthy,0.714844,0.581055,0.222656,0.519531,0.11567669433599999,0.4285711535981491
train,healthy_0722.jpg,0,healthy,0.449219,0.625488,0.289062,0.499023,0.144248586426,0.5792558659620899
train,healthy_0722.jpg,0,healthy,0.310059,0.598633,0.348633,0.484375,0.16886910937500002,0.7197584516129033
train,healthy_0723.jpg,0,healthy,0.491699,0.556641,0.436523,0.886719,0.387073238037,0.4922901167111565
train,healthy_0724.jpg,0,healthy,0.540527,0.597168,0.364258,0.770508,0.280663703064,0.47275044516085496
train,healthy_0724.jpg,0,healthy,0.766113,0.51416,0.266602,0.719727,0.191880657654,0.3704210068539877
train,healthy_0726.jpg,0,healthy,0.473145,0.446289,0.338867,0.650391,0.220396046997,0.5210204323245554
train,healthy_0727.jpg,0,healthy,0.758301,0.524414,0.461914,0.810547,0.374403006958,0.5698793530788467
train,healthy_0727.jpg,1,unhealthy,0.472168,0.54834,0.321289,0.836914,0.268891262146,0.38389727020936437
train,healthy_0727.jpg,0,healthy,0.193848,0.486816,0.30957,0.87207,0.2699667099,0.35498297155044894
train,healthy_0729.jpg,0,healthy,0.600098,0.334473,0.768555,0.374023,0.287457246765,2.0548335262804693
train,healthy_0729.jpg,0,healthy,0.595215,0.710449,0.725586,0.579102,0.420188303772,1.2529502574675964
train,healthy_0731.jpg,0,healthy,0.643066,0.753418,0.233398,0.416992,0.09732509881599999,0.5597181720512624
train,healthy_0731.jpg,0,healthy,0.733398,0.688965,0.298828,0.348633,0.10418130212400001,0.8571420376154867
train,healthy_0731.jpg,0,healthy,0.749512,0.573242,0.319336,0.210938,0.067360097168,1.5138855967156228
train,healthy_0731.jpg,0,healthy,0.789551,0.458008,0.387695,0.164062,0.06360601709000001,2.3631005351635355
train,healthy_0731.jpg,0,healthy,0.231445,0.270996,0.408203,0.180664,0.073747586792,2.259459549218439
train,healthy_0731.jpg,0,healthy,0.236816,0.445801,0.391602,0.196289,0.076867164978,1.995027739710325
train,healthy_0731.jpg,0,healthy,0.361328,0.723633,0.230469,0.474609,0.10938266162100001,0.48559761824997
train,healthy_0732.jpg,0,healthy,0.481445,0.601074,0.476562,0.797852,0.380225944824,0.597306267327775
train,healthy_0733.jpg,0,healthy,0.434082,0.327148,0.807617,0.408203,0.329671682251,1.9784690460383683
train,healthy_0733.jpg,0,healthy,0.416992,0.512695,0.830078,0.25,0.2075195,3.320312
train,healthy_0733.jpg,0,healthy,0.440918,0.77002,0.844727,0.258789,0.218606055603,3.2641534222861095
train,healthy_0734.jpg,0,healthy,0.600098,0.603027,0.211914,0.688477,0.145897914978,0.3078011320639615
train,healthy_0734.jpg,0,healthy,0.300781,0.504883,0.388672,0.550781,0.21407315283199999,0.7056743061216709
train,healthy_0734.jpg,0,healthy,0.208496,0.422363,0.407227,0.407227,0.165833829529,1.0
train,healthy_0734.jpg,0,healthy,0.825195,0.561035,0.349609,0.629883,0.220212765747,0.5550379991204716
train,healthy_0734.jpg,0,healthy,0.182617,0.26123,0.349609,0.280273,0.097985963257,1.247387368744046
train,healthy_0735.jpg,0,healthy,0.66748,0.405762,0.235352,0.655273,0.154219811096,0.35916633220047217
train,healthy_0735.jpg,0,healthy,0.844727,0.486816,0.310547,0.541992,0.16831398962400002,0.5729734018214291
train,healthy_0736.jpg,0,healthy,0.458496,0.353516,0.893555,0.658203,0.5881405816649999,1.357567498173056
train,healthy_0739.jpg,0,healthy,0.377441,0.433105,0.209961,0.540039,0.11338712847900001,0.3887885874909034
train,healthy_0739.jpg,0,healthy,0.195312,0.476562,0.316406,0.525391,0.16623686474600002,0.6022295775907848
train,healthy_0739.jpg,0,healthy,0.611328,0.433594,0.287109,0.451172,0.129535541748,0.6363626288865444
train,healthy_0739.jpg,0,healthy,0.792969,0.499023,0.412109,0.394531,0.162589775879,1.0445541668462046
train,healthy_0740.jpg,0,healthy,0.461426,0.79541,0.838867,0.243164,0.203982255188,3.449799312398217
train,healthy_0741.jpg,0,healthy,0.233887,0.660156,0.293945,0.673828,0.19806837146,0.43623150121395965
train,healthy_0741.jpg,0,healthy,0.559082,0.672363,0.28418,0.633789,0.18011015802,0.44838266363095597
train,healthy_0741.jpg,0,healthy,0.397461,0.638672,0.167969,0.662109,0.111213786621,0.253687836896946
train,healthy_0741.jpg,0,healthy,0.668945,0.607422,0.357422,0.546875,0.19546515625000002,0.6535716571428571
train,healthy_0741.jpg,0,healthy,0.814941,0.514648,0.362305,0.439453,0.159216019165,0.8244453900644665
train,healthy_0744.jpg,1,unhealthy,0.483887,0.641113,0.188477,0.569336,0.10730674127199999,0.33104704427613924
train,healthy_0744.jpg,0,healthy,0.327148,0.594727,0.199219,0.570312,0.11361698632800002,0.34931581309879506
train,healthy_0744.jpg,0,healthy,0.739746,0.53418,0.262695,0.570312,0.14981811084000002,0.4606162942389429
train,healthy_0746.jpg,0,healthy,0.361328,0.535645,0.308594,0.504883,0.15580386450199998,0.6112188368394261
train,healthy_0746.jpg,1,unhealthy,0.662598,0.553223,0.268555,0.639648,0.17178066864,0.4198481039571764
train,healthy_0747.jpg,0,healthy,0.434082,0.59082,0.172852,0.427734,0.07393467736800001,0.40411096616121234
train,healthy_0747.jpg,0,healthy,0.297363,0.557617,0.229492,0.427734,0.098161531128,0.5365297123913461
train,healthy_0747.jpg,0,healthy,0.549805,0.589844,0.148438,0.394531,0.058563392578,0.3762391294980622
train,healthy_0747.jpg,0,healthy,0.18457,0.552734,0.361328,0.365234,0.131969270752,0.9893054863457399
train,healthy_0748.jpg,0,healthy,0.274414,0.584961,0.306641,0.830078,0.254535947998,0.3694122720997304
train,healthy_0748.jpg,0,healthy,0.520996,0.563965,0.213867,0.708008,0.151419546936,0.3020686206935515
train,healthy_0748.jpg,0,healthy,0.635254,0.575195,0.245117,0.765625,0.187667703125,0.3201528163265306
train,healthy_0748.jpg,0,healthy,0.758789,0.57373,0.251953,0.766602,0.193147673706,0.3286620697571882
train,healthy_0749.jpg,0,healthy,0.72998,0.486328,0.286133,0.828125,0.23695389062500002,0.3455190943396227
train,healthy_0750.jpg,0,healthy,0.26123,0.523438,0.34082,0.810547,0.27625062854000004,0.42048147732333846
train,healthy_0750.jpg,0,healthy,0.70459,0.513672,0.413086,0.75,0.3098145,0.5507813333333333
train,healthy_0751.jpg,0,healthy,0.347656,0.325684,0.570312,0.467773,0.266776555176,1.219206751992954
train,healthy_0752.jpg,0,healthy,0.321289,0.41748,0.210938,0.510742,0.107734895996,0.4130030426320921
train,healthy_0752.jpg,0,healthy,0.476562,0.429199,0.179688,0.463867,0.08335133349599999,0.38736965552626074
train,healthy_0752.jpg,0,healthy,0.635254,0.406738,0.254883,0.499023,0.12719247930900002,0.5107640329203263
train,healthy_0753.jpg,0,healthy,0.660156,0.364258,0.638672,0.710938,0.454056194336,0.8983511923683922
train,healthy_0753.jpg,0,healthy,0.533691,0.499023,0.530273,0.671875,0.356277171875,0.7892435348837209
train,healthy_0753.jpg,0,healthy,0.175293,0.430664,0.336914,0.556641,0.187540145874,0.6052626378581527
train,healthy_0754.jpg,0,healthy,0.476562,0.629395,0.292969,0.741211,0.21715184545899996,0.3952572209532778
train,healthy_0755.jpg,0,healthy,0.230957,0.62793,0.387695,0.720703,0.279412949585,0.5379400391007114
train,healthy_0755.jpg,0,healthy,0.491699,0.598145,0.336914,0.649414,0.218796668396,0.5187969461699317
train,healthy_0755.jpg,0,healthy,0.743652,0.638184,0.477539,0.668945,0.319447326355,0.7138688531942088
train,healthy_0755.jpg,0,healthy,0.811523,0.569336,0.376953,0.505859,0.19068506762699997,0.7451740504765162
train,healthy_0756.jpg,0,healthy,0.470215,0.652832,0.856445,0.209961,0.179820048645,4.079067064835851
train,healthy_0756.jpg,0,healthy,0.312988,0.895996,0.600586,0.182617,0.109677213562,3.288773772430825
train,healthy_0756.jpg,0,healthy,0.567383,0.44873,0.865234,0.206055,0.17828579187,4.1990439445779035
train,healthy_0758.jpg,0,healthy,0.596191,0.625977,0.62207,0.292969,0.18224722583,2.1233304547580123
train,healthy_0758.jpg,1,unhealthy,0.177734,0.691895,0.238281,0.616211,0.146831373291,0.38668735222188505
train,healthy_0759.jpg,0,healthy,0.638672,0.619141,0.189453,0.658203,0.124698532959,0.28783369264497427
train,healthy_0759.jpg,0,healthy,0.201172,0.551758,0.400391,0.726562,0.290908885742,0.5510761641814463
train,healthy_0760.jpg,0,healthy,0.398926,0.572266,0.348633,0.677734,0.236280437622,0.5144097831892749
train,healthy_0760.jpg,1,unhealthy,0.641602,0.599609,0.183594,0.705078,0.129448090332,0.26038821236799337
train,healthy_0760.jpg,0,healthy,0.858887,0.632324,0.27832,0.711914,0.19813990448000002,0.3909460974218796
train,healthy_0761.jpg,0,healthy,0.373047,0.480469,0.210938,0.533203,0.11247277441399998,0.3956054260759973
train,healthy_0761.jpg,1,unhealthy,0.743652,0.523926,0.512695,0.424805,0.217795399475,1.2068949282612023
train,healthy_0762.jpg,0,healthy,0.651367,0.490723,0.226562,0.461914,0.10465215966800001,0.49048524184155495
train,healthy_0765.jpg,0,healthy,0.638184,0.604004,0.571289,0.198242,0.113253473938,2.8817758093643127
train,healthy_0765.jpg,1,unhealthy,0.554199,0.827148,0.608398,0.345703,0.21032501379399998,1.759886376456091
train,healthy_0765.jpg,0,healthy,0.586426,0.339355,0.583008,0.37207,0.21691978656,1.5669309538527696
train,healthy_0770.jpg,0,healthy,0.613281,0.654785,0.166016,0.450195,0.07473957312,0.368764646430991
train,healthy_0770.jpg,0,healthy,0.471191,0.655273,0.204102,0.505859,0.103246833618,0.403476067441718
train,healthy_0772.jpg,0,healthy,0.433105,0.865723,0.74707,0.225586,0.16852853302,3.31168600888353
train,healthy_0773.jpg,0,healthy,0.436035,0.521484,0.692383,0.179688,0.12441291650399998,3.853251190953208
train,healthy_0773.jpg,0,healthy,0.501465,0.679688,0.686523,0.246094,0.168949191162,2.789677927946232
train,healthy_0775.jpg,1,unhealthy,0.490234,0.616211,0.300781,0.443359,0.13335396337900002,0.6784141068524605
train,healthy_0775.jpg,0,healthy,0.205078,0.633789,0.349609,0.484375,0.16934185937500001,0.7217734193548387
train,healthy_0777.jpg,0,healthy,0.429688,0.390625,0.689453,0.341797,0.235652967041,2.0171417537310155
train,healthy_0777.jpg,0,healthy,0.41748,0.707031,0.637695,0.376953,0.240381043335,1.6917095765254555
train,healthy_0780.jpg,0,healthy,0.464844,0.561035,0.613281,0.450195,0.27609603979499997,1.3622563555792488
train,healthy_0780.jpg,0,healthy,0.375977,0.297852,0.5625,0.591797,0.3328858125,0.9504948487403619
train,healthy_0780.jpg,0,healthy,0.461914,0.869141,0.693359,0.226562,0.157088801758,3.060349926289492
train,healthy_0783.jpg,0,healthy,0.495117,0.489258,0.884766,0.339844,0.300682416504,2.6034474641306016
train,healthy_0784.jpg,0,healthy,0.561523,0.458496,0.792969,0.325195,0.257869553955,2.4384415504543426
train,healthy_0785.jpg,0,healthy,0.46582,0.488281,0.894531,0.396484,0.354667229004,2.2561591388303186
train,healthy_0786.jpg,0,healthy,0.477051,0.231934,0.75293,0.446289,0.33602437676999997,1.687090652021448
train,healthy_0786.jpg,0,healthy,0.498047,0.523926,0.816406,0.313477,0.255924503662,2.604356938467575
train,healthy_0786.jpg,0,healthy,0.381348,0.843262,0.708008,0.313477,0.22194422381599999,2.25856442418423
train,healthy_0787.jpg,0,healthy,0.452637,0.498047,0.526367,0.867188,0.456459145996,0.606981415794499
train,healthy_0787.jpg,0,healthy,0.766113,0.472656,0.336914,0.925781,0.311908579834,0.3639240813972203
train,healthy_0788.jpg,0,healthy,0.597168,0.553711,0.774414,0.220703,0.17091549304200002,3.508851261650272
train,healthy_0788.jpg,0,healthy,0.591797,0.672363,0.791016,0.276367,0.21861071887199998,2.8621941114532494
train,healthy_0788.jpg,0,healthy,0.478516,0.815918,0.773438,0.368164,0.284752027832,2.1007974706924086
train,healthy_0789.jpg,0,healthy,0.419434,0.263184,0.442383,0.321289,0.142132791687,1.3769005474821734
train,healthy_0789.jpg,0,healthy,0.535156,0.317383,0.564453,0.351562,0.198440225586,1.605557483459532
train,healthy_0789.jpg,0,healthy,0.595703,0.481445,0.697266,0.164062,0.11439485449200001,4.250015238141678
train,healthy_0789.jpg,0,healthy,0.604004,0.620605,0.670898,0.129883,0.08713824493399999,5.165402708591579
train,healthy_0789.jpg,0,healthy,0.342773,0.834473,0.582031,0.321289,0.187000157959,1.8115497262589133
train,healthy_0789.jpg,0,healthy,0.47998,0.699219,0.581055,0.167969,0.09759922729500001,3.4592990373223627
train,healthy_0790.jpg,0,healthy,0.305176,0.346191,0.405273,0.674805,0.273480246765,0.6005779447395915
train,healthy_0790.jpg,0,healthy,0.736816,0.379883,0.336914,0.619141,0.208597270874,0.5441636073204649
train,healthy_0790.jpg,0,healthy,0.530273,0.33252,0.169922,0.647461,0.11001786804199999,0.26244360664194444
train,healthy_0790.jpg,0,healthy,0.799316,0.751465,0.336914,0.454102,0.152993321228,0.7419346314264196
train,healthy_0790.jpg,0,healthy,0.207031,0.487305,0.400391,0.533203,0.21348968237299998,0.7509166302515178
train,healthy_0791.jpg,0,healthy,0.211914,0.474121,0.300781,0.368164,0.110736736084,0.8169755869666779
train,healthy_0791.jpg,1,unhealthy,0.486328,0.473145,0.308594,0.418945,0.12928391333,0.7365978827769755
train,healthy_0793.jpg,0,healthy,0.452637,0.582031,0.270508,0.474609,0.128385531372,0.5699596931368769
train,healthy_0794.jpg,0,healthy,0.602539,0.768555,0.794922,0.191406,0.152152840332,4.153067301965456
train,healthy_0794.jpg,1,unhealthy,0.508301,0.496094,0.762695,0.302734,0.23089370813,2.5193569272034195
train,healthy_0795.jpg,0,healthy,0.517578,0.345703,0.828125,0.212891,0.176300359375,3.889901404944314
train,healthy_0795.jpg,0,healthy,0.592285,0.6875,0.72168,0.314453,0.22693444104,2.295032962000681
train,healthy_0797.jpg,0,healthy,0.569336,0.572754,0.742188,0.518555,0.38486529834,1.4312618719325818
train,healthy_0798.jpg,0,healthy,0.567383,0.576172,0.6875,0.34375,0.236328125,2.0
train,healthy_0799.jpg,0,healthy,0.427734,0.599121,0.693359,0.766602,0.531530396118,0.9044575933796154
train,healthy_0799.jpg,0,healthy,0.619141,0.473145,0.533203,0.665039,0.354600789917,0.8017620019277064
train,healthy_0800.jpg,0,healthy,0.466309,0.486328,0.606445,0.587891,0.35652355749500003,1.0315602722273345
train,healthy_0803.jpg,0,healthy,0.487793,0.527832,0.249023,0.52832,0.13156383136,0.4713488037552998
train,healthy_0803.jpg,0,healthy,0.650391,0.288086,0.208984,0.564453,0.117961645752,0.3702416321642369
train,healthy_0803.jpg,0,healthy,0.821777,0.325684,0.34668,0.50293,0.1743557724,0.6893205813930368
train,healthy_0803.jpg,0,healthy,0.254883,0.480957,0.285156,0.426758,0.12169260424800002,0.668191340291219
train,healthy_0803.jpg,0,healthy,0.148438,0.676758,0.289062,0.414062,0.119689589844,0.6981128430041877
train,healthy_0803.jpg,0,healthy,0.280273,0.225586,0.263672,0.449219,0.118446472168,0.5869564733459627
train,healthy_0803.jpg,0,healthy,0.696777,0.827637,0.333008,0.327148,0.108942901184,1.0179123821634246
train,healthy_0803.jpg,0,healthy,0.399414,0.818359,0.238281,0.330078,0.078651315918,0.721893007107411
train,healthy_0804.jpg,0,healthy,0.637695,0.538086,0.369141,0.546875,0.201873984375,0.6750006857142857
train,healthy_0804.jpg,0,healthy,0.428711,0.503418,0.423828,0.49707,0.21067218396,0.8526525439072967
train,healthy_0804.jpg,0,healthy,0.343262,0.401855,0.426758,0.450195,0.19212431781000003,0.947940336965093
train,healthy_0804.jpg,0,healthy,0.273926,0.324707,0.467773,0.40332,0.18866220636,1.159806109292869
train,healthy_0804.jpg,0,healthy,0.911133,0.62207,0.177734,0.484375,0.08608990625,0.36693470967741937
train,healthy_0805.jpg,1,unhealthy,0.552734,0.751953,0.396484,0.496094,0.196693333496,0.7992114397674634
train,healthy_0805.jpg,0,healthy,0.308105,0.234863,0.606445,0.206055,0.124961024475,2.9431219819950987
train,healthy_0807.jpg,0,healthy,0.439941,0.562988,0.741211,0.692383,0.5132018958129999,1.0705216621436402
train,healthy_0808.jpg,0,healthy,0.208984,0.430176,0.408203,0.489258,0.199716583374,0.8343307620928017
train,healthy_0808.jpg,0,healthy,0.323242,0.56543,0.28125,0.558594,0.15710456250000002,0.5034962781555118
train,healthy_0808.jpg,0,healthy,0.475098,0.630859,0.15332,0.619141,0.09492669812000001,0.24763341468260056
train,healthy_0808.jpg,0,healthy,0.671875,0.606934,0.271484,0.610352,0.165700802368,0.44479906676802894
train,healthy_0808.jpg,0,healthy,0.803711,0.476562,0.392578,0.429688,0.168686055664,0.9136350095883524
train,healthy_0812.jpg,0,healthy,0.479004,0.486328,0.463867,0.828125,0.384139859375,0.5601412830188679
train,healthy_0813.jpg,0,healthy,0.60791,0.472168,0.581055,0.682617,0.396638020935,0.851216714497295
train,healthy_0813.jpg,0,healthy,0.318359,0.439941,0.632812,0.458008,0.28983295849600005,1.381661455695097
train,healthy_0813.jpg,0,healthy,0.232422,0.545898,0.458984,0.376953,0.173015395752,1.2176159892612608
train,healthy_0814.jpg,0,healthy,0.883301,0.609863,0.180664,0.270508,0.048871057312000005,0.6678693421266653
train,healthy_0814.jpg,0,healthy,0.716309,0.36084,0.274414,0.709961,0.194823237854,0.38651982291985054
train,healthy_0815.jpg,0,healthy,0.489746,0.569824,0.541992,0.541992,0.293755328064,1.0
train,healthy_0816.jpg,0,healthy,0.754883,0.501465,0.4375,0.518555,0.2268678125,0.8436906403370906
train,healthy_0816.jpg,0,healthy,0.474121,0.391113,0.235352,0.561523,0.132155561096,0.41913154047118284
train,healthy_0816.jpg,0,healthy,0.304688,0.384277,0.318359,0.543945,0.173169786255,0.5852779233194533
train,healthy_0823.jpg,0,healthy,0.612793,0.688965,0.209961,0.62207,0.13061043927000002,0.337519893259601
train,healthy_0823.jpg,0,healthy,0.808594,0.619629,0.169922,0.55957,0.09508325354,0.3036653144378719
train,healthy_0823.jpg,0,healthy,0.383301,0.650391,0.274414,0.576172,0.158109663208,0.47627097463951734
train,healthy_0823.jpg,0,healthy,0.286133,0.157715,0.552734,0.291992,0.16139390612799998,1.8929765199046549
train,healthy_0823.jpg,0,healthy,0.251465,0.341797,0.473633,0.416016,0.197038906128,1.1384970770354987
train,healthy_0823.jpg,0,healthy,0.302246,0.501953,0.370117,0.494141,0.18288998449699997,0.749010909841523
train,healthy_0824.jpg,0,healthy,0.535645,0.430664,0.692383,0.351562,0.24341555224599998,1.9694477787701743
train,healthy_0824.jpg,0,healthy,0.65918,0.786133,0.681641,0.263672,0.17972964575200004,2.5851853818380413
train,healthy_0825.jpg,0,healthy,0.479004,0.620605,0.588867,0.182617,0.107537124939,3.224601214563814
train,healthy_0825.jpg,0,healthy,0.416992,0.765137,0.654297,0.276367,0.18082609899899998,2.367493224589043
train,healthy_0825.jpg,0,healthy,0.555664,0.321289,0.742188,0.273438,0.202942402344,2.7142825795975685
train,healthy_0827.jpg,0,healthy,0.447754,0.410156,0.297852,0.474609,0.141363239868,0.6275734341320961
train,healthy_0827.jpg,0,healthy,0.240234,0.384277,0.349609,0.547852,0.191533989868,0.6381449734599856
train,healthy_0827.jpg,0,healthy,0.740234,0.550781,0.435547,0.369141,0.160778255127,1.1798933198967332
train,healthy_0828.jpg,0,healthy,0.777344,0.383301,0.244141,0.436523,0.106573161743,0.5592855359282328
train,healthy_0828.jpg,0,healthy,0.436523,0.478027,0.347656,0.366211,0.127315451416,0.9493324886472553
train,healthy_0828.jpg,1,unhealthy,0.332031,0.659668,0.425781,0.268555,0.11434561645500001,1.5854517696561228
train,healthy_0829.jpg,0,healthy,0.287109,0.403809,0.478516,0.65918,0.31542817687999997,0.7259261506720471
train,healthy_0829.jpg,0,healthy,0.518555,0.380859,0.292969,0.603516,0.17681147900400002,0.48543700581260474
train,healthy_0831.jpg,0,healthy,0.512207,0.64209,0.702148,0.28418,0.19953641864,2.4707861214723064
train,healthy_0831.jpg,0,healthy,0.394043,0.276367,0.555664,0.355469,0.197521326416,1.5631855379794022
train,healthy_0831.jpg,0,healthy,0.522949,0.452148,0.625977,0.201172,0.125929045044,3.111650726741296
train,healthy_0833.jpg,0,healthy,0.244141,0.394531,0.259766,0.484375,0.12582415624999999,0.5362910967741935
train,healthy_0833.jpg,1,unhealthy,0.472168,0.45752,0.397461,0.442383,0.17582998956300003,0.8984545066153085
train,healthy_0834.jpg,1,unhealthy,0.40918,0.358887,0.298828,0.459961,0.137449225708,0.6496811686208178
train,healthy_0834.jpg,0,healthy,0.65625,0.680176,0.685547,0.375977,0.25774990441900003,1.8233748340988944
train,healthy_0836.jpg,0,healthy,0.652832,0.382812,0.276367,0.525391,0.145200734497,0.5260215725050486
train,healthy_0836.jpg,0,healthy,0.306152,0.489746,0.264648,0.444336,0.117592633728,0.5956033272118396
train,healthy_0836.jpg,0,healthy,0.187012,0.623047,0.37207,0.472656,0.17586111792,0.7871898378524762
train,healthy_0836.jpg,0,healthy,0.492676,0.458008,0.165039,0.476562,0.078651315918,0.346311707605726
train,healthy_0836.jpg,0,healthy,0.81543,0.406738,0.365234,0.549805,0.20080747936999999,0.6642973417848146
train,healthy_0838.jpg,0,healthy,0.511719,0.79248,0.533203,0.258789,0.13798707116699999,2.060377373072271
train,healthy_0838.jpg,0,healthy,0.571777,0.435059,0.520508,0.299805,0.15605090094,1.7361551675255582
train,healthy_0839.jpg,0,healthy,0.294922,0.455078,0.203125,0.773438,0.15710459375,0.2626260928477784
train,healthy_0841.jpg,0,healthy,0.12793,0.641113,0.253906,0.506836,0.128688701416,0.5009628361047755
train,healthy_0841.jpg,0,healthy,0.390625,0.559082,0.359375,0.467773,0.168105921875,0.7682679419290981
train,healthy_0841.jpg,0,healthy,0.631836,0.186035,0.720703,0.22168,0.15976544103999998,3.2510961746661855
train,healthy_0841.jpg,0,healthy,0.635742,0.423828,0.728516,0.351562,0.256118541992,2.0722262360550916
train,healthy_0843.jpg,0,healthy,0.508301,0.608887,0.307617,0.545898,0.167927505066,0.5635063693217414
train,healthy_0843.jpg,0,healthy,0.219727,0.482422,0.361328,0.523438,0.18913280566399998,0.6902976092679554
train,healthy_0844.jpg,0,healthy,0.517578,0.716309,0.621094,0.28418,0.17650249292,2.1855654866633825
train,healthy_0846.jpg,0,healthy,0.49707,0.760742,0.640625,0.478516,0.3065493125,1.338774461042055
train,healthy_0846.jpg,1,unhealthy,0.500488,0.247559,0.793945,0.416992,0.33106871344,1.9039813713452538
train,healthy_0847.jpg,1,unhealthy,0.208984,0.376953,0.359375,0.695312,0.24987775,0.5168543042547805
train,healthy_0847.jpg,0,healthy,0.697754,0.456543,0.450195,0.551758,0.24839869281,0.8159283598969114
train,healthy_0851.jpg,0,healthy,0.717285,0.521484,0.452148,0.595703,0.269345920044,0.7590158182852865
train,healthy_0851.jpg,0,healthy,0.246094,0.604004,0.490234,0.456055,0.22357366687,1.0749449079606628
train,healthy_0851.jpg,0,healthy,0.825684,0.731934,0.34082,0.405273,0.13812514386,0.8409639921731772
train,healthy_0852.jpg,0,healthy,0.578125,0.474609,0.447266,0.476562,0.21314997949199999,0.9385263617325763
train,healthy_0856.jpg,0,healthy,0.576172,0.527344,0.769531,0.318359,0.244987119629,2.417179976064757
train,healthy_0856.jpg,0,healthy,0.475586,0.818359,0.625,0.363281,0.227050625,1.7204312914795983
train,healthy_0857.jpg,0,healthy,0.374023,0.311523,0.611328,0.375,0.229248,1.6302079999999999
train,healthy_0857.jpg,0,healthy,0.657227,0.74707,0.685547,0.333984,0.228961729248,2.0526342579285237
train,healthy_0858.jpg,0,healthy,0.529785,0.748047,0.602539,0.476562,0.287147190918,1.264345457673923
train,healthy_0860.jpg,0,healthy,0.584473,0.644043,0.672852,0.52832,0.35548116864,1.273569049061175
train,healthy_0861.jpg,0,healthy,0.552734,0.662109,0.734375,0.322266,0.23666409375,2.278785227110524
train,healthy_0861.jpg,0,healthy,0.637695,0.366211,0.652344,0.451172,0.294319347168,1.4458875994077647
train,healthy_0862.jpg,0,healthy,0.654297,0.725586,0.689453,0.363281,0.250465175293,1.8978504243271737
train,healthy_0862.jpg,0,healthy,0.632324,0.437988,0.672852,0.356445,0.23983473114,1.887674115221142
train,healthy_0863.jpg,0,healthy,0.507324,0.399414,0.635742,0.414062,0.263236604004,1.5353787597026534
train,healthy_0864.jpg,0,healthy,0.526367,0.604004,0.552734,0.598633,0.330884812622,0.9233269799693635
train,healthy_0866.jpg,0,healthy,0.426758,0.397949,0.6875,0.293945,0.20208718750000002,2.3388729184031027
train,healthy_0867.jpg,1,unhealthy,0.51709,0.176758,0.624023,0.349609,0.218164057007,1.7849168642683684
train,healthy_0867.jpg,0,healthy,0.396973,0.397461,0.672852,0.310547,0.20895217004400002,2.1666672033540815
train,healthy_0868.jpg,1,unhealthy,0.410645,0.537109,0.59082,0.294922,0.17424581604,2.0033093495907393
train,healthy_0868.jpg,0,healthy,0.470215,0.828613,0.620117,0.342773,0.21255936444100001,1.8091185711826778
train,healthy_0868.jpg,0,healthy,0.490723,0.286133,0.540039,0.412109,0.222554932251,1.3104275810525856
train,healthy_0869.jpg,0,healthy,0.445312,0.656738,0.175781,0.651367,0.114497942627,0.26986476134038107
train,healthy_0869.jpg,0,healthy,0.703125,0.666016,0.365234,0.552734,0.201877249756,0.6607771550148896
train,healthy_0869.jpg,1,unhealthy,0.210938,0.603516,0.396484,0.517578,0.20521139575199998,0.7660371963259645
train,healthy_0871.jpg,0,healthy,0.387695,0.301758,0.773438,0.375,0.29003924999999997,2.062501333333333
train,healthy_0871.jpg,0,healthy,0.434082,0.619141,0.647461,0.542969,0.351551251709,1.1924456092336762
train,healthy_0872.jpg,0,healthy,0.400879,0.678711,0.766602,0.498047,0.381803826294,1.5392161783928022
train,healthy_0872.jpg,0,healthy,0.362305,0.350098,0.71875,0.305664,0.219696,2.3514381804857623
train,healthy_0872.jpg,0,healthy,0.382324,0.127441,0.670898,0.25293,0.16969023113999998,2.652504645554106
train,healthy_0872.jpg,0,healthy,0.650879,0.80127,0.442383,0.397461,0.17582998956300003,1.1130224097458619
train,healthy_0873.jpg,0,healthy,0.441406,0.437988,0.765625,0.276367,0.21159348437499997,2.770319900711735
train,healthy_0875.jpg,0,healthy,0.599609,0.53125,0.175781,0.787109,0.13835880712899998,0.22332485081481726
train,healthy_0875.jpg,0,healthy,0.77832,0.413574,0.335938,0.678711,0.22800481591799998,0.49496471988814095
train,healthy_0875.jpg,0,healthy,0.379883,0.515137,0.279297,0.77832,0.21738244104,0.3588459759481961
train,healthy_0875.jpg,0,healthy,0.216309,0.416992,0.422852,0.626953,0.265108329956,0.6744556609506615
train,healthy_0883.jpg,0,healthy,0.463867,0.523438,0.832031,0.34375,0.28601065625,2.420453818181818
train,healthy_0883.jpg,1,unhealthy,0.44873,0.773926,0.836914,0.452148,0.378408991272,1.8509735750241072
train,healthy_0888.jpg,0,healthy,0.268066,0.503906,0.381836,0.71875,0.274444625,0.5312500869565218
train,healthy_0888.jpg,1,unhealthy,0.63623,0.50293,0.336914,0.673828,0.22702208679199998,0.5
train,healthy_0889.jpg,0,healthy,0.561523,0.77832,0.740234,0.335938,0.248672729492,2.2034839762098954
train,healthy_0889.jpg,0,healthy,0.506348,0.490234,0.713867,0.302734,0.216111812378,2.3580668177343806
train,healthy_0889.jpg,0,healthy,0.495117,0.227539,0.683594,0.310547,0.21228806591800004,2.201257780625799
train,healthy_0890.jpg,0,healthy,0.293457,0.580078,0.208008,0.691406,0.143817979248,0.30084783759469835
train,healthy_0890.jpg,0,healthy,0.489746,0.552246,0.19043,0.790039,0.15044712677,0.2410387335308763
train,healthy_0890.jpg,0,healthy,0.646484,0.512207,0.238281,0.702148,0.167308527588,0.3393600779322878
train,healthy_0894.jpg,0,healthy,0.288086,0.545898,0.34375,0.705078,0.2423705625,0.48753471247152796
train,healthy_0894.jpg,0,healthy,0.666016,0.57666,0.429688,0.768555,0.33023886084,0.5590855566615271
train,healthy_0895.jpg,0,healthy,0.306641,0.499023,0.384766,0.796875,0.30661040625,0.48284360784313723
train,healthy_0895.jpg,0,healthy,0.694336,0.520508,0.363281,0.826172,0.300132590332,0.43971594292713867
train,healthy_0898.jpg,0,healthy,0.455078,0.249023,0.730469,0.335938,0.24539229492200001,2.174416112496949
train,healthy_0898.jpg,1,unhealthy,0.505371,0.578613,0.71582,0.333008,0.23837378656000002,2.1495579685773314
train,healthy_0899.jpg,0,healthy,0.508301,0.710938,0.868164,0.40625,0.352691625,2.1370190769230772
train,healthy_0899.jpg,0,healthy,0.499512,0.359375,0.805664,0.386719,0.311565576416,2.0833318249168005
train,healthy_0900.jpg,0,healthy,0.708008,0.488281,0.330078,0.822266,0.271411916748,0.40142484305565346
train,healthy_0901.jpg,0,healthy,0.411133,0.543945,0.308594,0.570312,0.175994861328,0.5410968031533616
train,healthy_0901.jpg,0,healthy,0.63623,0.501953,0.333008,0.646484,0.215284343872,0.5151063290042756
train,healthy_0902.jpg,0,healthy,0.544922,0.673828,0.693359,0.345703,0.23969628637699997,2.005649357974909
train,healthy_0902.jpg,0,healthy,0.457031,0.355469,0.703125,0.414062,0.29113734375,1.6981152581014438
train,healthy_0903.jpg,0,healthy,0.532715,0.700195,0.680664,0.457031,0.31108454858400003,1.4893169172331855
train,healthy_0903.jpg,0,healthy,0.565918,0.342773,0.719727,0.412109,0.296605974243,1.7464481484267511
train,healthy_0904.jpg,0,healthy,0.45752,0.360352,0.80957,0.361328,0.29252030896,2.2405404507815616
train,healthy_0904.jpg,0,healthy,0.51709,0.721191,0.772461,0.348633,0.269305395813,2.215685262152464
train,healthy_0905.jpg,0,healthy,0.584473,0.37207,0.446289,0.287109,0.128133588501,1.5544235812879428
train,healthy_0905.jpg,0,healthy,0.619141,0.685059,0.494141,0.325195,0.160692182495,1.5195221328741215
train,healthy_0906.jpg,0,healthy,0.588379,0.612305,0.649414,0.292969,0.190258170166,2.216664561779574
train,healthy_0906.jpg,0,healthy,0.609863,0.36084,0.620117,0.368164,0.228304755188,1.6843499092795604
train,healthy_0908.jpg,1,unhealthy,0.509766,0.59082,0.861328,0.353516,0.304493229248,2.4364611502732547
train,healthy_0908.jpg,0,healthy,0.489258,0.257324,0.75,0.307617,0.23071274999999997,2.4380967241732416
train,healthy_0909.jpg,0,healthy,0.506836,0.291992,0.679688,0.324219,0.22036776367199998,2.09638546784735
train,healthy_0909.jpg,0,healthy,0.498047,0.62207,0.660156,0.339844,0.224350055664,1.9425265710149362
train,healthy_0911.jpg,0,healthy,0.508789,0.615723,0.685547,0.30957,0.21222478479,2.2145136802661756
train,healthy_0912.jpg,0,healthy,0.461914,0.3125,0.652344,0.322266,0.21022829150400002,2.0242408445197446
train,healthy_0912.jpg,0,healthy,0.496094,0.646484,0.597656,0.435547,0.260307277832,1.3721963416118121
train,healthy_0913.jpg,0,healthy,0.469727,0.408203,0.697266,0.34375,0.2396851875,2.028410181818182
train,healthy_0913.jpg,0,healthy,0.469238,0.676758,0.680664,0.292969,0.199413451416,2.3233311374240966
train,healthy_0915.jpg,0,healthy,0.530273,0.395996,0.648438,0.27832,0.18047326416,2.329828973843058
train,healthy_0915.jpg,0,healthy,0.503906,0.65625,0.658203,0.283203,0.186405064209,2.3241385154818275
train,healthy_0916.jpg,0,healthy,0.559082,0.67334,0.680664,0.282227,0.192101758728,2.4117607457826504
train,healthy_0916.jpg,0,healthy,0.544922,0.376953,0.675781,0.314453,0.21250136279299997,2.149068382238363
train,healthy_0917.jpg,0,healthy,0.492188,0.472168,0.748047,0.321289,0.240339272583,2.328268319176816
train,healthy_0918.jpg,0,healthy,0.51123,0.553711,0.77832,0.302734,0.23562392688,2.5709698943627077
train,healthy_0919.jpg,0,healthy,0.494141,0.491699,0.777344,0.323242,0.25127022924799997,2.404836005222094
train,healthy_0920.jpg,0,healthy,0.554688,0.556641,0.744141,0.371094,0.276146260254,2.005262817507155
train,healthy_0921.jpg,0,healthy,0.501465,0.5,0.805664,0.337891,0.272226614624,2.384390232353037
train,healthy_0922.jpg,0,healthy,0.507324,0.527832,0.807617,0.352539,0.284716489563,2.290858600041414
train,healthy_0924.jpg,0,healthy,0.508301,0.508789,0.416992,0.789062,0.329032541504,0.5284654437800831
train,healthy_0927.jpg,0,healthy,0.547363,0.484375,0.391602,0.873047,0.341886951294,0.4485462981947135
train,healthy_0929.jpg,0,healthy,0.453125,0.492188,0.634766,0.970703,0.616169260498,0.653924011772911
train,healthy_0930.jpg,0,healthy,0.477539,0.591309,0.443359,0.688477,0.305242474243,0.6439706773065766
train,healthy_0931.jpg,0,healthy,0.624512,0.516113,0.399414,0.881836,0.35221764410399997,0.45293455926045206
train,healthy_0932.jpg,0,healthy,0.57373,0.440918,0.399414,0.860352,0.343636633728,0.46424486721713903
train,healthy_0934.jpg,0,healthy,0.485352,0.458496,0.533203,0.907227,0.483736158081,0.5877283193732109
train,healthy_0935.jpg,0,healthy,0.514648,0.58252,0.970703,0.526367,0.510946026001,1.844156263595552
train,healthy_0936.jpg,0,healthy,0.502441,0.470703,0.891602,0.501953,0.447542298706,1.7762659053736107
train,healthy_0937.jpg,0,healthy,0.480469,0.44043,0.871094,0.53125,0.4627686875,1.6397063529411766
train,healthy_0938.jpg,0,healthy,0.411133,0.541992,0.789062,0.447266,0.352920604492,1.7641895426882437
train,healthy_0940.jpg,0,healthy,0.51416,0.59668,0.967773,0.490234,0.474435228882,1.9741042032988327
train,healthy_0942.jpg,0,healthy,0.450684,0.458008,0.776367,0.353516,0.274458156372,2.196129736702158
train,healthy_0945.jpg,0,healthy,0.479004,0.555176,0.889648,0.374023,0.332748813904,2.3785916908853197
train,healthy_0947.jpg,0,healthy,0.489258,0.519043,0.830078,0.444336,0.368833538208,1.8681313240430664
train,healthy_0948.jpg,0,healthy,0.473145,0.550781,0.842773,0.492188,0.414802757324,1.7122989589343909
train,healthy_0949.jpg,0,healthy,0.497559,0.483398,0.954102,0.580078,0.553453579956,1.6447822534210916
train,healthy_0950.jpg,0,healthy,0.459961,0.493164,0.886719,0.419922,0.372352815918,2.111627873747982
train,healthy_0952.jpg,0,healthy,0.479492,0.497559,0.828125,0.379883,0.314590609375,2.179947510154442
train,healthy_0953.jpg,0,healthy,0.430664,0.615234,0.830078,0.402344,0.333976902832,2.0631052035074466
train,healthy_0956.jpg,0,healthy,0.472656,0.558105,0.914062,0.479492,0.438285416504,1.906313348293611
train,healthy_0958.jpg,0,healthy,0.463379,0.50293,0.399414,0.882812,0.35260747216800004,0.4524338137678237
train,healthy_0959.jpg,0,healthy,0.533691,0.529297,0.428711,0.720703,0.308973303833,0.5948511384023655
train,healthy_0960.jpg,0,healthy,0.490723,0.597168,0.374023,0.772461,0.28891818060299995,0.48419661316234736
train,healthy_0963.jpg,0,healthy,0.485352,0.559082,0.605469,0.881836,0.533924361084,0.6866004563206765
train,healthy_0965.jpg,0,healthy,0.496094,0.583496,0.359375,0.833008,0.29936225,0.43141842575341416
train,healthy_0967.jpg,0,healthy,0.528809,0.552734,0.422852,0.808594,0.34191559008800004,0.5229472392820129
train,healthy_0968.jpg,0,healthy,0.538574,0.569336,0.522461,0.861328,0.45001028820799993,0.6065761243103672
train,healthy_0969.jpg,0,healthy,0.48584,0.484375,0.899414,0.449219,0.40403385766600003,2.0021726596604332
train,healthy_0970.jpg,0,healthy,0.503418,0.496094,0.807617,0.390625,0.315475390625,2.06749952
train,healthy_0971.jpg,0,healthy,0.572754,0.489258,0.854492,0.402344,0.343799729248,2.12378462211441
train,healthy_0973.jpg,0,healthy,0.585938,0.508301,0.828125,0.481445,0.398696640625,1.7200822523860462
train,healthy_0977.jpg,0,healthy,0.645508,0.823242,0.708984,0.339844,0.24094395849599998,2.0862042584244533
train,healthy_0979.jpg,0,healthy,0.566895,0.166504,0.776367,0.223633,0.173621281311,3.47161197139957
train,healthy_0979.jpg,0,healthy,0.577148,0.388184,0.736328,0.231445,0.17041943396,3.181438354684698
train,healthy_0979.jpg,0,healthy,0.543945,0.600586,0.806641,0.236328,0.19063185424800003,3.4132265326156865
train,healthy_0979.jpg,0,healthy,0.540039,0.801758,0.759766,0.201172,0.152843645752,3.7766985465174083
train,healthy_0981.jpg,0,healthy,0.481445,0.269531,0.648438,0.152344,0.09878563867199999,4.256406553589245
train,healthy_0981.jpg,0,healthy,0.474121,0.438477,0.633789,0.169922,0.107694694458,3.7298819458339714
train,healthy_0981.jpg,1,unhealthy,0.462402,0.587891,0.645508,0.1875,0.12103275,3.442709333333333
train,healthy_0981.jpg,0,healthy,0.473633,0.741211,0.585938,0.171875,0.10070809374999999,3.409093818181818
train,healthy_0984.jpg,0,healthy,0.527832,0.253906,0.944336,0.216797,0.204729211792,4.355853632660969
train,healthy_0984.jpg,1,unhealthy,0.611328,0.467773,0.777344,0.226562,0.17611661132800002,3.431043158164211
train,healthy_0984.jpg,1,unhealthy,0.501953,0.708984,0.845703,0.222656,0.188300847168,3.7982493173325667
train,healthy_0984.jpg,0,healthy,0.541992,0.898926,0.910156,0.196289,0.178653611084,4.636816123165333
train,healthy_0986.jpg,0,healthy,0.576172,0.266602,0.787109,0.242188,0.19062835449199997,3.249991741952533
train,healthy_0986.jpg,0,healthy,0.600586,0.467285,0.798828,0.208008,0.166162614624,3.840371524172147
train,healthy_0986.jpg,0,healthy,0.518066,0.65625,0.780273,0.199219,0.155445206787,3.916659555564479
train,healthy_0986.jpg,0,healthy,0.541504,0.85498,0.866211,0.237305,0.20555620135499997,3.650201217842018
train,healthy_0987.jpg,0,healthy,0.594727,0.251465,0.810547,0.239258,0.193929854126,3.3877529695976727
train,healthy_0987.jpg,0,healthy,0.594727,0.459961,0.792969,0.222656,0.176559305664,3.56140863035355
train,healthy_0987.jpg,0,healthy,0.505859,0.664551,0.828125,0.217773,0.180343265625,3.802698222461003
train,healthy_0987.jpg,0,healthy,0.547363,0.873535,0.905273,0.245117,0.221897801941,3.6932281318717184
train,healthy_0988.jpg,0,healthy,0.19043,0.512207,0.269531,0.80957,0.21820421167,0.3329310621688057
train,healthy_0988.jpg,0,healthy,0.40918,0.512207,0.199219,0.807617,0.16089265112300002,0.2466750947540728
train,healthy_0988.jpg,0,healthy,0.641602,0.526367,0.255859,0.796875,0.203887640625,0.3210779607843137
train,healthy_0988.jpg,0,healthy,0.790039,0.476562,0.238281,0.78125,0.18615703125,0.30499968
train,healthy_0989.jpg,0,healthy,0.258301,0.504395,0.27832,0.833008,0.23184278656,0.33411443827670323
train,healthy_0989.jpg,0,healthy,0.48877,0.501465,0.217773,0.856445,0.186510596985,0.25427552265469466
train,healthy_0989.jpg,0,healthy,0.748047,0.527832,0.28125,0.870117,0.24472040625000002,0.32323239288509475
train,healthy_0989.jpg,0,healthy,0.900391,0.493652,0.199219,0.90332,0.17995850708,0.22054089359252535
train,healthy_0990.jpg,0,healthy,0.236816,0.5,0.239258,0.613281,0.146732385498,0.3901278533005262
train,healthy_0990.jpg,0,healthy,0.439453,0.52832,0.177734,0.587891,0.10448821899400002,0.302324750676571
train,healthy_0990.jpg,0,healthy,0.630371,0.509766,0.206055,0.675781,0.13924805395499998,0.30491387002594034
train,healthy_0990.jpg,0,healthy,0.835449,0.546387,0.200195,0.649414,0.13000943573,0.3082702251568337
train,healthy_0991.jpg,0,healthy,0.215332,0.439453,0.239258,0.712891,0.170564874878,0.33561652482637594
train,healthy_0991.jpg,0,healthy,0.4375,0.455566,0.197266,0.739258,0.145830468628,0.26684324011373567
train,healthy_0991.jpg,1,unhealthy,0.649902,0.480469,0.223633,0.820312,0.183448833496,0.2726194423585172
train,healthy_0991.jpg,0,healthy,0.863281,0.474609,0.201172,0.814453,0.163845138916,0.2470025894680233
train,healthy_0992.jpg,0,healthy,0.241211,0.452148,0.203125,0.724609,0.147186203125,0.28032359520789835
train,healthy_0992.jpg,0,healthy,0.436523,0.466797,0.255859,0.775391,0.198390765869,0.3299741678714352
train,healthy_0992.jpg,1,unhealthy,0.668945,0.464355,0.216797,0.84082,0.18228725354,0.25783996574772244
train,healthy_0992.jpg,1,unhealthy,0.870117,0.434082,0.224609,0.797852,0.179204739868,0.2815171234765345
train,healthy_0993.jpg,0,healthy,0.172852,0.476562,0.228516,0.675781,0.154426770996,0.3381509690269481
train,healthy_0993.jpg,0,healthy,0.408691,0.475098,0.237305,0.68457,0.16245188385,0.3466482609521305
train,healthy_0993.jpg,0,healthy,0.628418,0.445801,0.22168,0.676758,0.15002371343999998,0.3275616985687646
train,healthy_0993.jpg,1,unhealthy,0.854004,0.44043,0.237305,0.716797,0.170099512085,0.3310630485339643
train,healthy_0994.jpg,0,healthy,0.218262,0.459961,0.249023,0.818359,0.20379021325699997,0.304295547553091
train,healthy_0994.jpg,0,healthy,0.437988,0.483887,0.235352,0.776367,0.182719526184,0.30314529082251046
train,healthy_0994.jpg,0,healthy,0.652832,0.463379,0.219727,0.897461,0.19719641314699998,0.24483180884740396
train,healthy_0994.jpg,1,unhealthy,0.876953,0.464844,0.246094,0.910156,0.223983930664,0.27038661504181705
train,healthy_0995.jpg,0,healthy,0.199219,0.455566,0.251953,0.819336,0.20643416320799998,0.3075087631936104
train,healthy_0995.jpg,0,healthy,0.430176,0.490723,0.225586,0.774414,0.17469695660400003,0.2912989692851627
train,healthy_0995.jpg,0,healthy,0.651855,0.492188,0.217773,0.890625,0.19395407812499998,0.24451705263157894
train,healthy_0995.jpg,1,unhealthy,0.856445,0.46875,0.216797,0.904297,0.19604887670899998,0.23974092582414847
train,healthy_0996.jpg,0,healthy,0.259277,0.424805,0.229492,0.658203,0.15105232287599998,0.34866446977604176
train,healthy_0996.jpg,0,healthy,0.443848,0.529297,0.223633,0.769531,0.172092526123,0.29060947512186
train,healthy_0996.jpg,0,healthy,0.642578,0.521973,0.191406,0.864258,0.16542416674799998,0.22146858924071283
train,healthy_0996.jpg,1,unhealthy,0.853027,0.545898,0.217773,0.804688,0.17523931982399998,0.2706303561131768
train,healthy_0997.jpg,0,healthy,0.253418,0.44043,0.21582,0.757812,0.16355098584000002,0.28479358996690474
train,healthy_0997.jpg,0,healthy,0.453125,0.53418,0.199219,0.755859,0.150581474121,0.26356635298382375
train,healthy_0997.jpg,0,healthy,0.640625,0.509277,0.181641,0.786133,0.142793984253,0.23105632253066594
train,healthy_0997.jpg,1,unhealthy,0.850586,0.54834,0.214844,0.762695,0.16386044458000001,0.28169058404735836
train,healthy_0998.jpg,0,healthy,0.353027,0.516113,0.415039,0.967773,0.401663538147,0.4288598669316048
train,healthy_0998.jpg,0,healthy,0.760254,0.496582,0.424805,0.973633,0.413604166565,0.43630916371979994
train,healthy_0999.jpg,0,healthy,0.744141,0.500488,0.4375,0.999023,0.4370725625,0.437927855514838
train,healthy_0999.jpg,0,healthy,0.317871,0.451172,0.487305,0.898438,0.43781332958999997,0.5423913503213355
train,healthy_1000.jpg,0,healthy,0.569336,0.495117,0.642578,0.964844,0.619987527832,0.6659916007147269
train,healthy_1002.jpg,0,healthy,0.522949,0.327637,0.78418,0.385742,0.30249116156,2.032913190681855
train,healthy_1002.jpg,0,healthy,0.54541,0.655762,0.78418,0.336914,0.26420122052,2.3275375911953793
train,healthy_1003.jpg,0,healthy,0.470215,0.444336,0.387695,0.697266,0.27032654187000005,0.5560216617474536
train,healthy_1005.jpg,0,healthy,0.479004,0.416504,0.817383,0.831055,0.6792902290649999,0.983548621932363
train,healthy_1006.jpg,0,healthy,0.503418,0.396484,0.87207,0.777344,0.6778983820800001,1.1218585336736373
train,healthy_1007.jpg,0,healthy,0.504883,0.392578,0.826172,0.744141,0.614788458252,1.1102358289625218
train,healthy_1008.jpg,0,healthy,0.50293,0.594727,0.826172,0.810547,0.669651236084,1.01927710546088
train,healthy_1009.jpg,0,healthy,0.500488,0.594727,0.795898,0.78125,0.6217953125,1.01874944
train,healthy_1010.jpg,0,healthy,0.591797,0.676758,0.816406,0.486328,0.39704109716799996,1.6787147768584165
train,healthy_1010.jpg,0,healthy,0.40918,0.250977,0.683594,0.462891,0.316429510254,1.4767925926406
train,healthy_1011.jpg,0,healthy,0.59668,0.666504,0.806641,0.459961,0.371023401001,1.7537160759281767
train,healthy_1011.jpg,0,healthy,0.408691,0.251953,0.711914,0.474609,0.33788079162600004,1.5000010534987749
train,healthy_1013.jpg,0,healthy,0.472656,0.495117,0.496094,0.691406,0.343002368164,0.7175147453160661
train,healthy_1013.jpg,1,unhealthy,0.203125,0.642578,0.373047,0.714844,0.26667040966800004,0.5218579158529694
train,healthy_1015.jpg,0,healthy,0.298828,0.420898,0.345703,0.753906,0.26062756591799996,0.45854920905258745
train,healthy_1016.jpg,0,healthy,0.359375,0.546387,0.580078,0.907227,0.526262423706,0.6393967551671191
train,healthy_1017.jpg,0,healthy,0.359375,0.526367,0.597656,0.947266,0.566139208496,0.6309273213648542
train,healthy_1018.jpg,0,healthy,0.580078,0.509277,0.560547,0.981445,0.550146050415,0.5711445878271324
train,healthy_1019.jpg,0,healthy,0.568359,0.500977,0.537109,0.994141,0.533962078369,0.5402744681086485
train,healthy_1020.jpg,0,healthy,0.813477,0.505859,0.373047,0.929688,0.346817319336,0.40126042285153735
train,healthy_1020.jpg,0,healthy,0.392578,0.495117,0.472656,0.939453,0.444038097168,0.5031183039492131
train,healthy_1021.jpg,0,healthy,0.387695,0.495117,0.478516,0.949219,0.45421647900400003,0.5041154886280195
train,healthy_1021.jpg,0,healthy,0.802734,0.522949,0.394531,0.879883,0.347141119873,0.4483902973463518
train,healthy_1022.jpg,0,healthy,0.79834,0.497559,0.40332,0.993164,0.40056290448000004,0.40609607275334186
train,healthy_1024.jpg,0,healthy,0.495117,0.33252,0.853516,0.448242,0.382581718872,1.9041410666559584
train,healthy_1024.jpg,0,healthy,0.508789,0.690918,0.808594,0.418945,0.33875641333,1.9300719664872477
train,healthy_1025.jpg,0,healthy,0.501465,0.324219,0.883789,0.441406,0.39010976733400005,2.0022133817845704
train,healthy_1025.jpg,0,healthy,0.503906,0.668457,0.796875,0.37207,0.29649328125,2.141734082296342
train,healthy_1026.jpg,0,healthy,0.473145,0.760742,0.604492,0.462891,0.279813906372,1.3059057099835598
train,healthy_1026.jpg,0,healthy,0.540039,0.210449,0.861328,0.418945,0.36084905896,2.0559452911480025
train,healthy_1027.jpg,0,healthy,0.484863,0.752441,0.612305,0.454102,0.27804892511,1.3483864858556007
train,healthy_1027.jpg,0,healthy,0.557129,0.211914,0.87793,0.421875,0.37037671875,2.0810192592592593
train,healthy_1029.jpg,0,healthy,0.695312,0.556641,0.542969,0.800781,0.434799258789,0.6780493043666121
train,healthy_1029.jpg,0,healthy,0.244141,0.503418,0.451172,0.803711,0.362611899292,0.5613609867228395
train,healthy_1030.jpg,0,healthy,0.40918,0.465332,0.492188,0.915039,0.45037121533200003,0.5378874561630707
train,healthy_1033.jpg,0,healthy,0.427734,0.536621,0.507812,0.829102,0.421027944824,0.6124843505382933
train,healthy_1034.jpg,0,healthy,0.305664,0.421875,0.466797,0.664062,0.30998214941400004,0.702941893979779
train,healthy_1035.jpg,0,healthy,0.308105,0.435059,0.481445,0.65332,0.3145376474,0.7369206514418661
train,healthy_1036.jpg,0,healthy,0.251953,0.567871,0.501953,0.813477,0.40832722058099996,0.6170463332091749
train,healthy_1037.jpg,0,healthy,0.25293,0.581055,0.503906,0.804688,0.40548711132799997,0.6262128924502416
train,healthy_1038.jpg,0,healthy,0.273438,0.470703,0.542969,0.724609,0.393440224121,0.7493268783578455
train,healthy_1039.jpg,0,healthy,0.267578,0.479492,0.533203,0.773438,0.41239946191399995,0.689393332109361
train,healthy_1042.jpg,0,healthy,0.51709,0.644531,0.870117,0.314453,0.273610901001,2.767081249026087
train,healthy_1042.jpg,0,healthy,0.512695,0.311035,0.816406,0.456055,0.37232603833,1.7901481180997905
train,healthy_1043.jpg,0,healthy,0.507812,0.63623,0.894531,0.323242,0.28914998950199994,2.767372433037786
train,healthy_1043.jpg,0,healthy,0.491211,0.275391,0.8125,0.419922,0.341186625,1.9348831449650172
train,healthy_1044.jpg,0,healthy,0.486328,0.606445,0.861328,0.388672,0.334774076416,2.2160793676930677
train,healthy_1044.jpg,0,healthy,0.49707,0.275391,0.734375,0.439453,0.322723296875,1.671111586449518
train,healthy_1045.jpg,0,healthy,0.519531,0.618652,0.779297,0.385742,0.300607583374,2.020254470604705
train,healthy_1046.jpg,0,healthy,0.543945,0.758789,0.728516,0.439453,0.320148541748,1.657779102657167
train,healthy_1046.jpg,0,healthy,0.499023,0.279785,0.779297,0.342773,0.267121970581,2.273507539975436
train,healthy_1047.jpg,0,healthy,0.49707,0.297852,0.777344,0.357422,0.27783984716800003,2.1748633268237545
train,healthy_1047.jpg,0,healthy,0.532227,0.760742,0.716797,0.416016,0.298199020752,1.723003442175301
train,healthy_1052.jpg,0,healthy,0.324707,0.508301,0.518555,0.725586,0.37625624823,0.7146706248466757
train,healthy_1052.jpg,1,unhealthy,0.784668,0.561035,0.430664,0.77832,0.33519440448,0.5533251104943981
train,healthy_1053.jpg,0,healthy,0.334473,0.541504,0.493164,0.768555,0.37902365802,0.6416769131682183
train,healthy_1053.jpg,1,unhealthy,0.781738,0.60498,0.420898,0.758789,0.319372772522,0.5546970238103083
train,healthy_1054.jpg,1,unhealthy,0.319824,0.53125,0.553711,0.701172,0.388246649292,0.7896935416702321
train,healthy_1054.jpg,0,healthy,0.776367,0.497559,0.341797,0.598633,0.204610963501,0.5709625095843364
train,healthy_1056.jpg,0,healthy,0.760742,0.53125,0.337891,0.646484,0.21844112524399997,0.5226594935064132
train,healthy_1056.jpg,0,healthy,0.319824,0.626953,0.608398,0.648438,0.394508382324,0.9382516138782737
train,healthy_1057.jpg,0,healthy,0.32373,0.615234,0.635742,0.703125,0.44700609375,0.9041664
train,healthy_1057.jpg,0,healthy,0.755371,0.550781,0.370117,0.646484,0.23927471862799995,0.5725075949288768
train,healthy_1058.jpg,0,healthy,0.590332,0.330078,0.725586,0.417969,0.30327245483399995,1.7359804196004966
train,healthy_1059.jpg,0,healthy,0.583496,0.327637,0.772461,0.426758,0.329653911438,1.810068001068521
train,healthy_1060.jpg,0,healthy,0.536621,0.556152,0.663086,0.405273,0.268730852478,1.6361464987798346
train,healthy_1061.jpg,0,healthy,0.515137,0.534668,0.629883,0.461914,0.29095177606199996,1.3636369540650424
train,healthy_1061.jpg,0,healthy,0.364258,0.750488,0.662109,0.489258,0.323942125122,1.3532921280796633
train,healthy_1061.jpg,1,unhealthy,0.626953,0.20166,0.623047,0.387695,0.24155220666500002,1.6070545145023793
train,healthy_1062.jpg,0,healthy,0.760254,0.567383,0.336914,0.496094,0.16714101391599998,0.6791333900430161
train,healthy_1062.jpg,0,healthy,0.279297,0.459961,0.365234,0.908203,0.331706614502,0.402150180080885
train,healthy_1063.jpg,0,healthy,0.289551,0.484375,0.375977,0.908203,0.341463439331,0.41397903332184544
train,healthy_1063.jpg,0,healthy,0.763672,0.580566,0.335938,0.514648,0.172889819824,0.6527529495888452
train,healthy_1064.jpg,0,healthy,0.709961,0.446777,0.548828,0.870117,0.477544572876,0.6307519563461006
train,healthy_1064.jpg,0,healthy,0.293945,0.569336,0.494141,0.861328,0.425617479248,0.5736966637564319
train,healthy_1065.jpg,0,healthy,0.288086,0.562012,0.474609,0.875977,0.415746567993,0.5418053213725931
train,healthy_1065.jpg,0,healthy,0.692871,0.453125,0.555664,0.894531,0.497058673584,0.6211791430369659
train,healthy_1066.jpg,0,healthy,0.430664,0.474609,0.333984,0.8125,0.271362,0.4110572307692308
train,healthy_1066.jpg,0,healthy,0.661621,0.462891,0.344727,0.742188,0.255852242676,0.464473960775437
train,healthy_1067.jpg,0,healthy,0.417969,0.46875,0.355469,0.814453,0.289512793457,0.4364512132682917
train,healthy_1067.jpg,0,healthy,0.67627,0.478516,0.37207,0.759766,0.28268613562,0.489716570628325
train,healthy_1068.jpg,0,healthy,0.511719,0.492676,0.347656,0.875977,0.304538659912,0.396878000221467
train,healthy_1069.jpg,0,healthy,0.498535,0.507812,0.364258,0.898438,0.327263229004,0.405434765671087
train,healthy_1070.jpg,0,healthy,0.617188,0.48291,0.546875,0.790039,0.43205257812500003,0.6922126629191723
train,healthy_1070.jpg,0,healthy,0.312012,0.521973,0.442383,0.823242,0.36418826568600005,0.5373668981903256
train,healthy_1071.jpg,0,healthy,0.631348,0.480957,0.647461,0.790039,0.511519440979,0.8195304282446815
train,healthy_1071.jpg,0,healthy,0.296387,0.526367,0.448242,0.789062,0.353690729004,0.5680694292717174
train,healthy_1073.jpg,0,healthy,0.314453,0.533691,0.421875,0.547852,0.2311250625,0.7700528609916547
train,healthy_1076.jpg,0,healthy,0.326172,0.455078,0.425781,0.724609,0.308524744629,0.5876010372490544
train,healthy_1076.jpg,0,healthy,0.62207,0.601562,0.558594,0.539062,0.301116798828,1.0362333089700257
train,healthy_1077.jpg,0,healthy,0.322266,0.468262,0.416016,0.844727,0.351419947632,0.49248573799582585
train,healthy_1078.jpg,0,healthy,0.310059,0.498047,0.430664,0.791016,0.34066211462400003,0.5444441073252626
train,healthy_1078.jpg,0,healthy,0.666016,0.635254,0.664062,0.670898,0.44551786767600005,0.98981067166693
train,healthy_1079.jpg,0,healthy,0.321777,0.485352,0.395508,0.748047,0.29585857287600004,0.5287207889343851
train,healthy_1079.jpg,0,healthy,0.674805,0.638672,0.638672,0.638672,0.407901923584,1.0
train,healthy_1081.jpg,0,healthy,0.330078,0.44873,0.3125,0.774414,0.24200437500000002,0.4035309279016133
train,healthy_1081.jpg,0,healthy,0.669922,0.503906,0.554688,0.769531,0.4268496113279999,0.7208130666600826
train,healthy_1082.jpg,0,healthy,0.301758,0.487305,0.341797,0.699219,0.238990956543,0.4888268196373382
train,healthy_1082.jpg,0,healthy,0.669434,0.509766,0.467773,0.611328,0.285962732544,0.7651751596524288
train,healthy_1083.jpg,0,healthy,0.291992,0.540039,0.351562,0.806641,0.283584323242,0.435834528619299
train,healthy_1083.jpg,0,healthy,0.676758,0.52832,0.482422,0.751953,0.362758670166,0.6415587144409292
train,healthy_1084.jpg,0,healthy,0.341797,0.553711,0.474609,0.71875,0.34112521875,0.6603255652173913
train,healthy_1084.jpg,0,healthy,0.715332,0.57373,0.44043,0.766602,0.33763451886,0.5745223727566586
train,healthy_1085.jpg,0,healthy,0.337402,0.571289,0.510742,0.703125,0.35911546875,0.7263886222222222
train,healthy_1085.jpg,0,healthy,0.71875,0.578613,0.431641,0.772461,0.333425838501,0.558786786646834
train,healthy_1086.jpg,0,healthy,0.543457,0.503418,0.612305,0.772461,0.472981732605,0.7926678498979237
train,healthy_1087.jpg,0,healthy,0.522461,0.511719,0.564453,0.759766,0.428852197998,0.7429300600448032
train,healthy_1089.jpg,1,unhealthy,0.26123,0.592773,0.467773,0.677734,0.31702566638199997,0.6902014654717042
train,healthy_1089.jpg,0,healthy,0.563965,0.635742,0.420898,0.585938,0.24662013232399999,0.7183319736900492
train,healthy_1090.jpg,0,healthy,0.224609,0.530762,0.390625,0.68457,0.26741015625000003,0.5706136698949705
train,healthy_1092.jpg,0,healthy,0.34375,0.548828,0.371094,0.746094,0.276871006836,0.49738236736925906
train,healthy_1093.jpg,0,healthy,0.340332,0.545898,0.379883,0.652344,0.24781439575200004,0.5823353935960168
train,healthy_1094.jpg,0,healthy,0.644043,0.376953,0.348633,0.705078,0.245813458374,0.4944601873835236
train,healthy_1094.jpg,0,healthy,0.324707,0.364258,0.467773,0.724609,0.33895252575699997,0.6455522909596763
train,healthy_1095.jpg,0,healthy,0.659668,0.390625,0.362305,0.705078,0.25545328479,0.5138509498239912
train,healthy_1095.jpg,0,healthy,0.321777,0.373047,0.481445,0.714844,0.34415806958,0.6734965950613001
train,healthy_1096.jpg,0,healthy,0.661133,0.412109,0.466797,0.791016,0.36924389575200006,0.5901233350526411
train,healthy_1096.jpg,0,healthy,0.211914,0.407715,0.419922,0.791992,0.33257486462400004,0.5302099011101122
train,healthy_1098.jpg,0,healthy,0.419434,0.489258,0.491211,0.861328,0.423093788208,0.5702949399067486
train,healthy_1098.jpg,0,healthy,0.835449,0.512695,0.329102,0.791016,0.26032494763200004,0.4160497385640745
train,healthy_1100.jpg,0,healthy,0.382812,0.407227,0.460938,0.800781,0.369110392578,0.575610560190614
train,healthy_1101.jpg,0,healthy,0.403809,0.397461,0.446289,0.769531,0.343433220459,0.5799493457703458
train,healthy_1102.jpg,0,healthy,0.827637,0.476074,0.344727,0.881836,0.303992678772,0.3909196267786754
train,healthy_1102.jpg,0,healthy,0.561523,0.410645,0.3125,0.799805,0.2499390625,0.39072023805802664
train,healthy_1102.jpg,0,healthy,0.166016,0.397461,0.326172,0.792969,0.25864428466800005,0.4113300772161333
train,healthy_1104.jpg,0,healthy,0.195801,0.525879,0.333008,0.624023,0.20780465118400002,0.5336469969856881
train,healthy_1104.jpg,0,healthy,0.344727,0.504883,0.265625,0.560547,0.148895296875,0.4738674901480161
train,healthy_1104.jpg,0,healthy,0.512695,0.396484,0.259766,0.722656,0.187721458496,0.3594601027321437
train,healthy_1104.jpg,0,healthy,0.720703,0.425293,0.179688,0.733398,0.131782819824,0.2450074857035334
train,healthy_1104.jpg,0,healthy,0.900391,0.433105,0.199219,0.81543,0.16244914917,0.2443115902039415
train,healthy_1105.jpg,0,healthy,0.189941,0.527344,0.311523,0.564453,0.175840091919,0.5519024613209603
train,healthy_1105.jpg,0,healthy,0.518066,0.399902,0.266602,0.75293,0.20073264386,0.3540860372146149
train,healthy_1105.jpg,0,healthy,0.724121,0.437988,0.227539,0.69043,0.15709975177,0.32956128789305217
train,healthy_1105.jpg,0,healthy,0.885254,0.424316,0.213867,0.78418,0.16771022406,0.2727269249407024
train,healthy_1106.jpg,0,healthy,0.679688,0.510254,0.333984,0.838867,0.280168156128,0.39813701099220733
train,healthy_1107.jpg,0,healthy,0.684082,0.527344,0.348633,0.871094,0.303692114502,0.4002243156306897
train,healthy_1108.jpg,1,unhealthy,0.431641,0.475098,0.460938,0.749023,0.345253163574,0.6153856423634522
train,healthy_1108.jpg,0,healthy,0.672363,0.409668,0.194336,0.813477,0.158087866272,0.23889550657240463
train,healthy_1110.jpg,1,unhealthy,0.729004,0.40625,0.256836,0.744141,0.19112219787600002,0.34514426701391265
train,healthy_1110.jpg,0,healthy,0.528809,0.490234,0.348633,0.744141,0.25943210925300003,0.46850395287989777
train,healthy_1112.jpg,1,unhealthy,0.452637,0.621582,0.655273,0.725586,0.47545691497799997,0.9030948777953268
train,healthy_1112.jpg,0,healthy,0.770508,0.463379,0.275391,0.797852,0.219721260132,0.34516551941964174
train,healthy_1115.jpg,0,healthy,0.544922,0.571289,0.839844,0.255859,0.21488164599600001,3.282448536107778
train,healthy_1115.jpg,1,unhealthy,0.530273,0.29541,0.816406,0.375977,0.30694987866199996,2.1714253797439738
train,healthy_1116.jpg,0,healthy,0.519531,0.249023,0.960938,0.380859,0.36598188574199997,2.5230807201615293
train,healthy_1116.jpg,0,healthy,0.554688,0.680664,0.890625,0.474609,0.422698640625,1.8765446925785225
train,healthy_1120.jpg,0,healthy,0.572266,0.265625,0.855469,0.457031,0.390975852539,1.8717964426920712
train,healthy_1120.jpg,0,healthy,0.506348,0.692871,0.987305,0.50293,0.49654530365,1.963106197681586
train,healthy_1121.jpg,0,healthy,0.555176,0.265137,0.889648,0.489258,0.43526740118400004,1.8183616823843451
train,healthy_1121.jpg,0,healthy,0.502441,0.723145,0.993164,0.50293,0.49949197052,1.9747559302487425
train,healthy_1122.jpg,1,unhealthy,0.333008,0.556641,0.546875,0.824219,0.45074476562500004,0.6635069077514593
train,healthy_1122.jpg,0,healthy,0.634277,0.404297,0.432617,0.787109,0.34051673425299994,0.5496278152072965
train,healthy_1123.jpg,1,unhealthy,0.33252,0.5625,0.538086,0.800781,0.43088904516599996,0.6719515073409583
train,healthy_1123.jpg,0,healthy,0.630371,0.421875,0.415039,0.748047,0.310468678833,0.5548301109422269
train,healthy_1124.jpg,1,unhealthy,0.704102,0.422852,0.560547,0.742188,0.416031256836,0.7552628175071546
train,healthy_1124.jpg,0,healthy,0.317871,0.420898,0.354492,0.808594,0.286640104248,0.43840542967175117
train,healthy_1125.jpg,0,healthy,0.305176,0.42041,0.44043,0.791992,0.34881703656,0.556104102061637
train,healthy_1125.jpg,1,unhealthy,0.695801,0.418457,0.59082,0.762695,0.4506154599,0.7746477949901337
train,healthy_1130.jpg,0,healthy,0.327148,0.516113,0.279297,0.936523,0.261568064331,0.298227592915497
train,healthy_1131.jpg,0,healthy,0.324707,0.507324,0.25293,0.907227,0.22946492511,0.27879461259420185
train,healthy_1132.jpg,0,healthy,0.489746,0.563477,0.666992,0.748047,0.498941364624,0.8916445089680194
train,healthy_1133.jpg,0,healthy,0.491211,0.531738,0.640625,0.700195,0.448562421875,0.9149236998264769
train,healthy_1134.jpg,0,healthy,0.572754,0.466797,0.31543,0.876953,0.27661728479,0.3596886036081751
train,healthy_1134.jpg,0,healthy,0.284668,0.544922,0.368164,0.910156,0.33508667358399996,0.40450648020778857
train,healthy_1135.jpg,0,healthy,0.596191,0.488281,0.305664,0.902344,0.275814076416,0.33874442562925
train,healthy_1136.jpg,0,healthy,0.66748,0.512695,0.407227,0.84375,0.34359778125,0.4826394074074074
train,healthy_1137.jpg,0,healthy,0.67627,0.470703,0.407227,0.779297,0.31735077941900003,0.5225568685623068
train,healthy_1138.jpg,0,healthy,0.713379,0.520508,0.401367,0.726562,0.29161801025399997,0.5524194769338335
train,healthy_1138.jpg,0,healthy,0.334961,0.492676,0.40625,0.844727,0.34317034375,0.48092460641130214
train,healthy_1139.jpg,0,healthy,0.324219,0.507324,0.414062,0.842773,0.348960273926,0.49130904763204325
train,healthy_1139.jpg,0,healthy,0.708496,0.539551,0.415039,0.790039,0.327896996521,0.525339888283996
train,healthy_1140.jpg,0,healthy,0.605957,0.472656,0.700195,0.458984,0.32137830188,1.5255324804350479
train,healthy_1140.jpg,0,healthy,0.608398,0.777344,0.744141,0.339844,0.252891854004,2.1896546650816258
train,healthy_1141.jpg,0,healthy,0.566406,0.437988,0.583984,0.426758,0.249219843872,1.368419572685222
train,healthy_1141.jpg,0,healthy,0.580078,0.777832,0.654297,0.34668,0.22683168396,1.8873226029768086
train,healthy_1141.jpg,0,healthy,0.717773,0.25293,0.525391,0.503906,0.264747677246,1.0426369203780073
train,healthy_1143.jpg,0,healthy,0.572754,0.431152,0.80957,0.485352,0.39292641864,1.6680059008719446
train,healthy_1143.jpg,0,healthy,0.58252,0.805176,0.834961,0.344727,0.287833600647,2.4220934246519708
train,healthy_1144.jpg,0,healthy,0.79248,0.429688,0.415039,0.546875,0.226974453125,0.7589284571428572
train,healthy_1144.jpg,0,healthy,0.241211,0.462402,0.480469,0.56543,0.27167158666999996,0.8497409051518313
train,healthy_1145.jpg,0,healthy,0.248535,0.46582,0.495117,0.617188,0.30558027099599994,0.802214236180872
train,healthy_1145.jpg,0,healthy,0.791992,0.425781,0.416016,0.582031,0.24213420849599998,0.7147660519800492
train,healthy_1146.jpg,0,healthy,0.4375,0.474609,0.435547,0.732422,0.319004204834,0.5946667358435438
train,healthy_1148.jpg,0,healthy,0.260742,0.445801,0.505859,0.780273,0.39470811950699997,0.6483102708923671
train,healthy_1150.jpg,0,healthy,0.605469,0.470215,0.460938,0.879883,0.405571510254,0.5238628317628594
train,healthy_1150.jpg,0,healthy,0.25293,0.460449,0.376953,0.764648,0.288236357544,0.49297585294148416
train,healthy_1151.jpg,0,healthy,0.258301,0.44043,0.399414,0.775391,0.309702020874,0.5151130203987407
train,healthy_1151.jpg,0,healthy,0.604004,0.475586,0.491211,0.845703,0.415418616333,0.5808315685293773
train,healthy_1152.jpg,0,healthy,0.497559,0.512695,0.428711,0.650391,0.278829776001,0.6591588751996875
train,healthy_1152.jpg,0,healthy,0.815918,0.515137,0.368164,0.680664,0.250595980896,0.540889484385835
train,healthy_1152.jpg,0,healthy,0.210938,0.435547,0.419922,0.539062,0.22636399316400002,0.7789864616686021
train,healthy_1153.jpg,0,healthy,0.46582,0.478516,0.353516,0.701172,0.247875520752,0.5041787179180002
train,healthy_1153.jpg,0,healthy,0.820801,0.509277,0.358398,0.676758,0.242548713684,0.5295807363932159
train,healthy_1155.jpg,0,healthy,0.481934,0.507812,0.366211,0.791016,0.28967876037600004,0.4629628224966372
train,healthy_1155.jpg,0,healthy,0.807129,0.431152,0.385742,0.661133,0.25502676568599997,0.5834559763315399
train,healthy_1156.jpg,0,healthy,0.443359,0.478516,0.529297,0.771484,0.408344166748,0.6860764448776644
train,healthy_1156.jpg,0,healthy,0.830078,0.504395,0.335938,0.805664,0.27065315283200003,0.41697034992254833
train,healthy_1158.jpg,0,healthy,0.424316,0.638672,0.514648,0.722656,0.371913465088,0.7121618031262454
train,healthy_1159.jpg,0,healthy,0.420898,0.608398,0.501953,0.783203,0.393131095459,0.640897698297887
train,healthy_1161.jpg,0,healthy,0.791992,0.453125,0.326172,0.671875,0.2191468125,0.48546530232558144
train,healthy_1161.jpg,0,healthy,0.440918,0.42041,0.413086,0.608398,0.251320696228,0.6789733036597754
train,healthy_1162.jpg,0,healthy,0.631836,0.495605,0.404297,0.549805,0.222284512085,0.7353461681869027
train,healthy_1162.jpg,0,healthy,0.277832,0.399414,0.444336,0.662109,0.29419886462399997,0.671091919910468
train,healthy_1163.jpg,0,healthy,0.303223,0.391113,0.459961,0.678711,0.312180590271,0.6776978714062393
train,healthy_1163.jpg,0,healthy,0.625,0.494629,0.408203,0.55957,0.22841815271,0.7294940758082098
train,healthy_1164.jpg,0,healthy,0.520508,0.435059,0.820312,0.420898,0.345267680176,1.9489567543680417
train,healthy_1165.jpg,0,healthy,0.48877,0.416992,0.831055,0.40625,0.33761609375,2.045673846153846
train,healthy_1166.jpg,0,healthy,0.484375,0.562012,0.787109,0.541992,0.426606781128,1.4522520627610738
train,healthy_1167.jpg,0,healthy,0.468262,0.557617,0.770508,0.566406,0.43642035424799996,1.3603457590491626
train,healthy_1168.jpg,0,healthy,0.412598,0.396484,0.782227,0.505859,0.39569656799299996,1.5463340575140505
train,healthy_1168.jpg,0,healthy,0.314453,0.782715,0.626953,0.422852,0.265108329956,1.4826771541816048
train,healthy_1169.jpg,0,healthy,0.44873,0.402344,0.819336,0.576172,0.47207846179199997,1.4220336982706552
train,healthy_1170.jpg,0,healthy,0.487793,0.473145,0.973633,0.428711,0.417407177063,2.2710707213017627
train,healthy_1173.jpg,0,healthy,0.465332,0.564453,0.928711,0.574219,0.533283501709,1.6173463434682585
train,healthy_1174.jpg,0,healthy,0.556152,0.278809,0.782227,0.514648,0.402571561096,1.5199262408481138
train,healthy_1175.jpg,0,healthy,0.539551,0.282227,0.801758,0.486328,0.38991736462399995,1.648595186787518
train,healthy_1176.jpg,0,healthy,0.405762,0.253418,0.75293,0.387695,0.29190719635,1.9420678626239698
train,healthy_1177.jpg,0,healthy,0.428711,0.276855,0.761719,0.385742,0.293827010498,1.9746851522520237
train,healthy_1179.jpg,0,healthy,0.533691,0.340332,0.674805,0.555664,0.37496484552000003,1.2144119467879868
train,healthy_1179.jpg,0,healthy,0.509277,0.767578,0.657227,0.349609,0.229772474243,1.8798915359730441
train,healthy_1180.jpg,0,healthy,0.560059,0.36377,0.680664,0.385742,0.262560692688,1.764557657709039
train,healthy_1180.jpg,0,healthy,0.560059,0.695801,0.713867,0.368164,0.262820130188,1.9389918623222262
train,healthy_1181.jpg,0,healthy,0.554688,0.368652,0.714844,0.385742,0.275745354248,1.8531661058427655
train,healthy_1181.jpg,0,healthy,0.577148,0.699219,0.744141,0.419922,0.312481177002,1.7720933887722006
train,healthy_1183.jpg,0,healthy,0.45459,0.516113,0.87207,0.536133,0.46754550531,1.6265926551807108
train,healthy_1184.jpg,0,healthy,0.543945,0.559082,0.800781,0.448242,0.358943677002,1.7864925642844713
train,healthy_1184.jpg,0,healthy,0.458008,0.195801,0.775391,0.387695,0.30061521374500005,2.0000025793471674
train,healthy_1185.jpg,0,healthy,0.572266,0.553223,0.849609,0.495117,0.420655859253,1.715976223801647
train,healthy_1186.jpg,0,healthy,0.528809,0.698242,0.805664,0.603516,0.4862311146240001,1.3349505232669887
train,healthy_1186.jpg,0,healthy,0.472656,0.213379,0.804688,0.420898,0.338691569824,1.9118361218157367
train,healthy_1190.jpg,0,healthy,0.543945,0.558594,0.816406,0.505859,0.41298632275399993,1.6139003160959873
train,healthy_1191.jpg,0,healthy,0.574219,0.547852,0.791016,0.513672,0.406322770752,1.5399243096762136
train,healthy_1192.jpg,0,healthy,0.546875,0.604004,0.90625,0.442383,0.40090959375,2.0485642531471595
train,healthy_1193.jpg,0,healthy,0.549316,0.598633,0.848633,0.464844,0.39448195825199994,1.8256296736109319
train,healthy_1194.jpg,0,healthy,0.500977,0.637695,0.943359,0.490234,0.46246665600599995,1.9243034958815586
train,healthy_1196.jpg,0,healthy,0.507324,0.308594,0.838867,0.4375,0.3670043125,1.9174102857142858
train,healthy_1197.jpg,0,healthy,0.489746,0.305176,0.852539,0.43457,0.37048787323000004,1.9617990197206434
train,healthy_1198.jpg,0,healthy,0.440918,0.225098,0.87793,0.436523,0.38323663738999997,2.0111884138980076
train,healthy_1199.jpg,0,healthy,0.469727,0.221191,0.804688,0.422852,0.340263930176,1.9030015229914958
train,healthy_1200.jpg,0,healthy,0.436523,0.289551,0.710938,0.385742,0.27423864599599995,1.8430401667435747
train,healthy_1201.jpg,0,healthy,0.450684,0.275879,0.75293,0.366211,0.27573124823,2.056000502442581
train,healthy_1202.jpg,0,healthy,0.492676,0.358887,0.670898,0.393555,0.26403526238999997,1.7047121749183722
train,healthy_1202.jpg,0,healthy,0.513184,0.744141,0.756836,0.445312,0.337028152832,1.6995634521414198
train,healthy_1203.jpg,0,healthy,0.478516,0.751465,0.695312,0.444336,0.308952152832,1.5648338194519464
train,healthy_1203.jpg,0,healthy,0.459961,0.371582,0.710938,0.381836,0.27146172216799996,1.8618935878230443
train,healthy_1204.jpg,0,healthy,0.496582,0.297852,0.723633,0.429688,0.310936416504,1.6840893857868964
train,healthy_1204.jpg,0,healthy,0.513184,0.619629,0.762695,0.336914,0.25696262323,2.2637676083510927
train,healthy_1205.jpg,0,healthy,0.491211,0.30127,0.701172,0.395508,0.277319135376,1.7728389817652235
train,healthy_1215.jpg,0,healthy,0.491211,0.517578,0.818359,0.330078,0.270122302002,2.4792897436363526
train,healthy_1218.jpg,0,healthy,0.559082,0.296875,0.881836,0.382812,0.337577402832,2.3035746005872335
train,healthy_1219.jpg,0,healthy,0.564453,0.325195,0.867188,0.396484,0.34382616699199997,2.1871954479878126
train,healthy_1222.jpg,0,healthy,0.541992,0.680664,0.724609,0.341797,0.247669182373,2.1199981275435418
train,healthy_1223.jpg,0,healthy,0.539062,0.682617,0.673828,0.365234,0.246104895752,1.844921338101053
train,healthy_1223.jpg,0,healthy,0.48877,0.394043,0.670898,0.389648,0.261414063904,1.721805321726276
train,healthy_1224.jpg,0,healthy,0.601562,0.539551,0.470703,0.524414,0.246843243042,0.8975790120019678
train,healthy_1224.jpg,0,healthy,0.786133,0.417969,0.359375,0.601562,0.21618634375,0.5974030939454287
train,healthy_1225.jpg,0,healthy,0.609375,0.534668,0.445312,0.557617,0.248313541504,0.7985983210698382
train,healthy_1225.jpg,0,healthy,0.793457,0.42041,0.391602,0.586914,0.22983669622800001,0.6672221143131702
train,healthy_1226.jpg,1,unhealthy,0.56543,0.405273,0.34375,0.753906,0.2591551875,0.45595870042153797
train,healthy_1226.jpg,0,healthy,0.249512,0.499023,0.493164,0.716797,0.353498475708,0.6880106920090346
train,healthy_1226.jpg,0,healthy,0.843262,0.429199,0.30957,0.704102,0.21796885614,0.43966641196872047
train,healthy_1234.jpg,0,healthy,0.419434,0.466309,0.34668,0.758789,0.26305697052,0.45688590635868465
train,healthy_1235.jpg,0,healthy,0.41748,0.441895,0.344727,0.729492,0.251475588684,0.47255761543649555
train,healthy_1236.jpg,0,healthy,0.4375,0.444336,0.380859,0.724609,0.275973859131,0.525606223494326
train,healthy_1237.jpg,0,healthy,0.446289,0.525391,0.515625,0.949219,0.489441046875,0.5432097334756257
train,healthy_1238.jpg,0,healthy,0.466309,0.532715,0.588867,0.93457,0.5503374321900001,0.6300940539499449
train,healthy_1239.jpg,0,healthy,0.491699,0.543945,0.483398,0.884766,0.427694114868,0.5463568898443204
train,healthy_1240.jpg,0,healthy,0.52832,0.538574,0.580078,0.883789,0.512666555542,0.6563534961399157
train,healthy_1241.jpg,0,healthy,0.354004,0.511719,0.706055,0.707031,0.49920277270499996,0.9986195796223928
train,healthy_1243.jpg,0,healthy,0.454102,0.475098,0.292969,0.600586,0.17595307983399996,0.4878052435454706
train,healthy_1243.jpg,0,healthy,0.270508,0.691406,0.539062,0.248047,0.133712711914,2.173225235540039
train,healthy_1244.jpg,0,healthy,0.712891,0.439941,0.427734,0.735352,0.314535052368,0.5816724507446773
train,healthy_1244.jpg,0,healthy,0.42334,0.500488,0.301758,0.604492,0.18241029693600003,0.4991927105735064
train,healthy_1244.jpg,0,healthy,0.362793,0.16748,0.723633,0.331055,0.23956232281499998,2.1858392110072344
train,healthy_1245.jpg,0,healthy,0.594727,0.458008,0.810547,0.816406,0.661735434082,0.9928234236397088
train,healthy_1246.jpg,0,healthy,0.723145,0.547852,0.530273,0.699219,0.370776956787,0.7583789914175673
train,healthy_1247.jpg,0,healthy,0.719238,0.532715,0.526367,0.788086,0.414822463562,0.6679055331524733
train,healthy_1248.jpg,0,healthy,0.713379,0.456543,0.395508,0.856445,0.33873084906,0.4618019837817957
train,healthy_1249.jpg,0,healthy,0.477051,0.55957,0.424805,0.675781,0.287075147705,0.6286134117413777
train,healthy_1249.jpg,0,healthy,0.776855,0.436523,0.31543,0.861328,0.27168869104,0.36621356788586923
train,healthy_1251.jpg,0,healthy,0.699707,0.483887,0.579102,0.760742,0.440547213684,0.7612331118828722
train,healthy_1253.jpg,0,healthy,0.631836,0.538086,0.603516,0.8125,0.49035675000000006,0.7427889230769231
train,healthy_1254.jpg,0,healthy,0.593262,0.540527,0.256836,0.49707,0.12766547052000002,0.5166998611865532
train,healthy_1254.jpg,0,healthy,0.346191,0.516602,0.303711,0.337891,0.10262121350100001,0.8988431180469442
train,healthy_1256.jpg,0,healthy,0.663574,0.470215,0.428711,0.743164,0.318602581604,0.5768726687514465
train,healthy_1256.jpg,0,healthy,0.303223,0.707031,0.483398,0.585938,0.28324125732399996,0.8249985493345713
train,healthy_1257.jpg,0,healthy,0.543457,0.520508,0.426758,0.71875,0.3067323125,0.5937502608695653
train,healthy_1257.jpg,0,healthy,0.737305,0.431641,0.296875,0.746094,0.22149665625,0.39790562583266986
train,healthy_1258.jpg,0,healthy,0.618164,0.445312,0.582031,0.857422,0.49904618408199997,0.6788150992160219
train,healthy_1259.jpg,0,healthy,0.618652,0.551758,0.452148,0.771484,0.34882494763199995,0.5860756671557673
train,healthy_1259.jpg,0,healthy,0.241699,0.483887,0.479492,0.866211,0.41534124481199997,0.5535510401045473
train,healthy_1262.jpg,0,healthy,0.636719,0.43457,0.441406,0.816406,0.360366506836,0.5406697158031666
train,healthy_1264.jpg,0,healthy,0.273438,0.491699,0.46875,0.780273,0.36575296875,0.6007512755151082
train,healthy_1264.jpg,0,healthy,0.72168,0.646484,0.541016,0.550781,0.29798133349600003,0.982270630250499
train,healthy_1265.jpg,0,healthy,0.62207,0.481445,0.470703,0.949219,0.446800230957,0.49588451137198053
train,healthy_1266.jpg,0,healthy,0.78125,0.496094,0.412109,0.841797,0.346912119873,0.4895586465620571
train,healthy_1267.jpg,0,healthy,0.299316,0.412109,0.516602,0.716797,0.370298763794,0.7207089315384969
train,healthy_1267.jpg,0,healthy,0.714355,0.533203,0.516602,0.738281,0.381397441162,0.6997362792757772
train,healthy_1268.jpg,0,healthy,0.386719,0.40332,0.414062,0.792969,0.328338330078,0.5221666925188753
train,healthy_1268.jpg,0,healthy,0.77002,0.461914,0.366211,0.667969,0.24461759545900003,0.54824550241104
train,healthy_1270.jpg,0,healthy,0.630859,0.42334,0.457031,0.711914,0.32536676733400005,0.6419750138359408
train,healthy_1271.jpg,0,healthy,0.705078,0.403809,0.441406,0.676758,0.298725041748,0.6522361021221766
train,healthy_1271.jpg,0,healthy,0.428223,0.197754,0.706055,0.299805,0.21167881927499999,2.3550474475075465
train,healthy_1271.jpg,0,healthy,0.391113,0.583984,0.493164,0.580078,0.286073586792,0.8501684256255193
train,healthy_1272.jpg,0,healthy,0.525391,0.459473,0.392578,0.817383,0.320886583374,0.4802864752508922
train,healthy_1273.jpg,0,healthy,0.45752,0.443359,0.358398,0.707031,0.253398496338,0.5069056378008885
train,healthy_1273.jpg,0,healthy,0.755371,0.55957,0.450195,0.675781,0.304233227295,0.6661847551203719
train,healthy_1274.jpg,0,healthy,0.587402,0.523438,0.520508,0.703125,0.3659821875,0.7402780444444444
train,healthy_1274.jpg,0,healthy,0.314941,0.437012,0.313477,0.577148,0.180922623596,0.5431483778857417
train,healthy_1276.jpg,0,healthy,0.679688,0.532227,0.414062,0.697266,0.288711354492,0.5938364985529195
train,healthy_1276.jpg,0,healthy,0.257324,0.525391,0.485352,0.652344,0.316616465088,0.744012361576101
train,healthy_1277.jpg,0,healthy,0.566406,0.53418,0.40625,0.691406,0.2808836875,0.5875708339239174
train,healthy_1277.jpg,0,healthy,0.203125,0.53418,0.394531,0.603516,0.23810577099600003,0.6537208624129269
train,healthy_1280.jpg,0,healthy,0.432617,0.776367,0.824219,0.373047,0.307472425293,2.209424013596142
train,healthy_1280.jpg,0,healthy,0.421875,0.542969,0.802734,0.332031,0.266532572754,2.4176477497583053
train,healthy_1280.jpg,0,healthy,0.421875,0.332031,0.738281,0.355469,0.262436008789,2.076920912934743
train,healthy_1281.jpg,0,healthy,0.450195,0.370605,0.816406,0.383789,0.31332764233399996,2.1272261581233436
train,healthy_1281.jpg,0,healthy,0.422852,0.533203,0.816406,0.289062,0.23599195117199998,2.824328344784164
train,healthy_1281.jpg,0,healthy,0.456055,0.786133,0.763672,0.359375,0.274444625,2.125000347826087
train,healthy_1282.jpg,0,healthy,0.507812,0.570801,0.863281,0.381836,0.329631763916,2.2608685404204945
train,healthy_1282.jpg,0,healthy,0.516602,0.804199,0.833984,0.307617,0.25654765612799996,2.711111544550529
train,healthy_1282.jpg,1,unhealthy,0.55957,0.297852,0.841797,0.466797,0.392948314209,1.8033470652125014
train,healthy_1283.jpg,0,healthy,0.512695,0.51416,0.974609,0.59668,0.58152969812,1.6333864047730777
train,healthy_1283.jpg,0,healthy,0.502441,0.767578,0.979492,0.439453,0.430440697876,2.228889096217343
train,healthy_1287.jpg,0,healthy,0.588867,0.525879,0.728516,0.350586,0.255407510376,2.0779951281568576
train,healthy_1288.jpg,0,healthy,0.578125,0.54834,0.830078,0.612305,0.5082609097899999,1.3556609859465463
train,healthy_1291.jpg,0,healthy,0.583008,0.317383,0.669922,0.630859,0.42262632299799996,1.061920334020756
train,healthy_1292.jpg,0,healthy,0.628906,0.554199,0.710938,0.485352,0.345055180176,1.4647884422027724
train,healthy_1294.jpg,0,healthy,0.413086,0.366699,0.775391,0.504883,0.391481734253,1.5357835379682028
train,healthy_1294.jpg,0,healthy,0.536621,0.771973,0.836914,0.456055,0.38167881427,1.8351163785069784
train,healthy_1296.jpg,0,healthy,0.565918,0.445312,0.62207,0.875,0.54431125,0.7109371428571428
train,healthy_1297.jpg,0,healthy,0.429688,0.598633,0.757812,0.740234,0.560958208008,1.0237465450114425
train,healthy_1298.jpg,0,healthy,0.725586,0.486328,0.476562,0.84375,0.4020991875,0.5648142222222222
train,healthy_1298.jpg,0,healthy,0.316895,0.578125,0.461914,0.798828,0.368989836792,0.5782396210448307
train,healthy_1299.jpg,0,healthy,0.540527,0.512207,0.616211,0.975586,0.6011668246459999,0.6316316552308049
train,healthy_1300.jpg,0,healthy,0.429688,0.52002,0.501953,0.922852,0.463228329956,0.5439149506096319
train,healthy_1303.jpg,0,healthy,0.384766,0.509277,0.382812,0.954102,0.365241694824,0.40122754170937697
train,healthy_1305.jpg,0,healthy,0.604004,0.485352,0.592773,0.861328,0.5105719825439999,0.6882082087195587
train,healthy_1306.jpg,0,healthy,0.432129,0.685547,0.68457,0.515625,0.35298140625,1.3276509090909092
train,healthy_1306.jpg,0,healthy,0.787598,0.369141,0.424805,0.71875,0.30532859375,0.5910330434782608
train,healthy_1307.jpg,0,healthy,0.49707,0.554688,0.566406,0.867188,0.49118048632799993,0.6531524882724392
train,healthy_1310.jpg,0,healthy,0.614258,0.407715,0.771484,0.643555,0.49649238562,1.198784874641639
train,healthy_1310.jpg,1,unhealthy,0.476562,0.850098,0.714844,0.299805,0.21431380542,2.3843631693934393
train,healthy_1311.jpg,0,healthy,0.723145,0.593262,0.379883,0.442383,0.16805378118900002,0.8587197066795063
train,healthy_1311.jpg,0,healthy,0.370117,0.405762,0.435547,0.639648,0.278596767456,0.6809166916804242
train,healthy_1312.jpg,0,healthy,0.473145,0.465332,0.424805,0.713867,0.303254270935,0.5950758334535704
train,healthy_1312.jpg,0,healthy,0.84082,0.542969,0.316406,0.65625,0.20764143750000003,0.48214247619047623
train,healthy_1313.jpg,0,healthy,0.42334,0.475098,0.485352,0.75293,0.36543608136,0.6446176935438885
train,healthy_1313.jpg,0,healthy,0.831055,0.478516,0.332031,0.792969,0.263290290039,0.41871876454186735
train,healthy_1314.jpg,0,healthy,0.345703,0.452637,0.517578,0.793945,0.41092846521,0.6519066182166271
train,healthy_1314.jpg,0,healthy,0.691406,0.536133,0.480469,0.816406,0.39225777441399995,0.5885172328473823
train,healthy_1315.jpg,0,healthy,0.785156,0.516113,0.429688,0.780273,0.335273944824,0.550689310023543
train,healthy_1315.jpg,0,healthy,0.283691,0.544434,0.553711,0.702148,0.38878707122799994,0.7885958515868449
train,healthy_1316.jpg,0,healthy,0.387207,0.433105,0.553711,0.782227,0.43312769439699994,0.70786485253002
train,healthy_1316.jpg,0,healthy,0.811523,0.461426,0.376953,0.760742,0.286763979126,0.4955070181480712
train,healthy_1319.jpg,0,healthy,0.302734,0.396973,0.5625,0.489258,0.275207625,1.1497001581987416
train,healthy_1319.jpg,0,healthy,0.729492,0.359863,0.451172,0.688477,0.310621545044,0.6553189140668462
train,healthy_1321.jpg,0,healthy,0.396484,0.625,0.40625,0.75,0.3046875,0.5416666666666666
train,healthy_1322.jpg,0,healthy,0.316406,0.495117,0.488281,0.951172,0.46443921533200005,0.5133466922911945
train,healthy_1322.jpg,0,healthy,0.731445,0.51709,0.537109,0.911133,0.48937773449699995,0.5894957157736576
train,healthy_1324.jpg,0,healthy,0.720703,0.473145,0.558594,0.938477,0.524227621338,0.5952133083709031
train,healthy_1324.jpg,0,healthy,0.345703,0.500488,0.419922,0.985352,0.413770982544,0.4261644569656326
train,healthy_1325.jpg,0,healthy,0.604492,0.522461,0.363281,0.933594,0.339156961914,0.3891209669299503
train,healthy_1325.jpg,0,healthy,0.234375,0.586914,0.455078,0.814453,0.370639642334,0.5587529298805456
train,healthy_1327.jpg,0,healthy,0.34375,0.404297,0.486328,0.789062,0.383742944336,0.6163368657976179
train,healthy_1327.jpg,0,healthy,0.697754,0.539062,0.600586,0.832031,0.49970617016599994,0.7218312779211351
train,healthy_1329.jpg,0,healthy,0.397461,0.557129,0.630859,0.709961,0.44788528649899995,0.8885826122843368
train,healthy_1329.jpg,0,healthy,0.842285,0.541504,0.31543,0.756836,0.23872877948,0.41677457203409984
train,healthy_1330.jpg,0,healthy,0.594727,0.501465,0.726562,0.838867,0.609488885254,0.8661229968517059
train,healthy_1331.jpg,0,healthy,0.524902,0.447266,0.493164,0.816406,0.40262204858399997,0.6040670940683924
train,healthy_1333.jpg,0,healthy,0.62207,0.460938,0.5,0.75,0.375,0.6666666666666666
train,healthy_1334.jpg,0,healthy,0.270508,0.348145,0.537109,0.694336,0.37293411462399995,0.773557758779611
train,healthy_1335.jpg,0,healthy,0.342773,0.285645,0.683594,0.499023,0.341129128662,1.3698647156543888
train,healthy_1335.jpg,0,healthy,0.632812,0.499023,0.726562,0.472656,0.343413888672,1.5371898378524762
train,healthy_1336.jpg,0,healthy,0.471191,0.394043,0.709961,0.729492,0.517910869812,0.973226574109106
train,healthy_1338.jpg,0,healthy,0.266113,0.486816,0.415039,0.74707,0.31006318573,0.555555704284739
train,healthy_1338.jpg,0,healthy,0.819336,0.480469,0.355469,0.669922,0.238136503418,0.5306125190693841
train,healthy_1339.jpg,0,healthy,0.611816,0.45459,0.450195,0.905273,0.407549378235,0.49730302350782585
train,healthy_1339.jpg,0,healthy,0.241211,0.40625,0.433594,0.791016,0.342979791504,0.5481482043346784
train,healthy_1340.jpg,0,healthy,0.498047,0.478516,0.669922,0.736328,0.493282326416,0.9098146478199933
train,healthy_1341.jpg,0,healthy,0.536621,0.253906,0.926758,0.464844,0.43079789575199995,1.99369681011264
train,healthy_1341.jpg,0,healthy,0.575195,0.71582,0.712891,0.568359,0.405178015869,1.254297020017278
train,healthy_1342.jpg,0,healthy,0.394531,0.425781,0.560547,0.697266,0.39085036450200006,0.803921315538116
train,healthy_1344.jpg,0,healthy,0.437988,0.581055,0.770508,0.429688,0.331078041504,1.7931801679358044
train,healthy_1345.jpg,0,healthy,0.529297,0.546875,0.826172,0.412109,0.340472916748,2.0047414640301473
train,healthy_1346.jpg,0,healthy,0.394531,0.410645,0.554688,0.512695,0.28438576416,1.0819063965905655
train,healthy_1347.jpg,0,healthy,0.655273,0.542969,0.460938,0.847656,0.390716861328,0.5437795520824485
train,healthy_1348.jpg,0,healthy,0.366699,0.506348,0.432617,0.901367,0.38994668743899996,0.4799565548772031
train,healthy_1349.jpg,0,healthy,0.385254,0.604004,0.364258,0.774414,0.28208649481200004,0.4703659799538748
train,healthy_1350.jpg,0,healthy,0.428223,0.481445,0.764648,0.453125,0.346481125,1.6874990344827585
train,healthy_1351.jpg,0,healthy,0.445312,0.483887,0.800781,0.499023,0.39960813696299996,1.6046975790695017
train,healthy_1352.jpg,0,healthy,0.465332,0.571777,0.766602,0.698242,0.535273713684,1.0979030192970345
train,healthy_1353.jpg,0,healthy,0.424316,0.617188,0.352539,0.699219,0.246501967041,0.5041896744796694
train,healthy_1353.jpg,0,healthy,0.222168,0.44873,0.379883,0.536133,0.203667812439,0.7085611219604092
train,healthy_1354.jpg,0,healthy,0.422852,0.625,0.341797,0.701172,0.239658486084,0.4874652724295893
train,healthy_1354.jpg,0,healthy,0.204102,0.464355,0.359375,0.514648,0.184951625,0.6982928137289953
train,healthy_1356.jpg,0,healthy,0.283203,0.477539,0.453125,0.542969,0.24603282812500002,0.8345319898557744
train,healthy_1356.jpg,0,healthy,0.483887,0.594727,0.323242,0.544922,0.176141677124,0.5931894839995449
train,healthy_1356.jpg,0,healthy,0.773926,0.70166,0.426758,0.59668,0.25463796344,0.7152208889186834
train,healthy_1357.jpg,0,healthy,0.787598,0.490234,0.416992,0.570312,0.237815541504,0.7311646958156236
train,healthy_1359.jpg,0,healthy,0.687012,0.514648,0.625977,0.617188,0.386345492676,1.0142403935267699
train,healthy_1361.jpg,0,healthy,0.597656,0.366699,0.472656,0.69043,0.32633588208000003,0.6845820720420608
train,healthy_1361.jpg,0,healthy,0.262695,0.37207,0.523438,0.533203,0.279098711914,0.9816861495527969
train,healthy_1363.jpg,0,healthy,0.587891,0.576172,0.414062,0.490234,0.202987270508,0.8446211401086011
train,healthy_1363.jpg,0,healthy,0.170898,0.407227,0.339844,0.699219,0.237625381836,0.4860337033175585
train,healthy_1363.jpg,0,healthy,0.412598,0.537109,0.301758,0.431641,0.130251124878,0.6990948496551533
train,healthy_1363.jpg,0,healthy,0.274414,0.446777,0.308594,0.567383,0.17509098950199997,0.5438901059777963
train,healthy_1364.jpg,0,healthy,0.267578,0.558105,0.519531,0.647461,0.33637606079099996,0.8024128094201813
train,healthy_1365.jpg,0,healthy,0.373047,0.562988,0.572266,0.549805,0.31463470813,1.0408526659451989
train,healthy_1366.jpg,0,healthy,0.521484,0.264648,0.650391,0.453125,0.294708421875,1.435345655172414
train,healthy_1366.jpg,0,healthy,0.220703,0.349609,0.429688,0.527344,0.22659338867200002,0.8148153766801177
train,healthy_1367.jpg,0,healthy,0.413086,0.519043,0.654297,0.618164,0.40446285070800003,1.0584521259730426
train,healthy_1371.jpg,0,healthy,0.672852,0.41748,0.511719,0.805664,0.41227357641600004,0.6351518747269334
train,healthy_1371.jpg,0,healthy,0.309082,0.492676,0.428711,0.74707,0.32027712677000003,0.5738565328550203
train,healthy_1371.jpg,0,healthy,0.181641,0.460938,0.361328,0.634766,0.22935872924800002,0.5692302360239836
train,healthy_1372.jpg,0,healthy,0.280762,0.442383,0.489258,0.738281,0.361209885498,0.6626988910726405
train,healthy_1373.jpg,0,healthy,0.396484,0.477051,0.599609,0.952148,0.570916510132,0.6297434852564937
train,healthy_1374.jpg,0,healthy,0.295898,0.59668,0.445312,0.734375,0.327026,0.6063822978723404
train,healthy_1374.jpg,0,healthy,0.638184,0.630371,0.34082,0.680664,0.23198390448000003,0.5007169469811831
train,healthy_1375.jpg,0,healthy,0.590332,0.456055,0.338867,0.673828,0.22833807287599997,0.5028983657550591
train,healthy_1375.jpg,0,healthy,0.262207,0.589844,0.508789,0.505859,0.257375494751,1.0057921278459019
train,healthy_1376.jpg,0,healthy,0.526367,0.432129,0.390625,0.688477,0.268936328125,0.5673755259798076
train,healthy_1377.jpg,0,healthy,0.524902,0.479004,0.47168,0.745117,0.35145678656,0.6330281016269927
train,healthy_1377.jpg,0,healthy,0.157227,0.493652,0.3125,0.733398,0.229186875,0.42609878947038304
train,healthy_1377.jpg,0,healthy,0.757812,0.600586,0.478516,0.642578,0.307483854248,0.7446815795125261
train,healthy_1382.jpg,0,healthy,0.278809,0.651855,0.540039,0.682617,0.36863980206300007,0.7911303117267809
train,healthy_1382.jpg,0,healthy,0.73291,0.561523,0.53418,0.855469,0.45697443042,0.6244294065594428
train,healthy_1383.jpg,0,healthy,0.14209,0.316406,0.27832,0.621094,0.17286288208000003,0.448112524030179
train,healthy_1386.jpg,0,healthy,0.634766,0.529297,0.509766,0.908203,0.46297101049800005,0.5612908127368001
train,healthy_1387.jpg,0,healthy,0.374512,0.526367,0.74707,0.914062,0.6828682983400001,0.8173077975017011
train,healthy_1388.jpg,0,healthy,0.328125,0.483398,0.501953,0.679688,0.34117143066399996,0.7385050199503301
train,healthy_1391.jpg,0,healthy,0.529785,0.654297,0.907227,0.513672,0.466017107544,1.7661601177405035
train,healthy_1392.jpg,0,healthy,0.487793,0.421875,0.581055,0.537109,0.31208986999499994,1.0818195189430824
train,healthy_1393.jpg,0,healthy,0.603027,0.447266,0.758789,0.386719,0.293438123291,1.9621197820639795
train,healthy_1394.jpg,0,healthy,0.261719,0.505859,0.296875,0.980469,0.29107673437500003,0.30278876741640987
train,healthy_1394.jpg,0,healthy,0.713379,0.417969,0.571289,0.828125,0.473098703125,0.6898584150943396
train,healthy_1395.jpg,0,healthy,0.227051,0.543945,0.401367,0.912109,0.36609045300299997,0.44004280190196565
train,healthy_1396.jpg,0,healthy,0.195312,0.51416,0.382812,0.657227,0.251594382324,0.5824654191017715
train,healthy_1396.jpg,0,healthy,0.6875,0.536133,0.447266,0.550781,0.24634561474599997,0.8120577870333218
train,healthy_1397.jpg,0,healthy,0.710449,0.396973,0.446289,0.75293,0.33602437676999997,0.5927363765555895
train,healthy_1399.jpg,0,healthy,0.305664,0.553223,0.609375,0.864258,0.5266572187499999,0.705084592795207
train,healthy_1399.jpg,0,healthy,0.779785,0.455566,0.436523,0.868164,0.37897355377200004,0.5028116807423482
train,healthy_1400.jpg,0,healthy,0.52832,0.518555,0.943359,0.544922,0.514057072998,1.73118171040993
train,healthy_1401.jpg,0,healthy,0.495117,0.486816,0.730469,0.967773,0.706928175537,0.7547937377876838
train,healthy_1402.jpg,0,healthy,0.405273,0.560059,0.333984,0.852539,0.28473438537600004,0.391752166176562
train,healthy_1402.jpg,0,healthy,0.611816,0.477539,0.321289,0.90625,0.29116815625,0.3545257931034483
train,healthy_1402.jpg,0,healthy,0.870117,0.475586,0.255859,0.949219,0.242866224121,0.2695468590493869
train,healthy_1402.jpg,0,healthy,0.20459,0.635742,0.405273,0.71875,0.29128996875,0.5638580869565217
train,healthy_1403.jpg,0,healthy,0.430664,0.591797,0.398438,0.816406,0.325287173828,0.4880390393995145
train,healthy_1403.jpg,0,healthy,0.706543,0.541016,0.235352,0.917969,0.216045840088,0.25638338549558864
train,healthy_1404.jpg,0,healthy,0.720703,0.427246,0.369141,0.81543,0.30100864563,0.45269489717081784
train,healthy_1404.jpg,0,healthy,0.333008,0.489258,0.507812,0.902344,0.45822111132800003,0.5627698527390884
train,healthy_1406.jpg,0,healthy,0.506348,0.501953,0.538086,0.996094,0.5359842360839999,0.5401960055978652
train,healthy_1410.jpg,0,healthy,0.191406,0.409668,0.261719,0.250977,0.06568544946299999,1.0428007347286803
train,healthy_1410.jpg,0,healthy,0.448242,0.464844,0.216797,0.208984,0.045307104247999996,1.0373856371779657
train,healthy_1410.jpg,0,healthy,0.333496,0.526367,0.233398,0.128906,0.030086402587999998,1.8106061781453153
train,healthy_1410.jpg,0,healthy,0.464355,0.706543,0.336914,0.202148,0.068106491272,1.6666699645804064
train,healthy_1410.jpg,0,healthy,0.575195,0.702148,0.167969,0.212891,0.035759088379,0.7889906102183747
train,healthy_1410.jpg,0,healthy,0.84375,0.634277,0.271484,0.295898,0.080331572632,0.9174918384037744
train,healthy_1411.jpg,0,healthy,0.552734,0.589844,0.855469,0.4375,0.3742676875,1.9553577142857144
train,healthy_1412.jpg,0,healthy,0.609863,0.723633,0.163086,0.052734,0.008600177124000002,3.09261576971214
train,healthy_1412.jpg,0,healthy,0.243164,0.451172,0.099609,0.132812,0.013229270508000001,0.75
train,healthy_1412.jpg,0,healthy,0.286621,0.659668,0.135742,0.077148,0.010472223816,1.7595012184372896
train,healthy_1412.jpg,0,healthy,0.390625,0.8125,0.111328,0.046875,0.0052185,2.3749973333333334
train,healthy_1413.jpg,0,healthy,0.544922,0.668945,0.404297,0.230469,0.09317792529300001,1.7542359276084853
train,healthy_1413.jpg,0,healthy,0.567871,0.455078,0.416992,0.253906,0.105876770752,1.6423085708884388
train,healthy_1413.jpg,0,healthy,0.529785,0.305176,0.383789,0.354492,0.136050130188,1.0826450244293242
train,healthy_1414.jpg,0,healthy,0.197754,0.660156,0.18457,0.412109,0.07606295813000001,0.4478669478220568
train,healthy_1414.jpg,0,healthy,0.419922,0.652344,0.167969,0.460938,0.07742329492200001,0.3644069267450286
train,healthy_1414.jpg,0,healthy,0.634766,0.793457,0.220703,0.317383,0.07004738024900001,0.6953838107271025
train,healthy_1414.jpg,0,healthy,0.831055,0.478027,0.154297,0.456055,0.07036791833499999,0.3383298067119097
train,healthy_1414.jpg,0,healthy,0.376465,0.15332,0.381836,0.304688,0.11634084716800001,1.2532032767946226
train,healthy_1415.jpg,0,healthy,0.485352,0.438477,0.367188,0.65625,0.240967125,0.5595245714285715
train,healthy_1415.jpg,0,healthy,0.819336,0.396973,0.261719,0.598633,0.15667363012699997,0.4371944079260582
train,healthy_1415.jpg,0,healthy,0.22998,0.740234,0.186523,0.503906,0.09399005883799999,0.37015435418510595
train,healthy_1416.jpg,0,healthy,0.407227,0.744629,0.210938,0.327148,0.069007944824,0.6447785100321567
train,healthy_1416.jpg,0,healthy,0.370117,0.258789,0.673828,0.505859,0.34086195825199994,1.3320470724055518
train,healthy_1416.jpg,0,healthy,0.62207,0.637207,0.173828,0.229492,0.039892135376000004,0.7574468826800063
train,healthy_1417.jpg,0,healthy,0.708008,0.567383,0.445312,0.246094,0.109588611328,1.8095199395352994
train,healthy_1417.jpg,0,healthy,0.490723,0.521484,0.317383,0.269531,0.08554455737300001,1.1775380197454097
train,healthy_1417.jpg,0,healthy,0.291992,0.478027,0.238281,0.323242,0.07702242700199999,0.7371597750292351
train,healthy_1417.jpg,0,healthy,0.501953,0.331055,0.308594,0.357422,0.110298284668,0.8633883756455953
train,healthy_1417.jpg,0,healthy,0.593262,0.847656,0.258789,0.164062,0.042457440918,1.5773853786982968
train,healthy_1418.jpg,0,healthy,0.210938,0.585938,0.261719,0.255859,0.066963161621,1.022903239674977
train,healthy_1418.jpg,0,healthy,0.423828,0.411133,0.248047,0.277344,0.068794347168,0.8943658416983963
train,healthy_1418.jpg,0,healthy,0.526367,0.82373,0.207031,0.131836,0.027294138916,1.5703677296034466
train,healthy_1419.jpg,0,healthy,0.504395,0.333496,0.161133,0.290039,0.046734854187,0.5555563217360424
train,healthy_1419.jpg,0,healthy,0.612305,0.297363,0.140625,0.272461,0.038314828125,0.5161289138629015
train,healthy_1419.jpg,0,healthy,0.376465,0.469727,0.192383,0.222656,0.042835229248,0.8640368999712561
train,healthy_1419.jpg,0,healthy,0.17627,0.45752,0.219727,0.217773,0.047850607971,1.0089726458284545
train,healthy_1420.jpg,0,healthy,0.498047,0.586914,0.154297,0.144531,0.022300699706999997,1.0675702790404826
train,healthy_1420.jpg,0,healthy,0.376465,0.186523,0.131836,0.210938,0.027809222168,0.6249988148176242
train,healthy_1420.jpg,1,unhealthy,0.157715,0.904785,0.163086,0.15332,0.025004345520000002,1.0636968432037568
train,healthy_1421.jpg,0,healthy,0.244141,0.517578,0.167969,0.115234,0.019355739746,1.4576340316226115
train,healthy_1421.jpg,0,healthy,0.398438,0.499512,0.142578,0.139648,0.019910732544,1.0209813244729606
train,healthy_1421.jpg,0,healthy,0.388672,0.634277,0.154297,0.092773,0.014314595580999998,1.6631670852510967
train,healthy_1422.jpg,1,unhealthy,0.376953,0.672852,0.181641,0.121094,0.021995635253999998,1.5
train,healthy_1422.jpg,0,healthy,0.250977,0.499512,0.173828,0.219727,0.038194704956000004,0.7911089670363679
train,healthy_1422.jpg,0,healthy,0.546387,0.471191,0.250977,0.258789,0.064950086853,0.9698132455398027
train,healthy_1423.jpg,0,healthy,0.657227,0.545898,0.328125,0.337891,0.110870484375,0.9710971881464733
train,healthy_1423.jpg,0,healthy,0.174805,0.204102,0.34375,0.339844,0.11682137499999999,1.0114935087863843
train,healthy_1423.jpg,0,healthy,0.256348,0.498047,0.329102,0.291016,0.095773947632,1.1308725293454656
train,healthy_1423.jpg,0,healthy,0.396973,0.641113,0.229492,0.500977,0.114970213684,0.45808889430053673
train,healthy_1424.jpg,0,healthy,0.394531,0.827148,0.326172,0.306641,0.100017708252,1.0636933743367651
train,healthy_1424.jpg,0,healthy,0.371582,0.571777,0.393555,0.196289,0.077250517395,2.0049773548186605
train,healthy_1424.jpg,0,healthy,0.226074,0.421875,0.250977,0.314453,0.07892047058099999,0.7981383545394702
train,healthy_1425.jpg,1,unhealthy,0.595703,0.569336,0.400391,0.15625,0.06256109375,2.5625024
train,healthy_1425.jpg,0,healthy,0.29541,0.421387,0.225586,0.260742,0.058819744811999995,0.8651694011705058
train,healthy_1425.jpg,0,healthy,0.599121,0.574219,0.37207,0.164062,0.06104254834000001,2.2678621496751226
train,healthy_1425.jpg,0,healthy,0.567871,0.355469,0.307617,0.269531,0.08291231762699999,1.1413047107753838
train,healthy_1426.jpg,0,healthy,0.336914,0.765625,0.335938,0.294922,0.09907550683600001,1.139074060260001
train,healthy_1426.jpg,0,healthy,0.309082,0.464844,0.426758,0.242188,0.10335566650400001,1.7620939105157978
train,healthy_1426.jpg,0,healthy,0.441895,0.35498,0.256836,0.329102,0.084525241272,0.7804145827129583
train,healthy_1427.jpg,0,healthy,0.663574,0.744629,0.200195,0.389648,0.07800558136,0.5137842360284154
train,healthy_1427.jpg,0,healthy,0.267578,0.734863,0.257812,0.393555,0.10146320165999999,0.6550850579969762
train,healthy_1427.jpg,0,healthy,0.394043,0.645996,0.18457,0.463867,0.08561593219000001,0.3978942239909285
train,healthy_1427.jpg,0,healthy,0.523926,0.678223,0.118164,0.510742,0.060351317688000006,0.2313575151446327
train,healthy_1428.jpg,0,healthy,0.190918,0.462402,0.333008,0.299805,0.09983746344000001,1.1107486532913062
train,healthy_1428.jpg,0,healthy,0.229492,0.85498,0.3125,0.202148,0.06317125,1.5458970655163544
train,healthy_1428.jpg,0,healthy,0.374023,0.706543,0.503906,0.129883,0.06544882299799999,3.879691722550295
train,healthy_1428.jpg,0,healthy,0.303711,0.56543,0.431641,0.195312,0.08430466699200001,2.2100075776193986
train,healthy_1429.jpg,0,healthy,0.198242,0.803223,0.376953,0.387695,0.146142793335,0.9722926527295941
train,healthy_1429.jpg,0,healthy,0.446289,0.769043,0.568359,0.350586,0.19925870837399998,1.6211685577861066
train,healthy_1429.jpg,0,healthy,0.535156,0.533203,0.681641,0.207031,0.141120817871,3.2924586173085193
train,healthy_1430.jpg,0,healthy,0.692871,0.272949,0.260742,0.506836,0.13215343231199997,0.5144504336708521
train,healthy_1430.jpg,0,healthy,0.408691,0.361328,0.362305,0.355469,0.128788196045,1.0192309315298944
train,healthy_1430.jpg,0,healthy,0.407227,0.710449,0.320312,0.204102,0.065376319824,1.5693721766567696
train,healthy_1431.jpg,0,healthy,0.431641,0.522461,0.458984,0.240234,0.11026356225600001,1.9105705270694406
train,healthy_1431.jpg,0,healthy,0.740234,0.716309,0.255859,0.532227,0.136175067993,0.48073284519575293
train,healthy_1432.jpg,0,healthy,0.294434,0.570801,0.213867,0.450195,0.096281854065,0.4750541432046113
train,healthy_1432.jpg,0,healthy,0.440918,0.583008,0.137695,0.509766,0.07019222937000001,0.27011413079726776
train,healthy_1432.jpg,0,healthy,0.560547,0.554199,0.232422,0.475586,0.110536649292,0.48870656411248437
train,healthy_1432.jpg,0,healthy,0.652344,0.358887,0.34375,0.262695,0.09030140625000001,1.3085517425150839
train,healthy_1433.jpg,0,healthy,0.851074,0.505859,0.293945,0.5,0.1469725,0.58789
train,healthy_1433.jpg,0,healthy,0.684082,0.480469,0.192383,0.466797,0.089803807251,0.4121341825247377
train,healthy_1433.jpg,0,healthy,0.531738,0.469238,0.211914,0.428711,0.090849862854,0.4943050213313864
train,healthy_1433.jpg,0,healthy,0.387207,0.60791,0.196289,0.245117,0.048113770813,0.8007971703309031
train,healthy_1433.jpg,0,healthy,0.242676,0.893066,0.366211,0.213867,0.078320447937,1.712330560582044
train,healthy_1433.jpg,0,healthy,0.491699,0.80957,0.225586,0.306641,0.069173916626,0.735668093960038
train,healthy_1434.jpg,0,healthy,0.275879,0.535645,0.288086,0.37207,0.10718815802000001,0.7742790335151988
train,healthy_1434.jpg,0,healthy,0.507324,0.22998,0.334961,0.291992,0.097805932312,1.1471581413189404
train,healthy_1435.jpg,0,healthy,0.298828,0.450684,0.291016,0.407227,0.118509572632,0.7146284504711131
train,healthy_1435.jpg,0,healthy,0.549316,0.678711,0.266602,0.341797,0.091123763794,0.7800009947424933
train,healthy_1435.jpg,0,healthy,0.540039,0.435059,0.160156,0.348633,0.055835666748,0.459382789351553
train,healthy_1435.jpg,0,healthy,0.270508,0.887207,0.371094,0.211914,0.07864001391599999,1.7511537699255357
train,healthy_1436.jpg,0,healthy,0.430664,0.662598,0.371094,0.356445,0.13227460083,1.0410975045238395
train,healthy_1436.jpg,0,healthy,0.621094,0.765137,0.488281,0.243164,0.118732361084,2.0080316165221825
train,healthy_1437.jpg,0,healthy,0.28125,0.512207,0.525391,0.12793,0.06721327063,4.106863128273275
train,healthy_1437.jpg,0,healthy,0.356934,0.330078,0.393555,0.257812,0.10146320165999999,1.5265193241586894
train,healthy_1437.jpg,0,healthy,0.676758,0.375,0.238281,0.324219,0.077255227539,0.7349384212523017
train,healthy_1437.jpg,0,healthy,0.208008,0.681152,0.398438,0.131836,0.052528472168,3.022224582056494
train,healthy_1438.jpg,0,healthy,0.545898,0.522949,0.609375,0.254883,0.15531932812500002,2.3908028389496354
train,healthy_1438.jpg,0,healthy,0.275879,0.679688,0.354492,0.423828,0.150243635376,0.8364053342393613
train,healthy_1438.jpg,0,healthy,0.349121,0.29834,0.274414,0.25293,0.06940753302,1.084940497370814
train,healthy_1438.jpg,0,healthy,0.180176,0.197266,0.165039,0.347656,0.057376798584,0.4747192627194698
train,healthy_1438.jpg,0,healthy,0.472656,0.694336,0.4375,0.378906,0.165771375,1.1546399370820202
train,healthy_1439.jpg,0,healthy,0.405762,0.574707,0.280273,0.711914,0.199530272522,0.39368940630469407
train,healthy_1440.jpg,0,healthy,0.470215,0.472656,0.608398,0.826172,0.502641392456,0.7364059784161168
train,healthy_1440.jpg,0,healthy,0.723633,0.600586,0.548828,0.791016,0.43413172924800003,0.6938266735438979
train,healthy_1441.jpg,0,healthy,0.405273,0.536133,0.478516,0.902344,0.431786041504,0.5303032989635882
train,healthy_1441.jpg,0,healthy,0.713867,0.565918,0.396484,0.84668,0.33569507312,0.46828081447536263
train,healthy_1442.jpg,0,healthy,0.193848,0.628906,0.331055,0.628906,0.20820247582999998,0.5263982216738272
train,healthy_1442.jpg,0,healthy,0.37207,0.611816,0.191406,0.56543,0.10822669457999999,0.33851405125302864
train,healthy_1442.jpg,0,healthy,0.580078,0.61377,0.265625,0.555664,0.14759825000000001,0.4780316882144605
train,healthy_1442.jpg,0,healthy,0.762207,0.584961,0.411133,0.583984,0.24009509387199998,0.7040141510726322
train,healthy_1443.jpg,0,healthy,0.298828,0.41748,0.271484,0.499023,0.135476760132,0.5440310366456055
train,healthy_1443.jpg,0,healthy,0.509277,0.387695,0.37793,0.458984,0.17346382312,0.8234056089101145
train,healthy_1443.jpg,0,healthy,0.712891,0.316406,0.466797,0.419922,0.19601832983400003,1.1116278737479817
train,healthy_1443.jpg,0,healthy,0.10791,0.348633,0.188477,0.404297,0.07620068566900001,0.4661845128704888
train,healthy_1444.jpg,0,healthy,0.57959,0.477051,0.512695,0.606445,0.310921319275,0.8454105483597029
train,healthy_1444.jpg,0,healthy,0.48291,0.576172,0.522461,0.621094,0.324497392334,0.8411947305882844
train,healthy_1445.jpg,0,healthy,0.28125,0.267578,0.21875,0.251953,0.05511471875,0.8682174850071244
train,healthy_1445.jpg,0,healthy,0.509766,0.311523,0.326172,0.269531,0.08791346533200001,1.2101465137590852
train,healthy_1445.jpg,0,healthy,0.536621,0.452637,0.311523,0.266602,0.083052654846,1.1684946099429112
train,healthy_1445.jpg,0,healthy,0.693848,0.546387,0.401367,0.19043,0.07643231780999998,2.1076878643070946
train,healthy_1445.jpg,0,healthy,0.279297,0.514648,0.214844,0.246094,0.052871819336000006,0.87301600201549
train,healthy_1445.jpg,0,healthy,0.097168,0.192871,0.141602,0.307617,0.043559182434,0.4603191631151725
train,healthy_1445.jpg,0,healthy,0.097168,0.458496,0.188477,0.241211,0.045462725647000005,0.7813781295214564
train,healthy_1445.jpg,0,healthy,0.296875,0.6875,0.257812,0.191406,0.04934676367199999,1.3469379225311642
train,healthy_1445.jpg,0,healthy,0.559082,0.711914,0.24707,0.160156,0.03956974292,1.5426833837008918
train,healthy_1445.jpg,0,healthy,0.656738,0.814941,0.239258,0.110352,0.026402598816,2.168134696244744
train,healthy_1445.jpg,0,healthy,0.134766,0.738281,0.263672,0.167969,0.044288722168000005,1.5697658496508284
train,healthy_1445.jpg,0,healthy,0.776367,0.372559,0.210938,0.188477,0.039756961426,1.1191710394371726
train,healthy_1446.jpg,0,healthy,0.63916,0.25293,0.647461,0.28125,0.18209840624999998,2.3020835555555554
train,healthy_1446.jpg,0,healthy,0.62793,0.591309,0.710938,0.448242,0.318672270996,1.5860584237978592
train,healthy_1447.jpg,0,healthy,0.585449,0.517578,0.31543,0.619141,0.19529564563000001,0.5094639185581313
train,healthy_1447.jpg,0,healthy,0.330078,0.61084,0.277344,0.686523,0.19040303491199997,0.40398355189847973
train,healthy_1447.jpg,0,healthy,0.846191,0.507812,0.307617,0.552734,0.17003037487799996,0.5565371408308517
train,healthy_1447.jpg,0,healthy,0.15625,0.582031,0.300781,0.585938,0.176239017578,0.5133324686229602
train,healthy_1448.jpg,0,healthy,0.199219,0.30127,0.384766,0.422852,0.162699072632,0.9099306613188538
train,healthy_1448.jpg,0,healthy,0.292969,0.466309,0.457031,0.491211,0.22449865454100001,0.9304168677004383
train,healthy_1448.jpg,0,healthy,0.457031,0.591309,0.298828,0.643555,0.19231225353999998,0.4643394892433436
train,healthy_1448.jpg,0,healthy,0.708496,0.61084,0.245117,0.706055,0.173066083435,0.34716417276274514
train,healthy_1448.jpg,0,healthy,0.864258,0.594238,0.267578,0.637695,0.17063315270999999,0.41960184727808747
train,healthy_1449.jpg,0,healthy,0.486328,0.371094,0.783203,0.335938,0.263107649414,2.3313915067661295
train,healthy_1449.jpg,1,unhealthy,0.449707,0.745605,0.803711,0.487305,0.391652388855,1.6492976677850626
train,healthy_1449.jpg,0,healthy,0.408691,0.171387,0.62793,0.336914,0.21155840801999998,1.8637693892209881
train,healthy_1450.jpg,0,healthy,0.339355,0.216309,0.604492,0.430664,0.260332942688,1.4036278862407818
train,healthy_1450.jpg,0,healthy,0.479004,0.402344,0.719727,0.384766,0.276926478882,1.8705576896087492
train,healthy_1450.jpg,0,healthy,0.545898,0.711914,0.728516,0.287109,0.20916350024400002,2.537419586289528
train,healthy_1451.jpg,0,healthy,0.287598,0.538086,0.493164,0.740234,0.365056760376,0.6662271660042636
train,healthy_1451.jpg,0,healthy,0.58252,0.420898,0.342773,0.828125,0.28385889062499997,0.41391456603773585
train,healthy_1451.jpg,0,healthy,0.847656,0.477539,0.300781,0.734375,0.22088604687500002,0.4095741276595745
train,healthy_1452.jpg,0,healthy,0.643066,0.603516,0.678711,0.412109,0.279702911499,1.6469210815585196
train,healthy_1453.jpg,0,healthy,0.620605,0.381836,0.743164,0.744141,0.5530188021240001,0.9986870767771162
train,healthy_1453.jpg,0,healthy,0.50293,0.783203,0.972656,0.416016,0.404640458496,2.338025460559209
train,healthy_1453.jpg,0,healthy,0.444336,0.508301,0.759766,0.366211,0.27823466662600005,2.074667336590108
train,healthy_1454.jpg,0,healthy,0.577637,0.293457,0.81543,0.573242,0.46743872406000003,1.4224882335906999
train,healthy_1454.jpg,0,healthy,0.528809,0.708984,0.852539,0.416016,0.354669864624,2.049293777162417
train,healthy_1455.jpg,0,healthy,0.377441,0.487793,0.418945,0.973633,0.407898677185,0.43029046879060184
train,healthy_1455.jpg,0,healthy,0.70166,0.547852,0.571289,0.853516,0.4876043021240001,0.6693360171338323
train,healthy_1455.jpg,0,healthy,0.094238,0.498047,0.178711,0.966797,0.172777258667,0.18484852559534215
train,healthy_1456.jpg,0,healthy,0.331055,0.427246,0.337891,0.844727,0.285425650757,0.40000023676288315
train,healthy_1456.jpg,0,healthy,0.648438,0.428223,0.324219,0.850586,0.27577614233399994,0.3811713336452751
train,healthy_1456.jpg,0,healthy,0.13623,0.524902,0.268555,0.760742,0.20430106781,0.35301718585275954
train,unhealthy_0001.jpg,1,unhealthy,0.486816,0.57373,0.307617,0.801758,0.24663439068599996,0.38367811733715157
train,unhealthy_0001.jpg,1,unhealthy,0.747559,0.441895,0.348633,0.678711,0.236621052063,0.5136692937052737
train,unhealthy_0002.jpg,1,unhealthy,0.458984,0.548828,0.408203,0.902344,0.368339527832,0.4523806885179044
train,unhealthy_0002.jpg,1,unhealthy,0.807617,0.487305,0.384766,0.90625,0.3486941875,0.42456937931034483
train,unhealthy_0003.jpg,1,unhealthy,0.453613,0.552734,0.416992,0.894531,0.37301227075199994,0.46615712591290853
train,unhealthy_0003.jpg,1,unhealthy,0.79834,0.472168,0.40332,0.889648,0.35881283136000003,0.45334784094383396
train,unhealthy_0004.jpg,1,unhealthy,0.347168,0.45752,0.325195,0.680664,0.22134852948000003,0.4777614212004748
train,unhealthy_0004.jpg,1,unhealthy,0.678223,0.573242,0.374023,0.800781,0.299510511963,0.46707277020808435
train,unhealthy_0005.jpg,1,unhealthy,0.208984,0.523926,0.390625,0.805664,0.3147125,0.48484852246097626
train,unhealthy_0005.jpg,1,unhealthy,0.590332,0.58252,0.43457,0.834961,0.36284900177,0.5204674230293391
train,unhealthy_0006.jpg,1,unhealthy,0.208008,0.547363,0.357422,0.616211,0.22024736804199999,0.5800318397432049
train,unhealthy_0006.jpg,1,unhealthy,0.552734,0.655273,0.443359,0.675781,0.299613588379,0.6560690519561811
train,unhealthy_0007.jpg,1,unhealthy,0.19043,0.444336,0.375,0.646484,0.24243149999999997,0.5800607594310145
train,unhealthy_0007.jpg,1,unhealthy,0.567383,0.603516,0.486328,0.792969,0.385643027832,0.6133001416196597
train,unhealthy_0008.jpg,1,unhealthy,0.586914,0.519531,0.455078,0.855469,0.389305121582,0.5319631687413571
train,unhealthy_0009.jpg,1,unhealthy,0.484375,0.543457,0.484375,0.760742,0.36848440625,0.636713892489175
train,unhealthy_0010.jpg,1,unhealthy,0.519531,0.506836,0.654297,0.986328,0.645351451416,0.6633665474365525
train,unhealthy_0011.jpg,1,unhealthy,0.426758,0.586426,0.359375,0.571289,0.20530698437500003,0.6290598978800571
train,unhealthy_0011.jpg,1,unhealthy,0.750977,0.590332,0.375,0.545898,0.20471175,0.6869415165470473
train,unhealthy_0012.jpg,1,unhealthy,0.416016,0.604004,0.322266,0.592773,0.191030583618,0.5436583650065033
train,unhealthy_0012.jpg,1,unhealthy,0.74707,0.568359,0.367188,0.527344,0.19363438867200003,0.6962969143481295
train,unhealthy_0013.jpg,1,unhealthy,0.29541,0.623535,0.454102,0.641602,0.291352751404,0.7077627563505101
train,unhealthy_0013.jpg,1,unhealthy,0.69043,0.61377,0.566406,0.579102,0.328006847412,0.9780764010485199
train,unhealthy_0014.jpg,1,unhealthy,0.328125,0.632812,0.488281,0.673828,0.329017409668,0.7246374445704246
train,unhealthy_0014.jpg,1,unhealthy,0.708496,0.587891,0.569336,0.583984,0.33248311462399993,0.9749171210170142
train,unhealthy_0015.jpg,1,unhealthy,0.361328,0.494141,0.414062,0.703125,0.29113734375,0.5888881777777778
train,unhealthy_0015.jpg,1,unhealthy,0.691895,0.50293,0.352539,0.640625,0.225845296875,0.5503047804878048
train,unhealthy_0016.jpg,1,unhealthy,0.335449,0.520508,0.413086,0.724609,0.299325833374,0.5700812438156303
train,unhealthy_0016.jpg,1,unhealthy,0.712891,0.512207,0.386719,0.631836,0.24434298608399996,0.6120559765508772
train,unhealthy_0017.jpg,1,unhealthy,0.361816,0.642578,0.387695,0.691406,0.26805464917,0.5607342140507893
train,unhealthy_0017.jpg,0,healthy,0.700195,0.603516,0.363281,0.714844,0.25968924316400005,0.508196193854883
train,unhealthy_0018.jpg,1,unhealthy,0.211426,0.544434,0.420898,0.739258,0.311152213684,0.5693519718420362
train,unhealthy_0018.jpg,1,unhealthy,0.596191,0.609375,0.463867,0.78125,0.36239609375,0.59374976
train,unhealthy_0019.jpg,1,unhealthy,0.265625,0.539551,0.412109,0.762695,0.314313473755,0.5403326362438459
train,unhealthy_0019.jpg,1,unhealthy,0.655762,0.612793,0.436523,0.774414,0.338049522522,0.5636816999692671
train,unhealthy_0020.jpg,1,unhealthy,0.327637,0.574707,0.336914,0.756836,0.25498864410399996,0.4451611709802388
train,unhealthy_0020.jpg,1,unhealthy,0.623047,0.498535,0.382812,0.702148,0.268790680176,0.5452012965927411
train,unhealthy_0021.jpg,1,unhealthy,0.376465,0.611328,0.342773,0.695312,0.238334180176,0.4929772533769013
train,unhealthy_0021.jpg,1,unhealthy,0.629883,0.510742,0.412109,0.769531,0.317130650879,0.5355326815943737
train,unhealthy_0022.jpg,1,unhealthy,0.282227,0.518555,0.5625,0.775391,0.4361574375,0.7254404552026009
train,unhealthy_0022.jpg,1,unhealthy,0.678711,0.572754,0.494141,0.842773,0.41644869299299997,0.5863275164249449
train,unhealthy_0023.jpg,0,healthy,0.371582,0.67627,0.579102,0.624023,0.361372967346,0.9280138712835905
train,unhealthy_0023.jpg,1,unhealthy,0.759277,0.603027,0.327148,0.604492,0.19775834881600002,0.5411949206937395
train,unhealthy_0024.jpg,1,unhealthy,0.454102,0.532227,0.416016,0.935547,0.389202520752,0.44467675060686424
train,unhealthy_0024.jpg,1,unhealthy,0.22168,0.601562,0.300781,0.796875,0.239684859375,0.3774506666666667
train,unhealthy_0024.jpg,1,unhealthy,0.712402,0.461426,0.413086,0.801758,0.331195005188,0.5152252924199073
train,unhealthy_0025.jpg,1,unhealthy,0.266602,0.492188,0.457031,0.701172,0.320457340332,0.6518101122121248
train,unhealthy_0025.jpg,1,unhealthy,0.597168,0.625,0.506836,0.75,0.380127,0.6757813333333332
train,unhealthy_0026.jpg,1,unhealthy,0.241699,0.477051,0.411133,0.670898,0.275828307434,0.6128099949619764
train,unhealthy_0026.jpg,1,unhealthy,0.582031,0.638672,0.482422,0.722656,0.348625152832,0.667567971482974
train,unhealthy_0027.jpg,1,unhealthy,0.235352,0.436035,0.423828,0.649414,0.275239836792,0.6526314492758086
train,unhealthy_0027.jpg,1,unhealthy,0.682129,0.549805,0.446289,0.667969,0.298107217041,0.6681283113437898
train,unhealthy_0027.jpg,1,unhealthy,0.47998,0.545898,0.360352,0.640625,0.23085050000000001,0.5625006829268293
train,unhealthy_0028.jpg,1,unhealthy,0.638184,0.560059,0.530273,0.65332,0.34643795636,0.8116589114063552
train,unhealthy_0028.jpg,1,unhealthy,0.232422,0.429199,0.410156,0.62207,0.25514574292000003,0.6593405886797306
train,unhealthy_0029.jpg,1,unhealthy,0.362793,0.607422,0.334961,0.785156,0.262996638916,0.42661713086316605
train,unhealthy_0029.jpg,0,healthy,0.67041,0.378906,0.385742,0.689453,0.26595097912599996,0.5594899144684264
train,unhealthy_0030.jpg,1,unhealthy,0.478027,0.474609,0.930664,0.441406,0.410800673584,2.1084081321957564
train,unhealthy_0031.jpg,1,unhealthy,0.467773,0.472168,0.923828,0.438477,0.405077329956,2.1069018443384717
train,unhealthy_0032.jpg,1,unhealthy,0.166504,0.483887,0.260742,0.823242,0.21465376556399998,0.3167258230265219
train,unhealthy_0032.jpg,1,unhealthy,0.495117,0.455566,0.208984,0.782227,0.163472927368,0.26716541362034296
train,unhealthy_0032.jpg,1,unhealthy,0.80127,0.457031,0.249023,0.857422,0.213517798706,0.2904322492308338
train,unhealthy_0033.jpg,1,unhealthy,0.168945,0.46582,0.322266,0.791016,0.25491756225600004,0.4074076883400588
train,unhealthy_0033.jpg,1,unhealthy,0.493652,0.428223,0.245117,0.733398,0.179768317566,0.33422098233155806
train,unhealthy_0033.jpg,1,unhealthy,0.789062,0.467285,0.246094,0.817383,0.201153052002,0.3010755056075304
train,unhealthy_0034.jpg,1,unhealthy,0.130859,0.602539,0.232422,0.599609,0.13936232299799997,0.3876226007281412
train,unhealthy_0034.jpg,1,unhealthy,0.366699,0.567383,0.209961,0.568359,0.119333223999,0.3694161612642714
train,unhealthy_0034.jpg,1,unhealthy,0.606934,0.576172,0.262695,0.570312,0.14981811084000002,0.4606162942389429
train,unhealthy_0034.jpg,1,unhealthy,0.871582,0.613281,0.235352,0.597656,0.140659534912,0.3937917464226913
train,unhealthy_0035.jpg,1,unhealthy,0.117676,0.530762,0.223633,0.649414,0.145230401062,0.3443612241189749
train,unhealthy_0035.jpg,1,unhealthy,0.346191,0.517578,0.22168,0.648438,0.14374573583999997,0.3418676881984091
train,unhealthy_0035.jpg,1,unhealthy,0.59668,0.519531,0.234375,0.638672,0.14968875,0.3669724052408748
train,unhealthy_0035.jpg,1,unhealthy,0.882812,0.556641,0.234375,0.648438,0.15197765624999998,0.36144550442756285
train,unhealthy_0037.jpg,1,unhealthy,0.536621,0.762695,0.475586,0.474609,0.225717395874,1.002058536605922
train,unhealthy_0037.jpg,1,unhealthy,0.616699,0.521484,0.538086,0.208984,0.11245136462399999,2.5747712743559314
train,unhealthy_0037.jpg,1,unhealthy,0.60498,0.223633,0.387695,0.414062,0.16052976709,0.9363211306519315
train,unhealthy_0038.jpg,1,unhealthy,0.52832,0.762695,0.400391,0.371094,0.148582697754,1.0789476520773713
train,unhealthy_0038.jpg,1,unhealthy,0.604492,0.542969,0.46875,0.203125,0.09521484375,2.3076923076923075
train,unhealthy_0038.jpg,1,unhealthy,0.585449,0.31543,0.329102,0.28125,0.0925599375,1.1701404444444445
train,unhealthy_0038.jpg,1,unhealthy,0.517578,0.216797,0.306641,0.427734,0.131160781494,0.7168964823932631
train,unhealthy_0039.jpg,1,unhealthy,0.639648,0.615234,0.572266,0.326172,0.18665714575200001,1.7544914952846964
train,unhealthy_0039.jpg,1,unhealthy,0.598145,0.830078,0.536133,0.339844,0.18220158325199998,1.5775855980979507
train,unhealthy_0039.jpg,1,unhealthy,0.62207,0.234375,0.595703,0.429688,0.255966430664,1.3863617322336206
train,unhealthy_0040.jpg,1,unhealthy,0.364746,0.641602,0.286133,0.587891,0.16821501550300003,0.48671097193187174
train,unhealthy_0040.jpg,1,unhealthy,0.62793,0.643066,0.365234,0.491211,0.179406958374,0.743537909370922
train,unhealthy_0040.jpg,1,unhealthy,0.787598,0.59375,0.424805,0.519531,0.220699366455,0.8176701679014342
train,unhealthy_0041.jpg,1,unhealthy,0.288086,0.548828,0.267578,0.472656,0.126472347168,0.5661157374496462
train,unhealthy_0041.jpg,1,unhealthy,0.493652,0.6875,0.272461,0.417969,0.113880251709,0.6518689185083105
train,unhealthy_0041.jpg,1,unhealthy,0.591309,0.552734,0.374023,0.396484,0.148294135132,0.943349542478385
train,unhealthy_0042.jpg,1,unhealthy,0.464355,0.657227,0.438477,0.294922,0.129316513794,1.4867558201829636
train,unhealthy_0042.jpg,1,unhealthy,0.55957,0.796875,0.230469,0.40625,0.09362803125000001,0.5673083076923077
train,unhealthy_0042.jpg,1,unhealthy,0.501953,0.269531,0.404297,0.302734,0.122394447998,1.3354859381503235
train,unhealthy_0043.jpg,1,unhealthy,0.476562,0.64209,0.361328,0.307617,0.11115063537599998,1.1746034842027586
train,unhealthy_0043.jpg,1,unhealthy,0.476074,0.439941,0.44043,0.25293,0.1113979599,1.741311825406239
train,unhealthy_0043.jpg,1,unhealthy,0.527832,0.271484,0.379883,0.28125,0.10684209375,1.3506951111111112
train,unhealthy_0044.jpg,1,unhealthy,0.438965,0.285156,0.69043,0.326172,0.22519893396000001,2.1167666139337524
train,unhealthy_0044.jpg,1,unhealthy,0.419434,0.664062,0.678711,0.384766,0.261144916626,1.7639578341121616
train,unhealthy_0045.jpg,1,unhealthy,0.522949,0.227539,0.844727,0.416016,0.351419947632,2.030515653244106
train,unhealthy_0045.jpg,1,unhealthy,0.501953,0.666992,0.84375,0.443359,0.37408415625,1.9030853100985883
train,unhealthy_0046.jpg,1,unhealthy,0.455078,0.46875,0.759766,0.369141,0.280460781006,2.05819998320425
train,unhealthy_0047.jpg,1,unhealthy,0.442871,0.484375,0.766602,0.386719,0.29645955883799996,1.9823230821345732
train,unhealthy_0048.jpg,1,unhealthy,0.429199,0.449707,0.770508,0.393555,0.30323727594,1.9578152990052216
train,unhealthy_0049.jpg,1,unhealthy,0.510742,0.476074,0.777344,0.374023,0.29074453491200003,2.0783320811821735
train,unhealthy_0050.jpg,1,unhealthy,0.451172,0.456543,0.828125,0.407227,0.33723485937500003,2.033570956739116
train,unhealthy_0051.jpg,1,unhealthy,0.475586,0.600586,0.857422,0.462891,0.396892927002,1.8523194445344584
train,unhealthy_0052.jpg,1,unhealthy,0.488281,0.562988,0.789062,0.485352,0.382972819824,1.6257520315152714
train,unhealthy_0053.jpg,1,unhealthy,0.518555,0.515625,0.789062,0.341797,0.269699024414,2.3085691214375785
train,unhealthy_0054.jpg,1,unhealthy,0.523438,0.527344,0.796875,0.341797,0.272369484375,2.3314277187921486
train,unhealthy_0055.jpg,1,unhealthy,0.527832,0.491211,0.711914,0.324219,0.230816045166,2.1957812466265088
train,unhealthy_0056.jpg,1,unhealthy,0.535156,0.454102,0.783203,0.337891,0.264637244873,2.3179161327173556
train,unhealthy_0057.jpg,1,unhealthy,0.522461,0.504395,0.753906,0.360352,0.27167153491199997,2.0921376875943523
train,unhealthy_0058.jpg,1,unhealthy,0.522461,0.51709,0.742188,0.374023,0.277595382324,1.9843378615753575
train,unhealthy_0059.jpg,1,unhealthy,0.52832,0.598145,0.761719,0.358398,0.272998566162,2.1253438914279656
train,unhealthy_0060.jpg,1,unhealthy,0.59082,0.528809,0.75,0.358398,0.2687985,2.0926456062812853
train,unhealthy_0061.jpg,1,unhealthy,0.5625,0.450195,0.769531,0.400391,0.30811328662099996,1.9219487950528358
train,unhealthy_0062.jpg,1,unhealthy,0.532227,0.549316,0.753906,0.334961,0.252529107666,2.2507276966572225
train,unhealthy_0063.jpg,1,unhealthy,0.513672,0.557617,0.777344,0.345703,0.268730152832,2.2485891068344794
train,unhealthy_0064.jpg,1,unhealthy,0.501953,0.553223,0.748047,0.342773,0.256410314331,2.182339332444504
train,unhealthy_0065.jpg,1,unhealthy,0.787109,0.646484,0.421875,0.429688,0.181274625,0.9818170393401724
train,unhealthy_0065.jpg,1,unhealthy,0.270996,0.665039,0.495117,0.455078,0.22531685412599997,1.087982719445897
train,unhealthy_0065.jpg,1,unhealthy,0.411621,0.683105,0.239258,0.475586,0.113787755188,0.5030804102728003
train,unhealthy_0065.jpg,1,unhealthy,0.605957,0.662598,0.155273,0.387695,0.060198565735,0.4005029726976102
train,unhealthy_0066.jpg,1,unhealthy,0.520996,0.648926,0.323242,0.702148,0.22696372381599997,0.46036163315996054
train,unhealthy_0066.jpg,1,unhealthy,0.18457,0.560547,0.34375,0.595703,0.20477290625,0.5770493014136239
train,unhealthy_0067.jpg,1,unhealthy,0.563965,0.395996,0.87207,0.573242,0.49990715094000004,1.5212946713604376
train,unhealthy_0067.jpg,1,unhealthy,0.476562,0.80127,0.900391,0.397461,0.35787030725100005,2.2653568526220185
train,unhealthy_0068.jpg,1,unhealthy,0.564453,0.660645,0.871094,0.37207,0.32410794458000003,2.3412099873679684
train,unhealthy_0069.jpg,1,unhealthy,0.486816,0.577148,0.97168,0.474609,0.46116807312,2.0473273789582582
train,unhealthy_0070.jpg,1,unhealthy,0.499023,0.521973,0.982422,0.477539,0.469144819458,2.0572602447129973
train,unhealthy_0071.jpg,1,unhealthy,0.501953,0.643066,0.996094,0.415039,0.41341785766600003,2.400000963764851
train,unhealthy_0072.jpg,1,unhealthy,0.515137,0.293457,0.823242,0.430664,0.354540692688,1.911564467891442
train,unhealthy_0073.jpg,1,unhealthy,0.513184,0.59375,0.973633,0.453125,0.441177453125,2.1487073103448275
train,unhealthy_0074.jpg,1,unhealthy,0.511719,0.591309,0.976562,0.459961,0.44918043408200004,2.1231408749872274
train,unhealthy_0075.jpg,1,unhealthy,0.526855,0.521973,0.864258,0.598633,0.517373359314,1.44371927374535
train,unhealthy_0076.jpg,1,unhealthy,0.550293,0.508301,0.711914,0.374023,0.266272210022,1.9033963151998676
train,unhealthy_0076.jpg,1,unhealthy,0.488281,0.171875,0.658203,0.341797,0.224971810791,1.9257132157391668
train,unhealthy_0077.jpg,1,unhealthy,0.473145,0.491699,0.749023,0.405273,0.303558798279,1.848193686724751
train,unhealthy_0077.jpg,1,unhealthy,0.392578,0.148438,0.738281,0.294922,0.217735309082,2.503309349590739
train,unhealthy_0078.jpg,1,unhealthy,0.26123,0.612305,0.514648,0.34375,0.17691025,1.4971578181818181
train,unhealthy_0078.jpg,1,unhealthy,0.439453,0.704102,0.251953,0.449219,0.113182074707,0.5608689748207444
train,unhealthy_0078.jpg,1,unhealthy,0.622559,0.745605,0.178711,0.43457,0.07766243927000001,0.41123639459695793
train,unhealthy_0078.jpg,1,unhealthy,0.821289,0.712891,0.34375,0.367188,0.126220875,0.9361689379827227
train,unhealthy_0079.jpg,1,unhealthy,0.468262,0.545898,0.350586,0.84375,0.29580693750000003,0.41550933333333334
train,unhealthy_0079.jpg,1,unhealthy,0.752441,0.460449,0.495117,0.670898,0.332173005066,0.7379914681516415
train,unhealthy_0080.jpg,1,unhealthy,0.156738,0.512207,0.311523,0.793945,0.247332128235,0.3923735271334916
train,unhealthy_0080.jpg,1,unhealthy,0.495117,0.572754,0.388672,0.788086,0.306306961792,0.49318475394817324
train,unhealthy_0080.jpg,1,unhealthy,0.74707,0.403809,0.505859,0.538086,0.27219564587399997,0.9401080868114019
train,unhealthy_0081.jpg,1,unhealthy,0.168945,0.542969,0.330078,0.833984,0.27527977075199994,0.3957845714066457
train,unhealthy_0081.jpg,1,unhealthy,0.49707,0.558105,0.373047,0.836914,0.31220825695800003,0.44574113947191707
train,unhealthy_0081.jpg,1,unhealthy,0.737793,0.413086,0.524414,0.595703,0.312394993042,0.8803279486589795
train,unhealthy_0082.jpg,1,unhealthy,0.152344,0.542969,0.296875,0.720703,0.21395870312499998,0.4119241906860385
train,unhealthy_0082.jpg,1,unhealthy,0.449707,0.595703,0.368164,0.808594,0.29769520141600003,0.45531379159380353
train,unhealthy_0082.jpg,1,unhealthy,0.692383,0.459473,0.615234,0.526367,0.323838874878,1.1688308727560808
train,unhealthy_0083.jpg,1,unhealthy,0.428711,0.538574,0.433594,0.788086,0.34170936108399996,0.5501861471971333
train,unhealthy_0083.jpg,1,unhealthy,0.118164,0.481445,0.234375,0.851562,0.19958484375000002,0.27522951940081875
train,unhealthy_0084.jpg,1,unhealthy,0.560547,0.415039,0.878906,0.484375,0.42572009375,1.8145156129032258
train,unhealthy_0085.jpg,1,unhealthy,0.500488,0.563965,0.825195,0.401367,0.331206041565,2.055961252419855
train,unhealthy_0086.jpg,1,unhealthy,0.543945,0.562988,0.824219,0.358398,0.295398441162,2.2997310252847396
train,unhealthy_0087.jpg,1,unhealthy,0.605957,0.53125,0.72168,0.339844,0.24525861791999998,2.1235625757700594
train,unhealthy_0089.jpg,1,unhealthy,0.54541,0.62207,0.827148,0.40625,0.336028875,2.0360566153846156
train,unhealthy_0090.jpg,1,unhealthy,0.475098,0.477051,0.774414,0.418945,0.32443687323000003,1.8484860781248136
train,unhealthy_0091.jpg,1,unhealthy,0.535645,0.439453,0.813477,0.392578,0.31935317370599997,2.072141077696662
train,unhealthy_0092.jpg,1,unhealthy,0.503418,0.475098,0.698242,0.383789,0.267977598938,1.8193382301212386
train,unhealthy_0093.jpg,1,unhealthy,0.452637,0.562988,0.729492,0.37793,0.27569691156,1.9302304659593048
train,unhealthy_0094.jpg,1,unhealthy,0.49707,0.47168,0.689453,0.388672,0.267971076416,1.7738684546352708
train,unhealthy_0095.jpg,1,unhealthy,0.411133,0.528809,0.806641,0.422852,0.34108976013200004,1.9076201602451923
train,unhealthy_0096.jpg,1,unhealthy,0.445312,0.526367,0.822266,0.417969,0.343681697754,1.9672894401259426
train,unhealthy_0098.jpg,1,unhealthy,0.480469,0.524902,0.900391,0.467773,0.421178599243,1.924846025743256
train,unhealthy_0099.jpg,1,unhealthy,0.470215,0.546875,0.899414,0.507812,0.45673322216800005,1.7711554669838443
train,unhealthy_0100.jpg,1,unhealthy,0.438965,0.480469,0.727539,0.416016,0.302667864624,1.7488245644398293
train,unhealthy_0101.jpg,1,unhealthy,0.47998,0.495117,0.723633,0.417969,0.302456161377,1.731307824264479
train,unhealthy_0102.jpg,1,unhealthy,0.487305,0.457031,0.960938,0.466797,0.448562975586,2.0585779257364547
train,unhealthy_0103.jpg,1,unhealthy,0.469727,0.465332,0.9375,0.510742,0.478820625,1.8355647273966111
train,unhealthy_0104.jpg,1,unhealthy,0.512207,0.53418,0.975586,0.453125,0.44206240625,2.1530173793103446
train,unhealthy_0105.jpg,1,unhealthy,0.475586,0.374023,0.949219,0.416016,0.394890291504,2.281688685050575
train,unhealthy_0106.jpg,1,unhealthy,0.425293,0.36084,0.848633,0.420898,0.357187932434,2.016243840550442
train,unhealthy_0107.jpg,1,unhealthy,0.418457,0.551758,0.811523,0.441406,0.35821112133800004,1.838495625342655
train,unhealthy_0108.jpg,1,unhealthy,0.442383,0.554688,0.837891,0.462891,0.38785220288100003,1.8101259259739335
train,unhealthy_0109.jpg,1,unhealthy,0.472656,0.449219,0.931641,0.521484,0.48583587524399996,1.7865188577214262
train,unhealthy_0110.jpg,1,unhealthy,0.432617,0.470215,0.839844,0.553711,0.465030861084,1.5167551303839009
train,unhealthy_0111.jpg,1,unhealthy,0.429688,0.508789,0.71875,0.332031,0.23864728125,2.164707512250362
train,unhealthy_0112.jpg,1,unhealthy,0.449707,0.5,0.725586,0.359375,0.26075746875,2.019021913043478
train,unhealthy_0113.jpg,1,unhealthy,0.554688,0.490723,0.501953,0.913086,0.45832625695799994,0.5497324457937149
train,unhealthy_0114.jpg,1,unhealthy,0.485352,0.505371,0.498047,0.989258,0.492696979126,0.5034551148436506
train,unhealthy_0115.jpg,1,unhealthy,0.504883,0.490723,0.486328,0.891602,0.433611017456,0.5454541376084845
train,unhealthy_0116.jpg,1,unhealthy,0.464355,0.543945,0.522461,0.912109,0.47654138024899995,0.5728054432090901
train,unhealthy_0117.jpg,1,unhealthy,0.457031,0.501465,0.564453,0.99707,0.56279915271,0.566111707302396
train,unhealthy_0118.jpg,1,unhealthy,0.502441,0.519043,0.473633,0.961914,0.455594213562,0.4923860137184821
train,unhealthy_0119.jpg,1,unhealthy,0.500488,0.513184,0.43457,0.973633,0.42311169281,0.44633861013338705
train,unhealthy_0120.jpg,1,unhealthy,0.554199,0.508301,0.541992,0.983398,0.532993848816,0.5511420604882256
train,unhealthy_0121.jpg,1,unhealthy,0.522461,0.556152,0.457031,0.887695,0.405704133545,0.5148513847661641
train,unhealthy_0122.jpg,1,unhealthy,0.51416,0.558594,0.467773,0.837891,0.39194278674300004,0.5582742862735128
train,unhealthy_0123.jpg,1,unhealthy,0.570312,0.510254,0.859375,0.555664,0.47752375,1.5465731089291368
train,unhealthy_0124.jpg,1,unhealthy,0.556641,0.543457,0.875,0.514648,0.45031699999999997,1.7001911986445104
train,unhealthy_0125.jpg,1,unhealthy,0.520508,0.541016,0.824219,0.564453,0.465232887207,1.4602083787312674
train,unhealthy_0125.jpg,1,unhealthy,0.333984,0.246094,0.650391,0.490234,0.318843781494,1.3266950068742682
train,unhealthy_0126.jpg,1,unhealthy,0.572754,0.298828,0.84082,0.548828,0.46146555895999997,1.5320282492875728
train,unhealthy_0126.jpg,1,unhealthy,0.605957,0.72168,0.788086,0.494141,0.38942560412599997,1.5948605762322898
train,unhealthy_0127.jpg,1,unhealthy,0.514648,0.489746,0.970703,0.508789,0.493883008667,1.907869470448457
train,unhealthy_0128.jpg,1,unhealthy,0.506836,0.48584,0.986328,0.473633,0.467157489624,2.0824731384848607
train,unhealthy_0129.jpg,1,unhealthy,0.419922,0.464844,0.835938,0.439453,0.367355461914,1.9022239010770208
train,unhealthy_0129.jpg,1,unhealthy,0.461426,0.216309,0.77832,0.430664,0.33519440448,1.8072557724815634
train,unhealthy_0129.jpg,1,unhealthy,0.419434,0.841797,0.833008,0.316406,0.263568729248,2.632718722148126
train,unhealthy_0130.jpg,1,unhealthy,0.397949,0.450195,0.793945,0.431641,0.342699213745,1.839364193855542
train,unhealthy_0130.jpg,1,unhealthy,0.475098,0.20459,0.758789,0.407227,0.30899936810300005,1.8633071972143302
train,unhealthy_0130.jpg,1,unhealthy,0.404297,0.822754,0.806641,0.299805,0.24183500500500002,2.6905521922583016
train,unhealthy_0131.jpg,1,unhealthy,0.480957,0.525879,0.950195,0.477539,0.453755170105,1.9897746571484214
train,unhealthy_0131.jpg,1,unhealthy,0.499512,0.860352,0.87793,0.279297,0.24520321521000002,3.1433563554209316
train,unhealthy_0132.jpg,1,unhealthy,0.456543,0.537598,0.911133,0.522461,0.4760314583129999,1.7439253839042532
train,unhealthy_0132.jpg,1,unhealthy,0.469238,0.865234,0.844727,0.269531,0.22768011303700003,3.134062501159421
train,unhealthy_0133.jpg,1,unhealthy,0.478516,0.538574,0.951172,0.555664,0.5285320382080001,1.7117754614299288
train,unhealthy_0133.jpg,1,unhealthy,0.50293,0.208984,0.976562,0.416016,0.40626541699200003,2.3474145225183647
train,unhealthy_0134.jpg,1,unhealthy,0.490723,0.583008,0.979492,0.517578,0.506963510376,1.892452924969763
train,unhealthy_0134.jpg,1,unhealthy,0.486816,0.203125,0.97168,0.404297,0.39284730896000003,2.4033816723844104
train,unhealthy_0135.jpg,1,unhealthy,0.447266,0.585449,0.892578,0.536133,0.47854052087399995,1.6648443576500607
train,unhealthy_0135.jpg,1,unhealthy,0.496094,0.197754,0.949219,0.393555,0.373569883545,2.4119093900471347
train,unhealthy_0136.jpg,1,unhealthy,0.494141,0.189453,0.986328,0.361328,0.35638792358399995,2.7297303281229244
train,unhealthy_0136.jpg,1,unhealthy,0.482422,0.567871,0.962891,0.49707,0.47862422937000004,1.9371336029130706
train,unhealthy_0137.jpg,1,unhealthy,0.438965,0.517578,0.508789,0.941406,0.478977017334,0.5404565086689485
train,unhealthy_0137.jpg,1,unhealthy,0.777344,0.464355,0.445312,0.77832,0.34659523584,0.5721451331072053
train,unhealthy_0138.jpg,1,unhealthy,0.394043,0.515137,0.504883,0.969727,0.48959867694099996,0.5206444700415683
train,unhealthy_0138.jpg,1,unhealthy,0.71582,0.461914,0.466797,0.833984,0.389301229248,0.5597193711150334
train,unhealthy_0139.jpg,1,unhealthy,0.396973,0.540527,0.583008,0.918945,0.53575228656,0.6344318756835283
train,unhealthy_0139.jpg,1,unhealthy,0.699219,0.435059,0.601562,0.719727,0.43296041357400006,0.8358196927446102
train,unhealthy_0140.jpg,1,unhealthy,0.435547,0.551758,0.548828,0.798828,0.43841917358399995,0.6870415158206773
train,unhealthy_0140.jpg,1,unhealthy,0.723633,0.481445,0.552734,0.679688,0.37568666699199993,0.8132172408516849
train,unhealthy_0141.jpg,1,unhealthy,0.431152,0.526367,0.53418,0.929688,0.49662073584,0.5745798590494876
train,unhealthy_0141.jpg,1,unhealthy,0.77832,0.561523,0.443359,0.833984,0.369754312256,0.5316157144501573
train,unhealthy_0142.jpg,1,unhealthy,0.347656,0.500977,0.693359,0.980469,0.679817005371,0.7071707519564616
train,unhealthy_0142.jpg,1,unhealthy,0.774414,0.543945,0.451172,0.802734,0.362171104248,0.5620442138990003
train,unhealthy_0143.jpg,1,unhealthy,0.422852,0.54248,0.462891,0.850586,0.39372860412599997,0.544202467475364
train,unhealthy_0144.jpg,1,unhealthy,0.540527,0.560547,0.461914,0.75,0.3464355,0.6158853333333333
train,unhealthy_0145.jpg,1,unhealthy,0.56543,0.578125,0.429688,0.703125,0.302124375,0.6111118222222223
train,unhealthy_0146.jpg,1,unhealthy,0.52002,0.53418,0.487305,0.792969,0.386417758545,0.6145322200489552
train,unhealthy_0147.jpg,1,unhealthy,0.505371,0.550781,0.446289,0.884766,0.39486133337400003,0.5044147266056788
train,unhealthy_0148.jpg,1,unhealthy,0.470703,0.552734,0.46875,0.880859,0.41290265625,0.5321510026008703
train,unhealthy_0149.jpg,1,unhealthy,0.456055,0.577148,0.414062,0.845703,0.350173475586,0.489606871443048
train,unhealthy_0150.jpg,1,unhealthy,0.45166,0.580566,0.432617,0.838867,0.362908124939,0.5157158405325277
train,unhealthy_0151.jpg,1,unhealthy,0.411621,0.572266,0.366211,0.855469,0.313282157959,0.42808213973855275
train,unhealthy_0152.jpg,1,unhealthy,0.410156,0.576172,0.402344,0.847656,0.341049305664,0.4746548128014194
train,unhealthy_0153.jpg,1,unhealthy,0.437988,0.566406,0.383789,0.855469,0.32831959204100003,0.44862993282047625
train,unhealthy_0153.jpg,1,unhealthy,0.466309,0.594727,0.428711,0.792969,0.339954532959,0.5406403024582298
train,unhealthy_0154.jpg,1,unhealthy,0.543945,0.55957,0.429688,0.802734,0.344925166992,0.5352806782819715
train,unhealthy_0155.jpg,1,unhealthy,0.494141,0.61084,0.441406,0.77832,0.34355511792000004,0.5671266317196012
train,unhealthy_0156.jpg,1,unhealthy,0.460938,0.561523,0.458984,0.859375,0.394439375,0.5340904727272727
train,unhealthy_0157.jpg,1,unhealthy,0.466309,0.574707,0.428711,0.799805,0.342885201355,0.536019404729903
train,unhealthy_0158.jpg,1,unhealthy,0.508789,0.592773,0.451172,0.773438,0.34895356933599997,0.5833331178452572
train,unhealthy_0159.jpg,1,unhealthy,0.483398,0.547363,0.503906,0.825195,0.41582071166999995,0.6106508158677645
train,unhealthy_0160.jpg,1,unhealthy,0.433105,0.540527,0.487305,0.819336,0.39926652947999997,0.5947559975394711
train,unhealthy_0161.jpg,1,unhealthy,0.43457,0.543457,0.470703,0.858398,0.404050513794,0.5483505320375863
train,unhealthy_0162.jpg,1,unhealthy,0.448242,0.536133,0.439453,0.849609,0.37336322387699994,0.5172414604835872
train,unhealthy_0163.jpg,1,unhealthy,0.375488,0.540039,0.44043,0.869141,0.38279577063000003,0.5067417139451481
train,unhealthy_0164.jpg,1,unhealthy,0.361816,0.569336,0.43457,0.861328,0.37430730896000003,0.5045348578009771
train,unhealthy_0165.jpg,1,unhealthy,0.427734,0.547852,0.435547,0.890625,0.387909046875,0.48903522807017547
train,unhealthy_0166.jpg,1,unhealthy,0.467773,0.540039,0.4375,0.919922,0.40246587500000003,0.47558379949604423
train,unhealthy_0167.jpg,1,unhealthy,0.375488,0.562988,0.37207,0.776367,0.28886286969,0.4792449962453324
train,unhealthy_0168.jpg,1,unhealthy,0.436523,0.564453,0.392578,0.785156,0.308234972168,0.5
train,unhealthy_0169.jpg,1,unhealthy,0.500488,0.537109,0.495117,0.925781,0.45836991137699995,0.5348100684719173
train,unhealthy_0170.jpg,1,unhealthy,0.471191,0.519043,0.526367,0.901367,0.47444984368900006,0.5839652439017625
train,unhealthy_0171.jpg,1,unhealthy,0.399902,0.500488,0.383789,0.999023,0.383414038147,0.38416432854899235
train,unhealthy_0172.jpg,1,unhealthy,0.35498,0.535156,0.407227,0.929688,0.378594055176,0.43802544509555896
train,unhealthy_0173.jpg,1,unhealthy,0.36084,0.516113,0.422852,0.942383,0.398488536316,0.4487050381851116
train,unhealthy_0174.jpg,1,unhealthy,0.377441,0.508301,0.413086,0.983398,0.406227946228,0.420059833353332
train,unhealthy_0175.jpg,1,unhealthy,0.474609,0.520996,0.384766,0.958008,0.368608906128,0.40163130161752303
train,unhealthy_0176.jpg,1,unhealthy,0.488281,0.547363,0.402344,0.897461,0.36108804858399995,0.44831363145585157
train,unhealthy_0177.jpg,1,unhealthy,0.531738,0.550293,0.522461,0.899414,0.469908737854,0.5808904464462415
train,unhealthy_0178.jpg,1,unhealthy,0.579102,0.545898,0.533203,0.908203,0.484256564209,0.5870967173638493
train,unhealthy_0179.jpg,1,unhealthy,0.484375,0.543945,0.529297,0.912109,0.482776557373,0.5803001614938565
train,unhealthy_0180.jpg,1,unhealthy,0.520508,0.523438,0.576172,0.953125,0.5491639375,0.6045083278688524
train,unhealthy_0181.jpg,1,unhealthy,0.483887,0.529297,0.508789,0.748047,0.380598085083,0.680156460757145
train,unhealthy_0182.jpg,1,unhealthy,0.496582,0.546387,0.469727,0.719727,0.33807520452900003,0.6526460727470277
train,unhealthy_0183.jpg,1,unhealthy,0.481445,0.556152,0.677734,0.887695,0.60162108313,0.7634761939630165
train,unhealthy_0184.jpg,1,unhealthy,0.482422,0.538574,0.730469,0.922852,0.6741147775880001,0.7915342871879781
train,unhealthy_0185.jpg,1,unhealthy,0.46582,0.531738,0.789062,0.936523,0.738974711426,0.8425441767046832
train,unhealthy_0186.jpg,1,unhealthy,0.452637,0.51123,0.514648,0.764648,0.393524563904,0.6730521756416024
train,unhealthy_0187.jpg,1,unhealthy,0.453125,0.514648,0.503906,0.771484,0.388755416504,0.6531645503989714
train,unhealthy_0188.jpg,1,unhealthy,0.445312,0.513672,0.505859,0.798828,0.40409433325199995,0.633251463393872
train,unhealthy_0189.jpg,1,unhealthy,0.382324,0.546875,0.588867,0.90625,0.53366071875,0.649784275862069
train,unhealthy_0190.jpg,1,unhealthy,0.392578,0.55127,0.677734,0.897461,0.6082398333739999,0.755168191152596
train,unhealthy_0191.jpg,1,unhealthy,0.423828,0.538086,0.384766,0.919922,0.353954708252,0.4182593741643313
train,unhealthy_0192.jpg,1,unhealthy,0.465332,0.512695,0.411133,0.875,0.35974137500000003,0.46986628571428574
train,unhealthy_0193.jpg,1,unhealthy,0.418945,0.504395,0.373047,0.87207,0.32532309729000003,0.4277718531769239
train,unhealthy_0194.jpg,1,unhealthy,0.427734,0.527344,0.449219,0.945312,0.424652111328,0.4752071273822822
train,unhealthy_0195.jpg,1,unhealthy,0.47998,0.560547,0.399414,0.878906,0.351047361084,0.45444450259754743
train,unhealthy_0196.jpg,1,unhealthy,0.457031,0.568848,0.390625,0.862305,0.33683789062499997,0.4530009683348699
train,unhealthy_0197.jpg,1,unhealthy,0.466309,0.524902,0.459961,0.950195,0.437052642395,0.4840701119243945
train,unhealthy_0198.jpg,1,unhealthy,0.458496,0.547852,0.512695,0.904297,0.463628550415,0.5669542196866737
train,unhealthy_0199.jpg,1,unhealthy,0.474121,0.518555,0.532227,0.943359,0.502081130493,0.5641828826565497
train,unhealthy_0200.jpg,1,unhealthy,0.48877,0.520508,0.635742,0.958984,0.609666406128,0.6629328539370835
train,unhealthy_0201.jpg,1,unhealthy,0.495605,0.539062,0.452148,0.875,0.39562949999999997,0.5167405714285714
train,unhealthy_0202.jpg,1,unhealthy,0.491699,0.531738,0.459961,0.881836,0.405610168396,0.5215947182922902
train,unhealthy_0203.jpg,1,unhealthy,0.487305,0.525391,0.447266,0.902344,0.40358779150400004,0.49567127392657345
train,unhealthy_0204.jpg,1,unhealthy,0.618652,0.555176,0.461914,0.875977,0.404626039978,0.5273129317322258
train,unhealthy_0205.jpg,1,unhealthy,0.510254,0.578125,0.469727,0.826172,0.388075295044,0.5685583631495621
train,unhealthy_0206.jpg,1,unhealthy,0.50293,0.565918,0.488281,0.80957,0.39529764917000004,0.6031362328149512
train,unhealthy_0207.jpg,1,unhealthy,0.49707,0.562012,0.494141,0.825195,0.40776268249500003,0.5988172492562364
train,unhealthy_0208.jpg,1,unhealthy,0.483887,0.54541,0.571289,0.90918,0.51940453302,0.6283563210805342
train,unhealthy_0209.jpg,1,unhealthy,0.510254,0.511719,0.68457,0.976562,0.66852504834,0.7010000389120199
train,unhealthy_0210.jpg,1,unhealthy,0.444336,0.51709,0.53125,0.891602,0.4736635625,0.5958376046711426
train,unhealthy_0211.jpg,1,unhealthy,0.432129,0.53418,0.52832,0.898438,0.47466276416,0.5880428031761792
train,unhealthy_0212.jpg,1,unhealthy,0.432129,0.519043,0.495117,0.883789,0.437578958313,0.560220821938268
train,unhealthy_0213.jpg,1,unhealthy,0.446289,0.547363,0.494141,0.860352,0.425135197632,0.57434747638176
train,unhealthy_0214.jpg,1,unhealthy,0.403809,0.535156,0.55957,0.929688,0.52022551416,0.6018900964624692
train,unhealthy_0215.jpg,1,unhealthy,0.40918,0.508789,0.580078,0.982422,0.569881388916,0.5904570540969155
train,unhealthy_0216.jpg,1,unhealthy,0.412109,0.578125,0.408203,0.765625,0.31253042187499996,0.5331631020408163
train,unhealthy_0217.jpg,1,unhealthy,0.48877,0.575195,0.422852,0.78125,0.330353125,0.54125056
train,unhealthy_0218.jpg,1,unhealthy,0.519043,0.527832,0.438477,0.858398,0.376387779846,0.5108085060776004
train,unhealthy_0219.jpg,1,unhealthy,0.509277,0.528809,0.463867,0.870117,0.403618562439,0.5331087658326409
train,unhealthy_0220.jpg,1,unhealthy,0.508789,0.514648,0.464844,0.945312,0.439422611328,0.49173606174469375
train,unhealthy_0221.jpg,1,unhealthy,0.554688,0.55127,0.568359,0.897461,0.5100800364989999,0.6332966000751007
train,unhealthy_0222.jpg,1,unhealthy,0.553711,0.54248,0.449219,0.915039,0.411052904541,0.49092880194177513
train,unhealthy_0223.jpg,1,unhealthy,0.593262,0.545898,0.452148,0.902344,0.407993034912,0.501081627405956
train,unhealthy_0224.jpg,1,unhealthy,0.591797,0.577637,0.488281,0.819336,0.40006620141599997,0.595947206030249
train,unhealthy_0225.jpg,1,unhealthy,0.550781,0.56543,0.521484,0.851562,0.444075958008,0.6123852402995905
train,unhealthy_0226.jpg,1,unhealthy,0.575684,0.522461,0.444336,0.910156,0.404415076416,0.48819762765943425
train,unhealthy_0226.jpg,1,unhealthy,0.578125,0.434082,0.251953,0.239258,0.060281770873999996,1.053059876785729
train,unhealthy_0226.jpg,1,unhealthy,0.541992,0.727051,0.074219,0.063477,0.004711199463,1.1692266490224803
train,unhealthy_0227.jpg,1,unhealthy,0.600098,0.505859,0.485352,0.964844,0.468288965088,0.5030367603467504
train,unhealthy_0228.jpg,1,unhealthy,0.632812,0.535645,0.472656,0.901367,0.42603652075200005,0.524376863142316
train,unhealthy_0229.jpg,1,unhealthy,0.618164,0.539062,0.474609,0.910156,0.431968229004,0.5214589586840058
train,unhealthy_0230.jpg,1,unhealthy,0.40625,0.552734,0.474609,0.755859,0.358737484131,0.6279067921398039
train,unhealthy_0231.jpg,1,unhealthy,0.46875,0.583984,0.423828,0.763672,0.32366557641599997,0.5549869577514954
train,unhealthy_0232.jpg,1,unhealthy,0.493652,0.595703,0.500977,0.808594,0.40508699633800005,0.6195655668976024
train,unhealthy_0233.jpg,1,unhealthy,0.474609,0.595703,0.451172,0.808594,0.364814972168,0.5579709965693537
train,unhealthy_0234.jpg,1,unhealthy,0.450684,0.594238,0.477539,0.811523,0.387533881897,0.5884478936518127
train,unhealthy_0235.jpg,1,unhealthy,0.444824,0.584961,0.47168,0.830078,0.39153119104,0.568235756157855
train,unhealthy_0236.jpg,1,unhealthy,0.520508,0.587402,0.480469,0.825195,0.396480616455,0.5822490441653184
train,unhealthy_0237.jpg,1,unhealthy,0.549805,0.563477,0.511719,0.787109,0.402778630371,0.6501246968336025
train,unhealthy_0238.jpg,1,unhealthy,0.441895,0.51123,0.56543,0.969727,0.54831273761,0.583081630190765
train,unhealthy_0239.jpg,1,unhealthy,0.459473,0.525879,0.594727,0.907227,0.539552392029,0.655543761373945
train,unhealthy_0240.jpg,1,unhealthy,0.5,0.542969,0.576172,0.910156,0.524406402832,0.6330475215237827
train,unhealthy_0241.jpg,1,unhealthy,0.475098,0.527832,0.557617,0.864258,0.481924953186,0.6451973831888164
train,unhealthy_0242.jpg,1,unhealthy,0.45166,0.547852,0.598633,0.892578,0.5343266458739999,0.6706786409703129
train,unhealthy_0243.jpg,1,unhealthy,0.458008,0.51416,0.605469,0.944336,0.5717661735840001,0.6411584436048187
train,unhealthy_0244.jpg,1,unhealthy,0.443848,0.524902,0.598633,0.913086,0.546603411438,0.6556151337332956
train,unhealthy_0245.jpg,1,unhealthy,0.5,0.492676,0.394531,0.795898,0.31400643383800003,0.49570547984792024
train,unhealthy_0246.jpg,1,unhealthy,0.466309,0.498047,0.426758,0.855469,0.365078239502,0.49885852088152816
train,unhealthy_0247.jpg,1,unhealthy,0.459473,0.501953,0.44043,0.853516,0.37591405188,0.5160184460513921
train,unhealthy_0248.jpg,1,unhealthy,0.596191,0.56543,0.438477,0.869141,0.381098338257,0.5044946677236489
train,unhealthy_0249.jpg,1,unhealthy,0.655762,0.572266,0.47168,0.847656,0.39982238208,0.5564521456817388
train,unhealthy_0250.jpg,1,unhealthy,0.652344,0.572754,0.423828,0.827148,0.35056848254399997,0.5123968141130728
train,unhealthy_0251.jpg,1,unhealthy,0.630371,0.556152,0.479492,0.881836,0.422833307312,0.5437428274645172
train,unhealthy_0324.jpg,1,unhealthy,0.462402,0.353516,0.737305,0.330078,0.24336815978999998,2.2337296033058855
train,unhealthy_0325.jpg,1,unhealthy,0.483398,0.470215,0.824219,0.405273,0.334033706787,2.0337377520831637
train,unhealthy_0326.jpg,1,unhealthy,0.461914,0.461914,0.8125,0.380859,0.3094479375,2.133335433848222
train,unhealthy_0327.jpg,1,unhealthy,0.431641,0.374023,0.675781,0.396484,0.267936354004,1.7044344790710342
train,unhealthy_0328.jpg,1,unhealthy,0.424316,0.405273,0.706055,0.398438,0.28131914209000003,1.7720573840848513
train,unhealthy_0329.jpg,1,unhealthy,0.429199,0.466797,0.854492,0.402344,0.343799729248,2.12378462211441
train,unhealthy_0330.jpg,1,unhealthy,0.453613,0.470703,0.893555,0.417969,0.373478289795,2.1378499362392906
train,unhealthy_0331.jpg,1,unhealthy,0.443848,0.611816,0.87793,0.547852,0.48097570636,1.6024948343713266
train,unhealthy_0332.jpg,1,unhealthy,0.470703,0.589355,0.927734,0.563477,0.522756771118,1.6464451965208873
train,unhealthy_0333.jpg,1,unhealthy,0.45166,0.46875,0.87207,0.396484,0.34576180188,2.1995086813087035
train,unhealthy_0334.jpg,1,unhealthy,0.470703,0.413086,0.859375,0.316406,0.27191140625000004,2.716051528732072
train,unhealthy_0335.jpg,1,unhealthy,0.44043,0.432129,0.832031,0.325195,0.270572321045,2.558560248466305
train,unhealthy_0336.jpg,1,unhealthy,0.478516,0.448242,0.955078,0.363281,0.346961690918,2.629033723206003
train,unhealthy_0337.jpg,1,unhealthy,0.441895,0.476562,0.866211,0.380859,0.32990425524899997,2.274361377832741
train,unhealthy_0338.jpg,1,unhealthy,0.46875,0.513184,0.845703,0.379883,0.32126819274900004,2.2262196518401716
train,unhealthy_0339.jpg,1,unhealthy,0.462891,0.491699,0.876953,0.40918,0.35883162854,2.14319614839435
train,unhealthy_0340.jpg,1,unhealthy,0.504883,0.465332,0.919922,0.43457,0.39977050354000004,2.116855742458062
train,unhealthy_0341.jpg,1,unhealthy,0.480957,0.445801,0.842773,0.450195,0.379412190735,1.8720176812270237
train,unhealthy_0342.jpg,1,unhealthy,0.463867,0.414062,0.896484,0.490234,0.43948693725599997,1.8286858928593284
train,unhealthy_0343.jpg,1,unhealthy,0.46875,0.398438,0.931641,0.537109,0.500392765869,1.734547363756705
train,unhealthy_0344.jpg,1,unhealthy,0.489746,0.415039,0.96582,0.580078,0.56025093396,1.6649829850468385
train,unhealthy_0345.jpg,1,unhealthy,0.475586,0.388672,0.921875,0.513672,0.47354137500000004,1.7946763693563208
train,unhealthy_0346.jpg,1,unhealthy,0.492188,0.40332,0.966797,0.550781,0.5324934184569999,1.7553201726275962
train,unhealthy_0347.jpg,1,unhealthy,0.510254,0.474609,0.807617,0.421875,0.34071342187500003,1.9143514074074075
train,unhealthy_0348.jpg,1,unhealthy,0.439453,0.476562,0.798828,0.386719,0.308921965332,2.0656549070513734
train,unhealthy_0349.jpg,1,unhealthy,0.855469,0.484863,0.283203,0.905273,0.256376029419,0.31283712206152176
train,unhealthy_0349.jpg,1,unhealthy,0.578125,0.519531,0.292969,0.828125,0.24261495312499998,0.3537738867924528
train,unhealthy_0349.jpg,1,unhealthy,0.30127,0.441406,0.391602,0.871094,0.341122152588,0.4495519427294873
train,unhealthy_0350.jpg,1,unhealthy,0.261719,0.391113,0.505859,0.780273,0.39470811950699997,0.6483102708923671
train,unhealthy_0350.jpg,1,unhealthy,0.456543,0.519531,0.368164,0.789062,0.290504222168,0.46658437486534643
train,unhealthy_0350.jpg,1,unhealthy,0.802734,0.468262,0.320312,0.907227,0.290595694824,0.35306709346172455
train,unhealthy_0351.jpg,1,unhealthy,0.370117,0.529297,0.339844,0.595703,0.20244609033199998,0.5704923426606883
train,unhealthy_0351.jpg,1,unhealthy,0.660645,0.565918,0.280273,0.75293,0.21102594988999998,0.3722431036085692
train,unhealthy_0351.jpg,1,unhealthy,0.212402,0.32373,0.411133,0.612305,0.251738791565,0.671451319195499
train,unhealthy_0352.jpg,1,unhealthy,0.538086,0.609375,0.277344,0.617188,0.17117338867199997,0.44936712962662917
train,unhealthy_0352.jpg,1,unhealthy,0.745605,0.566406,0.354492,0.548828,0.19455513537599997,0.6459072787831525
train,unhealthy_0352.jpg,1,unhealthy,0.233398,0.569824,0.355469,0.563477,0.20029860571299998,0.630849173968059
train,unhealthy_0352.jpg,1,unhealthy,0.837402,0.285156,0.319336,0.371094,0.11850367358399999,0.8605259044878117
train,unhealthy_0353.jpg,1,unhealthy,0.572754,0.524414,0.233398,0.462891,0.108037833618,0.5042180556545709
train,unhealthy_0353.jpg,1,unhealthy,0.249023,0.46582,0.207031,0.542969,0.112411415039,0.3812943280371439
train,unhealthy_0354.jpg,1,unhealthy,0.458496,0.572266,0.329102,0.714844,0.235256590088,0.46038296467481016
train,unhealthy_0354.jpg,1,unhealthy,0.711914,0.491211,0.503906,0.652344,0.328720055664,0.7724544105563934
train,unhealthy_0354.jpg,1,unhealthy,0.825195,0.347168,0.333984,0.489258,0.163404343872,0.6826337024637308
train,unhealthy_0354.jpg,1,unhealthy,0.169922,0.525391,0.330078,0.71875,0.23724356249999998,0.45923895652173913
train,unhealthy_0355.jpg,1,unhealthy,0.283203,0.538574,0.224609,0.604492,0.135774343628,0.37156653851498445
train,unhealthy_0355.jpg,1,unhealthy,0.14209,0.410156,0.233398,0.576172,0.134477392456,0.4050838985580694
train,unhealthy_0356.jpg,1,unhealthy,0.592773,0.546387,0.412109,0.663086,0.273263708374,0.6215015850131055
train,unhealthy_0356.jpg,1,unhealthy,0.401367,0.529297,0.238281,0.591797,0.141013980957,0.4026397565381372
train,unhealthy_0356.jpg,1,unhealthy,0.150391,0.487305,0.265625,0.652344,0.173278875,0.4071854726953877
train,unhealthy_0356.jpg,1,unhealthy,0.79834,0.203613,0.393555,0.239258,0.09416118219,1.6448979762432185
train,unhealthy_0357.jpg,1,unhealthy,0.297852,0.471191,0.255859,0.620117,0.158662515503,0.4125979452264653
train,unhealthy_0357.jpg,1,unhealthy,0.505371,0.652832,0.192383,0.549805,0.105773135315,0.349911332199598
train,unhealthy_0357.jpg,1,unhealthy,0.73291,0.595703,0.381836,0.490234,0.18718898962400002,0.7788851854420542
train,unhealthy_0357.jpg,1,unhealthy,0.801758,0.429199,0.392578,0.391602,0.153734329956,1.0024923263926129
train,unhealthy_0357.jpg,1,unhealthy,0.092285,0.44043,0.172852,0.744141,0.12862626013200001,0.2322839354369669
train,unhealthy_0358.jpg,1,unhealthy,0.353516,0.532227,0.318359,0.732422,0.233173135498,0.43466608048365557
train,unhealthy_0358.jpg,1,unhealthy,0.621094,0.535645,0.28125,0.717773,0.20187365625,0.39183697352784236
train,unhealthy_0358.jpg,1,unhealthy,0.836914,0.505859,0.310547,0.722656,0.224418652832,0.42973005136607184
train,unhealthy_0358.jpg,1,unhealthy,0.125488,0.340332,0.245117,0.606445,0.148649979065,0.40418669458895695
train,unhealthy_0359.jpg,1,unhealthy,0.506348,0.658691,0.276367,0.561523,0.155186426941,0.4921739625981482
train,unhealthy_0359.jpg,1,unhealthy,0.166504,0.64209,0.331055,0.575195,0.190421180725,0.5755526386703639
train,unhealthy_0359.jpg,1,unhealthy,0.680664,0.572266,0.269531,0.470703,0.126869050293,0.5726137288268824
train,unhealthy_0359.jpg,1,unhealthy,0.860352,0.521484,0.259766,0.451172,0.11719914575200001,0.5757582474089704
train,unhealthy_0360.jpg,1,unhealthy,0.660156,0.538086,0.609375,0.722656,0.4403685,0.8432435349599257
train,unhealthy_0360.jpg,1,unhealthy,0.439453,0.64502,0.316406,0.600586,0.190029013916,0.5268287972080602
train,unhealthy_0360.jpg,1,unhealthy,0.150391,0.629395,0.257812,0.637695,0.16440542334,0.4042873160366633
train,unhealthy_0360.jpg,1,unhealthy,0.819336,0.287109,0.355469,0.261719,0.09303299121099999,1.3582086130544593
train,unhealthy_0361.jpg,1,unhealthy,0.548828,0.552734,0.517578,0.886719,0.458946246582,0.5837001349920324
train,unhealthy_0362.jpg,1,unhealthy,0.483398,0.624023,0.964844,0.349609,0.337318145996,2.7597802116078247
train,unhealthy_0363.jpg,1,unhealthy,0.521484,0.69043,0.957031,0.341797,0.327110324707,2.79999824457207
train,unhealthy_0363.jpg,1,unhealthy,0.528809,0.427246,0.942383,0.348633,0.328545812439,2.7030803165506416
train,unhealthy_0363.jpg,1,unhealthy,0.569336,0.204102,0.861328,0.400391,0.344867979248,2.1512171852014657
train,unhealthy_0364.jpg,1,unhealthy,0.513184,0.363281,0.973633,0.548828,0.534357052124,1.7740220979979155
train,unhealthy_0364.jpg,1,unhealthy,0.458984,0.770996,0.902344,0.458008,0.41328077075200004,1.9701489930306895
train,unhealthy_0365.jpg,1,unhealthy,0.54834,0.31543,0.90332,0.466797,0.42166706604000004,1.9351452558606845
train,unhealthy_0365.jpg,1,unhealthy,0.492676,0.688477,0.959961,0.482422,0.463106305542,1.9898781564688175
train,unhealthy_0366.jpg,1,unhealthy,0.47998,0.419922,0.827148,0.527344,0.436191534912,1.5685169452956702
train,unhealthy_0366.jpg,1,unhealthy,0.553711,0.734375,0.892578,0.449219,0.40096299658199996,1.986955137694532
train,unhealthy_0367.jpg,1,unhealthy,0.364258,0.485352,0.492188,0.908203,0.447006618164,0.541936108997658
train,unhealthy_0367.jpg,1,unhealthy,0.738281,0.528809,0.386719,0.942383,0.364437411377,0.4103628779381631
train,unhealthy_0368.jpg,1,unhealthy,0.262695,0.581543,0.503906,0.833008,0.419757729248,0.6049233620805562
train,unhealthy_0368.jpg,1,unhealthy,0.564941,0.524414,0.393555,0.851562,0.33513648291000003,0.46215660163323397
train,unhealthy_0368.jpg,1,unhealthy,0.860352,0.5,0.279297,0.763672,0.213291298584,0.36572900407504794
train,unhealthy_0369.jpg,1,unhealthy,0.598145,0.538574,0.413086,0.754883,0.311831598938,0.5472185755938338
train,unhealthy_0369.jpg,1,unhealthy,0.871094,0.580566,0.228516,0.838867,0.19169453137200002,0.2724102867319849
train,unhealthy_0370.jpg,1,unhealthy,0.307617,0.566406,0.521484,0.867188,0.4522246669919999,0.6013505721942647
train,unhealthy_0370.jpg,1,unhealthy,0.751465,0.58252,0.46582,0.834961,0.38894153302,0.5578943208125889
train,unhealthy_0371.jpg,1,unhealthy,0.616699,0.513672,0.586914,0.966797,0.5674266944580001,0.6070705639343109
train,unhealthy_0372.jpg,1,unhealthy,0.271484,0.493652,0.246094,0.709961,0.174717142334,0.3466303078619812
train,unhealthy_0372.jpg,1,unhealthy,0.464844,0.508301,0.257812,0.932617,0.240439854004,0.276439310027589
train,unhealthy_0372.jpg,1,unhealthy,0.671387,0.495117,0.426758,0.957031,0.408420635498,0.4459186797501858
train,unhealthy_0373.jpg,1,unhealthy,0.271484,0.562988,0.40625,0.868164,0.352691625,0.467941540999166
train,unhealthy_0373.jpg,1,unhealthy,0.503906,0.538086,0.421875,0.791016,0.33370987500000004,0.533333080493947
train,unhealthy_0374.jpg,1,unhealthy,0.373047,0.504883,0.484375,0.990234,0.47964459374999996,0.48915205900827485
train,unhealthy_0374.jpg,1,unhealthy,0.755859,0.503418,0.488281,0.963867,0.47063794262700004,0.5065854521422561
train,unhealthy_0375.jpg,1,unhealthy,0.484863,0.549805,0.301758,0.714844,0.21570989575200003,0.4221312622054602
train,unhealthy_0375.jpg,1,unhealthy,0.758301,0.649414,0.331055,0.693359,0.22953996374499996,0.47746549767148044
train,unhealthy_0375.jpg,1,unhealthy,0.275879,0.627441,0.436523,0.616211,0.268990274353,0.7083985842511737
train,unhealthy_0376.jpg,1,unhealthy,0.448242,0.652832,0.439453,0.65332,0.28710343396,0.6726458703238841
train,unhealthy_0376.jpg,1,unhealthy,0.812988,0.634277,0.374023,0.704102,0.263350342346,0.5312057059914614
train,unhealthy_0377.jpg,1,unhealthy,0.229004,0.505371,0.442383,0.74707,0.33049106781000004,0.5921573614253015
train,unhealthy_0377.jpg,1,unhealthy,0.614746,0.666504,0.631836,0.448242,0.28321543231199997,1.409586785709505
train,unhealthy_0378.jpg,1,unhealthy,0.329102,0.586426,0.380859,0.713867,0.271882671753,0.5335153466962334
train,unhealthy_0378.jpg,1,unhealthy,0.708008,0.628906,0.558594,0.710938,0.397125701172,0.7857140847725119
train,unhealthy_0379.jpg,1,unhealthy,0.470703,0.494141,0.710938,0.978516,0.695664208008,0.7265471387284418
train,unhealthy_0380.jpg,1,unhealthy,0.376953,0.69043,0.751953,0.619141,0.465564932373,1.214510103514385
train,unhealthy_0380.jpg,1,unhealthy,0.677246,0.544922,0.506836,0.734375,0.37220768749999994,0.690159659574468
train,unhealthy_0381.jpg,1,unhealthy,0.665039,0.523926,0.394531,0.87793,0.34637060083,0.44938776440035083
train,unhealthy_0381.jpg,1,unhealthy,0.377441,0.493652,0.422852,0.833008,0.352239098816,0.5076205750725084
train,unhealthy_0381.jpg,1,unhealthy,0.850586,0.453613,0.298828,0.77832,0.23258380896,0.38393976770480004
train,unhealthy_0382.jpg,1,unhealthy,0.631836,0.54541,0.353516,0.875977,0.309671885132,0.4035676735804707
train,unhealthy_0382.jpg,1,unhealthy,0.833496,0.472168,0.333008,0.706055,0.23512196344000003,0.47164597658822616
train,unhealthy_0382.jpg,1,unhealthy,0.350586,0.534668,0.412109,0.78418,0.32316763562,0.5255285776224846
train,unhealthy_0383.jpg,1,unhealthy,0.647949,0.500488,0.442383,0.999023,0.44195079180900004,0.44281563087136133
train,unhealthy_0383.jpg,1,unhealthy,0.26416,0.476562,0.481445,0.914062,0.44007057959,0.5267093479435749
train,unhealthy_0383.jpg,1,unhealthy,0.801758,0.364746,0.396484,0.727539,0.28845757287600005,0.5449659743326474
train,unhealthy_0384.jpg,1,unhealthy,0.477539,0.54541,0.314453,0.90918,0.28589437854,0.3458644052882817
train,unhealthy_0384.jpg,1,unhealthy,0.737793,0.493164,0.469727,0.791016,0.371561572632,0.5938274320620569
train,unhealthy_0384.jpg,1,unhealthy,0.791016,0.353027,0.417969,0.530273,0.22163767553699998,0.7882147497609722
train,unhealthy_0384.jpg,1,unhealthy,0.19043,0.54248,0.378906,0.850586,0.322292138916,0.4454646561311849
train,unhealthy_0385.jpg,1,unhealthy,0.512695,0.529297,0.392578,0.941406,0.369575284668,0.41701242609458616
train,unhealthy_0385.jpg,1,unhealthy,0.754883,0.487305,0.490234,0.730469,0.35810073974600004,0.6711222515945235
train,unhealthy_0385.jpg,1,unhealthy,0.180664,0.513184,0.359375,0.823242,0.29585259375,0.43653627973305537
train,unhealthy_0386.jpg,1,unhealthy,0.282227,0.503418,0.363281,0.803711,0.291972935791,0.4520045140604024
train,unhealthy_0386.jpg,1,unhealthy,0.664551,0.441895,0.444336,0.80957,0.35972109552000003,0.5488543300764603
train,unhealthy_0387.jpg,1,unhealthy,0.626953,0.507324,0.527344,0.985352,0.519619465088,0.5351833659443529
train,unhealthy_0388.jpg,1,unhealthy,0.672363,0.48877,0.43457,0.911133,0.39595106781,0.4769556146029175
train,unhealthy_0388.jpg,1,unhealthy,0.296387,0.506836,0.40918,0.986328,0.40358569103999997,0.41485185455548257
train,unhealthy_0389.jpg,1,unhealthy,0.443359,0.481934,0.375,0.84668,0.317505,0.44290641092266264
train,unhealthy_0389.jpg,1,unhealthy,0.79834,0.480469,0.40332,0.806641,0.32533444812,0.4999993801455666
train,unhealthy_0390.jpg,1,unhealthy,0.421875,0.541016,0.371094,0.917969,0.34065278808599997,0.4042554813942518
train,unhealthy_0390.jpg,1,unhealthy,0.732422,0.44043,0.535156,0.847656,0.45362819433599993,0.6313362967996451
train,unhealthy_0391.jpg,1,unhealthy,0.689453,0.501953,0.339844,0.800781,0.272140618164,0.42439068859026374
train,unhealthy_0391.jpg,1,unhealthy,0.300781,0.527832,0.474609,0.790039,0.374959619751,0.6007412292304557
train,unhealthy_0391.jpg,1,unhealthy,0.848145,0.305176,0.303711,0.583008,0.177065942688,0.520937963115429
train,unhealthy_0392.jpg,1,unhealthy,0.64502,0.63916,0.28418,0.563477,0.16012889385999998,0.5043329186461913
train,unhealthy_0392.jpg,1,unhealthy,0.785156,0.487793,0.34375,0.415039,0.14266965625,0.8282354188401572
train,unhealthy_0392.jpg,1,unhealthy,0.373535,0.616699,0.329102,0.540039,0.17772791497800003,0.6094041356272417
train,unhealthy_0392.jpg,1,unhealthy,0.219238,0.565918,0.436523,0.389648,0.170090313904,1.1203008869543793
train,unhealthy_0393.jpg,1,unhealthy,0.671875,0.48584,0.347656,0.512695,0.17824149292000002,0.6780951637913379
train,unhealthy_0393.jpg,1,unhealthy,0.556152,0.525879,0.209961,0.452148,0.094933446228,0.4643634385201306
train,unhealthy_0393.jpg,1,unhealthy,0.307617,0.538086,0.394531,0.488281,0.192641991211,0.8079999016959497
train,unhealthy_0393.jpg,1,unhealthy,0.186035,0.456543,0.370117,0.317383,0.117468843811,1.1661525664575605
train,unhealthy_0393.jpg,1,unhealthy,0.175781,0.366211,0.349609,0.150391,0.052578047119,2.324667034596485
train,unhealthy_0394.jpg,1,unhealthy,0.520508,0.512695,0.777344,0.255859,0.198890458496,3.038173368925854
train,unhealthy_0394.jpg,1,unhealthy,0.54541,0.187012,0.786133,0.368164,0.28942586981199997,2.1352793863604265
train,unhealthy_0395.jpg,1,unhealthy,0.507812,0.506836,0.417969,0.986328,0.41225452783199995,0.42376268340754797
train,unhealthy_0395.jpg,1,unhealthy,0.233398,0.442383,0.464844,0.863281,0.40129099316399996,0.5384619839889908
train,unhealthy_0396.jpg,1,unhealthy,0.350586,0.505371,0.458984,0.958008,0.439710343872,0.47910247096057657
train,unhealthy_0396.jpg,1,unhealthy,0.745605,0.509766,0.481445,0.912109,0.439130317505,0.5278371335004918
train,unhealthy_0397.jpg,1,unhealthy,0.60791,0.591309,0.739258,0.297852,0.220189473816,2.481964196983737
train,unhealthy_0397.jpg,1,unhealthy,0.56543,0.28418,0.775391,0.349609,0.27108367211900003,2.2178805465534355
train,unhealthy_0397.jpg,1,unhealthy,0.493652,0.75,0.663086,0.375,0.24865725,1.7682293333333332
train,unhealthy_0398.jpg,1,unhealthy,0.610352,0.288574,0.714844,0.338867,0.24223704174799998,2.1095119914302662
train,unhealthy_0398.jpg,1,unhealthy,0.614746,0.568848,0.770508,0.256836,0.197894192688,3.0
train,unhealthy_0398.jpg,1,unhealthy,0.508789,0.726074,0.742188,0.348633,0.258751229004,2.1288518298612003
train,unhealthy_0399.jpg,1,unhealthy,0.599121,0.578613,0.75293,0.305664,0.23014359552,2.4632603119765495
train,unhealthy_0399.jpg,1,unhealthy,0.646484,0.806641,0.693359,0.361328,0.250530020752,1.9189185449231723
train,unhealthy_0399.jpg,1,unhealthy,0.637207,0.27002,0.661133,0.46582,0.30796897406,1.4192885663990382
train,unhealthy_0400.jpg,1,unhealthy,0.548828,0.606934,0.869141,0.317383,0.27585057800300006,2.738461102201441
train,unhealthy_0400.jpg,1,unhealthy,0.532227,0.313965,0.894531,0.418945,0.374759289795,2.135199131150867
train,unhealthy_0401.jpg,1,unhealthy,0.225586,0.526367,0.376953,0.734375,0.276824859375,0.5132977021276596
train,unhealthy_0401.jpg,1,unhealthy,0.473633,0.515625,0.292969,0.833984,0.24433145849599996,0.3512885139283248
train,unhealthy_0401.jpg,1,unhealthy,0.65332,0.486816,0.322266,0.811523,0.261526271118,0.39711258953843576
train,unhealthy_0402.jpg,1,unhealthy,0.505371,0.479004,0.50293,0.956055,0.48082874114999996,0.5260471416393409
train,unhealthy_0403.jpg,1,unhealthy,0.587891,0.507812,0.353516,0.925781,0.327278395996,0.38185704826519445
train,unhealthy_0403.jpg,1,unhealthy,0.266602,0.468262,0.525391,0.920898,0.48383152111800004,0.5705202964932056
train,unhealthy_0403.jpg,1,unhealthy,0.799316,0.445801,0.401367,0.836914,0.335909661438,0.4795797417655816
train,unhealthy_0404.jpg,1,unhealthy,0.555176,0.711426,0.842773,0.477539,0.402456975647,1.7648254906929068
train,unhealthy_0404.jpg,1,unhealthy,0.591309,0.228027,0.805664,0.454102,0.365853633728,1.7741917014239093
train,unhealthy_0405.jpg,1,unhealthy,0.506836,0.530273,0.986328,0.492188,0.485458805664,2.0039659642250522
train,unhealthy_0406.jpg,1,unhealthy,0.695312,0.628418,0.419922,0.743164,0.312070913208,0.5650462078356864
train,unhealthy_0406.jpg,1,unhealthy,0.3125,0.541992,0.460938,0.916016,0.42222658300800003,0.5031986340849941
train,unhealthy_0407.jpg,1,unhealthy,0.57959,0.584961,0.84082,0.482422,0.40563006604,1.7429138803785897
train,unhealthy_0408.jpg,1,unhealthy,0.640137,0.504395,0.719727,0.426758,0.30714925506600005,1.6864991400278377
train,unhealthy_0409.jpg,1,unhealthy,0.509766,0.644043,0.980469,0.413086,0.405018017334,2.3735227047152407
train,unhealthy_0410.jpg,1,unhealthy,0.543945,0.527344,0.912109,0.425781,0.388358682129,2.1422022119352433
train,unhealthy_0410.jpg,1,unhealthy,0.466797,0.806641,0.912109,0.386719,0.35272988037099995,2.3585833641481284
train,unhealthy_0411.jpg,1,unhealthy,0.527344,0.418457,0.945312,0.526367,0.49758104150400007,1.795918057173037
train,unhealthy_0412.jpg,1,unhealthy,0.473145,0.324707,0.737305,0.276367,0.20376677093499998,2.667847463698633
train,unhealthy_0412.jpg,1,unhealthy,0.491211,0.589844,0.767578,0.322266,0.24736429174799998,2.3818150223728223
train,unhealthy_0412.jpg,1,unhealthy,0.432129,0.838379,0.78418,0.323242,0.25347991156,2.425984247096603
train,unhealthy_0413.jpg,1,unhealthy,0.503906,0.469727,0.992188,0.552734,0.5484160419919999,1.795055125973796
train,unhealthy_0414.jpg,1,unhealthy,0.199219,0.546387,0.355469,0.713867,0.253757588623,0.49794849740918123
train,unhealthy_0414.jpg,1,unhealthy,0.447266,0.545898,0.25,0.740234,0.1850585,0.3377310418056993
train,unhealthy_0414.jpg,1,unhealthy,0.693848,0.552734,0.290039,0.746094,0.21639635766600002,0.3887432414682332
train,unhealthy_0415.jpg,1,unhealthy,0.45752,0.59375,0.329102,0.744141,0.24489829138200003,0.44225758290431516
train,unhealthy_0415.jpg,1,unhealthy,0.693359,0.648438,0.228516,0.703125,0.1606753125,0.32500053333333334
train,unhealthy_0415.jpg,1,unhealthy,0.188477,0.621094,0.363281,0.757812,0.275298701172,0.47938142969496395
train,unhealthy_0416.jpg,1,unhealthy,0.54541,0.626465,0.329102,0.735352,0.242005813904,0.4475434893765163
train,unhealthy_0416.jpg,1,unhealthy,0.771973,0.48584,0.329102,0.606445,0.19958226239000001,0.5426741089464008
train,unhealthy_0416.jpg,1,unhealthy,0.291504,0.563477,0.487305,0.78125,0.38070703125,0.6237504
train,unhealthy_0417.jpg,1,unhealthy,0.521973,0.388672,0.366211,0.734375,0.268936203125,0.49867029787234046
train,unhealthy_0417.jpg,1,unhealthy,0.229004,0.511719,0.374023,0.908203,0.339688810669,0.411827531950456
train,unhealthy_0418.jpg,1,unhealthy,0.483887,0.532715,0.333008,0.84082,0.27999978656,0.3960514735615233
train,unhealthy_0418.jpg,1,unhealthy,0.737305,0.379395,0.367188,0.637695,0.23415395166000003,0.575805047867711
train,unhealthy_0418.jpg,1,unhealthy,0.250977,0.536133,0.498047,0.845703,0.421199842041,0.5889147845047257
train,unhealthy_0419.jpg,1,unhealthy,0.660156,0.478516,0.361328,0.847656,0.306281847168,0.42626725935992904
train,unhealthy_0419.jpg,1,unhealthy,0.26416,0.45459,0.526367,0.706055,0.371644052185,0.7455042454199744
train,unhealthy_0420.jpg,1,unhealthy,0.501465,0.519531,0.477539,0.734375,0.350692703125,0.6502658723404255
train,unhealthy_0421.jpg,1,unhealthy,0.663086,0.492188,0.255859,0.75,0.19189425,0.34114533333333336
train,unhealthy_0421.jpg,1,unhealthy,0.454102,0.48877,0.34375,0.709961,0.24404909374999997,0.48418152546407484
train,unhealthy_0421.jpg,1,unhealthy,0.370117,0.368164,0.357422,0.599609,0.21431344799799998,0.5960917864808568
train,unhealthy_0421.jpg,1,unhealthy,0.807129,0.473145,0.243164,0.770508,0.187359807312,0.3155891956994606
train,unhealthy_0422.jpg,1,unhealthy,0.696777,0.499023,0.313477,0.662109,0.20755594299299998,0.4734522563505405
train,unhealthy_0422.jpg,1,unhealthy,0.410645,0.55127,0.30957,0.555664,0.17201690448,0.5571172507126608
train,unhealthy_0422.jpg,1,unhealthy,0.229004,0.508789,0.407227,0.410156,0.16702659741200002,0.9928588146948966
train,unhealthy_0430.jpg,1,unhealthy,0.40625,0.496582,0.408203,0.702148,0.28661892004399997,0.5813631883876333
train,unhealthy_0430.jpg,0,healthy,0.668457,0.467773,0.43457,0.621094,0.26990881958,0.6996847498124277
train,unhealthy_0430.jpg,1,unhealthy,0.120605,0.458008,0.239258,0.662109,0.15841487512199998,0.3613574200018426
train,unhealthy_0430.jpg,1,unhealthy,0.820312,0.377441,0.347656,0.629883,0.218982604248,0.5519374232992477
train,unhealthy_0437.jpg,1,unhealthy,0.478027,0.521973,0.819336,0.93457,0.7657268455199999,0.8766983746535839
train,unhealthy_0441.jpg,1,unhealthy,0.362305,0.548828,0.445312,0.822266,0.366164916992,0.5415668409006331
train,unhealthy_0441.jpg,1,unhealthy,0.708496,0.486328,0.508789,0.763672,0.38854791320800003,0.6662402183136216
train,unhealthy_0442.jpg,1,unhealthy,0.723633,0.521973,0.345703,0.725586,0.25083725695799997,0.4764466238323231
train,unhealthy_0442.jpg,1,unhealthy,0.34668,0.45459,0.431641,0.768555,0.331739848755,0.5616266890463272
train,unhealthy_0442.jpg,1,unhealthy,0.087402,0.390625,0.166992,0.699219,0.11676397924800001,0.23882646209556663
train,unhealthy_0443.jpg,1,unhealthy,0.72168,0.525391,0.339844,0.732422,0.248909222168,0.46400026214395523
train,unhealthy_0443.jpg,1,unhealthy,0.342773,0.470703,0.396484,0.787109,0.312076124756,0.5037218479270343
train,unhealthy_0444.jpg,1,unhealthy,0.249512,0.571289,0.475586,0.794922,0.378053774292,0.5982800828257364
train,unhealthy_0444.jpg,1,unhealthy,0.679688,0.488281,0.541016,0.779297,0.42161214575200007,0.6942359588192949
train,unhealthy_0445.jpg,1,unhealthy,0.257812,0.470703,0.404297,0.769531,0.311119074707,0.5253810437786133
train,unhealthy_0445.jpg,1,unhealthy,0.632812,0.361328,0.513672,0.705078,0.362178826416,0.7285321623990537
train,unhealthy_0446.jpg,1,unhealthy,0.739258,0.53418,0.451172,0.822266,0.370983395752,0.5486934884818294
train,unhealthy_0446.jpg,1,unhealthy,0.547363,0.601562,0.286133,0.767578,0.21962939587400002,0.37277384187665624
train,unhealthy_0446.jpg,1,unhealthy,0.230957,0.562012,0.454102,0.817383,0.37117525506599996,0.5555559633611171
train,unhealthy_0447.jpg,1,unhealthy,0.698242,0.601562,0.591797,0.773438,0.457718288086,0.7651511821244884
train,unhealthy_0447.jpg,1,unhealthy,0.242188,0.596191,0.476562,0.774414,0.369056284668,0.6153840194004757
train,unhealthy_0448.jpg,1,unhealthy,0.467773,0.746582,0.632812,0.475586,0.300956527832,1.3305942563490094
train,unhealthy_0448.jpg,1,unhealthy,0.470215,0.313477,0.53418,0.400391,0.21388086437999998,1.3341458724097195
train,unhealthy_0449.jpg,1,unhealthy,0.296387,0.616699,0.581055,0.750977,0.436358940735,0.7737320850039349
train,unhealthy_0449.jpg,1,unhealthy,0.752441,0.532715,0.495117,0.53418,0.26448159905999996,0.926872964169381
train,unhealthy_0450.jpg,1,unhealthy,0.649414,0.518555,0.699219,0.912109,0.637763942871,0.7665958783434875
train,unhealthy_0450.jpg,1,unhealthy,0.282227,0.380371,0.488281,0.702148,0.342845527588,0.6954103693238463
train,unhealthy_0452.jpg,1,unhealthy,0.268555,0.22998,0.466797,0.420898,0.196473923706,1.1090501736762828
train,unhealthy_0452.jpg,1,unhealthy,0.347168,0.626953,0.416992,0.302734,0.126237656128,1.377420441707902
train,unhealthy_0453.jpg,1,unhealthy,0.658203,0.587891,0.359375,0.544922,0.19583134375,0.6594980566025963
train,unhealthy_0453.jpg,1,unhealthy,0.297363,0.680176,0.430664,0.44043,0.18967734551999998,0.9778262152896033
train,unhealthy_0457.jpg,1,unhealthy,0.579102,0.309082,0.472656,0.211914,0.100162423584,2.230414224638297
train,unhealthy_0457.jpg,1,unhealthy,0.421875,0.543945,0.537109,0.222656,0.11959054150399999,2.41228172607071
train,unhealthy_0457.jpg,1,unhealthy,0.419434,0.73291,0.594727,0.200195,0.11906137176500001,2.970738529933315
train,unhealthy_0457.jpg,1,unhealthy,0.678711,0.168457,0.398438,0.293945,0.11711885791000001,1.355484869618466
train,unhealthy_0458.jpg,1,unhealthy,0.424316,0.802734,0.741211,0.238281,0.17661649829099998,3.110659263642506
train,unhealthy_0458.jpg,0,healthy,0.402344,0.79248,0.769531,0.237305,0.18261355395499998,3.2427930300667915
train,unhealthy_0458.jpg,1,unhealthy,0.428711,0.362793,0.775391,0.374023,0.290014067993,2.073110477163169
train,unhealthy_0458.jpg,1,unhealthy,0.692871,0.264648,0.360352,0.322266,0.116129197632,1.1181818746004852
train,unhealthy_0459.jpg,1,unhealthy,0.790039,0.800293,0.384766,0.30957,0.11911201062,1.2429046742255385
train,unhealthy_0459.jpg,1,unhealthy,0.544922,0.453613,0.25,0.583008,0.145752,0.4288105823590757
train,unhealthy_0459.jpg,1,unhealthy,0.34668,0.478027,0.314453,0.395508,0.124368677124,0.7950610354278547
train,unhealthy_0460.jpg,1,unhealthy,0.453125,0.769043,0.277344,0.186523,0.05173103491199999,1.4869158227135526
train,unhealthy_0460.jpg,1,unhealthy,0.481445,0.552246,0.296875,0.229492,0.0681304375,1.2936180781900894
train,unhealthy_0460.jpg,1,unhealthy,0.397949,0.334961,0.262695,0.320312,0.08414436084,0.8201222558005945
train,unhealthy_0461.jpg,1,unhealthy,0.466309,0.105957,0.12207,0.188477,0.02300738739,0.6476652323625695
train,unhealthy_0461.jpg,1,unhealthy,0.584961,0.180664,0.191406,0.125,0.02392575,1.531248
train,unhealthy_0461.jpg,1,unhealthy,0.730469,0.163086,0.148438,0.125,0.01855475,1.187504
train,unhealthy_0461.jpg,1,unhealthy,0.365723,0.385254,0.182617,0.124023,0.022648708191,1.4724446272062441
train,unhealthy_0461.jpg,1,unhealthy,0.559082,0.498047,0.129883,0.126953,0.016489036499,1.023079407339724
train,unhealthy_0461.jpg,1,unhealthy,0.539062,0.73584,0.105469,0.137695,0.014522553955,0.7659610007625548
train,unhealthy_0461.jpg,1,unhealthy,0.689453,0.70459,0.15625,0.075195,0.01174921875,2.0779307134782896
train,unhealthy_0461.jpg,1,unhealthy,0.702148,0.465332,0.154297,0.125977,0.019437873169,1.2248029402192462
train,unhealthy_0461.jpg,1,unhealthy,0.332031,0.652832,0.189453,0.088867,0.016836119751000002,2.131871223288735
train,unhealthy_0462.jpg,1,unhealthy,0.48584,0.410645,0.209961,0.379883,0.07976061456300002,0.552699120518686
train,unhealthy_0462.jpg,1,unhealthy,0.376465,0.589844,0.311523,0.306641,0.095525724243,1.0159208977273098
train,unhealthy_0463.jpg,1,unhealthy,0.612305,0.537109,0.681641,0.564453,0.38475430737300004,1.207613388537221
train,unhealthy_0463.jpg,1,unhealthy,0.163086,0.616699,0.3125,0.729492,0.22796625,0.42838029752211126
train,unhealthy_0467.jpg,1,unhealthy,0.36377,0.440918,0.239258,0.594727,0.142293192566,0.40229886990165237
train,unhealthy_0467.jpg,1,unhealthy,0.57666,0.568359,0.282227,0.560547,0.158201498169,0.503484988769898
train,unhealthy_0468.jpg,1,unhealthy,0.540527,0.723145,0.303711,0.27832,0.08452884552,1.0912295199770048
train,unhealthy_0468.jpg,1,unhealthy,0.54541,0.527344,0.370117,0.115234,0.042650062377999995,3.2118732318586525
train,unhealthy_0468.jpg,1,unhealthy,0.487793,0.361816,0.28418,0.249023,0.07076735614,1.1411797303863498
train,unhealthy_0468.jpg,1,unhealthy,0.16748,0.25293,0.270508,0.316406,0.08559035424800002,0.8549395397053153
train,unhealthy_0469.jpg,1,unhealthy,0.406738,0.583984,0.317383,0.464844,0.147533583252,0.6827731453993169
train,unhealthy_0469.jpg,1,unhealthy,0.661621,0.508789,0.249023,0.544922,0.135698111206,0.456988339615578
train,unhealthy_0471.jpg,1,unhealthy,0.212402,0.625977,0.223633,0.472656,0.10570147924800001,0.4731411428184557
train,unhealthy_0471.jpg,1,unhealthy,0.633789,0.794922,0.185547,0.341797,0.063419407959,0.5428573100407551
train,unhealthy_0472.jpg,1,unhealthy,0.728027,0.809082,0.356445,0.262695,0.093636319275,1.3568777479586593
train,unhealthy_0472.jpg,1,unhealthy,0.317871,0.837402,0.407227,0.186523,0.075957201721,2.1832535397779362
train,unhealthy_0472.jpg,1,unhealthy,0.547852,0.494141,0.208984,0.488281,0.102042916504,0.42799945113571897
train,unhealthy_0473.jpg,1,unhealthy,0.209473,0.565918,0.368164,0.702148,0.25850561627199997,0.5243395979195269
train,unhealthy_0473.jpg,1,unhealthy,0.461426,0.559082,0.213867,0.668945,0.143065260315,0.3197078982577043
train,unhealthy_0479.jpg,1,unhealthy,0.220215,0.758301,0.196289,0.46582,0.09143534198,0.4213837963161736
train,unhealthy_0479.jpg,0,healthy,0.22998,0.76416,0.18457,0.47168,0.0870579776,0.39130342605156043
train,unhealthy_0480.jpg,1,unhealthy,0.435547,0.523438,0.316406,0.59375,0.18786606250000001,0.5328943157894738
train,unhealthy_0480.jpg,0,healthy,0.431152,0.521973,0.342773,0.594727,0.203856357971,0.5763535201865729
train,unhealthy_0481.jpg,1,unhealthy,0.583496,0.294922,0.618164,0.335938,0.20766477783200002,1.8401133542498913
train,unhealthy_0483.jpg,1,unhealthy,0.584961,0.526367,0.3125,0.253906,0.079345625,1.2307704426047434
train,unhealthy_0483.jpg,1,unhealthy,0.573242,0.21582,0.417969,0.410156,0.171432493164,1.0190488497059655
train,unhealthy_0484.jpg,1,unhealthy,0.453125,0.593262,0.400391,0.391602,0.156793916382,1.022443705599052
train,unhealthy_0484.jpg,0,healthy,0.670898,0.706543,0.582031,0.262695,0.152896633545,2.2156150669026817
train,unhealthy_0485.jpg,1,unhealthy,0.166992,0.707031,0.300781,0.179688,0.054046736328,1.6739069943457552
train,unhealthy_0485.jpg,1,unhealthy,0.293457,0.535645,0.188477,0.22168,0.04178158136,0.8502210393359798
train,unhealthy_0485.jpg,1,unhealthy,0.150391,0.20459,0.244141,0.407227,0.099420807007,0.5995206604670122
train,unhealthy_0485.jpg,1,unhealthy,0.658203,0.609863,0.351562,0.40918,0.14385213916,0.8591866660149567
train,unhealthy_0486.jpg,1,unhealthy,0.374023,0.580566,0.324219,0.665039,0.215618279541,0.4875187770942756
train,unhealthy_0486.jpg,1,unhealthy,0.49707,0.526855,0.314453,0.598633,0.18824194274899997,0.525285107904175
train,unhealthy_0486.jpg,1,unhealthy,0.179199,0.616211,0.356445,0.673828,0.24018262146,0.5289851416088379
train,unhealthy_0486.jpg,1,unhealthy,0.598633,0.492188,0.212891,0.533203,0.11351411987299999,0.39926819616543796
train,unhealthy_0487.jpg,1,unhealthy,0.588379,0.483398,0.254883,0.732422,0.18668191662600003,0.3480001966079665
train,unhealthy_0487.jpg,1,unhealthy,0.277832,0.672363,0.524414,0.579102,0.303689196228,0.90556413205273
train,unhealthy_0487.jpg,1,unhealthy,0.808105,0.492188,0.243164,0.753906,0.183322798584,0.32253888415797194
train,unhealthy_0487.jpg,1,unhealthy,0.289062,0.35498,0.429688,0.670898,0.288276819824,0.6404669562288158
train,unhealthy_0488.jpg,1,unhealthy,0.375,0.576172,0.470703,0.589844,0.277641340332,0.7980126948820365
train,unhealthy_0488.jpg,1,unhealthy,0.564941,0.51709,0.405273,0.610352,0.247359186096,0.663998807245655
train,unhealthy_0489.jpg,1,unhealthy,0.210449,0.564941,0.290039,0.598633,0.17362691668699998,0.4845021908247624
train,unhealthy_0489.jpg,1,unhealthy,0.518066,0.694824,0.24707,0.522461,0.12908443927,0.47289654156003996
train,unhealthy_0489.jpg,1,unhealthy,0.732422,0.679688,0.197266,0.4375,0.086303875,0.4508937142857143
train,unhealthy_0491.jpg,1,unhealthy,0.63623,0.709473,0.47168,0.510742,0.24090678656,0.923519115326329
train,unhealthy_0491.jpg,1,unhealthy,0.359863,0.595215,0.665039,0.270508,0.17989836981200003,2.458481819391663
train,unhealthy_0491.jpg,1,unhealthy,0.303223,0.523926,0.538086,0.196289,0.10562036285399999,2.74129472359633
train,unhealthy_0492.jpg,1,unhealthy,0.671387,0.875977,0.331055,0.109375,0.036209140625,3.0267885714285714
train,unhealthy_0492.jpg,1,unhealthy,0.338379,0.504395,0.243164,0.290039,0.070527043396,0.8383838035574526
train,unhealthy_0492.jpg,1,unhealthy,0.649414,0.491211,0.371094,0.408203,0.151481684082,0.9090917999132784
train,unhealthy_0492.jpg,1,unhealthy,0.785156,0.413086,0.316406,0.40625,0.1285399375,0.7788455384615385
train,unhealthy_0492.jpg,1,unhealthy,0.365234,0.714355,0.294922,0.088867,0.026208833374000002,3.318689727345359
train,unhealthy_0494.jpg,1,unhealthy,0.489258,0.383301,0.162109,0.71582,0.11604086438,0.2264661507082786
train,unhealthy_0494.jpg,1,unhealthy,0.728027,0.445801,0.297852,0.631836,0.18819361627199999,0.4714071372951209
train,unhealthy_0494.jpg,1,unhealthy,0.804199,0.680664,0.374023,0.482422,0.180436923706,0.7753025359539988
train,unhealthy_0494.jpg,1,unhealthy,0.291504,0.823242,0.581055,0.320312,0.18611888916,1.8140281975074304
train,unhealthy_0494.jpg,1,unhealthy,0.254395,0.618652,0.500977,0.448242,0.224558932434,1.1176485023714868
train,unhealthy_0495.jpg,1,unhealthy,0.38916,0.512207,0.711914,0.463867,0.330233411438,1.5347373277254042
train,unhealthy_0495.jpg,1,unhealthy,0.630371,0.207031,0.231445,0.412109,0.095380567505,0.5616111271532531
train,unhealthy_0495.jpg,1,unhealthy,0.481445,0.205566,0.197266,0.40918,0.08071730188,0.48210078693973313
train,unhealthy_0499.jpg,1,unhealthy,0.502441,0.338867,0.155273,0.326172,0.050645704956,0.47604638043731523
train,unhealthy_0499.jpg,1,unhealthy,0.378418,0.229004,0.174805,0.366211,0.064015513855,0.477334105201646
train,unhealthy_0499.jpg,1,unhealthy,0.269531,0.422363,0.347656,0.227539,0.079105298584,1.5278963166753832
train,unhealthy_0499.jpg,1,unhealthy,0.719238,0.355469,0.174805,0.253906,0.04438403833,0.6884634471024709
train,unhealthy_0499.jpg,1,unhealthy,0.519531,0.719238,0.220703,0.170898,0.037717701294,1.291431146063734
train,unhealthy_0499.jpg,0,healthy,0.504883,0.589355,0.21875,0.186523,0.04080190625,1.172777619918187
train,unhealthy_0499.jpg,0,healthy,0.668945,0.592285,0.214844,0.206055,0.04426968042,1.0426536604304677
train,unhealthy_0503.jpg,1,unhealthy,0.284668,0.404785,0.237305,0.432617,0.102662177185,0.5485336914638121
train,unhealthy_0503.jpg,1,unhealthy,0.10791,0.366699,0.174805,0.426758,0.07459943219,0.4096115362805149
train,unhealthy_0503.jpg,0,healthy,0.357422,0.760742,0.279297,0.15625,0.043640156250000006,1.7875008000000001
train,unhealthy_0510.jpg,1,unhealthy,0.436035,0.774902,0.555664,0.266602,0.148141133728,2.084245429516658
train,unhealthy_0510.jpg,1,unhealthy,0.509277,0.398926,0.672852,0.436523,0.293715373596,1.5413895716835082
train,unhealthy_0512.jpg,1,unhealthy,0.425293,0.705078,0.393555,0.572266,0.22521814563,0.6877134060035018
train,unhealthy_0512.jpg,0,healthy,0.766113,0.419434,0.467773,0.379883,0.177699010559,1.2313607084286478
train,unhealthy_0513.jpg,1,unhealthy,0.697754,0.751465,0.31543,0.422852,0.13338020636,0.7459583967913123
train,unhealthy_0513.jpg,1,unhealthy,0.439941,0.640137,0.448242,0.344727,0.154521119934,1.3002810919945347
train,unhealthy_0513.jpg,1,unhealthy,0.376465,0.431641,0.49707,0.123047,0.061162972290000006,4.039675896202264
train,unhealthy_0517.jpg,1,unhealthy,0.748047,0.776855,0.382812,0.157227,0.060188382324,2.4347726535518706
train,unhealthy_0517.jpg,1,unhealthy,0.224121,0.805664,0.352539,0.322266,0.11361133337399999,1.0939379270540486
train,unhealthy_0519.jpg,1,unhealthy,0.504883,0.660645,0.425781,0.291992,0.124324645752,1.4581940601112362
train,unhealthy_0519.jpg,1,unhealthy,0.53418,0.841797,0.332031,0.283203,0.094032175293,1.172413427823858
train,unhealthy_0519.jpg,1,unhealthy,0.177246,0.726562,0.249023,0.330078,0.08219701379399999,0.7544368300825866
train,unhealthy_0520.jpg,1,unhealthy,0.800781,0.650391,0.238281,0.259766,0.061897302246,0.9172909464672051
train,unhealthy_0520.jpg,1,unhealthy,0.130859,0.45166,0.140625,0.083008,0.011673,1.6941138203546646
train,unhealthy_0520.jpg,1,unhealthy,0.783203,0.84375,0.222656,0.220703,0.049140847168,1.0088489961622633
train,unhealthy_0520.jpg,1,unhealthy,0.869141,0.455566,0.248047,0.131836,0.032701524292,1.8814815376680116
train,unhealthy_0520.jpg,1,unhealthy,0.760254,0.347656,0.161133,0.177734,0.028638812622,0.9065963743571854
train,unhealthy_0520.jpg,1,unhealthy,0.597656,0.781738,0.181641,0.172852,0.031397010132,1.0508469673477887
train,unhealthy_0521.jpg,1,unhealthy,0.725586,0.768555,0.353516,0.238281,0.084236145996,1.4836096877216396
train,unhealthy_0521.jpg,1,unhealthy,0.139648,0.369629,0.277344,0.235352,0.065273465088,1.1784221081613921
train,unhealthy_0521.jpg,1,unhealthy,0.227539,0.645996,0.302734,0.166992,0.050554156128,1.8128652869598543
train,unhealthy_0521.jpg,1,unhealthy,0.45166,0.44873,0.362305,0.245117,0.088807114685,1.4780900549533487
train,unhealthy_0523.jpg,1,unhealthy,0.502441,0.65625,0.637695,0.326172,0.20799825354,1.9550881130201243
train,unhealthy_0523.jpg,1,unhealthy,0.605957,0.544922,0.643555,0.169922,0.10935415270999999,3.7873553748190347
train,unhealthy_0523.jpg,1,unhealthy,0.560547,0.376465,0.589844,0.262695,0.15494906958000002,2.245356782580559
train,unhealthy_0525.jpg,1,unhealthy,0.52002,0.63623,0.69043,0.364258,0.25149465094,1.8954422414881757
train,unhealthy_0527.jpg,1,unhealthy,0.447266,0.352051,0.583984,0.495117,0.28914040612799996,1.1794868687603133
train,unhealthy_0527.jpg,1,unhealthy,0.349121,0.89209,0.485352,0.174805,0.08484195636,2.776533852006522
train,unhealthy_0528.jpg,1,unhealthy,0.362793,0.702148,0.647461,0.416016,0.269354135376,1.5563367755086341
train,unhealthy_0528.jpg,1,unhealthy,0.818848,0.344727,0.149414,0.185547,0.027723319457999995,0.8052622785601492
train,unhealthy_0529.jpg,1,unhealthy,0.71875,0.792969,0.533203,0.267578,0.14267339233399998,1.9927011936706307
train,unhealthy_0529.jpg,1,unhealthy,0.361816,0.82959,0.333008,0.311523,0.10373965118400001,1.0689676203683196
train,unhealthy_0529.jpg,1,unhealthy,0.128418,0.696289,0.241211,0.197266,0.047582729126,1.22277026958523
train,unhealthy_0529.jpg,1,unhealthy,0.570801,0.359863,0.360352,0.366211,0.131964866272,0.9840010267304914
train,unhealthy_0533.jpg,1,unhealthy,0.343262,0.693359,0.135742,0.464844,0.06309885424799999,0.29201624631059026
train,unhealthy_0533.jpg,1,unhealthy,0.615723,0.505859,0.319336,0.464844,0.148441423584,0.6869745549044411
train,unhealthy_0534.jpg,1,unhealthy,0.289551,0.368652,0.229492,0.288086,0.06611343231200001,0.7966093458203453
train,unhealthy_0534.jpg,1,unhealthy,0.851074,0.699219,0.262695,0.152344,0.04002000708,1.7243540933676416
train,unhealthy_0534.jpg,1,unhealthy,0.547363,0.336426,0.250977,0.260742,0.065440244934,0.9625491865522241
train,unhealthy_0535.jpg,1,unhealthy,0.631836,0.540039,0.169922,0.291016,0.049450020751999994,0.5838922945817412
train,unhealthy_0535.jpg,1,unhealthy,0.387695,0.578125,0.289062,0.216797,0.062667774414,1.3333302582600313
train,unhealthy_0535.jpg,1,unhealthy,0.498535,0.397461,0.15332,0.277344,0.04252238208,0.5528152763355256
train,unhealthy_0536.jpg,1,unhealthy,0.652832,0.59082,0.319336,0.126953,0.040540663208000004,2.5153875843816214
train,unhealthy_0536.jpg,1,unhealthy,0.48291,0.698242,0.258789,0.138672,0.035886788207999995,1.8661950501903775
train,unhealthy_0536.jpg,1,unhealthy,0.490234,0.296387,0.136719,0.209961,0.028705657959000003,0.6511637875605469
train,unhealthy_0536.jpg,1,unhealthy,0.328613,0.498047,0.100586,0.164062,0.016502340332,0.6130974875352
train,unhealthy_0536.jpg,1,unhealthy,0.423828,0.587891,0.164062,0.119141,0.019546510742000003,1.3770406493146776
train,unhealthy_0539.jpg,1,unhealthy,0.716797,0.624512,0.199219,0.354492,0.07062154174799999,0.561984473556526
train,unhealthy_0539.jpg,1,unhealthy,0.508301,0.631348,0.249023,0.385742,0.09605863006599999,0.6455687998714167
train,unhealthy_0539.jpg,1,unhealthy,0.353516,0.400391,0.296875,0.216797,0.064361609375,1.3693685798235216
train,unhealthy_0540.jpg,1,unhealthy,0.286133,0.600098,0.208984,0.383789,0.080205760376,0.5445283736636537
train,unhealthy_0540.jpg,1,unhealthy,0.435059,0.579102,0.172852,0.363281,0.062793847412,0.47580798335173047
train,unhealthy_0540.jpg,1,unhealthy,0.567871,0.555176,0.231445,0.325195,0.07526475677500001,0.711711434677655
train,unhealthy_0540.jpg,1,unhealthy,0.73584,0.48291,0.469727,0.22168,0.10412908136,2.118941717791411
train,unhealthy_0541.jpg,1,unhealthy,0.288086,0.73877,0.574219,0.135742,0.077945635498,4.230223512251182
train,unhealthy_0541.jpg,1,unhealthy,0.307617,0.530762,0.474609,0.227539,0.107992057251,2.0858358347360233
train,unhealthy_0542.jpg,1,unhealthy,0.445312,0.302734,0.556641,0.378906,0.21091461474600004,1.4690741239251952
train,unhealthy_0542.jpg,1,unhealthy,0.580566,0.438965,0.647461,0.25293,0.16376231072999997,2.5598426442098603
train,unhealthy_0542.jpg,1,unhealthy,0.610352,0.606445,0.689453,0.160156,0.11042003466799999,4.304883988111591
train,unhealthy_0542.jpg,1,unhealthy,0.60498,0.790039,0.731445,0.273438,0.20000485791,2.67499396572532
train,unhealthy_0552.jpg,1,unhealthy,0.602539,0.815918,0.210938,0.31543,0.06653617333999999,0.668731572773674
train,unhealthy_0552.jpg,1,unhealthy,0.330566,0.680664,0.350586,0.179688,0.062996097168,1.9510818752504342
train,unhealthy_0552.jpg,1,unhealthy,0.342285,0.519043,0.364258,0.151367,0.05513664068600001,2.406455832513031
train,unhealthy_0552.jpg,0,healthy,0.585938,0.179688,0.345703,0.355469,0.12288669970699999,0.9725264369044839
train,unhealthy_0554.jpg,1,unhealthy,0.678711,0.404297,0.113281,0.244141,0.027656536621,0.4639982632986676
train,unhealthy_0554.jpg,1,unhealthy,0.554199,0.402832,0.147461,0.303711,0.044785527771000005,0.4855306524952998
train,unhealthy_0554.jpg,1,unhealthy,0.420898,0.47998,0.271484,0.204102,0.055410427368000004,1.3301388521425561
train,unhealthy_0554.jpg,1,unhealthy,0.351074,0.55957,0.288086,0.117188,0.033760222168,2.4583233778202547
train,unhealthy_0554.jpg,1,unhealthy,0.289062,0.676758,0.238281,0.101562,0.024200294921999998,2.3461629349559874
train,unhealthy_0554.jpg,1,unhealthy,0.396484,0.756348,0.173828,0.131836,0.022916788208000003,1.3185169452956704
train,unhealthy_0554.jpg,1,unhealthy,0.586914,0.712891,0.203125,0.113281,0.023010203125,1.793107405478412
train,unhealthy_0556.jpg,1,unhealthy,0.725586,0.705078,0.535156,0.269531,0.144241131836,1.985508160471337
train,unhealthy_0556.jpg,1,unhealthy,0.537598,0.834473,0.303711,0.301758,0.09164722393800001,1.0064720736484203
train,unhealthy_0556.jpg,1,unhealthy,0.235352,0.694336,0.464844,0.113281,0.052657993164,4.103459538669326
train,unhealthy_0556.jpg,1,unhealthy,0.360352,0.361816,0.328125,0.415039,0.136184671875,0.7905883543474228
train,unhealthy_0556.jpg,1,unhealthy,0.774902,0.347656,0.418945,0.236328,0.09900843396,1.7727268880538911
train,unhealthy_0557.jpg,1,unhealthy,0.391113,0.378906,0.280273,0.376953,0.105649748169,0.743522401997066
train,unhealthy_0557.jpg,1,unhealthy,0.532227,0.782227,0.232422,0.292969,0.06809244091799999,0.7933330830224359
train,unhealthy_0557.jpg,1,unhealthy,0.712402,0.639648,0.436523,0.216797,0.094636876831,2.0135103345526
train,unhealthy_0557.jpg,1,unhealthy,0.274414,0.786621,0.337891,0.147461,0.049825744751,2.291392300337038
train,unhealthy_0557.jpg,1,unhealthy,0.27002,0.637207,0.407227,0.125977,0.051301235779000004,3.2325503861816043
train,unhealthy_0558.jpg,1,unhealthy,0.29834,0.655762,0.245117,0.379883,0.09311578131100001,0.6452434038901451
train,unhealthy_0558.jpg,1,unhealthy,0.473145,0.770996,0.327148,0.157227,0.051436498596,2.080736769129984
train,unhealthy_0558.jpg,1,unhealthy,0.238281,0.396484,0.220703,0.390625,0.086212109375,0.56499968
train,unhealthy_0558.jpg,1,unhealthy,0.410645,0.310059,0.12793,0.319336,0.04085265448,0.4006125209810356
train,unhealthy_0558.jpg,1,unhealthy,0.547363,0.443848,0.24707,0.313477,0.07745076239000001,0.7881598968983371
train,unhealthy_0558.jpg,1,unhealthy,0.564453,0.570801,0.310547,0.258789,0.08036614758300001,1.2000007728303754
train,unhealthy_0559.jpg,1,unhealthy,0.508301,0.79834,0.258789,0.288086,0.074553487854,0.8983046729101726
train,unhealthy_0559.jpg,1,unhealthy,0.319824,0.705566,0.19043,0.325195,0.061926883849999996,0.5855871092728977
train,unhealthy_0559.jpg,1,unhealthy,0.752441,0.838867,0.40332,0.287109,0.11579680188000001,1.4047626511185647
train,unhealthy_0559.jpg,1,unhealthy,0.689941,0.598145,0.31543,0.307617,0.09703163030999999,1.0253984662746207
train,unhealthy_0559.jpg,1,unhealthy,0.459473,0.54834,0.186523,0.424805,0.079235903015,0.43907910688433516
train,unhealthy_0559.jpg,0,healthy,0.163574,0.605469,0.209961,0.357422,0.075044680542,0.5874316634118772
train,unhealthy_0560.jpg,1,unhealthy,0.52002,0.533691,0.106445,0.43457,0.04625780365,0.2449432772625814
train,unhealthy_0560.jpg,1,unhealthy,0.711914,0.584961,0.255859,0.363281,0.092948713379,0.7043005276906857
train,unhealthy_0560.jpg,1,unhealthy,0.363281,0.510742,0.167969,0.439453,0.073814480957,0.3822228998322915
train,unhealthy_0561.jpg,1,unhealthy,0.625977,0.790039,0.181641,0.134766,0.024479031005999997,1.3478251190953208
train,unhealthy_0561.jpg,1,unhealthy,0.63623,0.630859,0.196289,0.115234,0.022619166625999998,1.7033948313865699
train,unhealthy_0561.jpg,1,unhealthy,0.365723,0.585938,0.223633,0.148438,0.033195635253999996,1.5065751357469113
train,unhealthy_0561.jpg,1,unhealthy,0.380859,0.453125,0.162109,0.138672,0.022479979248,1.1690103265259029
train,unhealthy_0562.jpg,1,unhealthy,0.376465,0.791016,0.463867,0.306641,0.142240640747,1.512736392067597
train,unhealthy_0562.jpg,1,unhealthy,0.410645,0.539062,0.49707,0.244141,0.12135516687,2.0359955927107696
train,unhealthy_0562.jpg,1,unhealthy,0.483398,0.290039,0.482422,0.314453,0.151699045166,1.5341624980521733
train,unhealthy_0563.jpg,1,unhealthy,0.397949,0.822266,0.37793,0.197266,0.07455273938,1.9158395263248609
train,unhealthy_0563.jpg,1,unhealthy,0.430176,0.598145,0.334961,0.24707,0.08275881427000001,1.3557331930222203
train,unhealthy_0563.jpg,1,unhealthy,0.243164,0.439453,0.160156,0.373047,0.059745715332,0.42931855771524763
train,unhealthy_0566.jpg,1,unhealthy,0.175293,0.538574,0.321289,0.295898,0.095068772522,1.085809975058973
train,unhealthy_0566.jpg,1,unhealthy,0.859863,0.794434,0.235352,0.37207,0.08756741864,0.632547638885156
train,unhealthy_0566.jpg,1,unhealthy,0.64209,0.787109,0.243164,0.40625,0.098785375,0.5985575384615385
train,unhealthy_0566.jpg,1,unhealthy,0.373047,0.772461,0.302734,0.384766,0.116481750244,0.786800289006825
train,unhealthy_0568.jpg,1,unhealthy,0.456055,0.809082,0.363281,0.370117,0.134456473877,0.9815301647857301
train,unhealthy_0568.jpg,1,unhealthy,0.617188,0.704102,0.578125,0.287109,0.165984890625,2.013608072195577
train,unhealthy_0568.jpg,1,unhealthy,0.68457,0.545898,0.572266,0.162109,0.09276946899400002,3.5301309612668024
train,unhealthy_0568.jpg,1,unhealthy,0.661621,0.39502,0.514648,0.204102,0.10504068609600001,2.521523551949515
train,unhealthy_0571.jpg,1,unhealthy,0.283203,0.72998,0.251953,0.52832,0.13311180896,0.47689468503937005
train,unhealthy_0571.jpg,1,unhealthy,0.508789,0.699219,0.195312,0.515625,0.10070775000000001,0.3787869090909091
train,unhealthy_0571.jpg,1,unhealthy,0.757812,0.612305,0.367188,0.472656,0.173553611328,0.7768609728851427
train,unhealthy_0572.jpg,1,unhealthy,0.238281,0.600098,0.267578,0.600586,0.16070360070799997,0.4455282007905612
train,unhealthy_0572.jpg,1,unhealthy,0.509766,0.581055,0.224609,0.544922,0.12239438549800001,0.4121855972047376
train,unhealthy_0573.jpg,1,unhealthy,0.481445,0.546387,0.316406,0.629883,0.199298760498,0.5023250349668114
train,unhealthy_0573.jpg,1,unhealthy,0.791504,0.313477,0.352539,0.396484,0.139776072876,0.889163244922872
train,unhealthy_0573.jpg,1,unhealthy,0.18457,0.286621,0.367188,0.393555,0.14450867334,0.933003011014979
train,unhealthy_0573.jpg,0,healthy,0.763672,0.684082,0.472656,0.387695,0.18324636792000001,1.2191439146751957
train,unhealthy_0576.jpg,1,unhealthy,0.172363,0.312988,0.313477,0.53418,0.16745314386,0.5868377700400614
train,unhealthy_0577.jpg,1,unhealthy,0.187012,0.39502,0.290039,0.49707,0.14416968573,0.5834972941436819
train,unhealthy_0577.jpg,1,unhealthy,0.379395,0.350586,0.266602,0.511719,0.13642530883800003,0.5209929668431307
train,unhealthy_0577.jpg,1,unhealthy,0.584473,0.327148,0.266602,0.455078,0.12132470495599999,0.5858380321615196
train,unhealthy_0578.jpg,1,unhealthy,0.391113,0.728516,0.616211,0.375,0.231079125,1.6432293333333332
train,unhealthy_0578.jpg,1,unhealthy,0.148438,0.420898,0.212891,0.607422,0.129314677002,0.350482860350794
train,unhealthy_0578.jpg,1,unhealthy,0.372559,0.414551,0.22168,0.553711,0.12274665447999998,0.4003532528701796
train,unhealthy_0580.jpg,1,unhealthy,0.406738,0.543945,0.151367,0.210938,0.031929052246,0.7175900027496231
train,unhealthy_0580.jpg,1,unhealthy,0.422363,0.82373,0.194336,0.141602,0.027518366272,1.3724099942091212
train,unhealthy_0580.jpg,1,unhealthy,0.613281,0.554199,0.240234,0.155273,0.037301853882,1.5471717555531226
train,unhealthy_0580.jpg,1,unhealthy,0.651367,0.924805,0.255859,0.121094,0.030982989746,2.1128957669248685
train,unhealthy_0580.jpg,1,unhealthy,0.170898,0.668945,0.185547,0.125,0.023193375,1.484376
train,unhealthy_0580.jpg,1,unhealthy,0.585938,0.802246,0.279297,0.114258,0.031911916626,2.444441527070315
train,unhealthy_0581.jpg,1,unhealthy,0.267578,0.818848,0.136719,0.104492,0.014286041748000002,1.3084159552884431
train,unhealthy_0581.jpg,1,unhealthy,0.334473,0.730469,0.120117,0.105469,0.012668619873,1.1388844115332468
train,unhealthy_0581.jpg,1,unhealthy,0.318359,0.597656,0.121094,0.148438,0.017974951171999997,0.8157884099758822
train,unhealthy_0581.jpg,1,unhealthy,0.439453,0.662109,0.111328,0.128906,0.014350847168,0.8636370688718912
train,unhealthy_0581.jpg,1,unhealthy,0.46875,0.731445,0.126953,0.103516,0.013141666748,1.2264094439506938
train,unhealthy_0581.jpg,1,unhealthy,0.529785,0.489258,0.137695,0.101562,0.01398457959,1.3557728284200785
train,unhealthy_0581.jpg,1,unhealthy,0.308105,0.419434,0.12207,0.155273,0.01895417511,0.7861637245367836
train,unhealthy_0581.jpg,1,unhealthy,0.330566,0.175293,0.083008,0.106445,0.00883578656,0.7798205646108319
train,unhealthy_0581.jpg,0,healthy,0.42627,0.169922,0.083008,0.115234,0.009565343872,0.7203429543363937
train,unhealthy_0582.jpg,1,unhealthy,0.32373,0.599121,0.108398,0.157227,0.017043092346,0.6894362927487009
train,unhealthy_0582.jpg,1,unhealthy,0.309082,0.406738,0.108398,0.118164,0.012808741272,0.9173521546325445
train,unhealthy_0582.jpg,1,unhealthy,0.338379,0.741211,0.145508,0.101562,0.014778083495999999,1.4327012071444043
train,unhealthy_0582.jpg,1,unhealthy,0.483887,0.737793,0.12793,0.116211,0.014866873229999997,1.1008424331603721
train,unhealthy_0582.jpg,1,unhealthy,0.445312,0.414062,0.091797,0.160156,0.014701840332,0.5731724069032693
train,unhealthy_0582.jpg,1,unhealthy,0.553711,0.640137,0.125,0.12207,0.01525875,1.0240026214467108
train,unhealthy_0582.jpg,1,unhealthy,0.542969,0.494629,0.164062,0.09082,0.014900110840000001,1.8064523232768115
train,unhealthy_0582.jpg,1,unhealthy,0.143066,0.813477,0.137695,0.109375,0.015060390625000001,1.2589257142857144
train,unhealthy_0582.jpg,1,unhealthy,0.268066,0.826172,0.145508,0.109375,0.0159149375,1.330358857142857
train,unhealthy_0582.jpg,1,unhealthy,0.439453,0.836426,0.128906,0.110352,0.014225034911999999,1.1681346962447439
train,unhealthy_0582.jpg,1,unhealthy,0.355957,0.92334,0.135742,0.102539,0.013918848938000002,1.3238085021308965
train,unhealthy_0582.jpg,1,unhealthy,0.491211,0.928223,0.177734,0.100586,0.017877552124,1.76698546517408
train,unhealthy_0582.jpg,1,unhealthy,0.194824,0.614746,0.149414,0.137695,0.02057356073,1.085108391735357
train,unhealthy_0582.jpg,1,unhealthy,0.421875,0.175293,0.076172,0.12793,0.00974468396,0.5954193699679513
train,unhealthy_0582.jpg,1,unhealthy,0.484863,0.265625,0.077148,0.125,0.0096435,0.617184
train,unhealthy_0582.jpg,1,unhealthy,0.5625,0.190918,0.113281,0.155273,0.017589480713,0.729560193980924
train,unhealthy_0582.jpg,1,unhealthy,0.531738,0.113281,0.086914,0.117188,0.010185277832000001,0.7416629689046661
train,unhealthy_0582.jpg,1,unhealthy,0.331543,0.185059,0.098633,0.124023,0.012232760559,0.7952799077590447
train,unhealthy_0582.jpg,1,unhealthy,0.174316,0.45459,0.139648,0.124023,0.017319563904,1.1259846963869604
train,unhealthy_0584.jpg,0,healthy,0.34668,0.296387,0.171875,0.143555,0.024673515624999996,1.1972763052488595
train,unhealthy_0584.jpg,0,healthy,0.432617,0.775391,0.164062,0.167969,0.027557330078000004,0.9767397555501313
train,unhealthy_0584.jpg,1,unhealthy,0.385742,0.431152,0.240234,0.188477,0.045278583618,1.2746064506544565
train,unhealthy_0584.jpg,1,unhealthy,0.633301,0.524414,0.135742,0.203125,0.02757259375,0.6682683076923077
train,unhealthy_0584.jpg,1,unhealthy,0.750488,0.527832,0.114258,0.217773,0.024882307434,0.5246655921532972
train,unhealthy_0584.jpg,1,unhealthy,0.508789,0.39209,0.142578,0.163086,0.023252475708000004,0.8742503954968545
train,unhealthy_0585.jpg,1,unhealthy,0.387207,0.432617,0.24707,0.1875,0.046325625,1.3177066666666668
train,unhealthy_0585.jpg,1,unhealthy,0.636719,0.526367,0.140625,0.179688,0.025268625,0.7826065179644718
train,unhealthy_0585.jpg,1,unhealthy,0.757324,0.528809,0.114258,0.217773,0.024882307434,0.5246655921532972
train,unhealthy_0585.jpg,1,unhealthy,0.747559,0.334961,0.102539,0.199219,0.020427717041000003,0.5147049227232342
train,unhealthy_0585.jpg,0,healthy,0.429199,0.779297,0.151367,0.169922,0.025720583374,0.8908028389496357
train,unhealthy_0586.jpg,1,unhealthy,0.516113,0.708008,0.651367,0.472656,0.307872520752,1.3780995057716394
train,unhealthy_0587.jpg,1,unhealthy,0.273926,0.764648,0.319336,0.226562,0.072349402832,1.4094861450728717
train,unhealthy_0587.jpg,1,unhealthy,0.48877,0.71875,0.155273,0.5,0.0776365,0.310546
train,unhealthy_0587.jpg,1,unhealthy,0.519531,0.173828,0.232422,0.246094,0.057197659668,0.9444439929457848
train,unhealthy_0588.jpg,1,unhealthy,0.308594,0.584473,0.314453,0.168945,0.053125262085,1.8612743792358457
train,unhealthy_0588.jpg,1,unhealthy,0.285156,0.750977,0.310547,0.222656,0.069145152832,1.3947389695314747
train,unhealthy_0588.jpg,1,unhealthy,0.499512,0.695312,0.147461,0.462891,0.068258369751,0.3185652777867792
train,unhealthy_0588.jpg,1,unhealthy,0.504883,0.179199,0.210938,0.243164,0.051292527831999994,0.8674721587077034
train,unhealthy_0588.jpg,1,unhealthy,0.760742,0.175293,0.222656,0.235352,0.052402534912,0.9460552704034807
train,unhealthy_0588.jpg,1,unhealthy,0.268555,0.138672,0.34375,0.1875,0.064453125,1.8333333333333333
train,unhealthy_0588.jpg,1,unhealthy,0.620605,0.555664,0.137695,0.179688,0.02474213916,0.7663004763812833
train,unhealthy_0590.jpg,1,unhealthy,0.456055,0.756348,0.162109,0.174805,0.028337463745,0.9273704985555334
train,unhealthy_0590.jpg,1,unhealthy,0.54834,0.687012,0.250977,0.100586,0.025244772522,2.4951484301990337
train,unhealthy_0590.jpg,1,unhealthy,0.30957,0.741211,0.193359,0.162109,0.031345234131,1.1927715302666724
train,unhealthy_0590.jpg,1,unhealthy,0.435059,0.128906,0.170898,0.244141,0.041723208617999996,0.699997132804404
train,unhealthy_0590.jpg,1,unhealthy,0.52832,0.585938,0.255859,0.074219,0.018989599120999998,3.447351756288821
train,unhealthy_0592.jpg,1,unhealthy,0.511719,0.48877,0.355469,0.573242,0.203769760498,0.620102853594119
train,unhealthy_0595.jpg,1,unhealthy,0.71582,0.575684,0.494141,0.219727,0.108576119507,2.2488861177734187
train,unhealthy_0596.jpg,1,unhealthy,0.591797,0.429688,0.316406,0.841797,0.26634962158200004,0.37586971680820913
train,unhealthy_0597.jpg,1,unhealthy,0.456055,0.506836,0.566406,0.525391,0.297584614746,1.078065669187329
train,unhealthy_0597.jpg,1,unhealthy,0.609375,0.816406,0.722656,0.222656,0.160903694336,3.2456165564817474
train,unhealthy_0598.jpg,1,unhealthy,0.312988,0.626953,0.239258,0.695312,0.16635895849600002,0.3441016407023034
train,unhealthy_0598.jpg,1,unhealthy,0.612793,0.600098,0.538086,0.729492,0.392529432312,0.7376174104719447
train,unhealthy_0598.jpg,1,unhealthy,0.692383,0.428223,0.568359,0.514648,0.29250482263199995,1.1043645365375945
train,unhealthy_0599.jpg,1,unhealthy,0.125977,0.773438,0.199219,0.431641,0.085991088379,0.4615386397492361
train,unhealthy_0599.jpg,1,unhealthy,0.402832,0.633301,0.170898,0.655273,0.11198484515399999,0.26080427546991863
train,unhealthy_0599.jpg,1,unhealthy,0.758789,0.748047,0.455078,0.480469,0.21865087158199997,0.9471537185541627
train,unhealthy_0600.jpg,1,unhealthy,0.5625,0.852539,0.740234,0.275391,0.203853781494,2.6879382405379983
train,unhealthy_0600.jpg,1,unhealthy,0.503418,0.608887,0.770508,0.200195,0.15425184906,3.8487874322535522
train,unhealthy_0600.jpg,1,unhealthy,0.544434,0.414062,0.758789,0.373047,0.28306396008300005,2.0340305645133188
train,unhealthy_0601.jpg,1,unhealthy,0.511719,0.711426,0.199219,0.366211,0.072956189209,0.5440005898238993
train,unhealthy_0601.jpg,1,unhealthy,0.703613,0.739746,0.368164,0.354492,0.130511192688,1.03856786612956
train,unhealthy_0602.jpg,1,unhealthy,0.501465,0.691406,0.24707,0.550781,0.13608146167,0.4485811965191247
train,unhealthy_0602.jpg,1,unhealthy,0.775391,0.67041,0.410156,0.633789,0.25995236108400005,0.6471491300732578
train,unhealthy_0602.jpg,1,unhealthy,0.236328,0.608887,0.396484,0.444336,0.176172114624,0.892306722840373
train,unhealthy_0604.jpg,1,unhealthy,0.623047,0.415527,0.333984,0.374023,0.124917697632,0.8929504335294889
train,unhealthy_0604.jpg,1,unhealthy,0.569336,0.537598,0.238281,0.432617,0.10308441137699999,0.5507897285589795
train,unhealthy_0605.jpg,1,unhealthy,0.560547,0.501465,0.732422,0.37207,0.27251225354,1.96850592630419
train,unhealthy_0605.jpg,1,unhealthy,0.449219,0.746094,0.535156,0.458984,0.24562804150399997,1.1659578547400344
train,unhealthy_0611.jpg,1,unhealthy,0.616699,0.568359,0.170898,0.21875,0.0373839375,0.7812479999999999
train,unhealthy_0611.jpg,1,unhealthy,0.791504,0.603516,0.19043,0.177734,0.03384588562,1.0714325902753552
train,unhealthy_0611.jpg,1,unhealthy,0.436035,0.494629,0.157227,0.200195,0.031476059265,0.7853692649666575
train,unhealthy_0612.jpg,1,unhealthy,0.540527,0.406738,0.231445,0.405273,0.093798409485,0.5710841827607563
train,unhealthy_0612.jpg,1,unhealthy,0.341309,0.862305,0.491211,0.201172,0.098817899292,2.44174636629352
train,unhealthy_0612.jpg,1,unhealthy,0.380371,0.486816,0.356445,0.342773,0.122179721985,1.0398864554676128
train,unhealthy_0614.jpg,1,unhealthy,0.233398,0.518555,0.302734,0.318359,0.096378093506,0.9509201875869694
train,unhealthy_0614.jpg,1,unhealthy,0.726074,0.571289,0.52832,0.335938,0.17748276416,1.5726711476522452
train,unhealthy_0614.jpg,1,unhealthy,0.488281,0.652832,0.324219,0.493164,0.159893138916,0.6574263328223471
train,unhealthy_0616.jpg,1,unhealthy,0.631348,0.361328,0.18457,0.259766,0.047945010620000006,0.7105240870629721
train,unhealthy_0616.jpg,1,unhealthy,0.411133,0.361328,0.259766,0.253906,0.065956145996,1.023079407339724
train,unhealthy_0616.jpg,1,unhealthy,0.193359,0.606445,0.382812,0.136719,0.052337673828,2.7999912228731922
train,unhealthy_0616.jpg,1,unhealthy,0.683594,0.547363,0.291016,0.118164,0.034387614624,2.46281439355472
train,unhealthy_0616.jpg,1,unhealthy,0.580566,0.688477,0.217773,0.220703,0.048063154419,0.9867242402685962
train,unhealthy_0616.jpg,1,unhealthy,0.487305,0.237793,0.175781,0.254883,0.044803588623000004,0.6896536842394353
train,unhealthy_0620.jpg,1,unhealthy,0.583008,0.313477,0.140625,0.558594,0.07855228125000001,0.2517481390777559
train,unhealthy_0620.jpg,1,unhealthy,0.584961,0.309082,0.132812,0.583008,0.077430458496,0.22780476425709428
train,unhealthy_0620.jpg,0,healthy,0.59082,0.308105,0.142578,0.56543,0.08061787854000001,0.25215853421289997
train,unhealthy_0620.jpg,1,unhealthy,0.742676,0.399414,0.141602,0.574219,0.08131055883800001,0.2465992939975863
train,unhealthy_0620.jpg,1,unhealthy,0.30957,0.506836,0.310547,0.394531,0.12252041845700001,0.787129528478117
train,unhealthy_0622.jpg,0,healthy,0.687012,0.628418,0.166992,0.389648,0.065068098816,0.4285714285714286
train,unhealthy_0622.jpg,1,unhealthy,0.757812,0.529297,0.228516,0.261719,0.059806979004,0.8731349271546965
train,unhealthy_0622.jpg,1,unhealthy,0.812012,0.402832,0.299805,0.170898,0.05123607489,1.7542920338447494
train,unhealthy_0622.jpg,1,unhealthy,0.408691,0.621094,0.200195,0.330078,0.06607996521,0.606508158677646
train,unhealthy_0623.jpg,1,unhealthy,0.361816,0.34082,0.647461,0.1875,0.1213989375,3.453125333333333
train,unhealthy_0623.jpg,1,unhealthy,0.371094,0.486816,0.716797,0.161133,0.115499651001,4.448480447828812
train,unhealthy_0623.jpg,1,unhealthy,0.453125,0.56543,0.732422,0.240234,0.175952666748,3.0487857672103034
train,unhealthy_0623.jpg,1,unhealthy,0.640625,0.625488,0.591797,0.34082,0.20169625354,1.7363916436828823
train,unhealthy_0623.jpg,1,unhealthy,0.805176,0.673828,0.387695,0.1875,0.07269281250000001,2.0677066666666666
train,unhealthy_0624.jpg,1,unhealthy,0.563965,0.533691,0.416992,0.680664,0.283831442688,0.612625318806342
train,unhealthy_0625.jpg,1,unhealthy,0.19873,0.651367,0.391602,0.398438,0.156029117676,0.9828430019225074
train,unhealthy_0625.jpg,1,unhealthy,0.538574,0.799805,0.276367,0.382812,0.10579660400399998,0.721939228655319
train,unhealthy_0626.jpg,1,unhealthy,0.555176,0.59375,0.34082,0.302734,0.10317780188,1.125806813902634
train,unhealthy_0627.jpg,1,unhealthy,0.600098,0.36084,0.25293,0.430664,0.10892784552,0.5873023981572641
train,unhealthy_0627.jpg,1,unhealthy,0.359375,0.479004,0.339844,0.358398,0.12179940991199999,0.9482307378947427
train,unhealthy_0627.jpg,1,unhealthy,0.805664,0.374023,0.212891,0.361328,0.076923479248,0.589190430855068
train,unhealthy_0628.jpg,1,unhealthy,0.330566,0.454102,0.393555,0.90625,0.35665921875,0.43426758620689654
train,unhealthy_0628.jpg,1,unhealthy,0.592773,0.502441,0.314453,0.874023,0.274839154419,0.35977657338536856
train,unhealthy_0628.jpg,1,unhealthy,0.853027,0.475586,0.274414,0.919922,0.252439475708,0.2983013777255028
train,unhealthy_0629.jpg,1,unhealthy,0.766113,0.470215,0.350586,0.938477,0.32901689752200003,0.3735690911977598
train,unhealthy_0629.jpg,1,unhealthy,0.462402,0.526855,0.319336,0.90918,0.29033390448,0.35123517895246265
train,unhealthy_0629.jpg,1,unhealthy,0.242188,0.408203,0.457031,0.814453,0.372230269043,0.561150858306127
train,unhealthy_0631.jpg,1,unhealthy,0.54834,0.763672,0.858398,0.3125,0.268249375,2.7468736
train,unhealthy_0631.jpg,1,unhealthy,0.49707,0.394043,0.824219,0.44043,0.36301077417,1.8713961355947597
train,unhealthy_0632.jpg,1,unhealthy,0.544922,0.719727,0.861328,0.289062,0.248977194336,2.9797344514325648
train,unhealthy_0632.jpg,1,unhealthy,0.503418,0.354492,0.87207,0.449219,0.39175041333,1.9413025717968297
train,unhealthy_0632.jpg,1,unhealthy,0.70459,0.205566,0.491211,0.40918,0.20099371698,1.2004765628818614
train,unhealthy_0633.jpg,1,unhealthy,0.455078,0.617188,0.908203,0.261719,0.23769398095699998,3.470145461353589
train,unhealthy_0633.jpg,1,unhealthy,0.521484,0.239746,0.710938,0.456055,0.32422682959,1.5588865378079397
train,unhealthy_0635.jpg,1,unhealthy,0.384766,0.556641,0.666016,0.287109,0.191219187744,2.3197322271332492
train,unhealthy_0635.jpg,1,unhealthy,0.398926,0.255371,0.645508,0.291992,0.18848317193599998,2.2107044028603524
train,unhealthy_0636.jpg,1,unhealthy,0.64502,0.558594,0.344727,0.835938,0.288170398926,0.4123834542753171
train,unhealthy_0636.jpg,1,unhealthy,0.308594,0.563965,0.287109,0.84082,0.24140698938,0.34146309554958254
train,unhealthy_0636.jpg,1,unhealthy,0.168457,0.393555,0.334961,0.505859,0.169443036499,0.6621627765839889
train,unhealthy_0636.jpg,1,unhealthy,0.847168,0.334473,0.305664,0.645508,0.19730855731199998,0.47352472781127425
train,unhealthy_0637.jpg,1,unhealthy,0.852539,0.48584,0.294922,0.672852,0.198438857544,0.4383163013560189
train,unhealthy_0637.jpg,1,unhealthy,0.567383,0.553711,0.271484,0.744141,0.20202237524400002,0.36482870853776367
train,unhealthy_0637.jpg,1,unhealthy,0.305664,0.496094,0.509766,0.705078,0.359424791748,0.7229923497825773
train,unhealthy_0637.jpg,1,unhealthy,0.229004,0.287109,0.456055,0.570312,0.26009363916,0.7996587832624948
train,unhealthy_0638.jpg,1,unhealthy,0.38623,0.632812,0.418945,0.716797,0.300298519165,0.5844681269592367
train,unhealthy_0638.jpg,1,unhealthy,0.617188,0.648926,0.25,0.678711,0.16967775,0.36834528982144094
train,unhealthy_0639.jpg,1,unhealthy,0.505859,0.523926,0.205078,0.618164,0.12677183679200002,0.33175338583288577
train,unhealthy_0639.jpg,1,unhealthy,0.202637,0.494141,0.387695,0.544922,0.21126353479,0.7114687973691648
train,unhealthy_0640.jpg,1,unhealthy,0.420898,0.563965,0.304688,0.71582,0.21810176416000002,0.42564890614959067
train,unhealthy_0640.jpg,1,unhealthy,0.605957,0.556641,0.333008,0.564453,0.18796736462400002,0.5899658607536855
train,unhealthy_0640.jpg,1,unhealthy,0.141602,0.518555,0.273438,0.669922,0.18318213183600002,0.40816393550293917
train,unhealthy_0643.jpg,1,unhealthy,0.51416,0.586914,0.327148,0.791016,0.258779302368,0.413579497759843
train,unhealthy_0643.jpg,1,unhealthy,0.201172,0.560547,0.353516,0.529297,0.187114958252,0.6678972297216874
train,unhealthy_0644.jpg,1,unhealthy,0.714844,0.500977,0.445312,0.669922,0.298324305664,0.6647221616844946
train,unhealthy_0644.jpg,1,unhealthy,0.34082,0.53418,0.423828,0.802734,0.34022114575199996,0.5279806262099276
train,unhealthy_0645.jpg,1,unhealthy,0.319824,0.473633,0.543945,0.748047,0.40689642541500004,0.7271535077341397
train,unhealthy_0645.jpg,1,unhealthy,0.775391,0.537109,0.410156,0.8125,0.33325175,0.5048073846153847
train,unhealthy_0646.jpg,1,unhealthy,0.422852,0.438965,0.351562,0.563477,0.198097101074,0.6239154393169553
train,unhealthy_0646.jpg,1,unhealthy,0.681641,0.355957,0.355469,0.62793,0.22320964917,0.566096539423184
train,unhealthy_0647.jpg,1,unhealthy,0.832031,0.630371,0.287109,0.666992,0.191499406128,0.43045343872190367
train,unhealthy_0647.jpg,1,unhealthy,0.353027,0.640625,0.588867,0.59375,0.34963978125,0.9917760000000001
train,unhealthy_0647.jpg,1,unhealthy,0.280762,0.343262,0.555664,0.282227,0.156823383728,1.96885485796894
train,unhealthy_0648.jpg,1,unhealthy,0.436035,0.567383,0.395508,0.740234,0.292768468872,0.5343013155299541
train,unhealthy_0649.jpg,1,unhealthy,0.478027,0.23291,0.920898,0.391602,0.360625498596,2.3516172031807803
train,unhealthy_0650.jpg,1,unhealthy,0.631836,0.499512,0.548828,0.381836,0.209562288208,1.4373395908190951
train,unhealthy_0653.jpg,1,unhealthy,0.677734,0.556152,0.400391,0.803711,0.32179865100099997,0.4981778276022103
train,unhealthy_0655.jpg,1,unhealthy,0.659668,0.410156,0.405273,0.751953,0.304746248169,0.5389605467362987
train,unhealthy_0655.jpg,1,unhealthy,0.258789,0.459961,0.511719,0.587891,0.30083499462900004,0.8704317637113002
train,unhealthy_0656.jpg,1,unhealthy,0.566406,0.606934,0.714844,0.446289,0.319027013916,1.6017513315362917
train,unhealthy_0656.jpg,1,unhealthy,0.436523,0.251465,0.40625,0.499023,0.20272809375,0.8140907332928542
train,unhealthy_0657.jpg,1,unhealthy,0.508789,0.507324,0.582031,0.776367,0.45186966137699996,0.7496853936347113
train,unhealthy_0657.jpg,1,unhealthy,0.678711,0.36084,0.601562,0.536133,0.322517239746,1.1220387478480154
train,unhealthy_0658.jpg,1,unhealthy,0.40625,0.526367,0.533203,0.896484,0.47800795825199993,0.5947713511897591
train,unhealthy_0658.jpg,1,unhealthy,0.857422,0.520996,0.285156,0.893555,0.25480256958,0.3191252916720292
train,unhealthy_0659.jpg,1,unhealthy,0.567383,0.655762,0.730469,0.635742,0.464389822998,1.1490022682157228
train,unhealthy_0659.jpg,1,unhealthy,0.47998,0.271484,0.69043,0.40625,0.2804871875,1.69952
train,unhealthy_0661.jpg,1,unhealthy,0.644043,0.63623,0.700195,0.379883,0.265992177185,1.8431859282989762
train,unhealthy_0661.jpg,1,unhealthy,0.517578,0.301758,0.482422,0.601562,0.290206743164,0.8019489262952114
train,unhealthy_0661.jpg,1,unhealthy,0.240234,0.246582,0.253906,0.485352,0.12323378491200002,0.5231378463465691
train,unhealthy_0662.jpg,1,unhealthy,0.458984,0.43457,0.300781,0.794922,0.23909743408200002,0.37837800438282
train,unhealthy_0662.jpg,1,unhealthy,0.684082,0.430176,0.172852,0.793945,0.13723498114000002,0.21771281385990213
train,unhealthy_0663.jpg,1,unhealthy,0.48584,0.55957,0.446289,0.794922,0.354764944458,0.5614248945179526
train,unhealthy_0664.jpg,1,unhealthy,0.48584,0.388672,0.856445,0.326172,0.27934837854,2.625746538636057
train,unhealthy_0664.jpg,1,unhealthy,0.489746,0.740723,0.80957,0.333008,0.26959328656000003,2.431082736751069
train,unhealthy_0665.jpg,1,unhealthy,0.230469,0.337891,0.255859,0.634766,0.162410593994,0.40307609418273815
train,unhealthy_0665.jpg,1,unhealthy,0.518066,0.313965,0.356445,0.604492,0.21546815094000002,0.5896604090707569
train,unhealthy_0666.jpg,1,unhealthy,0.615234,0.633301,0.697266,0.500977,0.34931422888200003,1.391812398573188
train,unhealthy_0666.jpg,1,unhealthy,0.416504,0.321777,0.452148,0.637695,0.28833251886,0.709034883447416
train,unhealthy_0666.jpg,1,unhealthy,0.174316,0.286621,0.282227,0.567383,0.160130801941,0.49741885111115425
train,unhealthy_0667.jpg,1,unhealthy,0.552246,0.635742,0.797852,0.316406,0.252445159912,2.5216083133695313
train,unhealthy_0667.jpg,1,unhealthy,0.445801,0.253418,0.850586,0.428711,0.364655574646,1.9840545262426201
train,unhealthy_0668.jpg,1,unhealthy,0.425293,0.553711,0.467773,0.820312,0.383719805176,0.5702379094783447
train,unhealthy_0669.jpg,1,unhealthy,0.443359,0.543945,0.478516,0.888672,0.425243770752,0.5384618846998668
train,unhealthy_0670.jpg,1,unhealthy,0.464355,0.501465,0.418945,0.905273,0.379259596985,0.46278304997497993
train,unhealthy_0671.jpg,1,unhealthy,0.580566,0.526855,0.762695,0.495117,0.377623260315,1.5404338772451764
train,unhealthy_0672.jpg,1,unhealthy,0.710449,0.636719,0.579102,0.513672,0.297468482544,1.127377003223847
train,unhealthy_0672.jpg,1,unhealthy,0.392578,0.671875,0.392578,0.591797,0.232326482666,0.6633659852956334
train,unhealthy_0672.jpg,1,unhealthy,0.768066,0.504883,0.459961,0.353516,0.162603572876,1.301103768994897
train,unhealthy_0673.jpg,1,unhealthy,0.367676,0.506348,0.733398,0.618164,0.45336024127200003,1.186413314266117
train,unhealthy_0673.jpg,1,unhealthy,0.437012,0.259277,0.776367,0.395508,0.30705935943600005,1.9629615582997055
train,unhealthy_0674.jpg,1,unhealthy,0.637695,0.567871,0.613281,0.719727,0.44139489428699996,0.8521022554385204
train,unhealthy_0675.jpg,1,unhealthy,0.386719,0.521484,0.5,0.798828,0.399414,0.6259169683586454
train,unhealthy_0676.jpg,1,unhealthy,0.483887,0.57373,0.413086,0.74707,0.30860415802,0.5529414914265062
train,unhealthy_0677.jpg,1,unhealthy,0.45459,0.570801,0.475586,0.811523,0.385948977478,0.5860413075168541
train,unhealthy_0677.jpg,1,unhealthy,0.717773,0.471191,0.548828,0.649414,0.356416586792,0.8451126708078359
train,unhealthy_0678.jpg,1,unhealthy,0.645508,0.365234,0.427734,0.699219,0.299079739746,0.6117310885430745
train,unhealthy_0678.jpg,1,unhealthy,0.242676,0.403809,0.356445,0.741211,0.264200954895,0.480895453521332
train,unhealthy_0679.jpg,1,unhealthy,0.536621,0.582031,0.887695,0.462891,0.410906026245,1.9177192902864821
train,unhealthy_0680.jpg,1,unhealthy,0.472656,0.522949,0.417969,0.911133,0.380825348877,0.458735442575343
train,unhealthy_0681.jpg,1,unhealthy,0.528809,0.582031,0.430664,0.789062,0.339820597168,0.5457923458486151
train,unhealthy_0682.jpg,1,unhealthy,0.47168,0.555176,0.384766,0.795898,0.306234489868,0.4834363197294126
train,unhealthy_0683.jpg,1,unhealthy,0.584473,0.426758,0.770508,0.367188,0.282921291504,2.098401908559103
train,unhealthy_0685.jpg,1,unhealthy,0.509277,0.43457,0.454102,0.722656,0.328159534912,0.628379201169021
train,unhealthy_0685.jpg,1,unhealthy,0.234375,0.571289,0.466797,0.519531,0.242515512207,0.8984969135624247
train,unhealthy_0686.jpg,1,unhealthy,0.364746,0.517578,0.415039,0.828125,0.343704171875,0.5011791698113207
train,unhealthy_0686.jpg,1,unhealthy,0.716797,0.313477,0.533203,0.595703,0.317630626709,0.8950819451975229
train,unhealthy_0686.jpg,1,unhealthy,0.570801,0.350098,0.454102,0.666992,0.302882401184,0.6808207594693789
train,unhealthy_0687.jpg,1,unhealthy,0.277344,0.567383,0.552734,0.824219,0.455573864746,0.6706154553583452
train,unhealthy_0687.jpg,1,unhealthy,0.652344,0.550781,0.677734,0.767578,0.520213708252,0.8829513091829103
train,unhealthy_0688.jpg,1,unhealthy,0.644531,0.626465,0.689453,0.456055,0.314428487915,1.5117759919307978
train,unhealthy_0688.jpg,1,unhealthy,0.624512,0.210449,0.651367,0.40332,0.26270933844,1.615012892988198
train,unhealthy_0689.jpg,1,unhealthy,0.354004,0.545898,0.549805,0.654297,0.359735762085,0.840298824539926
train,unhealthy_0691.jpg,1,unhealthy,0.566406,0.387695,0.765625,0.691406,0.5293577187499999,1.1073450331643058
train,unhealthy_0692.jpg,1,unhealthy,0.488281,0.444824,0.419922,0.801758,0.336675822876,0.5237515559557872
train,unhealthy_0694.jpg,1,unhealthy,0.525879,0.594238,0.223633,0.647461,0.144793645813,0.3453999545918596
train,unhealthy_0694.jpg,1,unhealthy,0.679199,0.547363,0.293945,0.571289,0.16792754510500002,0.514529423811766
train,unhealthy_0694.jpg,1,unhealthy,0.34668,0.600098,0.195312,0.678711,0.132560402832,0.28776902098242113
train,unhealthy_0695.jpg,1,unhealthy,0.227539,0.446289,0.308594,0.548828,0.16936502783199997,0.5622781636505426
train,unhealthy_0695.jpg,1,unhealthy,0.361816,0.586914,0.151367,0.701172,0.106134302124,0.2158771314313749
train,unhealthy_0695.jpg,1,unhealthy,0.536133,0.606445,0.169922,0.673828,0.11449820141599999,0.2521741453308559
train,unhealthy_0695.jpg,1,unhealthy,0.687012,0.58252,0.274414,0.625977,0.171776852478,0.438377128872147
train,unhealthy_0695.jpg,1,unhealthy,0.795898,0.558594,0.289062,0.630859,0.18235736425799998,0.45820381416449635
train,unhealthy_0696.jpg,1,unhealthy,0.456055,0.55957,0.273438,0.714844,0.19546551367200002,0.38251422688027037
train,unhealthy_0696.jpg,1,unhealthy,0.666016,0.560547,0.414062,0.740234,0.30650277050799996,0.5593663625286058
train,unhealthy_0696.jpg,1,unhealthy,0.138184,0.526855,0.235352,0.754883,0.177663223816,0.31177281777441007
train,unhealthy_0697.jpg,1,unhealthy,0.422852,0.507812,0.283203,0.646484,0.18308620825199998,0.43806652600837764
train,unhealthy_0697.jpg,1,unhealthy,0.741211,0.497559,0.373047,0.625977,0.23351884191900002,0.5959436209317595
train,unhealthy_0698.jpg,1,unhealthy,0.559082,0.614746,0.538086,0.719727,0.38727502252199997,0.7476251411993714
train,unhealthy_0698.jpg,1,unhealthy,0.212891,0.607422,0.400391,0.785156,0.314369395996,0.5099508887405815
train,unhealthy_0699.jpg,1,unhealthy,0.792969,0.577148,0.34375,0.59375,0.2041015625,0.5789473684210527
train,unhealthy_0699.jpg,1,unhealthy,0.492188,0.59668,0.246094,0.628906,0.154769993164,0.3913049008913892
train,unhealthy_0699.jpg,1,unhealthy,0.25293,0.501465,0.441406,0.52832,0.23320361792000002,0.8354898546335554
train,unhealthy_0701.jpg,1,unhealthy,0.494629,0.722168,0.170898,0.555664,0.09496186627200001,0.30755636499755246
train,unhealthy_0701.jpg,1,unhealthy,0.32959,0.713867,0.225586,0.542969,0.12248620483400001,0.4154675497127829
train,unhealthy_0701.jpg,1,unhealthy,0.817871,0.441406,0.364258,0.283203,0.103158958374,1.2862081263263456
train,unhealthy_0701.jpg,1,unhealthy,0.779785,0.616699,0.391602,0.487305,0.19082961261,0.8036075968849078
train,unhealthy_0701.jpg,1,unhealthy,0.194824,0.706543,0.362305,0.586914,0.21264187677000002,0.6173050906947184
train,unhealthy_0701.jpg,1,unhealthy,0.649902,0.711426,0.243164,0.563477,0.137017321228,0.4315420150245706
train,unhealthy_0702.jpg,1,unhealthy,0.79541,0.441406,0.385742,0.255859,0.09869556237799999,1.5076350646254382
train,unhealthy_0702.jpg,1,unhealthy,0.637695,0.673828,0.234375,0.53125,0.12451171875,0.4411764705882353
train,unhealthy_0702.jpg,1,unhealthy,0.509766,0.706543,0.158203,0.545898,0.086362701294,0.2898032233127801
train,unhealthy_0702.jpg,1,unhealthy,0.34668,0.70752,0.169922,0.547852,0.09309210754399999,0.31016040828544933
train,unhealthy_0702.jpg,1,unhealthy,0.232422,0.679688,0.326172,0.572266,0.18665714575200001,0.5699657152443094
train,unhealthy_0703.jpg,1,unhealthy,0.686035,0.544922,0.231445,0.369141,0.085435838745,0.6269826434885315
train,unhealthy_0703.jpg,1,unhealthy,0.236816,0.554199,0.395508,0.329102,0.13016247381600002,1.2017793875455027
train,unhealthy_0703.jpg,1,unhealthy,0.395508,0.61084,0.240234,0.405273,0.097360353882,0.5927707989429348
train,unhealthy_0704.jpg,1,unhealthy,0.656738,0.518066,0.331055,0.696289,0.230509954895,0.47545631196241783
train,unhealthy_0704.jpg,1,unhealthy,0.32959,0.484375,0.543945,0.617188,0.33571632666,0.8813278936077825
train,unhealthy_0705.jpg,1,unhealthy,0.44043,0.601074,0.414062,0.737305,0.30528998291,0.5615884878035549
train,unhealthy_0705.jpg,1,unhealthy,0.67334,0.486816,0.62207,0.645508,0.40155116156,0.963690612664754
train,unhealthy_0706.jpg,1,unhealthy,0.810547,0.596191,0.363281,0.706055,0.256496366455,0.5145222397688566
train,unhealthy_0706.jpg,1,unhealthy,0.544922,0.619141,0.246094,0.689453,0.169670246582,0.35694093723575065
train,unhealthy_0706.jpg,1,unhealthy,0.313477,0.519531,0.490234,0.664062,0.32554577050800004,0.7382352852595089
train,unhealthy_0708.jpg,1,unhealthy,0.445312,0.577637,0.382812,0.678711,0.25981871533199996,0.5640279883485018
train,unhealthy_0709.jpg,1,unhealthy,0.524902,0.566406,0.198242,0.796875,0.15797409375,0.2487742745098039
train,unhealthy_0709.jpg,1,unhealthy,0.27832,0.358398,0.244141,0.658203,0.160694338623,0.3709205214804551
train,unhealthy_0711.jpg,1,unhealthy,0.464844,0.519531,0.449219,0.769531,0.34568794628899996,0.58375685969766
train,unhealthy_0712.jpg,1,unhealthy,0.458984,0.551758,0.263672,0.777344,0.20496384716800004,0.3391960316153466
train,unhealthy_0713.jpg,1,unhealthy,0.393066,0.537109,0.30957,0.832031,0.25757183667,0.37206546390699385
train,unhealthy_0714.jpg,1,unhealthy,0.442383,0.51123,0.267578,0.813477,0.217668548706,0.3289312420633896
train,unhealthy_0715.jpg,1,unhealthy,0.491699,0.592285,0.344727,0.737305,0.254168940735,0.4675500640847411
train,unhealthy_0716.jpg,1,unhealthy,0.381348,0.57373,0.389648,0.77832,0.30327083136,0.5006269914688046
train,unhealthy_0717.jpg,1,unhealthy,0.856934,0.59668,0.22168,0.65625,0.14547749999999998,0.33779809523809523
train,unhealthy_0717.jpg,1,unhealthy,0.651367,0.615234,0.171875,0.626953,0.107757546875,0.2741433568385509
train,unhealthy_0717.jpg,1,unhealthy,0.4375,0.572754,0.240234,0.676758,0.162580281372,0.35497770251700017
train,unhealthy_0718.jpg,1,unhealthy,0.684082,0.492188,0.317383,0.982422,0.311804041626,0.3230617799682825
train,unhealthy_0718.jpg,1,unhealthy,0.34082,0.492676,0.267578,0.958008,0.256341864624,0.27930664462092175
train,unhealthy_0719.jpg,1,unhealthy,0.737305,0.494629,0.310547,0.987305,0.306604605835,0.3145400863968075
train,unhealthy_0719.jpg,1,unhealthy,0.418457,0.467285,0.291992,0.932617,0.27231670306399997,0.31308886713409684
train,unhealthy_0720.jpg,1,unhealthy,0.481445,0.490723,0.457031,0.979492,0.44765820825200003,0.4666000334867462
train,unhealthy_0721.jpg,1,unhealthy,0.541016,0.569824,0.417969,0.791992,0.331028104248,0.5277439671107789
train,unhealthy_0722.jpg,1,unhealthy,0.494141,0.478027,0.349609,0.850586,0.297372520874,0.41102134293298975
train,unhealthy_0723.jpg,1,unhealthy,0.480469,0.530273,0.216797,0.638672,0.138462173584,0.33944967056642533
train,unhealthy_0724.jpg,1,unhealthy,0.42627,0.576172,0.348633,0.722656,0.251941729248,0.48243285878758363
train,unhealthy_0725.jpg,1,unhealthy,0.38623,0.452148,0.15918,0.787109,0.12529201061999998,0.2022337439922552
train,unhealthy_0725.jpg,1,unhealthy,0.539062,0.450684,0.144531,0.844727,0.12208923803699999,0.17109788132734008
train,unhealthy_0725.jpg,1,unhealthy,0.284668,0.537598,0.225586,0.723633,0.163241473938,0.3117408962830606
train,unhealthy_0726.jpg,1,unhealthy,0.70166,0.516113,0.43457,0.538086,0.23383603301999997,0.8076218299677004
train,unhealthy_0726.jpg,1,unhealthy,0.510742,0.55957,0.332031,0.527344,0.17509455566400003,0.6296288570648382
train,unhealthy_0726.jpg,1,unhealthy,0.254883,0.562012,0.21875,0.506836,0.110870375,0.43159917606484155
train,unhealthy_0727.jpg,1,unhealthy,0.550293,0.536621,0.342773,0.458008,0.156992776184,0.7483995912735149
train,unhealthy_0727.jpg,1,unhealthy,0.681641,0.475098,0.414062,0.463867,0.19206969775399999,0.8926308618634221
train,unhealthy_0727.jpg,1,unhealthy,0.337891,0.566895,0.21875,0.543945,0.11898796875,0.402154629604096
train,unhealthy_0728.jpg,1,unhealthy,0.619141,0.481445,0.179688,0.453125,0.081421125,0.39655282758620686
train,unhealthy_0728.jpg,1,unhealthy,0.764648,0.466309,0.277344,0.374023,0.10373303491199999,0.741515896081257
train,unhealthy_0728.jpg,1,unhealthy,0.483398,0.493652,0.126953,0.358398,0.045499701294,0.354223516872304
train,unhealthy_0729.jpg,1,unhealthy,0.586426,0.485352,0.458008,0.935547,0.42848801037600004,0.48956172164519796
train,unhealthy_0729.jpg,1,unhealthy,0.309082,0.492676,0.249023,0.932617,0.232243083191,0.2670152913789905
train,unhealthy_0729.jpg,1,unhealthy,0.750977,0.51709,0.498047,0.860352,0.42849573254400003,0.5788874786134047
train,unhealthy_0729.jpg,1,unhealthy,0.101074,0.544434,0.194336,0.907227,0.176306866272,0.21420879228682568
train,unhealthy_0730.jpg,1,unhealthy,0.414551,0.524414,0.299805,0.908203,0.272283800415,0.33010791640194975
train,unhealthy_0730.jpg,1,unhealthy,0.687988,0.509277,0.245117,0.924805,0.226685427185,0.2650472261720038
train,unhealthy_0731.jpg,1,unhealthy,0.744629,0.500488,0.301758,0.821289,0.24783052606200004,0.36741999466691994
train,unhealthy_0731.jpg,1,unhealthy,0.650879,0.599121,0.208008,0.649414,0.135083307312,0.3203010714274715
train,unhealthy_0731.jpg,1,unhealthy,0.574707,0.637207,0.147461,0.678711,0.100083402771,0.21726625912943803
train,unhealthy_0731.jpg,1,unhealthy,0.48877,0.636719,0.106445,0.666016,0.07089407312,0.15982348772401864
train,unhealthy_0731.jpg,1,unhealthy,0.383301,0.629395,0.120117,0.668945,0.08035166656500001,0.17956184738655645
train,unhealthy_0731.jpg,1,unhealthy,0.309082,0.556641,0.176758,0.630859,0.11150937512199999,0.28018622227787826
train,unhealthy_0731.jpg,1,unhealthy,0.185547,0.330566,0.365234,0.65332,0.23861467688000002,0.5590430416947284
train,unhealthy_0731.jpg,1,unhealthy,0.249023,0.454102,0.222656,0.580078,0.129157847168,0.38383803557452617
train,unhealthy_0732.jpg,1,unhealthy,0.67041,0.61377,0.196289,0.696289,0.136673871521,0.28190736892296153
train,unhealthy_0732.jpg,1,unhealthy,0.584473,0.650391,0.166992,0.65625,0.1095885,0.254464
train,unhealthy_0732.jpg,1,unhealthy,0.495605,0.625488,0.108398,0.731445,0.07928717511,0.14819706198005317
train,unhealthy_0732.jpg,1,unhealthy,0.393066,0.641113,0.102539,0.666992,0.06839269268800001,0.1537334780627054
train,unhealthy_0732.jpg,1,unhealthy,0.240723,0.501465,0.157227,0.78418,0.12329426886,0.20049861001300723
train,unhealthy_0733.jpg,1,unhealthy,0.333984,0.495117,0.324219,0.470703,0.152610855957,0.6887973945354077
train,unhealthy_0733.jpg,1,unhealthy,0.693848,0.586426,0.499023,0.379883,0.18957035430900002,1.313622878623155
train,unhealthy_0734.jpg,1,unhealthy,0.399414,0.45752,0.361328,0.62793,0.22688869103999998,0.575427197299062
train,unhealthy_0734.jpg,1,unhealthy,0.639648,0.630859,0.607422,0.416016,0.252697270752,1.460092881043037
train,unhealthy_0734.jpg,1,unhealthy,0.601074,0.854004,0.50293,0.241211,0.12131224823,2.0850209982131824
train,unhealthy_0735.jpg,1,unhealthy,0.475586,0.505859,0.498047,0.917969,0.457191706543,0.5425531799004106
train,unhealthy_0737.jpg,1,unhealthy,0.594727,0.508789,0.472656,0.771484,0.364646541504,0.6126582015958854
train,unhealthy_0738.jpg,1,unhealthy,0.496582,0.641113,0.249023,0.338867,0.08438567694099999,0.7348694325502336
train,unhealthy_0738.jpg,1,unhealthy,0.709961,0.696777,0.3125,0.463867,0.14495843749999998,0.6736844828366753
train,unhealthy_0738.jpg,1,unhealthy,0.827637,0.400879,0.329102,0.19043,0.06267089386,1.7282045896129812
train,unhealthy_0738.jpg,1,unhealthy,0.26416,0.67627,0.303711,0.350586,0.106476824646,0.8662952884598929
train,unhealthy_0738.jpg,1,unhealthy,0.206055,0.475098,0.404297,0.192383,0.077779869751,2.1015214442024504
train,unhealthy_0738.jpg,0,healthy,0.64209,0.259766,0.360352,0.390625,0.1407625,0.9225011200000001
train,unhealthy_0738.jpg,1,unhealthy,0.333496,0.209473,0.256836,0.391602,0.10057749127200001,0.6558597759970582
train,unhealthy_0740.jpg,1,unhealthy,0.278809,0.71875,0.467773,0.404297,0.189119220581,1.1570033910714153
train,unhealthy_0740.jpg,1,unhealthy,0.541016,0.64209,0.619141,0.290039,0.179575036499,2.1346818876082185
train,unhealthy_0740.jpg,1,unhealthy,0.64209,0.493652,0.62793,0.147461,0.09259518573,4.258278460067407
train,unhealthy_0741.jpg,1,unhealthy,0.553711,0.54541,0.273438,0.545898,0.149269257324,0.5008957717375774
train,unhealthy_0741.jpg,1,unhealthy,0.753418,0.411133,0.458008,0.486328,0.222742114624,0.9417676958760344
train,unhealthy_0741.jpg,1,unhealthy,0.304688,0.547852,0.3125,0.445312,0.13916,0.7017551739005462
train,unhealthy_0742.jpg,1,unhealthy,0.418457,0.602539,0.555664,0.646484,0.359227885376,0.8595170182092675
train,unhealthy_0742.jpg,0,healthy,0.733398,0.575684,0.289062,0.668945,0.19336657959,0.43211624274043453
train,unhealthy_0743.jpg,1,unhealthy,0.599609,0.512207,0.609375,0.825195,0.502853203125,0.7384618181157181
train,unhealthy_0744.jpg,1,unhealthy,0.483398,0.514648,0.445312,0.933594,0.415740611328,0.4769867844052125
train,unhealthy_0744.jpg,1,unhealthy,0.251953,0.419434,0.486328,0.768555,0.37376981604,0.632782299249891
train,unhealthy_0745.jpg,1,unhealthy,0.848145,0.492188,0.270508,0.96875,0.26205462500000004,0.27923406451612903
train,unhealthy_0745.jpg,1,unhealthy,0.5625,0.493652,0.318359,0.928711,0.295663505249,0.34279662887593665
train,unhealthy_0745.jpg,1,unhealthy,0.250977,0.477051,0.490234,0.938477,0.460073333618,0.522371885512378
train,unhealthy_0746.jpg,1,unhealthy,0.804199,0.508789,0.250977,0.933594,0.234310621338,0.2688288485144506
train,unhealthy_0746.jpg,1,unhealthy,0.571777,0.516113,0.282227,0.875977,0.247224360779,0.32218539984497313
train,unhealthy_0746.jpg,1,unhealthy,0.275391,0.44873,0.542969,0.776367,0.42154321362300007,0.6993715600997982
train,unhealthy_0748.jpg,1,unhealthy,0.322266,0.645996,0.205078,0.514648,0.105542982544,0.3984820692978502
train,unhealthy_0748.jpg,1,unhealthy,0.525879,0.621582,0.206055,0.493164,0.10161890802,0.41782246879334256
train,unhealthy_0748.jpg,1,unhealthy,0.687988,0.550293,0.344727,0.448242,0.154521119934,0.7690644785629192
train,unhealthy_0748.jpg,1,unhealthy,0.800293,0.444336,0.389648,0.365234,0.142312697632,1.0668448172952134
train,unhealthy_0748.jpg,1,unhealthy,0.164062,0.588867,0.322266,0.472656,0.152320958496,0.6818193358383263
train,unhealthy_0749.jpg,1,unhealthy,0.737305,0.481445,0.466797,0.761719,0.355568144043,0.6128204757922541
train,unhealthy_0749.jpg,1,unhealthy,0.509766,0.541016,0.292969,0.767578,0.22487655908199997,0.3816797771692258
train,unhealthy_0749.jpg,1,unhealthy,0.217285,0.53418,0.383789,0.802734,0.30808047912599995,0.47810233526921747
train,unhealthy_0750.jpg,1,unhealthy,0.557129,0.642578,0.825195,0.568359,0.469007005005,1.451890442484416
train,unhealthy_0750.jpg,1,unhealthy,0.454102,0.463867,0.867188,0.34375,0.298095875,2.5227287272727272
train,unhealthy_0751.jpg,1,unhealthy,0.615723,0.768555,0.739258,0.28125,0.20791631249999998,2.6284728888888886
train,unhealthy_0751.jpg,1,unhealthy,0.574707,0.542969,0.850586,0.294922,0.250856524292,2.884104949783332
train,unhealthy_0751.jpg,1,unhealthy,0.571289,0.377441,0.857422,0.249023,0.213517798706,3.443143805993824
train,unhealthy_0752.jpg,1,unhealthy,0.861328,0.53418,0.255859,0.916016,0.23437093774400003,0.27931717349915286
train,unhealthy_0752.jpg,1,unhealthy,0.399902,0.492676,0.280273,0.983398,0.275619907654,0.2850046471520178
train,unhealthy_0753.jpg,1,unhealthy,0.418457,0.450195,0.827148,0.619141,0.5121212398680001,1.3359606293235304
train,unhealthy_0755.jpg,1,unhealthy,0.520508,0.566895,0.289062,0.791992,0.228934791504,0.3649809594036303
train,unhealthy_0755.jpg,1,unhealthy,0.244141,0.507324,0.369141,0.59082,0.21809588562,0.6247943536102366
train,unhealthy_0756.jpg,1,unhealthy,0.491699,0.726562,0.938477,0.179688,0.168633055176,5.22281398869151
train,unhealthy_0756.jpg,1,unhealthy,0.50293,0.524902,0.960938,0.198242,0.190498270996,4.847297747197869
train,unhealthy_0757.jpg,1,unhealthy,0.39209,0.544922,0.774414,0.572266,0.44317080212400006,1.3532413248384492
train,unhealthy_0757.jpg,1,unhealthy,0.564453,0.421875,0.851562,0.472656,0.40249588867200004,1.8016527876510613
train,unhealthy_0757.jpg,1,unhealthy,0.624512,0.304199,0.74707,0.331055,0.24732125885,2.2566340940327136
train,unhealthy_0757.jpg,1,unhealthy,0.655762,0.106445,0.68457,0.210938,0.14440182665999998,3.2453611961808684
train,unhealthy_0758.jpg,1,unhealthy,0.486328,0.482422,0.931641,0.542969,0.5058521821290001,1.7158272387558038
train,unhealthy_0758.jpg,1,unhealthy,0.470703,0.82959,0.507812,0.333008,0.16910545849600003,1.5249243261423149
train,unhealthy_0760.jpg,1,unhealthy,0.626465,0.839844,0.692383,0.308594,0.21366523950199998,2.2436696760144397
train,unhealthy_0760.jpg,1,unhealthy,0.557129,0.660645,0.866211,0.475586,0.411957824646,1.8213551281997367
train,unhealthy_0760.jpg,1,unhealthy,0.5625,0.400391,0.851562,0.359375,0.30603009375,2.3695638260869565
train,unhealthy_0761.jpg,1,unhealthy,0.395508,0.450195,0.652344,0.339844,0.221695194336,1.9195395534421678
train,unhealthy_0761.jpg,1,unhealthy,0.587402,0.749023,0.577148,0.398438,0.229957694824,1.44852649596675
train,unhealthy_0762.jpg,1,unhealthy,0.72998,0.417969,0.370117,0.396484,0.146745468628,0.9334979469537231
train,unhealthy_0762.jpg,1,unhealthy,0.342285,0.443359,0.541992,0.289062,0.156669291504,1.8750025945990827
train,unhealthy_0762.jpg,1,unhealthy,0.545898,0.701172,0.496094,0.251953,0.12499237158199998,1.9689942171754256
train,unhealthy_0762.jpg,1,unhealthy,0.536621,0.89209,0.506836,0.198242,0.10047618231199999,2.556652979691488
train,unhealthy_0762.jpg,1,unhealthy,0.878418,0.839355,0.231445,0.286133,0.066224052185,0.8088720979404682
train,unhealthy_0763.jpg,1,unhealthy,0.472656,0.663574,0.226562,0.454102,0.10288225732400001,0.49892314942457866
train,unhealthy_0763.jpg,1,unhealthy,0.666016,0.610352,0.349609,0.394531,0.13793158837900002,0.8861382248796672
train,unhealthy_0763.jpg,1,unhealthy,0.187988,0.556641,0.348633,0.453125,0.157974328125,0.7693969655172415
train,unhealthy_0763.jpg,1,unhealthy,0.777344,0.421387,0.412109,0.272461,0.11228363024900001,1.5125430795600103
train,unhealthy_0764.jpg,1,unhealthy,0.507324,0.665527,0.491211,0.618164,0.30364895660400004,0.7946289334221986
train,unhealthy_0764.jpg,0,healthy,0.352051,0.262207,0.688477,0.211914,0.145897914978,3.2488509489698654
train,unhealthy_0765.jpg,1,unhealthy,0.414062,0.520996,0.460938,0.629883,0.290337010254,0.7317835217016494
train,unhealthy_0765.jpg,1,unhealthy,0.840332,0.556641,0.28418,0.648438,0.18427311083999998,0.4382531560457592
train,unhealthy_0766.jpg,1,unhealthy,0.360352,0.352051,0.71875,0.280273,0.20144621875,2.564463933379241
train,unhealthy_0766.jpg,1,unhealthy,0.446777,0.555664,0.561523,0.388672,0.218248267456,1.4447220278280914
train,unhealthy_0767.jpg,1,unhealthy,0.504883,0.362793,0.990234,0.612305,0.60632522937,1.6172234425653882
train,unhealthy_0768.jpg,1,unhealthy,0.506836,0.532715,0.931641,0.543945,0.5067614637450001,1.7127485315610953
train,unhealthy_0771.jpg,1,unhealthy,0.554199,0.602051,0.280273,0.327148,0.091690751404,0.8567162262951324
train,unhealthy_0771.jpg,1,unhealthy,0.321777,0.59082,0.231445,0.324219,0.075038866455,0.7138539073897583
train,unhealthy_0772.jpg,1,unhealthy,0.489746,0.106445,0.301758,0.123047,0.037130416626,2.452379984883825
train,unhealthy_0772.jpg,1,unhealthy,0.410645,0.233887,0.303711,0.112305,0.034108263855,2.7043408574863097
train,unhealthy_0772.jpg,1,unhealthy,0.391113,0.385254,0.305664,0.137695,0.04208840448,2.21986274011402
train,unhealthy_0772.jpg,1,unhealthy,0.429688,0.563965,0.517578,0.260742,0.13495432287599998,1.9850196746208897
train,unhealthy_0772.jpg,1,unhealthy,0.472656,0.713867,0.488281,0.408203,0.199317769043,1.1961720026555416
train,unhealthy_0772.jpg,1,unhealthy,0.67627,0.808105,0.329102,0.358398,0.117949498596,0.9182584724245113
train,unhealthy_0773.jpg,1,unhealthy,0.48877,0.59668,0.438477,0.775391,0.339991119507,0.5654914746237705
train,unhealthy_0773.jpg,1,unhealthy,0.881348,0.452148,0.219727,0.574219,0.12617141821300001,0.3826536565317414
train,unhealthy_0774.jpg,1,unhealthy,0.536133,0.537598,0.441406,0.768555,0.33924478833,0.5743323509703274
train,unhealthy_0775.jpg,1,unhealthy,0.490234,0.569824,0.669922,0.700195,0.46907603479000004,0.9567649012060926
train,unhealthy_0776.jpg,1,unhealthy,0.863281,0.73291,0.205078,0.442383,0.09072302087400001,0.4635756798972836
train,unhealthy_0776.jpg,1,unhealthy,0.370117,0.245117,0.566406,0.208984,0.118369791504,2.7102840408835123
train,unhealthy_0777.jpg,1,unhealthy,0.583008,0.598633,0.832031,0.492188,0.40951567382799997,1.6904739652327971
train,unhealthy_0777.jpg,1,unhealthy,0.666992,0.225586,0.658203,0.449219,0.295677293457,1.4652162976187562
train,unhealthy_0779.jpg,1,unhealthy,0.546387,0.930176,0.860352,0.106445,0.09158016864,8.082596646155292
train,unhealthy_0779.jpg,1,unhealthy,0.561523,0.768066,0.832031,0.145508,0.121067166748,5.718111718943288
train,unhealthy_0779.jpg,1,unhealthy,0.584473,0.604004,0.731445,0.18457,0.13500280365,3.962967979628325
train,unhealthy_0779.jpg,1,unhealthy,0.55127,0.388672,0.709961,0.175781,0.12479765454099999,4.03889498865065
train,unhealthy_0780.jpg,1,unhealthy,0.42334,0.596191,0.786133,0.583008,0.45832182806399996,1.348408598166749
train,unhealthy_0780.jpg,1,unhealthy,0.53418,0.45166,0.853516,0.368164,0.314233864624,2.3183037993937488
train,unhealthy_0780.jpg,1,unhealthy,0.525879,0.187012,0.856445,0.333008,0.28520303656,2.5718451208379376
train,unhealthy_0781.jpg,1,unhealthy,0.759766,0.507812,0.253906,0.792969,0.20133958691400003,0.32019662811534877
train,unhealthy_0781.jpg,1,unhealthy,0.553711,0.561035,0.167969,0.80957,0.13598266333,0.20747927912348532
train,unhealthy_0781.jpg,1,unhealthy,0.286133,0.541504,0.271484,0.803711,0.21819467712399998,0.337788085518302
train,unhealthy_0782.jpg,1,unhealthy,0.725586,0.360352,0.304688,0.679688,0.207092777344,0.4482762679346995
train,unhealthy_0782.jpg,1,unhealthy,0.561523,0.47998,0.277344,0.661133,0.18336127075199998,0.419498043510156
train,unhealthy_0782.jpg,1,unhealthy,0.264648,0.579102,0.408203,0.810547,0.330867717041,0.5036142259486495
train,unhealthy_0785.jpg,1,unhealthy,0.856934,0.498535,0.276367,0.80957,0.22373843218999998,0.341375050952975
train,unhealthy_0785.jpg,1,unhealthy,0.401855,0.526367,0.631836,0.763672,0.482515461792,0.8273656753161042
train,unhealthy_0786.jpg,1,unhealthy,0.474121,0.42627,0.897461,0.350586,0.314637262146,2.5598883013012497
train,unhealthy_0786.jpg,1,unhealthy,0.446777,0.6875,0.829102,0.300781,0.24937812866200001,2.7564972521535602
train,unhealthy_0790.jpg,1,unhealthy,0.637207,0.472168,0.356445,0.942383,0.335907708435,0.3782379351070637
train,unhealthy_0790.jpg,1,unhealthy,0.40625,0.472656,0.447266,0.912109,0.40795534399399996,0.4903646384368535
train,unhealthy_0791.jpg,1,unhealthy,0.801758,0.469238,0.259766,0.829102,0.215372510132,0.31331006317678645
train,unhealthy_0791.jpg,1,unhealthy,0.562012,0.446289,0.249023,0.859375,0.214004140625,0.2897722181818182
train,unhealthy_0791.jpg,1,unhealthy,0.280762,0.446777,0.366211,0.87207,0.31936162677,0.4199330328987352
train,unhealthy_0792.jpg,1,unhealthy,0.907227,0.422852,0.169922,0.794922,0.135074736084,0.2137593373941091
train,unhealthy_0792.jpg,1,unhealthy,0.702637,0.398438,0.274414,0.794922,0.218137725708,0.3452087123013327
train,unhealthy_0792.jpg,0,healthy,0.483887,0.422363,0.317383,0.803711,0.255084208313,0.3948969219035201
train,unhealthy_0792.jpg,0,healthy,0.349121,0.477539,0.368164,0.666016,0.24520311462400002,0.5527855186662182
train,unhealthy_0793.jpg,1,unhealthy,0.633301,0.787598,0.516602,0.418945,0.21642782489,1.233102197185788
train,unhealthy_0793.jpg,1,unhealthy,0.462891,0.658203,0.548828,0.328125,0.1800841875,1.6726186666666667
train,unhealthy_0793.jpg,1,unhealthy,0.474121,0.377441,0.655273,0.270508,0.17725658868400002,2.4223793751016602
train,unhealthy_0794.jpg,1,unhealthy,0.439453,0.404785,0.441406,0.65918,0.29096600708000003,0.669628932916654
train,unhealthy_0794.jpg,1,unhealthy,0.787109,0.415039,0.298828,0.636719,0.190269465332,0.46932477278045726
train,unhealthy_0795.jpg,1,unhealthy,0.550781,0.393555,0.240234,0.595703,0.143108114502,0.40327814363869247
train,unhealthy_0795.jpg,1,unhealthy,0.244629,0.380859,0.40332,0.623047,0.25128731604000004,0.6473347917572831
train,unhealthy_0797.jpg,1,unhealthy,0.565918,0.644531,0.407227,0.697266,0.283945541382,0.5840339267940785
train,unhealthy_0797.jpg,1,unhealthy,0.24707,0.641113,0.337891,0.666992,0.225370593872,0.5065892844291985
train,unhealthy_0798.jpg,1,unhealthy,0.240723,0.77832,0.274414,0.439453,0.12059205554199999,0.6244444798419854
train,unhealthy_0798.jpg,1,unhealthy,0.440918,0.687012,0.479492,0.364258,0.174658796936,1.3163526950677815
train,unhealthy_0798.jpg,1,unhealthy,0.491211,0.524902,0.462891,0.258789,0.11979109899899999,1.7886811263229891
train,unhealthy_0798.jpg,1,unhealthy,0.496094,0.320312,0.535156,0.191406,0.10243206933599999,2.7959207130392985
train,unhealthy_0798.jpg,1,unhealthy,0.435059,0.10498,0.510742,0.18457,0.09426765094000002,2.7671994365281467
train,unhealthy_0799.jpg,0,healthy,0.52832,0.69873,0.585938,0.317383,0.185966760254,1.8461543308872874
train,unhealthy_0799.jpg,1,unhealthy,0.538574,0.51123,0.52832,0.217773,0.11505383136,2.426012407415061
train,unhealthy_0799.jpg,1,unhealthy,0.601074,0.38916,0.616211,0.202148,0.12456582122799999,3.0483160852444744
train,unhealthy_0801.jpg,1,unhealthy,0.554199,0.756348,0.422852,0.293945,0.12429523114,1.4385412236983108
train,unhealthy_0801.jpg,1,unhealthy,0.683594,0.541504,0.554688,0.098633,0.054710541503999996,5.623756754838644
train,unhealthy_0801.jpg,1,unhealthy,0.619629,0.416504,0.577148,0.155273,0.089615501404,3.71698878749042
train,unhealthy_0803.jpg,1,unhealthy,0.623047,0.567871,0.292969,0.479492,0.14047629174799997,0.6109987236491954
train,unhealthy_0803.jpg,1,unhealthy,0.325684,0.460938,0.295898,0.416016,0.123098302368,0.7112659128495058
train,unhealthy_0804.jpg,1,unhealthy,0.607422,0.485352,0.289062,0.96875,0.2800288125,0.29838658064516127
train,unhealthy_0804.jpg,1,unhealthy,0.348145,0.46875,0.358398,0.898438,0.32199838232399997,0.39891233451835295
train,unhealthy_0805.jpg,1,unhealthy,0.265625,0.433105,0.507812,0.862305,0.43788882666,0.5889006789940915
train,unhealthy_0805.jpg,1,unhealthy,0.464355,0.541016,0.354492,0.873047,0.309488177124,0.4060399955557948
train,unhealthy_0805.jpg,1,unhealthy,0.80127,0.46875,0.331055,0.927734,0.30713097936999995,0.3568425863447928
train,unhealthy_0806.jpg,1,unhealthy,0.455566,0.484863,0.368164,0.793945,0.29230196698,0.4637147409455315
train,unhealthy_0807.jpg,1,unhealthy,0.691895,0.523438,0.450195,0.78125,0.35171484375,0.5762496
train,unhealthy_0807.jpg,1,unhealthy,0.278809,0.441895,0.463867,0.858398,0.39818250506599995,0.540386860174418
train,unhealthy_0808.jpg,1,unhealthy,0.654785,0.626465,0.518555,0.614258,0.31852655719,0.8441973893705902
train,unhealthy_0808.jpg,1,unhealthy,0.292969,0.496582,0.46875,0.788086,0.3694153125,0.5947954918625633
train,unhealthy_0809.jpg,1,unhealthy,0.621582,0.44043,0.541992,0.759766,0.4117870938720001,0.713367010368982
train,unhealthy_0809.jpg,1,unhealthy,0.222656,0.450684,0.443359,0.610352,0.27060505236800003,0.7263988649172937
train,unhealthy_0810.jpg,1,unhealthy,0.250977,0.637207,0.484375,0.374023,0.181167390625,1.2950406793165126
train,unhealthy_0810.jpg,1,unhealthy,0.607422,0.514648,0.388672,0.681641,0.26493477075200006,0.5702004427550572
train,unhealthy_0811.jpg,1,unhealthy,0.553711,0.4375,0.513672,0.814453,0.418361701416,0.6306956939197228
train,unhealthy_0813.jpg,1,unhealthy,0.709961,0.612793,0.548828,0.522461,0.286741225708,1.0504669248039566
train,unhealthy_0813.jpg,1,unhealthy,0.567871,0.497559,0.397461,0.516602,0.20532914752200002,0.7693756508879176
train,unhealthy_0813.jpg,1,unhealthy,0.192383,0.453125,0.382812,0.732422,0.280379930664,0.5226658947983539
train,unhealthy_0814.jpg,1,unhealthy,0.619141,0.52832,0.496094,0.537109,0.26645655224599996,0.9236374739578
train,unhealthy_0814.jpg,1,unhealthy,0.35498,0.643555,0.329102,0.673828,0.221758142456,0.4884065369797634
train,unhealthy_0814.jpg,1,unhealthy,0.120117,0.541992,0.228516,0.505859,0.11559687524399999,0.4517385279297196
train,unhealthy_0815.jpg,1,unhealthy,0.706055,0.677246,0.376953,0.631836,0.23817247570799996,0.5965994340303497
train,unhealthy_0815.jpg,1,unhealthy,0.349609,0.67627,0.382812,0.629883,0.24112677099599997,0.6077509632741319
train,unhealthy_0816.jpg,1,unhealthy,0.433594,0.553711,0.464844,0.595703,0.276908965332,0.7803284522656424
train,unhealthy_0816.jpg,1,unhealthy,0.836426,0.577148,0.30957,0.75,0.2321775,0.41276
train,unhealthy_0817.jpg,1,unhealthy,0.635742,0.526367,0.441406,0.923828,0.407783222168,0.47780106253545035
train,unhealthy_0817.jpg,1,unhealthy,0.250977,0.316406,0.5,0.630859,0.3154295,0.7925701305680034
train,unhealthy_0819.jpg,1,unhealthy,0.284668,0.618164,0.567383,0.630859,0.35793867199699997,0.8993816367841309
train,unhealthy_0819.jpg,1,unhealthy,0.623047,0.566895,0.328125,0.674805,0.221420390625,0.4862515837908729
train,unhealthy_0820.jpg,1,unhealthy,0.341309,0.34668,0.202148,0.466797,0.094362079956,0.4330533401028712
train,unhealthy_0820.jpg,1,unhealthy,0.143066,0.392578,0.280273,0.513672,0.143968392456,0.5456263919388248
train,unhealthy_0820.jpg,1,unhealthy,0.776855,0.652832,0.446289,0.188477,0.084115211853,2.3678698196596932
train,unhealthy_0820.jpg,1,unhealthy,0.721191,0.486328,0.514648,0.310547,0.159822392456,1.6572306285360991
train,unhealthy_0821.jpg,1,unhealthy,0.253906,0.627441,0.505859,0.47168,0.23860357311999997,1.072462262550882
train,unhealthy_0821.jpg,1,unhealthy,0.727539,0.57373,0.416016,0.727539,0.302667864624,0.5718126450953145
train,unhealthy_0822.jpg,1,unhealthy,0.758301,0.596191,0.463867,0.571289,0.265002114563,0.8119655725911052
train,unhealthy_0822.jpg,1,unhealthy,0.531738,0.55127,0.254883,0.592773,0.151087760559,0.42998415919753435
train,unhealthy_0822.jpg,1,unhealthy,0.280273,0.552734,0.335938,0.615234,0.206680479492,0.546032891550207
train,unhealthy_0824.jpg,1,unhealthy,0.712402,0.487305,0.370117,0.599609,0.22192548425299996,0.6172639169859024
train,unhealthy_0824.jpg,1,unhealthy,0.357422,0.529297,0.425781,0.660156,0.281081881836,0.6449702797520587
train,unhealthy_0825.jpg,1,unhealthy,0.705078,0.522949,0.585938,0.543945,0.31871804541,1.077200819935839
train,unhealthy_0825.jpg,1,unhealthy,0.36084,0.42334,0.319336,0.65332,0.20862859552000002,0.48878956713402316
train,unhealthy_0826.jpg,1,unhealthy,0.604492,0.407227,0.455078,0.652344,0.296867402832,0.6976043314570226
train,unhealthy_0826.jpg,1,unhealthy,0.209961,0.458008,0.369141,0.609375,0.224945296875,0.6057698461538461
train,unhealthy_0828.jpg,1,unhealthy,0.691406,0.486816,0.361328,0.807617,0.291814635376,0.4474001909320878
train,unhealthy_0828.jpg,1,unhealthy,0.255371,0.5,0.508789,0.720703,0.36668575866700004,0.7059620953430193
train,unhealthy_0829.jpg,1,unhealthy,0.749023,0.532715,0.484375,0.540039,0.261581390625,0.8969259627545417
train,unhealthy_0829.jpg,1,unhealthy,0.248535,0.461426,0.495117,0.454102,0.224833619934,1.0903211172820202
train,unhealthy_0830.jpg,1,unhealthy,0.405762,0.810547,0.475586,0.371094,0.176487111084,1.2815782524104407
train,unhealthy_0830.jpg,1,unhealthy,0.460938,0.571777,0.550781,0.227539,0.12532415795899998,2.420600424542606
train,unhealthy_0830.jpg,1,unhealthy,0.455078,0.285156,0.451172,0.464844,0.209724597168,0.9705879822047827
train,unhealthy_0830.jpg,1,unhealthy,0.315918,0.197754,0.288086,0.393555,0.11337768573,0.732009503119005
train,unhealthy_0832.jpg,1,unhealthy,0.644043,0.31543,0.692383,0.337891,0.23394998425299998,2.04913122870985
train,unhealthy_0832.jpg,1,unhealthy,0.589844,0.646484,0.621094,0.345703,0.214714059082,1.79661154227762
train,unhealthy_0832.jpg,1,unhealthy,0.49707,0.797852,0.515625,0.396484,0.2044370625,1.3004938408611697
train,unhealthy_0833.jpg,1,unhealthy,0.566406,0.606445,0.679688,0.328125,0.22302262499999997,2.071430095238095
train,unhealthy_0833.jpg,1,unhealthy,0.525391,0.873535,0.662109,0.24707,0.16358727063,2.6798437689723555
train,unhealthy_0833.jpg,1,unhealthy,0.477051,0.307129,0.616211,0.237305,0.14622995135499997,2.596704662775753
train,unhealthy_0834.jpg,1,unhealthy,0.638184,0.279297,0.629883,0.345703,0.217752442749,1.8220350994929173
train,unhealthy_0834.jpg,1,unhealthy,0.633789,0.606934,0.576172,0.389648,0.224504267456,1.4786987229499446
train,unhealthy_0834.jpg,1,unhealthy,0.463867,0.153809,0.546875,0.305664,0.16716,1.7891377460217757
train,unhealthy_0834.jpg,1,unhealthy,0.579102,0.804688,0.486328,0.378906,0.184272597168,1.2835056715913709
train,unhealthy_0835.jpg,1,unhealthy,0.515625,0.534668,0.449219,0.489258,0.219783989502,0.9181638317615654
train,unhealthy_0835.jpg,1,unhealthy,0.648438,0.757812,0.689453,0.371094,0.25585187158199996,1.8578931483667211
train,unhealthy_0836.jpg,1,unhealthy,0.577637,0.781738,0.72168,0.37793,0.27274452239999997,1.9095599714232794
train,unhealthy_0836.jpg,1,unhealthy,0.535156,0.580078,0.621094,0.177734,0.11038952099600001,3.4945142741400073
train,unhealthy_0836.jpg,1,unhealthy,0.632812,0.322754,0.646484,0.331055,0.21402176061999997,1.9527993837881923
train,unhealthy_0837.jpg,1,unhealthy,0.572754,0.501465,0.327148,0.606445,0.19839726886,0.5394520525356792
train,unhealthy_0837.jpg,1,unhealthy,0.766113,0.479004,0.291992,0.563477,0.164530776184,0.5181968385577406
train,unhealthy_0837.jpg,1,unhealthy,0.229492,0.518066,0.355469,0.569336,0.20238129858399997,0.6243571458681693
train,unhealthy_0838.jpg,1,unhealthy,0.758301,0.59668,0.374023,0.693359,0.25933221325699995,0.5394362804838475
train,unhealthy_0838.jpg,1,unhealthy,0.37793,0.555176,0.431641,0.625977,0.270197338257,0.6895476990368655
train,unhealthy_0838.jpg,1,unhealthy,0.241699,0.354004,0.481445,0.350586,0.16878787677,1.3732579167451067
train,unhealthy_0839.jpg,1,unhealthy,0.292969,0.442871,0.384766,0.729492,0.280683718872,0.5274437553804565
train,unhealthy_0839.jpg,1,unhealthy,0.601562,0.599121,0.71875,0.463867,0.33340440625,1.549474310524353
train,unhealthy_0841.jpg,1,unhealthy,0.288086,0.438965,0.453125,0.725586,0.32878115625,0.6244952355751076
train,unhealthy_0841.jpg,1,unhealthy,0.681641,0.538086,0.625,0.494141,0.308838125,1.2648211745230613
train,unhealthy_0842.jpg,1,unhealthy,0.658691,0.446289,0.508789,0.648438,0.329918121582,0.7846378528093666
train,unhealthy_0842.jpg,1,unhealthy,0.235352,0.419922,0.382812,0.798828,0.30580094433599997,0.4792170529826195
train,unhealthy_0843.jpg,1,unhealthy,0.37793,0.38623,0.353516,0.704102,0.248911322632,0.5020806644491849
train,unhealthy_0843.jpg,1,unhealthy,0.711426,0.354004,0.321289,0.633789,0.203629434021,0.5069336955990085
train,unhealthy_0844.jpg,1,unhealthy,0.763184,0.390625,0.303711,0.679688,0.20642872216799998,0.4468388437047587
train,unhealthy_0844.jpg,1,unhealthy,0.410156,0.394531,0.359375,0.710938,0.25549334375,0.5054941499821363
train,unhealthy_0845.jpg,1,unhealthy,0.374023,0.48877,0.486328,0.592773,0.28828210754399997,0.8204287307282889
train,unhealthy_0845.jpg,1,unhealthy,0.746582,0.419922,0.364258,0.630859,0.229795437622,0.5774000212408796
train,unhealthy_0846.jpg,1,unhealthy,0.445801,0.385742,0.370117,0.740234,0.27397318737799997,0.5
train,unhealthy_0846.jpg,1,unhealthy,0.742676,0.416992,0.37793,0.695312,0.26277926416,0.543540166141243
train,unhealthy_0847.jpg,1,unhealthy,0.368652,0.367676,0.370117,0.731445,0.270720229065,0.5060079705240995
train,unhealthy_0847.jpg,1,unhealthy,0.782715,0.557617,0.418945,0.671875,0.28147867187500003,0.6235460465116279
train,unhealthy_0848.jpg,1,unhealthy,0.464844,0.541504,0.728516,0.270508,0.19706940612800003,2.693140313779999
train,unhealthy_0848.jpg,1,unhealthy,0.477539,0.832031,0.660156,0.298828,0.19727309716799998,2.2091504142851406
train,unhealthy_0848.jpg,1,unhealthy,0.538574,0.301758,0.655273,0.455078,0.298200326294,1.439913597229486
train,unhealthy_0849.jpg,1,unhealthy,0.474609,0.649414,0.341797,0.701172,0.239658486084,0.4874652724295893
train,unhealthy_0850.jpg,1,unhealthy,0.358398,0.428223,0.535156,0.803711,0.43011076391599995,0.6658562592772775
train,unhealthy_0850.jpg,1,unhealthy,0.749512,0.402832,0.338867,0.756836,0.256466744812,0.44774165076714106
train,unhealthy_0851.jpg,1,unhealthy,0.303223,0.45459,0.40332,0.870117,0.35093558844,0.4635238709277028
train,unhealthy_0851.jpg,1,unhealthy,0.732422,0.487793,0.443359,0.952148,0.422143385132,0.46564084575087067
train,unhealthy_0852.jpg,1,unhealthy,0.474609,0.500488,0.902344,0.446289,0.402706201416,2.0218826814015136
train,unhealthy_0853.jpg,1,unhealthy,0.28418,0.759766,0.546875,0.228516,0.1249696875,2.3931584659279874
train,unhealthy_0854.jpg,1,unhealthy,0.441895,0.516602,0.577148,0.335938,0.193885944824,1.7180193964362471
train,unhealthy_0854.jpg,1,unhealthy,0.40625,0.793945,0.632812,0.402344,0.254608111328,1.5728133139800768
train,unhealthy_0855.jpg,1,unhealthy,0.454102,0.729492,0.847656,0.386719,0.327804680664,2.191917128457614
train,unhealthy_0855.jpg,1,unhealthy,0.474121,0.366699,0.791992,0.401367,0.317879453064,1.9732364643829714
train,unhealthy_0856.jpg,1,unhealthy,0.601074,0.263672,0.711914,0.423828,0.301729086792,1.6797238502411358
train,unhealthy_0856.jpg,1,unhealthy,0.676758,0.559082,0.646484,0.325195,0.21023336437999998,1.9879887452144096
train,unhealthy_0857.jpg,1,unhealthy,0.285645,0.635254,0.424805,0.708008,0.30076533844,0.6000002824826838
train,unhealthy_0857.jpg,1,unhealthy,0.668945,0.722168,0.566406,0.282227,0.159855066162,2.006916418344099
train,unhealthy_0857.jpg,1,unhealthy,0.562988,0.300781,0.817383,0.519531,0.42465580737299996,1.573309388660157
train,unhealthy_0858.jpg,1,unhealthy,0.458008,0.361816,0.638672,0.336914,0.215177538208,1.8956528965848853
train,unhealthy_0858.jpg,1,unhealthy,0.5625,0.743652,0.732422,0.407227,0.298262013794,1.7985595257681835
train,unhealthy_0859.jpg,1,unhealthy,0.566895,0.261719,0.760742,0.410156,0.31202289575200004,1.854762578141
train,unhealthy_0859.jpg,0,healthy,0.567383,0.70752,0.738281,0.481445,0.355441696045,1.5334690359231065
train,unhealthy_0860.jpg,1,unhealthy,0.335938,0.470703,0.1875,0.40625,0.076171875,0.46153846153846156
train,unhealthy_0860.jpg,1,unhealthy,0.450195,0.459961,0.248047,0.382812,0.09495536816399999,0.6479603565196493
train,unhealthy_0860.jpg,1,unhealthy,0.599609,0.440918,0.322266,0.360352,0.116129197632,0.8943088979664328
train,unhealthy_0862.jpg,1,unhealthy,0.402344,0.811035,0.755859,0.311523,0.235467463257,2.4263344921562773
train,unhealthy_0862.jpg,1,unhealthy,0.42627,0.559082,0.666992,0.274414,0.183031942688,2.430604852522102
train,unhealthy_0862.jpg,1,unhealthy,0.415039,0.241699,0.693359,0.47168,0.32704357312,1.4699775271370419
train,unhealthy_0863.jpg,1,unhealthy,0.422363,0.790527,0.78418,0.241211,0.18915284198,3.2510125989279093
train,unhealthy_0863.jpg,1,unhealthy,0.464355,0.438965,0.786133,0.495117,0.389227812561,1.5877721831405507
train,unhealthy_0864.jpg,1,unhealthy,0.597168,0.684082,0.727539,0.344727,0.250802336853,2.1104787266445624
train,unhealthy_0864.jpg,1,unhealthy,0.503906,0.401855,0.683594,0.508789,0.34780510766600004,1.3435707139894926
train,unhealthy_0866.jpg,1,unhealthy,0.492676,0.731934,0.868164,0.530273,0.460363928772,1.637201969551533
train,unhealthy_0866.jpg,1,unhealthy,0.524414,0.396484,0.757812,0.320312,0.242736277344,2.365855790604161
train,unhealthy_0870.jpg,1,unhealthy,0.816895,0.494629,0.338867,0.666992,0.226021578064,0.5080525703456713
train,unhealthy_0870.jpg,1,unhealthy,0.501953,0.488281,0.300781,0.78125,0.23498515625000002,0.38499968
train,unhealthy_0870.jpg,1,unhealthy,0.294434,0.486816,0.229492,0.768555,0.17637722406,0.29860192178829104
train,unhealthy_0871.jpg,1,unhealthy,0.809082,0.400879,0.333008,0.799805,0.26634146344000004,0.4163614881127275
train,unhealthy_0871.jpg,1,unhealthy,0.554688,0.433594,0.216797,0.814453,0.17657096704099998,0.2661872446906083
train,unhealthy_0871.jpg,1,unhealthy,0.309082,0.458008,0.374023,0.730469,0.27321220678700003,0.5120313113903533
train,unhealthy_0872.jpg,1,unhealthy,0.855957,0.457031,0.243164,0.794922,0.193296413208,0.30589667917103813
train,unhealthy_0872.jpg,1,unhealthy,0.63623,0.427734,0.260742,0.853516,0.222547468872,0.3054916369464661
train,unhealthy_0872.jpg,1,unhealthy,0.437988,0.447266,0.40332,0.892578,0.35999455896,0.4518596694070434
train,unhealthy_0872.jpg,1,unhealthy,0.225098,0.599121,0.448242,0.706055,0.31648350530999997,0.6348542252374106
train,unhealthy_0873.jpg,1,unhealthy,0.635254,0.466797,0.342773,0.671875,0.230300609375,0.5101737674418605
train,unhealthy_0873.jpg,1,unhealthy,0.395508,0.547363,0.316406,0.555664,0.175815423584,0.5694196492844597
train,unhealthy_0874.jpg,1,unhealthy,0.527832,0.505371,0.436523,0.823242,0.35936406756600003,0.5302486996533219
train,unhealthy_0874.jpg,1,unhealthy,0.191406,0.474609,0.380859,0.830078,0.316142677002,0.4588231467404268
train,unhealthy_0877.jpg,1,unhealthy,0.912598,0.359375,0.163086,0.716797,0.116899555542,0.22752048348416637
train,unhealthy_0877.jpg,1,unhealthy,0.687012,0.35498,0.336914,0.682617,0.229983223938,0.49356227577103995
train,unhealthy_0877.jpg,1,unhealthy,0.410156,0.410645,0.427734,0.532227,0.227651583618,0.8036683595533485
train,unhealthy_0877.jpg,1,unhealthy,0.248047,0.502441,0.494141,0.555664,0.27457636462400004,0.8892802125025194
train,unhealthy_0878.jpg,1,unhealthy,0.730469,0.487305,0.439453,0.880859,0.38709613012699995,0.4988914230313819
train,unhealthy_0878.jpg,1,unhealthy,0.326172,0.465332,0.529297,0.924805,0.489496512085,0.572333627088954
train,unhealthy_0879.jpg,1,unhealthy,0.77832,0.445801,0.421875,0.858398,0.36213665625,0.49146782727825555
train,unhealthy_0879.jpg,1,unhealthy,0.453613,0.525879,0.583008,0.733398,0.427576901184,0.7949408097649571
train,unhealthy_0880.jpg,1,unhealthy,0.680176,0.537598,0.411133,0.776367,0.31919009381100005,0.5295601178308712
train,unhealthy_0880.jpg,1,unhealthy,0.28418,0.485352,0.396484,0.832031,0.329886979004,0.47652551407339394
train,unhealthy_0881.jpg,1,unhealthy,0.483398,0.716797,0.8125,0.566406,0.46020487499999996,1.43448339177198
train,unhealthy_0882.jpg,1,unhealthy,0.876465,0.570312,0.229492,0.791016,0.18153184387200003,0.29012308221325483
train,unhealthy_0882.jpg,1,unhealthy,0.533691,0.51416,0.438477,0.827148,0.362685373596,0.5301070666918133
train,unhealthy_0884.jpg,1,unhealthy,0.423828,0.368164,0.291016,0.710938,0.20689433300799998,0.4093408989250821
train,unhealthy_0884.jpg,1,unhealthy,0.200195,0.48877,0.394531,0.561523,0.22153823071300002,0.7026087978586808
train,unhealthy_0884.jpg,1,unhealthy,0.780762,0.354492,0.438477,0.642578,0.281755673706,0.6823716342607434
train,unhealthy_0885.jpg,1,unhealthy,0.810059,0.407227,0.364258,0.763672,0.27817363537600004,0.4769822646371741
train,unhealthy_0885.jpg,1,unhealthy,0.443359,0.456055,0.337891,0.730469,0.24681890087900002,0.4625671999770011
train,unhealthy_0885.jpg,1,unhealthy,0.23291,0.603027,0.463867,0.55957,0.25956605719,0.8289704594599424
train,unhealthy_0886.jpg,1,unhealthy,0.400391,0.509277,0.333984,0.661133,0.220807843872,0.5051691565842275
train,unhealthy_0886.jpg,1,unhealthy,0.782227,0.500977,0.431641,0.646484,0.279049000244,0.6676746833641668
train,unhealthy_0886.jpg,1,unhealthy,0.190918,0.671875,0.379883,0.439453,0.166940723999,0.8644451169977223
train,unhealthy_0887.jpg,1,unhealthy,0.720703,0.471191,0.322266,0.750977,0.242014353882,0.4291289879716689
train,unhealthy_0887.jpg,1,unhealthy,0.351074,0.523926,0.459961,0.645508,0.296908505188,0.7125566220712989
train,unhealthy_0888.jpg,1,unhealthy,0.421875,0.485352,0.261719,0.457031,0.119613696289,0.5726504329028008
train,unhealthy_0888.jpg,1,unhealthy,0.560547,0.379395,0.287109,0.540039,0.15505005725100002,0.5316449367545677
train,unhealthy_0888.jpg,1,unhealthy,0.849609,0.364746,0.289062,0.608398,0.175864742676,0.4751199050621468
train,unhealthy_0890.jpg,1,unhealthy,0.480469,0.800293,0.755859,0.399414,0.30190066662599996,1.8924198951463893
train,unhealthy_0890.jpg,1,unhealthy,0.562012,0.422363,0.719727,0.352539,0.253731836853,2.0415528494719735
train,unhealthy_0890.jpg,1,unhealthy,0.518555,0.164551,0.65625,0.303711,0.19931034375,2.160771259519741
train,unhealthy_0891.jpg,1,unhealthy,0.541016,0.864258,0.75,0.271484,0.203613,2.76259374401438
train,unhealthy_0891.jpg,1,unhealthy,0.532715,0.860352,0.772461,0.279297,0.215746039917,2.765733251699803
train,unhealthy_0891.jpg,1,unhealthy,0.557129,0.595215,0.756836,0.206055,0.15594984197999998,3.6729805149110675
train,unhealthy_0891.jpg,1,unhealthy,0.526367,0.290527,0.615234,0.475586,0.292596677124,1.2936335384136621
train,unhealthy_0892.jpg,1,unhealthy,0.539551,0.688477,0.786133,0.324219,0.254879255127,2.424697503847708
train,unhealthy_0892.jpg,1,unhealthy,0.505371,0.42627,0.739258,0.362305,0.26783686969,2.040430024426933
train,unhealthy_0893.jpg,1,unhealthy,0.25293,0.514648,0.384766,0.802734,0.30886475024399995,0.47931942586211623
train,unhealthy_0893.jpg,1,unhealthy,0.620605,0.488281,0.375977,0.712891,0.268030619507,0.5273975965470177
train,unhealthy_0894.jpg,1,unhealthy,0.51123,0.734863,0.874023,0.301758,0.263743432434,2.89643687988388
train,unhealthy_0894.jpg,1,unhealthy,0.442871,0.440918,0.791992,0.426758,0.33798892193600005,1.8558339855374708
train,unhealthy_0894.jpg,1,unhealthy,0.213379,0.299805,0.333008,0.597656,0.199024229248,0.5571900892821289
train,unhealthy_0896.jpg,1,unhealthy,0.450684,0.683105,0.692383,0.395508,0.273843015564,1.7506169281025918
train,unhealthy_0896.jpg,1,unhealthy,0.482422,0.291016,0.701172,0.330078,0.231441451416,2.1242615381818846
train,unhealthy_0897.jpg,1,unhealthy,0.529297,0.300293,0.816406,0.336914,0.275058611084,2.42318811328707
train,unhealthy_0898.jpg,1,unhealthy,0.539551,0.687988,0.920898,0.368164,0.339041491272,2.5013254962462383
train,unhealthy_0898.jpg,1,unhealthy,0.51709,0.353516,0.805664,0.300781,0.24232842358400003,2.678573447125982
train,unhealthy_0900.jpg,1,unhealthy,0.496582,0.666992,0.915039,0.322266,0.294885958374,2.8393904414365774
train,unhealthy_0900.jpg,1,unhealthy,0.435059,0.304688,0.850586,0.347656,0.295711326416,2.4466311526336377
train,unhealthy_0901.jpg,1,unhealthy,0.539551,0.755371,0.834961,0.366211,0.30577190277099997,2.279999781546704
train,unhealthy_0901.jpg,1,unhealthy,0.443359,0.40625,0.818359,0.302734,0.247745093506,2.7032279162565156
train,unhealthy_0902.jpg,1,unhealthy,0.486816,0.485352,0.299805,0.904297,0.271112762085,0.3315337770666053
train,unhealthy_0902.jpg,1,unhealthy,0.20166,0.471191,0.389648,0.895508,0.348932901184,0.4351139241637149
train,unhealthy_0903.jpg,1,unhealthy,0.779297,0.446777,0.40625,0.875977,0.35586565625,0.4637678843165973
train,unhealthy_0903.jpg,1,unhealthy,0.461914,0.457031,0.337891,0.900391,0.30423401538100003,0.37527140986526963
train,unhealthy_0904.jpg,1,unhealthy,0.5,0.472168,0.369141,0.932617,0.344267171997,0.395811999995711
train,unhealthy_0904.jpg,1,unhealthy,0.839844,0.474609,0.320312,0.898438,0.287780472656,0.3565209841970175
train,unhealthy_0906.jpg,1,unhealthy,0.459473,0.542969,0.674805,0.857422,0.57859265271,0.7870161950591423
train,unhealthy_0906.jpg,1,unhealthy,0.717285,0.475586,0.317383,0.9375,0.2975465625,0.3385418666666667
train,unhealthy_0907.jpg,1,unhealthy,0.290039,0.480469,0.449219,0.917969,0.412369116211,0.489361841195073
train,unhealthy_0907.jpg,1,unhealthy,0.78418,0.530273,0.341797,0.923828,0.315761638916,0.36997904371809476
train,unhealthy_0908.jpg,1,unhealthy,0.35498,0.539551,0.381836,0.852539,0.32553008160400004,0.447880976706051
train,unhealthy_0908.jpg,1,unhealthy,0.723633,0.572754,0.337891,0.78418,0.26496736438,0.43088449080568236
train,unhealthy_0909.jpg,1,unhealthy,0.458496,0.509277,0.495117,0.833008,0.41243642193599994,0.5943724430017479
train,unhealthy_0910.jpg,1,unhealthy,0.484863,0.36084,0.745117,0.319336,0.23794268231200003,2.333332289500714
train,unhealthy_0910.jpg,1,unhealthy,0.469238,0.640137,0.727539,0.385742,0.280642348938,1.8860767041182969
train,unhealthy_0911.jpg,1,unhealthy,0.444824,0.446289,0.368164,0.769531,0.283313611084,0.478426470148701
train,unhealthy_0911.jpg,1,unhealthy,0.835938,0.477051,0.328125,0.813477,0.266922140625,0.4033611276040994
train,unhealthy_0912.jpg,1,unhealthy,0.383789,0.488281,0.46875,0.585938,0.27465843749999996,0.7999993173339159
train,unhealthy_0912.jpg,1,unhealthy,0.740234,0.459961,0.345703,0.636719,0.220115668457,0.5429443757764414
train,unhealthy_0914.jpg,1,unhealthy,0.411133,0.864258,0.820312,0.253906,0.20828213867200002,3.230770442604743
train,unhealthy_0914.jpg,1,unhealthy,0.444824,0.65332,0.887695,0.335938,0.29821048291,2.642436997303074
train,unhealthy_0914.jpg,1,unhealthy,0.462402,0.375,0.922852,0.240234,0.221700427368,3.8414712322152567
train,unhealthy_0914.jpg,1,unhealthy,0.448242,0.12793,0.873047,0.253906,0.22167187158200002,3.438465416335179
train,unhealthy_0915.jpg,1,unhealthy,0.438965,0.625,0.875977,0.380859,0.333623724243,2.300003413336694
train,unhealthy_0915.jpg,1,unhealthy,0.422363,0.339844,0.829102,0.34375,0.2850038125,2.411933090909091
train,unhealthy_0915.jpg,1,unhealthy,0.416504,0.163086,0.77832,0.322266,0.25082607312,2.4151477351008173
train,unhealthy_0916.jpg,1,unhealthy,0.519531,0.658203,0.902344,0.476562,0.430022861328,1.8934451341063703
train,unhealthy_0916.jpg,1,unhealthy,0.507324,0.305664,0.916992,0.59375,0.5444640000000001,1.5444075789473686
train,unhealthy_0917.jpg,1,unhealthy,0.46875,0.61084,0.935547,0.512695,0.47965026916500003,1.8247632608080828
train,unhealthy_0917.jpg,1,unhealthy,0.54248,0.253906,0.915039,0.441406,0.40390370483400007,2.0730098820586944
train,unhealthy_0919.jpg,1,unhealthy,0.760254,0.527832,0.354492,0.866211,0.307064869812,0.40924439888202757
train,unhealthy_0919.jpg,1,unhealthy,0.417969,0.522949,0.328125,0.834961,0.273971578125,0.3929824267241225
train,unhealthy_0919.jpg,1,unhealthy,0.15625,0.600098,0.310547,0.729492,0.226541552124,0.4257030920147171
train,unhealthy_0920.jpg,1,unhealthy,0.356445,0.491699,0.492188,0.795898,0.391731444824,0.6184058761298559
train,unhealthy_0920.jpg,1,unhealthy,0.630371,0.475586,0.311523,0.816406,0.25432924633799997,0.38157852833026706
train,unhealthy_0922.jpg,1,unhealthy,0.681641,0.469727,0.375,0.773438,0.29003924999999997,0.48484817141128317
train,unhealthy_0922.jpg,1,unhealthy,0.339355,0.409668,0.397461,0.750977,0.298484069397,0.5292585525255767
train,unhealthy_0922.jpg,1,unhealthy,0.156738,0.512695,0.307617,0.634766,0.195264812622,0.4846148029352548
train,unhealthy_0923.jpg,1,unhealthy,0.22168,0.42627,0.361328,0.850586,0.30734053820799995,0.42479890334428266
train,unhealthy_0923.jpg,1,unhealthy,0.582031,0.520508,0.396484,0.835938,0.331436041992,0.474298333129969
train,unhealthy_0924.jpg,1,unhealthy,0.366211,0.553711,0.416016,0.699219,0.290886291504,0.5949723906243967
train,unhealthy_0924.jpg,1,unhealthy,0.551758,0.713867,0.574219,0.572266,0.32860601025400005,1.003412748616902
train,unhealthy_0924.jpg,1,unhealthy,0.129883,0.433594,0.234375,0.708984,0.166168125,0.3305786872482313
train,unhealthy_0925.jpg,1,unhealthy,0.51123,0.412109,0.866211,0.386719,0.334980251709,2.2398977035004743
train,unhealthy_0925.jpg,1,unhealthy,0.555664,0.760254,0.757812,0.430664,0.326362347168,1.7596362825776013
train,unhealthy_0926.jpg,1,unhealthy,0.435547,0.173828,0.777344,0.326172,0.25354784716800005,2.383233386066247
train,unhealthy_0926.jpg,1,unhealthy,0.417969,0.474609,0.794922,0.271484,0.215808604248,2.9280620589058657
train,unhealthy_0926.jpg,1,unhealthy,0.39209,0.749023,0.661133,0.392578,0.25954627087399995,1.6840806158266637
train,unhealthy_0927.jpg,1,unhealthy,0.44873,0.552246,0.481445,0.823242,0.39634574469,0.5848158864586598
train,unhealthy_0927.jpg,1,unhealthy,0.835449,0.496094,0.301758,0.871094,0.26285958325200004,0.34641267188156505
train,unhealthy_0928.jpg,1,unhealthy,0.677246,0.483398,0.40918,0.833984,0.34124957312,0.4906329138208887
train,unhealthy_0928.jpg,1,unhealthy,0.331055,0.54541,0.527344,0.772461,0.407352673584,0.6826804201118245
train,unhealthy_0929.jpg,1,unhealthy,0.531738,0.466309,0.514648,0.881836,0.453835133728,0.5836096507740669
train,unhealthy_0930.jpg,1,unhealthy,0.62207,0.475586,0.529297,0.865234,0.457965760498,0.6117385585864634
train,unhealthy_0930.jpg,1,unhealthy,0.307617,0.553223,0.556641,0.801758,0.446291374878,0.6942755794142373
train,unhealthy_0931.jpg,1,unhealthy,0.719238,0.418945,0.40918,0.767578,0.31407756604,0.5330793743437149
train,unhealthy_0931.jpg,1,unhealthy,0.290039,0.621582,0.578125,0.739258,0.42738353125,0.7820341477535583
train,unhealthy_0932.jpg,1,unhealthy,0.508789,0.470703,0.4375,0.910156,0.39819325,0.48068682731311996
train,unhealthy_0932.jpg,1,unhealthy,0.206543,0.449219,0.354492,0.853516,0.302564593872,0.4153314056209842
train,unhealthy_0933.jpg,1,unhealthy,0.303223,0.451172,0.448242,0.900391,0.403593062622,0.49783038702074983
train,unhealthy_0933.jpg,1,unhealthy,0.76709,0.48877,0.450195,0.913086,0.41106675177,0.49304775234753356
train,unhealthy_0934.jpg,1,unhealthy,0.736328,0.453613,0.388672,0.813477,0.316175732544,0.47779101314480926
train,unhealthy_0934.jpg,1,unhealthy,0.362305,0.45166,0.371094,0.899414,0.333767138916,0.41259531205874045
train,unhealthy_0936.jpg,1,unhealthy,0.73877,0.506836,0.362305,0.978516,0.35452123938,0.3702596585032845
train,unhealthy_0936.jpg,1,unhealthy,0.300781,0.543457,0.582031,0.821289,0.478015657959,0.7086798922182082
train,unhealthy_0938.jpg,1,unhealthy,0.776855,0.457031,0.352539,0.912109,0.321553994751,0.38650972635945924
train,unhealthy_0938.jpg,1,unhealthy,0.432129,0.553711,0.633789,0.796875,0.505050609375,0.7953430588235295
train,unhealthy_0939.jpg,1,unhealthy,0.73877,0.461426,0.352539,0.860352,0.303307633728,0.40976135349252396
train,unhealthy_0939.jpg,1,unhealthy,0.38623,0.630859,0.700195,0.685547,0.480016581665,1.021366879294928
train,unhealthy_0941.jpg,1,unhealthy,0.5625,0.574707,0.574219,0.821289,0.47159974829100004,0.6991680151566623
train,unhealthy_0943.jpg,1,unhealthy,0.728516,0.549805,0.416016,0.826172,0.343700770752,0.5035464770047884
train,unhealthy_0943.jpg,1,unhealthy,0.380371,0.528809,0.34082,0.889648,0.30320983136,0.3830953365825585
train,unhealthy_0944.jpg,1,unhealthy,0.702637,0.536621,0.538086,0.786133,0.42300716143799993,0.6844719659396056
train,unhealthy_0944.jpg,1,unhealthy,0.344238,0.535156,0.358398,0.863281,0.309398183838,0.4151579844801403
train,unhealthy_0945.jpg,1,unhealthy,0.397949,0.575195,0.424805,0.720703,0.30615823791499996,0.5894314301452886
train,unhealthy_0945.jpg,1,unhealthy,0.821289,0.412109,0.333984,0.791016,0.264186687744,0.4222215479838587
train,unhealthy_0946.jpg,1,unhealthy,0.499512,0.51123,0.887695,0.500977,0.44471477801500003,1.771927653365324
train,unhealthy_0947.jpg,1,unhealthy,0.519043,0.592285,0.926758,0.407227,0.377400880066,2.2757773919705717
train,unhealthy_0948.jpg,1,unhealthy,0.551758,0.624512,0.855469,0.37793,0.32330739917,2.263564681290186
train,unhealthy_0948.jpg,1,unhealthy,0.574219,0.296875,0.667969,0.582031,0.388778665039,1.1476519291927751
train,unhealthy_0950.jpg,1,unhealthy,0.65918,0.486816,0.572266,0.97168,0.5560594268800001,0.5889449201383172
train,unhealthy_0950.jpg,1,unhealthy,0.251953,0.48584,0.486328,0.920898,0.44785848254399996,0.5281019179105612
train,unhealthy_0951.jpg,1,unhealthy,0.352051,0.497559,0.663086,0.97168,0.6443074044799999,0.6824119051539601
train,unhealthy_0952.jpg,1,unhealthy,0.491699,0.212891,0.807617,0.417969,0.337558869873,1.9322413863229093
train,unhealthy_0952.jpg,1,unhealthy,0.588867,0.599609,0.818359,0.408203,0.33405659887699996,2.0047843842401942
train,unhealthy_0954.jpg,1,unhealthy,0.521973,0.780762,0.94043,0.40332,0.37929422760000003,2.3317217098085887
train,unhealthy_0954.jpg,1,unhealthy,0.468262,0.466309,0.866211,0.385742,0.334133963562,2.2455708737964755
train,unhealthy_0954.jpg,1,unhealthy,0.562012,0.221191,0.764648,0.416992,0.31885209881599996,1.8337234287468345
train,unhealthy_0955.jpg,1,unhealthy,0.522949,0.743164,0.899414,0.453125,0.40754696875,1.9849136551724138
train,unhealthy_0955.jpg,1,unhealthy,0.534668,0.369629,0.895508,0.458008,0.410149828064,1.9552234895460339
train,unhealthy_0956.jpg,1,unhealthy,0.628906,0.258301,0.679688,0.512695,0.34847263916,1.3257160690078895
train,unhealthy_0956.jpg,1,unhealthy,0.480957,0.507812,0.791992,0.378906,0.30009052075200005,2.090207069827345
train,unhealthy_0956.jpg,1,unhealthy,0.462891,0.836426,0.908203,0.327148,0.297116795044,2.776122733441745
train,unhealthy_0957.jpg,1,unhealthy,0.54834,0.275879,0.90332,0.495117,0.44724908844,1.8244576534435297
train,unhealthy_0957.jpg,1,unhealthy,0.491211,0.563477,0.888672,0.429688,0.381851694336,2.068179702481801
train,unhealthy_0957.jpg,1,unhealthy,0.441406,0.849121,0.857422,0.301758,0.258733947876,2.8414225969154088
train,unhealthy_0958.jpg,1,unhealthy,0.549316,0.38623,0.891602,0.475586,0.424033428772,1.8747440000336426
train,unhealthy_0958.jpg,1,unhealthy,0.488281,0.71875,0.939453,0.550781,0.5174328627929999,1.705674306121671
train,unhealthy_0959.jpg,1,unhealthy,0.564453,0.360352,0.871094,0.408203,0.355583184082,2.133972557771501
train,unhealthy_0959.jpg,1,unhealthy,0.501465,0.727051,0.94043,0.545898,0.51337885614,1.7227210944169058
train,unhealthy_0960.jpg,1,unhealthy,0.51123,0.35791,0.922852,0.401367,0.37040233868399997,2.29927223712961
train,unhealthy_0960.jpg,1,unhealthy,0.51123,0.744629,0.977539,0.50293,0.49163368927,1.9436879883880462
train,unhealthy_0961.jpg,1,unhealthy,0.350586,0.48291,0.503906,0.827148,0.41680484008799995,0.6092089928283693
train,unhealthy_0963.jpg,1,unhealthy,0.524414,0.568848,0.34375,0.838867,0.28836053125,0.40977890416478413
train,unhealthy_0963.jpg,1,unhealthy,0.223633,0.495605,0.341797,0.797852,0.272703420044,0.4283964945879687
train,unhealthy_0963.jpg,1,unhealthy,0.727539,0.412109,0.431641,0.617188,0.266403645508,0.6993671296266292
train,unhealthy_0964.jpg,1,unhealthy,0.873047,0.566406,0.253906,0.6875,0.17456037500000002,0.3693178181818182
train,unhealthy_0964.jpg,1,unhealthy,0.591309,0.598633,0.348633,0.697266,0.24308993737800003,0.5
train,unhealthy_0964.jpg,1,unhealthy,0.309082,0.501953,0.579102,0.601562,0.34836575732400005,0.9626638650712644
train,unhealthy_0966.jpg,1,unhealthy,0.568848,0.50293,0.305664,0.705078,0.215516961792,0.43351799375388256
train,unhealthy_0966.jpg,1,unhealthy,0.294434,0.475098,0.241211,0.643555,0.155232545105,0.37481023377955264
train,unhealthy_0966.jpg,0,healthy,0.708496,0.143066,0.583008,0.268555,0.15656971343999998,2.170907262944276
train,unhealthy_0968.jpg,1,unhealthy,0.759766,0.511719,0.433594,0.830078,0.359916840332,0.522353321013206
train,unhealthy_0968.jpg,1,unhealthy,0.29248,0.481445,0.463867,0.767578,0.35605410412599997,0.6043255538850775
train,unhealthy_0969.jpg,1,unhealthy,0.813477,0.488281,0.373047,0.730469,0.27249926904300004,0.5106951835053918
train,unhealthy_0969.jpg,1,unhealthy,0.455078,0.410156,0.289062,0.519531,0.150176669922,0.5563902827742714
train,unhealthy_0970.jpg,1,unhealthy,0.279297,0.507324,0.521484,0.770508,0.40180759387199994,0.676805432260275
train,unhealthy_0970.jpg,1,unhealthy,0.668457,0.550781,0.266602,0.773438,0.206200117676,0.3446973125189091
train,unhealthy_0971.jpg,1,unhealthy,0.495117,0.213867,0.775391,0.349609,0.27108367211900003,2.2178805465534355
train,unhealthy_0971.jpg,1,unhealthy,0.495117,0.615234,0.787109,0.408203,0.32130025512699995,1.9282293368740553
train,unhealthy_0972.jpg,1,unhealthy,0.428223,0.227051,0.30957,0.430664,0.13332065448,0.7188202403730054
train,unhealthy_0972.jpg,1,unhealthy,0.675781,0.333496,0.625,0.379883,0.237426875,1.6452434038901451
train,unhealthy_0972.jpg,1,unhealthy,0.627441,0.751465,0.745117,0.422852,0.315074213684,1.762122444732436
train,unhealthy_0973.jpg,1,unhealthy,0.554199,0.208008,0.729492,0.390625,0.2849578125,1.86749952
train,unhealthy_0973.jpg,1,unhealthy,0.54248,0.573242,0.915039,0.380859,0.348500838501,2.4025663040652843
train,unhealthy_0973.jpg,1,unhealthy,0.508789,0.828125,0.90625,0.34375,0.3115234375,2.6363636363636362
train,unhealthy_0974.jpg,1,unhealthy,0.507324,0.438477,0.985352,0.519531,0.511920909912,1.896618296117075
train,unhealthy_0974.jpg,1,unhealthy,0.408691,0.82373,0.81543,0.352539,0.28747087677,2.3130206870729197
train,unhealthy_0975.jpg,1,unhealthy,0.565918,0.367676,0.836914,0.56543,0.47321628302,1.4801372406840811
train,unhealthy_0975.jpg,1,unhealthy,0.535645,0.84082,0.928711,0.310547,0.288408414917,2.9905650352442623
train,unhealthy_0976.jpg,1,unhealthy,0.530762,0.718262,0.766602,0.454102,0.348115501404,1.6881713799983264
train,unhealthy_0976.jpg,1,unhealthy,0.469238,0.19043,0.666992,0.359375,0.23970025,1.8559777391304348
train,unhealthy_0976.jpg,1,unhealthy,0.538086,0.434082,0.798828,0.19043,0.15212081604,4.194864254581736
train,unhealthy_0977.jpg,1,unhealthy,0.349609,0.290527,0.527344,0.452148,0.238437534912,1.166308376903138
train,unhealthy_0977.jpg,1,unhealthy,0.474121,0.687012,0.600586,0.223633,0.134310848938,2.6855875474549817
train,unhealthy_0978.jpg,1,unhealthy,0.525879,0.209473,0.780273,0.375977,0.293364701721,2.0753210967692173
train,unhealthy_0978.jpg,1,unhealthy,0.484375,0.583984,0.755859,0.597656,0.45174366650399994,1.2647057839292168
train,unhealthy_0979.jpg,1,unhealthy,0.530762,0.34375,0.84082,0.507812,0.42697848584000003,1.6557702456814725
train,unhealthy_0979.jpg,1,unhealthy,0.453613,0.606934,0.743164,0.256836,0.190871269104,2.8935351741967636
train,unhealthy_0980.jpg,1,unhealthy,0.460449,0.231934,0.860352,0.40332,0.34699716864,2.133174650401666
train,unhealthy_0980.jpg,1,unhealthy,0.508789,0.648926,0.921875,0.678711,0.625686703125,1.3582732562165636
train,unhealthy_0981.jpg,1,unhealthy,0.393555,0.686523,0.751953,0.623047,0.468502060791,1.2068961089612822
train,unhealthy_0981.jpg,1,unhealthy,0.512207,0.299316,0.856445,0.452148,0.38723989386,1.894169608181392
train,unhealthy_0982.jpg,1,unhealthy,0.626465,0.361816,0.694336,0.702148,0.487526633728,0.9888741404945965
train,unhealthy_0982.jpg,1,unhealthy,0.525391,0.79541,0.917969,0.40918,0.37561455542,2.243435651791388
train,unhealthy_0983.jpg,1,unhealthy,0.312988,0.453613,0.504883,0.895508,0.45212676556399994,0.5637950749742046
train,unhealthy_0984.jpg,1,unhealthy,0.65918,0.605957,0.484375,0.776367,0.376052765625,0.6238995217468027
train,unhealthy_0984.jpg,1,unhealthy,0.286133,0.549805,0.535156,0.826172,0.44213090283199996,0.647753736510073
train,unhealthy_0985.jpg,1,unhealthy,0.534668,0.555176,0.504883,0.84082,0.42451572406,0.600465022240194
train,unhealthy_0985.jpg,1,unhealthy,0.124512,0.557129,0.24707,0.795898,0.19664251886,0.3104292258555745
train,unhealthy_0986.jpg,1,unhealthy,0.606445,0.491211,0.492188,0.871094,0.42874201367200004,0.5650228333566756
train,unhealthy_0986.jpg,1,unhealthy,0.172363,0.515625,0.342773,0.873047,0.299256939331,0.392616892332257
train,unhealthy_0987.jpg,1,unhealthy,0.712891,0.52002,0.535156,0.891602,0.477146159912,0.6002184831348516
train,unhealthy_0987.jpg,1,unhealthy,0.26416,0.525879,0.407227,0.881836,0.35910742877199997,0.4617944833279658
train,unhealthy_0988.jpg,1,unhealthy,0.493164,0.414062,0.789062,0.376953,0.297439288086,2.0932636164190233
train,unhealthy_0988.jpg,1,unhealthy,0.556152,0.117676,0.688477,0.227539,0.156655368103,3.025753826816502
train,unhealthy_0988.jpg,1,unhealthy,0.605469,0.739746,0.746094,0.469727,0.350460496338,1.5883566411979726
train,unhealthy_0989.jpg,1,unhealthy,0.359375,0.51709,0.427734,0.87207,0.37301398938,0.4904812687054938
train,unhealthy_0989.jpg,1,unhealthy,0.779785,0.49707,0.422852,0.810547,0.342741420044,0.5216872062940212
train,unhealthy_0990.jpg,1,unhealthy,0.428711,0.519531,0.384766,0.710938,0.27354477050799997,0.5412089380508568
train,unhealthy_0990.jpg,1,unhealthy,0.807617,0.540039,0.373047,0.722656,0.269584652832,0.5162165677722181
train,unhealthy_0990.jpg,1,unhealthy,0.194824,0.435547,0.387695,0.701172,0.27184087854,0.5529242468324462
train,unhealthy_0991.jpg,1,unhealthy,0.568359,0.411621,0.453125,0.821289,0.372146578125,0.5517241799171789
train,unhealthy_0991.jpg,1,unhealthy,0.894043,0.438477,0.202148,0.798828,0.161481482544,0.2530557266395269
train,unhealthy_0991.jpg,1,unhealthy,0.171387,0.432617,0.333008,0.863281,0.287479479248,0.3857469352389315
train,unhealthy_0992.jpg,1,unhealthy,0.296387,0.402344,0.432617,0.802734,0.34727637487799995,0.5389294585753188
train,unhealthy_0992.jpg,1,unhealthy,0.753418,0.42627,0.436523,0.836914,0.365332210022,0.5215864473530135
train,unhealthy_0993.jpg,1,unhealthy,0.361816,0.48291,0.424805,0.907227,0.38539456573499997,0.4682455438385321
train,unhealthy_0993.jpg,1,unhealthy,0.720703,0.396973,0.525391,0.780273,0.40994841174300006,0.6733425352408708
train,unhealthy_0994.jpg,1,unhealthy,0.508301,0.486328,0.510742,0.958984,0.489793406128,0.5325865707874168
train,unhealthy_0994.jpg,1,unhealthy,0.165527,0.531738,0.329102,0.850586,0.279929553772,0.3869120817883201
train,unhealthy_0995.jpg,1,unhealthy,0.359863,0.378418,0.407227,0.741211,0.30184113189699996,0.5494076585479709
train,unhealthy_0995.jpg,1,unhealthy,0.765137,0.348145,0.436523,0.686523,0.299683079529,0.6358461406245676
train,unhealthy_0996.jpg,1,unhealthy,0.570801,0.529297,0.46582,0.917969,0.42760831958,0.5074463298869569
train,unhealthy_0997.jpg,1,unhealthy,0.616211,0.48291,0.671875,0.961914,0.64628596875,0.6984772027436964
train,unhealthy_0999.jpg,1,unhealthy,0.303711,0.508301,0.433594,0.950195,0.41199885083,0.45632107093807056
train,unhealthy_0999.jpg,1,unhealthy,0.725098,0.480469,0.512695,0.847656,0.43458899292,0.604838519399379
train,unhealthy_1000.jpg,1,unhealthy,0.251953,0.452148,0.416016,0.863281,0.359138708496,0.48190102643287647
train,unhealthy_1000.jpg,1,unhealthy,0.698242,0.463867,0.589844,0.835938,0.493073013672,0.7056073536554147
train,unhealthy_1001.jpg,1,unhealthy,0.560059,0.508301,0.532227,0.97168,0.51715433136,0.5477389675613371
train,unhealthy_1001.jpg,1,unhealthy,0.151855,0.428223,0.301758,0.817383,0.24665185931400002,0.3691757719453427
train,unhealthy_1003.jpg,1,unhealthy,0.499023,0.473145,0.503906,0.944336,0.47585657641599993,0.5336088002575354
train,unhealthy_1003.jpg,1,unhealthy,0.123047,0.396973,0.226562,0.791992,0.179435291504,0.28606602086889765
train,unhealthy_1004.jpg,1,unhealthy,0.512207,0.51123,0.491211,0.938477,0.460990225647,0.5234129339344491
train,unhealthy_1004.jpg,1,unhealthy,0.817871,0.418457,0.34668,0.823242,0.28540153656,0.42111554075229396
train,unhealthy_1004.jpg,1,unhealthy,0.141602,0.473145,0.28125,0.944336,0.2655945,0.29782831534538556
train,unhealthy_1005.jpg,1,unhealthy,0.200684,0.439941,0.348633,0.87793,0.30607536969000004,0.3971079698837037
train,unhealthy_1005.jpg,1,unhealthy,0.556152,0.493164,0.592773,0.962891,0.570775786743,0.6156179671426983
train,unhealthy_1007.jpg,1,unhealthy,0.21582,0.46875,0.425781,0.914062,0.389190232422,0.4658119471108087
train,unhealthy_1007.jpg,1,unhealthy,0.598633,0.479004,0.435547,0.93457,0.40704915979,0.46603999700396975
train,unhealthy_1008.jpg,1,unhealthy,0.317871,0.508301,0.594727,0.922852,0.548845001404,0.6444446130040353
train,unhealthy_1008.jpg,1,unhealthy,0.719238,0.524902,0.541992,0.879883,0.476889546936,0.6159818975932028
train,unhealthy_1009.jpg,1,unhealthy,0.213867,0.589355,0.380859,0.821289,0.312795307251,0.4637332291069282
train,unhealthy_1009.jpg,1,unhealthy,0.562988,0.616211,0.329102,0.748047,0.246183763794,0.43994829201908436
train,unhealthy_1009.jpg,1,unhealthy,0.860352,0.616211,0.275391,0.724609,0.19955079711899998,0.38005462256196104
train,unhealthy_1010.jpg,1,unhealthy,0.602051,0.437012,0.489258,0.762695,0.37315463031,0.6414857839634455
train,unhealthy_1010.jpg,1,unhealthy,0.204102,0.522461,0.345703,0.646484,0.22349145825199998,0.53474331924688
train,unhealthy_1011.jpg,1,unhealthy,0.615234,0.4375,0.486328,0.814453,0.396091298584,0.5971222403257155
train,unhealthy_1011.jpg,1,unhealthy,0.240723,0.48877,0.399414,0.74707,0.29839021698,0.5346406628562249
train,unhealthy_1012.jpg,1,unhealthy,0.75,0.447266,0.496094,0.613281,0.304245024414,0.8089179348455275
train,unhealthy_1012.jpg,1,unhealthy,0.273926,0.472656,0.393555,0.773438,0.30439039208999996,0.5088384589327134
train,unhealthy_1013.jpg,1,unhealthy,0.621094,0.463867,0.658203,0.830078,0.546359829834,0.7929411452899607
train,unhealthy_1016.jpg,1,unhealthy,0.463867,0.461426,0.857422,0.385742,0.330743677124,2.2227862146201347
train,unhealthy_1016.jpg,1,unhealthy,0.441406,0.845703,0.761719,0.265625,0.202331609375,2.867648
train,unhealthy_1017.jpg,1,unhealthy,0.493164,0.521973,0.398438,0.90918,0.36225186084,0.43823885259244594
train,unhealthy_1017.jpg,1,unhealthy,0.805664,0.598145,0.332031,0.772461,0.256480998291,0.4298352926555516
train,unhealthy_1018.jpg,1,unhealthy,0.57666,0.527832,0.500977,0.944336,0.473090616272,0.5305071499974585
train,unhealthy_1018.jpg,1,unhealthy,0.173828,0.449707,0.337891,0.885742,0.299284250122,0.381477902143062
train,unhealthy_1020.jpg,1,unhealthy,0.593262,0.475586,0.47168,0.943359,0.44496357311999996,0.5000005300209146
train,unhealthy_1020.jpg,1,unhealthy,0.352051,0.408203,0.374023,0.804688,0.30097181982399995,0.4648049927425288
train,unhealthy_1020.jpg,1,unhealthy,0.211914,0.580566,0.404297,0.338867,0.13700291149899999,1.1930846025136708
train,unhealthy_1021.jpg,1,unhealthy,0.461914,0.812012,0.90625,0.360352,0.326569,2.514902095728621
train,unhealthy_1021.jpg,1,unhealthy,0.504883,0.566406,0.990234,0.337891,0.33459115649399995,2.930631475830963
train,unhealthy_1022.jpg,0,healthy,0.203125,0.771973,0.404297,0.233398,0.09436211120600001,1.7322213557956796
train,unhealthy_1022.jpg,1,unhealthy,0.293457,0.453125,0.416992,0.570312,0.237815541504,0.7311646958156236
train,unhealthy_1022.jpg,1,unhealthy,0.564941,0.365234,0.276367,0.683594,0.18892282299799998,0.4042852921470931
train,unhealthy_1023.jpg,1,unhealthy,0.250488,0.481934,0.393555,0.567383,0.223296416565,0.6936319910889117
train,unhealthy_1023.jpg,1,unhealthy,0.436523,0.350586,0.246094,0.681641,0.167747760254,0.361031686767668
train,unhealthy_1023.jpg,1,unhealthy,0.655762,0.356445,0.198242,0.660156,0.130870645752,0.3002956876859409
train,unhealthy_1023.jpg,1,unhealthy,0.875,0.495605,0.228516,0.469727,0.107340135132,0.48648683171288853
train,unhealthy_1024.jpg,1,unhealthy,0.337402,0.32373,0.295898,0.553711,0.16384197747799997,0.534390683948847
train,unhealthy_1024.jpg,1,unhealthy,0.598145,0.318359,0.223633,0.541016,0.12098903112800001,0.4133574607775001
train,unhealthy_1024.jpg,1,unhealthy,0.82959,0.493652,0.34082,0.366211,0.12481203302,0.9306656544997283
train,unhealthy_1025.jpg,1,unhealthy,0.459473,0.450195,0.245117,0.574219,0.140750838623,0.4268702359204415
train,unhealthy_1025.jpg,1,unhealthy,0.10791,0.316406,0.213867,0.519531,0.111110536377,0.4116539725252199
train,unhealthy_1025.jpg,1,unhealthy,0.674805,0.372559,0.210938,0.610352,0.128746430176,0.34560057147351037
train,unhealthy_1025.jpg,1,unhealthy,0.861816,0.801758,0.276367,0.378906,0.104717114502,0.7293814296949638
train,unhealthy_1026.jpg,1,unhealthy,0.15332,0.318359,0.304688,0.623047,0.189834944336,0.4890289175615965
train,unhealthy_1026.jpg,1,unhealthy,0.336914,0.313965,0.210938,0.620117,0.130806239746,0.34015838946521376
train,unhealthy_1026.jpg,1,unhealthy,0.514648,0.302246,0.171875,0.602539,0.10356139062500001,0.28525124514761696
train,unhealthy_1026.jpg,1,unhealthy,0.76416,0.351562,0.47168,0.542969,0.25610761792000003,0.8687052115314133
train,unhealthy_1026.jpg,1,unhealthy,0.806641,0.640625,0.386719,0.175781,0.06797785253899999,2.200004551117584
train,unhealthy_1026.jpg,1,unhealthy,0.80957,0.802246,0.380859,0.161133,0.061368953247,2.363631285956322
train,unhealthy_1027.jpg,1,unhealthy,0.3125,0.574219,0.386719,0.779297,0.301368956543,0.4962408427082357
train,unhealthy_1027.jpg,1,unhealthy,0.733887,0.572754,0.532227,0.680664,0.36226775872800004,0.7819232396600966
train,unhealthy_1028.jpg,1,unhealthy,0.374512,0.164551,0.672852,0.327148,0.220122186096,2.0567205057038405
train,unhealthy_1028.jpg,1,unhealthy,0.605957,0.781738,0.620117,0.356445,0.221037604065,1.739727026609996
train,unhealthy_1028.jpg,0,healthy,0.461426,0.47998,0.708008,0.145508,0.103020828064,4.865766830689721
train,unhealthy_1029.jpg,1,unhealthy,0.564941,0.826172,0.700195,0.296875,0.207870390625,2.3585515789473686
train,unhealthy_1029.jpg,1,unhealthy,0.590332,0.529785,0.620117,0.274414,0.170168786438,2.2597863082787324
train,unhealthy_1030.jpg,1,unhealthy,0.554688,0.847656,0.646484,0.304688,0.19697591699199998,2.121790159113585
train,unhealthy_1030.jpg,1,unhealthy,0.562988,0.557617,0.666992,0.234375,0.15632625,2.8458325333333336
train,unhealthy_1031.jpg,1,unhealthy,0.449219,0.793457,0.626953,0.413086,0.258985506958,1.5177299642205255
train,unhealthy_1031.jpg,1,unhealthy,0.536621,0.27832,0.579102,0.546875,0.31669640625,1.0589293714285715
train,unhealthy_1032.jpg,1,unhealthy,0.32959,0.455078,0.303711,0.837891,0.25447671350100004,0.36247077483825463
train,unhealthy_1032.jpg,1,unhealthy,0.653809,0.48877,0.342773,0.776367,0.266117645691,0.4415089770688347
train,unhealthy_1033.jpg,1,unhealthy,0.241699,0.537598,0.356445,0.737305,0.262808680725,0.4834430798651847
train,unhealthy_1033.jpg,1,unhealthy,0.557129,0.517578,0.366211,0.806641,0.29540080725100004,0.4539950238086088
train,unhealthy_1034.jpg,1,unhealthy,0.52002,0.464355,0.245117,0.87207,0.21375918219,0.2810749137110553
train,unhealthy_1034.jpg,0,healthy,0.300293,0.466797,0.223633,0.804688,0.17995479150399998,0.277912681685324
train,unhealthy_1034.jpg,1,unhealthy,0.808594,0.391113,0.382812,0.706055,0.27028632665999996,0.5421843907344328
train,unhealthy_1035.jpg,1,unhealthy,0.522949,0.463379,0.233398,0.868164,0.202627741272,0.2688409102427652
train,unhealthy_1035.jpg,0,healthy,0.310059,0.441406,0.260742,0.839844,0.21898260424799998,0.31046480060582676
train,unhealthy_1035.jpg,1,unhealthy,0.807617,0.396484,0.384766,0.708984,0.272792937744,0.542700540491746
train,unhealthy_1036.jpg,1,unhealthy,0.376465,0.539551,0.319336,0.874023,0.279107008728,0.36536338288580505
train,unhealthy_1036.jpg,0,healthy,0.607422,0.563477,0.253906,0.857422,0.21770459033200001,0.29612722789944745
train,unhealthy_1036.jpg,1,unhealthy,0.818848,0.587402,0.241211,0.817383,0.197161770813,0.2951015619360814
train,unhealthy_1037.jpg,1,unhealthy,0.646484,0.512695,0.203125,0.841797,0.170990015625,0.24129926811333374
train,unhealthy_1037.jpg,1,unhealthy,0.467285,0.498535,0.198242,0.836914,0.16591150518800002,0.23687260578745245
train,unhealthy_1037.jpg,0,healthy,0.822266,0.5625,0.234375,0.728516,0.1707459375,0.32171565209274744
train,unhealthy_1037.jpg,1,unhealthy,0.290527,0.421875,0.262695,0.673828,0.17701124646,0.38985468101652054
train,unhealthy_1038.jpg,0,healthy,0.205078,0.464355,0.255859,0.87207,0.22312695813,0.29339273223479767
train,unhealthy_1038.jpg,1,unhealthy,0.420898,0.544434,0.253906,0.899414,0.22836661108400003,0.28230158747806905
train,unhealthy_1038.jpg,1,unhealthy,0.664062,0.541504,0.324219,0.858398,0.278308941162,0.377702417759594
train,unhealthy_1039.jpg,1,unhealthy,0.637207,0.553711,0.34668,0.841797,0.29183418396,0.4118332567115349
train,unhealthy_1039.jpg,1,unhealthy,0.314941,0.625977,0.374023,0.701172,0.262254454956,0.5334254647932318
train,unhealthy_1040.jpg,1,unhealthy,0.539551,0.550293,0.374023,0.848633,0.317408260559,0.4407358657982897
train,unhealthy_1040.jpg,1,unhealthy,0.210449,0.616211,0.379883,0.767578,0.291589833374,0.49491126634687294
train,unhealthy_1040.jpg,1,unhealthy,0.716309,0.449707,0.522461,0.635742,0.332150401062,0.8218129366944451
train,unhealthy_1041.jpg,0,healthy,0.544922,0.584473,0.445312,0.78418,0.34920476415999996,0.5678696217705118
train,unhealthy_1041.jpg,1,unhealthy,0.69873,0.308594,0.602539,0.535156,0.322452361084,1.1259128179446742
train,unhealthy_1041.jpg,1,unhealthy,0.106934,0.623535,0.211914,0.75293,0.15955640801999998,0.28145245905993915
train,unhealthy_1042.jpg,0,healthy,0.837891,0.403809,0.244141,0.59668,0.14567405188,0.4091657169672186
train,unhealthy_1042.jpg,1,unhealthy,0.742676,0.519043,0.18457,0.770508,0.14221266156,0.23954326236716558
train,unhealthy_1042.jpg,1,unhealthy,0.55957,0.533691,0.181641,0.772461,0.14031058850099998,0.2351458520235973
train,unhealthy_1043.jpg,1,unhealthy,0.495605,0.518066,0.34082,0.737305,0.2512882901,0.46225103586711064
train,unhealthy_1043.jpg,1,unhealthy,0.194824,0.44043,0.375977,0.685547,0.25774990441900003,0.5484335866104002
train,unhealthy_1043.jpg,0,healthy,0.820312,0.469238,0.347656,0.692383,0.240711104248,0.5021151588066143
train,unhealthy_1044.jpg,0,healthy,0.492188,0.533691,0.335938,0.762695,0.25621823291,0.4404617835438806
train,unhealthy_1044.jpg,1,unhealthy,0.219727,0.486816,0.425781,0.743164,0.316425111084,0.5729300665801895
train,unhealthy_1044.jpg,1,unhealthy,0.799316,0.425293,0.379883,0.735352,0.27934772381600004,0.5166002132312145
train,unhealthy_1045.jpg,1,unhealthy,0.445312,0.512695,0.505859,0.943359,0.4772066403809999,0.5362316997028702
train,unhealthy_1046.jpg,1,unhealthy,0.713379,0.55127,0.571289,0.655273,0.374350256897,0.8718335716563936
train,unhealthy_1046.jpg,1,unhealthy,0.481445,0.608887,0.378906,0.766602,0.29047009741200003,0.49426690773047816
train,unhealthy_1046.jpg,1,unhealthy,0.152832,0.625488,0.288086,0.749023,0.215783039978,0.3846156927090357
train,unhealthy_1047.jpg,1,unhealthy,0.703125,0.47998,0.353516,0.924805,0.32693336438,0.38226004400927766
train,unhealthy_1047.jpg,1,unhealthy,0.276367,0.495605,0.513672,0.989258,0.508154135376,0.5192497811491037
train,unhealthy_1048.jpg,1,unhealthy,0.52002,0.543457,0.432617,0.711914,0.307986098938,0.6076815458046898
train,unhealthy_1048.jpg,1,unhealthy,0.839355,0.502441,0.288086,0.69043,0.19890321698,0.417255912981765
train,unhealthy_1049.jpg,0,healthy,0.702637,0.709961,0.30957,0.507812,0.15720336084000003,0.6096153694674407
train,unhealthy_1049.jpg,1,unhealthy,0.515137,0.719238,0.208008,0.46582,0.09689428656,0.44654158258554805
train,unhealthy_1049.jpg,1,unhealthy,0.302246,0.622559,0.31543,0.397461,0.12537112323,0.7936124550584837
train,unhealthy_1050.jpg,1,unhealthy,0.400879,0.522461,0.782227,0.251953,0.19708443933099998,3.104654439518482
train,unhealthy_1050.jpg,1,unhealthy,0.476562,0.73877,0.708984,0.422852,0.299795302368,1.676671743304986
train,unhealthy_1050.jpg,1,unhealthy,0.362793,0.283203,0.670898,0.332031,0.22275893383800002,2.020588439031295
train,unhealthy_1051.jpg,1,unhealthy,0.41748,0.45752,0.543945,0.561523,0.305437628235,0.968695850392593
train,unhealthy_1052.jpg,1,unhealthy,0.370605,0.621094,0.581055,0.708984,0.41195869811999997,0.8195601029078231
train,unhealthy_1052.jpg,1,unhealthy,0.817871,0.628418,0.338867,0.725586,0.24587715106199998,0.46702527336525235
train,unhealthy_1053.jpg,0,healthy,0.573242,0.561035,0.28125,0.395508,0.111236625,0.7111107739919293
train,unhealthy_1053.jpg,0,healthy,0.76123,0.686523,0.401367,0.34375,0.13796990625,1.167613090909091
train,unhealthy_1053.jpg,1,unhealthy,0.237305,0.222168,0.257812,0.24707,0.06369761084,1.0434775569676609
train,unhealthy_1053.jpg,1,unhealthy,0.137695,0.185059,0.253906,0.229492,0.058269395752000006,1.1063827932999843
train,unhealthy_1053.jpg,1,unhealthy,0.394043,0.54834,0.200195,0.356445,0.07135850677500001,0.5616434513038477
train,unhealthy_1054.jpg,1,unhealthy,0.234375,0.55957,0.402344,0.574219,0.231033569336,0.7006804024248587
train,unhealthy_1054.jpg,1,unhealthy,0.569336,0.514648,0.369141,0.619141,0.22855032788100002,0.596214755604943
train,unhealthy_1054.jpg,1,unhealthy,0.372559,0.523926,0.352539,0.606445,0.213795513855,0.5813206473793996
train,unhealthy_1054.jpg,1,unhealthy,0.710449,0.758789,0.295898,0.390625,0.11558515625,0.75749888
train,unhealthy_1055.jpg,1,unhealthy,0.408203,0.526367,0.464844,0.646484,0.30051420849599997,0.7190340364185347
train,unhealthy_1055.jpg,1,unhealthy,0.380371,0.228027,0.647461,0.444336,0.287690230896,1.457142792841453
train,unhealthy_1056.jpg,1,unhealthy,0.459473,0.586426,0.358398,0.655273,0.234848532654,0.5469445559331759
train,unhealthy_1056.jpg,1,unhealthy,0.26416,0.609863,0.301758,0.448242,0.135260609436,0.673203314281125
train,unhealthy_1057.jpg,1,unhealthy,0.476074,0.575195,0.633789,0.806641,0.5112401927490001,0.785713842961119
train,unhealthy_1058.jpg,1,unhealthy,0.556641,0.636719,0.773438,0.638672,0.493973194336,1.2110097201693513
train,unhealthy_1059.jpg,0,healthy,0.519043,0.702148,0.15332,0.136719,0.020961757080000004,1.1214242351099701
train,unhealthy_1059.jpg,0,healthy,0.413086,0.696289,0.095703,0.134766,0.012897510498,0.710142023952629
train,unhealthy_1059.jpg,0,healthy,0.319336,0.689941,0.082031,0.106445,0.008731789795,0.7706421156465781
train,unhealthy_1059.jpg,0,healthy,0.533691,0.44873,0.116211,0.161133,0.018725427063,0.7212116698627842
train,unhealthy_1059.jpg,1,unhealthy,0.616699,0.495117,0.163086,0.121094,0.019748736084,1.3467719292450495
train,unhealthy_1059.jpg,1,unhealthy,0.442383,0.444336,0.09375,0.144531,0.01354978125,0.6486497706374411
train,unhealthy_1059.jpg,1,unhealthy,0.36084,0.433594,0.069336,0.136719,0.009479548584,0.5071423869396352
train,unhealthy_1059.jpg,1,unhealthy,0.605469,0.205078,0.087891,0.164062,0.014419573242000001,0.5357182040935743
train,unhealthy_1059.jpg,1,unhealthy,0.516602,0.217773,0.078125,0.154297,0.012054453125,0.5063287037337084
train,unhealthy_1059.jpg,1,unhealthy,0.540039,0.786133,0.123047,0.089844,0.011055034667999999,1.369562797738302
train,unhealthy_1059.jpg,0,healthy,0.671875,0.280762,0.132812,0.135742,0.018028166504000003,0.9784149342134344
train,unhealthy_1059.jpg,1,unhealthy,0.678711,0.533203,0.160156,0.113281,0.018142631836,1.4137940166488643
train,unhealthy_1060.jpg,1,unhealthy,0.416016,0.440918,0.230469,0.354492,0.08169941674799999,0.6501387901560544
train,unhealthy_1060.jpg,1,unhealthy,0.623535,0.415527,0.344727,0.366211,0.126242819397,0.9413343673456013
train,unhealthy_1060.jpg,1,unhealthy,0.79248,0.662109,0.399414,0.113281,0.045246017334,3.525869298470176
train,unhealthy_1060.jpg,1,unhealthy,0.440918,0.78125,0.364258,0.361328,0.131616614624,1.0081089757782404
train,unhealthy_1060.jpg,0,healthy,0.225586,0.679688,0.189453,0.259766,0.049213447998,0.7293217742121756
train,unhealthy_1060.jpg,0,healthy,0.121582,0.677734,0.213867,0.3125,0.0668334375,0.6843744
train,unhealthy_1061.jpg,1,unhealthy,0.460938,0.675781,0.404297,0.572266,0.23136542700200002,0.7064843971160264
train,unhealthy_1061.jpg,1,unhealthy,0.171387,0.682617,0.334961,0.501953,0.168134678833,0.6673154657906218
train,unhealthy_1062.jpg,1,unhealthy,0.348145,0.445801,0.344727,0.416992,0.14374840118399998,0.826699313176272
train,unhealthy_1062.jpg,1,unhealthy,0.20166,0.496582,0.391602,0.399414,0.156411321228,0.9804413465727291
train,unhealthy_1062.jpg,0,healthy,0.580078,0.437012,0.203125,0.489258,0.09938053125,0.41516950157176785
train,unhealthy_1063.jpg,1,unhealthy,0.283203,0.327148,0.230469,0.273438,0.063018982422,0.8428565159195137
train,unhealthy_1063.jpg,1,unhealthy,0.624512,0.34082,0.327148,0.222656,0.07284146508799999,1.4692979304397815
train,unhealthy_1064.jpg,1,unhealthy,0.471191,0.516113,0.663086,0.260742,0.17289436981199996,2.5430732294758807
train,unhealthy_1064.jpg,1,unhealthy,0.455078,0.237793,0.691406,0.344727,0.238346316162,2.0056624517371717
train,unhealthy_1064.jpg,1,unhealthy,0.543945,0.821777,0.683594,0.342773,0.234317566162,1.994305269084788
train,unhealthy_1065.jpg,1,unhealthy,0.449707,0.34668,0.852539,0.369141,0.314707098999,2.309521294031278
train,unhealthy_1066.jpg,1,unhealthy,0.407227,0.434082,0.798828,0.532227,0.425157829956,1.5009159625498143
train,unhealthy_1067.jpg,1,unhealthy,0.454102,0.501465,0.835938,0.44043,0.36817217333999996,1.8980042231455623
train,unhealthy_1068.jpg,1,unhealthy,0.458984,0.486816,0.816406,0.401367,0.32767842700199995,2.0340635876890727
train,unhealthy_1069.jpg,1,unhealthy,0.4375,0.453613,0.806641,0.420898,0.339513583618,1.916476200884775
train,unhealthy_1070.jpg,1,unhealthy,0.422852,0.599609,0.789062,0.457031,0.36062579492200003,1.7264955768864694
train,unhealthy_1071.jpg,1,unhealthy,0.48877,0.520508,0.750977,0.443359,0.332952411743,1.6938350185741127
train,unhealthy_1072.jpg,1,unhealthy,0.458496,0.31543,0.780273,0.423828,0.330701545044,1.841013335598403
train,unhealthy_1073.jpg,1,unhealthy,0.554688,0.524414,0.738281,0.722656,0.5335231943359999,1.0216216291015365
train,unhealthy_1074.jpg,1,unhealthy,0.400391,0.37793,0.425781,0.724609,0.308524744629,0.5876010372490544
train,unhealthy_1074.jpg,1,unhealthy,0.73291,0.431152,0.383789,0.731445,0.280720545105,0.5246997381894742
train,unhealthy_1075.jpg,1,unhealthy,0.745117,0.360352,0.414062,0.689453,0.285476288086,0.600565955909975
train,unhealthy_1076.jpg,1,unhealthy,0.265625,0.565918,0.425781,0.805664,0.34303642358400005,0.5284845791794097
train,unhealthy_1076.jpg,1,unhealthy,0.588379,0.503418,0.557617,0.706055,0.393708270935,0.789764253493
train,unhealthy_1077.jpg,1,unhealthy,0.660645,0.60791,0.518555,0.739258,0.38334593218999996,0.7014533491690317
train,unhealthy_1077.jpg,1,unhealthy,0.234375,0.474609,0.466797,0.724609,0.338245307373,0.6442053576480558
train,unhealthy_1078.jpg,1,unhealthy,0.481445,0.558594,0.417969,0.648438,0.27102698242199996,0.6445782017710251
train,unhealthy_1078.jpg,1,unhealthy,0.731445,0.539062,0.242188,0.681641,0.165085270508,0.3553013976565376
train,unhealthy_1079.jpg,0,healthy,0.407227,0.40625,0.226562,0.619141,0.14027382324200002,0.36592957016253164
train,unhealthy_1079.jpg,1,unhealthy,0.211914,0.535156,0.408203,0.451172,0.184169763916,0.9047613770358088
train,unhealthy_1079.jpg,1,unhealthy,0.772461,0.566895,0.353516,0.413086,0.146032510376,0.8557927404947153
train,unhealthy_1080.jpg,1,unhealthy,0.393555,0.586426,0.613281,0.743164,0.455768361084,0.8252296935804209
train,unhealthy_1081.jpg,1,unhealthy,0.570801,0.552246,0.526367,0.895508,0.471365859436,0.5877859270938953
train,unhealthy_1081.jpg,1,unhealthy,0.332031,0.638184,0.302734,0.723633,0.219068312622,0.4183529496305448
train,unhealthy_1082.jpg,1,unhealthy,0.562988,0.383789,0.545898,0.294922,0.160997329956,1.8509911095137017
train,unhealthy_1083.jpg,1,unhealthy,0.605957,0.468262,0.647461,0.178711,0.115708402771,3.622949902356318
train,unhealthy_1083.jpg,1,unhealthy,0.571777,0.210449,0.612305,0.311523,0.190747090515,1.9655210048696243
train,unhealthy_1083.jpg,0,healthy,0.679688,0.679688,0.638672,0.220703,0.14095682641600002,2.8938075150768228
train,unhealthy_1084.jpg,1,unhealthy,0.329102,0.513184,0.556641,0.30957,0.17231935437,1.7981102820040702
train,unhealthy_1084.jpg,1,unhealthy,0.856445,0.296875,0.287109,0.550781,0.158134182129,0.521276151501232
train,unhealthy_1084.jpg,0,healthy,0.711914,0.39502,0.220703,0.348633,0.076944348999,0.633052522279876
train,unhealthy_1085.jpg,1,unhealthy,0.459473,0.522461,0.428711,0.558594,0.23947539233400003,0.7674822858820538
train,unhealthy_1086.jpg,1,unhealthy,0.557617,0.553711,0.410156,0.658203,0.269965909668,0.623145139113617
train,unhealthy_1087.jpg,1,unhealthy,0.408203,0.609375,0.384766,0.669922,0.257763208252,0.5743444759240628
train,unhealthy_1088.jpg,1,unhealthy,0.567383,0.624512,0.494141,0.293945,0.145250276245,1.6810661858510945
train,unhealthy_1088.jpg,1,unhealthy,0.576172,0.356934,0.527344,0.28418,0.14986061792,1.8556689422197201
train,unhealthy_1089.jpg,1,unhealthy,0.681641,0.425781,0.3125,0.654297,0.2044678125,0.47761184905325865
train,unhealthy_1089.jpg,1,unhealthy,0.483887,0.42627,0.202148,0.649414,0.131277741272,0.3112775517620501
train,unhealthy_1090.jpg,1,unhealthy,0.491211,0.561035,0.443359,0.717773,0.318231119507,0.6176869288758424
train,unhealthy_1091.jpg,0,healthy,0.780762,0.498535,0.383789,0.368164,0.141297293396,1.0424403255071109
train,unhealthy_1091.jpg,1,unhealthy,0.629395,0.638672,0.350586,0.402344,0.141056173584,0.8713588372139265
train,unhealthy_1091.jpg,1,unhealthy,0.258789,0.599609,0.212891,0.490234,0.104366406494,0.434264045333453
train,unhealthy_1092.jpg,1,unhealthy,0.623535,0.605469,0.473633,0.474609,0.224790484497,0.9979435703916277
train,unhealthy_1093.jpg,1,unhealthy,0.508301,0.640137,0.59668,0.49707,0.2965917276,1.2003943106604702
train,unhealthy_1093.jpg,1,unhealthy,0.589844,0.305664,0.820312,0.345703,0.283584319336,2.372880767595306
train,unhealthy_1094.jpg,1,unhealthy,0.643066,0.473633,0.458008,0.824219,0.377498895752,0.5556872627299297
train,unhealthy_1095.jpg,1,unhealthy,0.361328,0.530762,0.273438,0.745117,0.203743302246,0.36697324044411817
train,unhealthy_1095.jpg,1,unhealthy,0.600586,0.595703,0.314453,0.697266,0.219257385498,0.4509799703413044
train,unhealthy_1095.jpg,1,unhealthy,0.158691,0.675293,0.31543,0.524414,0.16541590802,0.6014904255035143
train,unhealthy_1096.jpg,1,unhealthy,0.390625,0.650391,0.353516,0.699219,0.247185104004,0.5055869477231024
train,unhealthy_1096.jpg,1,unhealthy,0.655762,0.645508,0.348633,0.708984,0.247175218872,0.49173606174469386
train,unhealthy_1097.jpg,1,unhealthy,0.434082,0.452637,0.40332,0.624023,0.25168095636,0.6463223310679254
train,unhealthy_1098.jpg,1,unhealthy,0.540039,0.376465,0.898438,0.44043,0.39569904833999997,2.0399109960720203
train,unhealthy_1099.jpg,1,unhealthy,0.476562,0.591309,0.880859,0.358398,0.315698103882,2.4577676214711017
train,unhealthy_1100.jpg,1,unhealthy,0.517578,0.651367,0.753906,0.427734,0.322471229004,1.7625580384070472
train,unhealthy_1101.jpg,1,unhealthy,0.298828,0.544922,0.283203,0.847656,0.24005872216799998,0.3341013335598403
train,unhealthy_1101.jpg,1,unhealthy,0.577148,0.560059,0.318359,0.793945,0.25275953625500003,0.4009836953441359
train,unhealthy_1102.jpg,1,unhealthy,0.324219,0.489258,0.40625,0.816406,0.3316649375,0.4976078078799029
train,unhealthy_1102.jpg,1,unhealthy,0.665527,0.452148,0.379883,0.804688,0.305687291504,0.47208731831467604
train,unhealthy_1103.jpg,1,unhealthy,0.414551,0.395508,0.825195,0.273438,0.22563967041000002,3.0178504816448335
train,unhealthy_1103.jpg,0,healthy,0.41748,0.662109,0.833008,0.269531,0.224521479248,3.090583272425064
train,unhealthy_1103.jpg,1,unhealthy,0.437012,0.17334,0.836914,0.30957,0.25908346698,2.7034725587104695
train,unhealthy_1104.jpg,1,unhealthy,0.467773,0.287598,0.798828,0.34082,0.27225655896,2.3438413238659703
train,unhealthy_1104.jpg,1,unhealthy,0.500977,0.617676,0.785156,0.317383,0.24919516674800002,2.4738439046829854
train,unhealthy_1105.jpg,1,unhealthy,0.547363,0.507324,0.46582,0.985352,0.45899666864,0.47274476532244314
train,unhealthy_1106.jpg,1,unhealthy,0.497559,0.452637,0.916992,0.563477,0.516703901184,1.6273814192948426
train,unhealthy_1107.jpg,1,unhealthy,0.44873,0.478516,0.858398,0.408203,0.35040063879399996,2.102870385567965
train,unhealthy_1108.jpg,1,unhealthy,0.538574,0.604492,0.461914,0.707031,0.326587517334,0.6533150597357118
train,unhealthy_1109.jpg,1,unhealthy,0.543945,0.522949,0.912109,0.401367,0.36609045300299997,2.272506210027232
train,unhealthy_1110.jpg,1,unhealthy,0.532227,0.507324,0.935547,0.397461,0.371843446167,2.353808298172651
train,unhealthy_1111.jpg,1,unhealthy,0.54541,0.512207,0.90332,0.424805,0.3837348526,2.12643448170337
train,unhealthy_1112.jpg,0,healthy,0.460938,0.475098,0.509766,0.668945,0.34100541687,0.76204471219607
train,unhealthy_1112.jpg,1,unhealthy,0.640137,0.247559,0.713867,0.487305,0.347870958435,1.464928535516771
train,unhealthy_1112.jpg,1,unhealthy,0.191895,0.620605,0.381836,0.758789,0.289732956604,0.5032176270346566
train,unhealthy_1113.jpg,1,unhealthy,0.282715,0.496582,0.522461,0.813477,0.42501000689699997,0.642256634176504
train,unhealthy_1113.jpg,1,unhealthy,0.741699,0.582031,0.446289,0.748047,0.333845147583,0.5966055608805328
train,unhealthy_1114.jpg,1,unhealthy,0.671387,0.59668,0.52832,0.767578,0.40552680896,0.6882948703584522
train,unhealthy_1114.jpg,1,unhealthy,0.272949,0.472656,0.477539,0.8125,0.3880004375,0.5877403076923077
train,unhealthy_1115.jpg,1,unhealthy,0.276855,0.483887,0.522461,0.811523,0.42398911810299994,0.6438030715087557
train,unhealthy_1115.jpg,1,unhealthy,0.760254,0.582031,0.44043,0.734375,0.32344078125,0.5997344680851063
train,unhealthy_1116.jpg,1,unhealthy,0.756836,0.565918,0.470703,0.756836,0.35624497570799996,0.6219352673498618
train,unhealthy_1116.jpg,1,unhealthy,0.399414,0.57666,0.419922,0.831055,0.34897827771,0.5052878570010408
train,unhealthy_1116.jpg,1,unhealthy,0.243164,0.379883,0.484375,0.695312,0.33679175,0.6966297144303564
train,unhealthy_1117.jpg,1,unhealthy,0.760742,0.555664,0.478516,0.775391,0.371036999756,0.6171286486430716
train,unhealthy_1117.jpg,1,unhealthy,0.400391,0.558594,0.457031,0.855469,0.390975852539,0.5342461269783008
train,unhealthy_1117.jpg,1,unhealthy,0.259766,0.381836,0.517578,0.685547,0.354824045166,0.7549854349884106
train,unhealthy_1118.jpg,1,unhealthy,0.411133,0.503418,0.416016,0.788086,0.327856385376,0.5278814748644184
train,unhealthy_1119.jpg,1,unhealthy,0.723633,0.435059,0.244141,0.795898,0.194311333618,0.3067491060412264
train,unhealthy_1119.jpg,1,unhealthy,0.337402,0.705566,0.663086,0.588867,0.390469463562,1.1260369489205542
train,unhealthy_1120.jpg,1,unhealthy,0.494141,0.63916,0.703125,0.71582,0.5033109375,0.982265094576849
train,unhealthy_1121.jpg,1,unhealthy,0.496094,0.39502,0.990234,0.485352,0.480612052368,2.040238836967809
train,unhealthy_1126.jpg,1,unhealthy,0.249023,0.498047,0.484375,0.832031,0.403015015625,0.5821597993343999
train,unhealthy_1126.jpg,1,unhealthy,0.782715,0.562988,0.43457,0.678711,0.29494743927,0.6402872503908145
train,unhealthy_1127.jpg,1,unhealthy,0.497559,0.487305,0.467773,0.833984,0.390115197632,0.5608896573555369
train,unhealthy_1127.jpg,1,unhealthy,0.255859,0.507324,0.505859,0.874023,0.44213240075699994,0.5787708103791318
train,unhealthy_1128.jpg,1,unhealthy,0.572754,0.45166,0.59082,0.874023,0.5163902688600001,0.6759776344558439
train,unhealthy_1129.jpg,1,unhealthy,0.567383,0.452148,0.585938,0.875,0.51269575,0.6696434285714286
train,unhealthy_1189.jpg,1,unhealthy,0.568359,0.523438,0.636719,0.378906,0.24125664941400002,1.68041413965469
train,unhealthy_1207.jpg,1,unhealthy,0.609375,0.391602,0.78125,0.757812,0.592040625,1.0309285152518037
train,unhealthy_1208.jpg,1,unhealthy,0.572754,0.3125,0.854492,0.605469,0.517368416748,1.4112894301772676
train,unhealthy_1210.jpg,1,unhealthy,0.537598,0.419922,0.90918,0.453125,0.4119721875,2.0064662068965515
train,unhealthy_1211.jpg,1,unhealthy,0.543457,0.37793,0.913086,0.611328,0.558195038208,1.493610631281407
train,unhealthy_1212.jpg,1,unhealthy,0.405273,0.572754,0.806641,0.44043,0.35526889563,1.8314851395227394
train,unhealthy_1213.jpg,1,unhealthy,0.433105,0.585938,0.852539,0.447266,0.381311708374,1.906111799242509
train,unhealthy_1216.jpg,1,unhealthy,0.623535,0.789062,0.75293,0.345703,0.26029015979,2.177967793163496
train,unhealthy_1217.jpg,1,unhealthy,0.630371,0.788086,0.739258,0.335938,0.248344854004,2.200578678208479
train,unhealthy_1227.jpg,1,unhealthy,0.540039,0.427246,0.353516,0.825195,0.29171963562000003,0.4284029835372245
train,unhealthy_1229.jpg,1,unhealthy,0.732422,0.515137,0.535156,0.930664,0.498050423584,0.5750260029398364
train,unhealthy_1229.jpg,1,unhealthy,0.365723,0.521973,0.444336,0.956055,0.42480965448,0.46475987260147167
train,unhealthy_1231.jpg,1,unhealthy,0.326172,0.507812,0.373047,0.984375,0.367218140625,0.37896838095238095
train,unhealthy_1231.jpg,1,unhealthy,0.737793,0.478027,0.413086,0.950195,0.39251225177,0.4347381326990776
train,unhealthy_1232.jpg,1,unhealthy,0.373047,0.513672,0.386719,0.847656,0.327804680664,0.4562216276414017
train,unhealthy_1232.jpg,1,unhealthy,0.71582,0.505859,0.443359,0.929688,0.41218554199199997,0.47689009646246916
train,unhealthy_1233.jpg,1,unhealthy,0.375,0.500977,0.388672,0.802734,0.31200022924799997,0.4841852967483625
train,unhealthy_1233.jpg,1,unhealthy,0.717773,0.484375,0.480469,0.828125,0.397888390625,0.5801889811320754
train,unhealthy_1284.jpg,1,unhealthy,0.493652,0.57959,0.915039,0.817383,0.747937322937,1.1194739797622413
train,unhealthy_1285.jpg,1,unhealthy,0.535645,0.586914,0.452148,0.767578,0.347058857544,0.5890580501265018
train,unhealthy_1286.jpg,1,unhealthy,0.61084,0.61377,0.463867,0.750977,0.348353448059,0.6176846960692537
train,unhealthy_1286.jpg,1,unhealthy,0.342773,0.526367,0.558594,0.947266,0.529137104004,0.589690752122424
train,unhealthy_1295.jpg,1,unhealthy,0.55957,0.469727,0.486328,0.777344,0.378044152832,0.6256277786925737
train,unhealthy_1320.jpg,1,unhealthy,0.780762,0.520508,0.422852,0.958984,0.405508302368,0.44093749217922307
train,unhealthy_1362.jpg,1,unhealthy,0.321777,0.439941,0.624023,0.624023,0.389404704529,1.0
train,unhealthy_1368.jpg,1,unhealthy,0.72998,0.455078,0.428711,0.828125,0.355026296875,0.5176887547169812
train,unhealthy_1369.jpg,1,unhealthy,0.779297,0.529785,0.4375,0.811523,0.3550413125,0.5391097972577487
train,unhealthy_1369.jpg,1,unhealthy,0.440918,0.548828,0.549805,0.783203,0.43060892541499995,0.7019955235105075
train,unhealthy_1370.jpg,1,unhealthy,0.552734,0.455078,0.576172,0.685547,0.394992986084,0.8404558695465081
train,unhealthy_1381.jpg,1,unhealthy,0.37793,0.469727,0.439453,0.851562,0.374221475586,0.516055202087458
train,unhealthy_1384.jpg,1,unhealthy,0.649902,0.50293,0.700195,0.830078,0.58121646521,0.8435291623196857
train,unhealthy_1408.jpg,1,unhealthy,0.53418,0.529297,0.931641,0.380859,0.35482385961900004,2.446157239293282
train,unhealthy_1409.jpg,1,unhealthy,0.443848,0.631348,0.836914,0.311523,0.260717960022,2.6865239484725048
train,unhealthy_1409.jpg,0,healthy,0.441895,0.86084,0.860352,0.270508,0.23273209881600002,3.180504827953332
train,unhealthy_1409.jpg,1,unhealthy,0.327637,0.243652,0.647461,0.319336,0.20675760589599998,2.027522734674449
train,unhealthy_1410.jpg,1,unhealthy,0.819336,0.518555,0.337891,0.708984,0.23955931274399997,0.4765848030420997
train,unhealthy_1410.jpg,1,unhealthy,0.5,0.521484,0.330078,0.675781,0.22306044091799998,0.48843930208159153
train,unhealthy_1410.jpg,0,healthy,0.210449,0.510254,0.40918,0.598633,0.24494865093999998,0.6835239620936366
train,unhealthy_1410.jpg,1,unhealthy,0.224121,0.157227,0.436523,0.310547,0.135560908081,1.4056584027538503
train,unhealthy_1411.jpg,1,unhealthy,0.20166,0.15625,0.387695,0.308594,0.11964035082999999,1.2563270834818565
train,unhealthy_1411.jpg,0,healthy,0.217773,0.480469,0.423828,0.589844,0.249992402832,0.7185425298892588
train,unhealthy_1411.jpg,1,unhealthy,0.491699,0.513184,0.34668,0.676758,0.23461846343999998,0.5122658320995097
train,unhealthy_1411.jpg,1,unhealthy,0.835449,0.514648,0.321289,0.716797,0.230298991333,0.448228717475101
train,unhealthy_1412.jpg,1,unhealthy,0.716309,0.519531,0.469727,0.945312,0.44403856982400003,0.49690155208015974
train,unhealthy_1412.jpg,1,unhealthy,0.231445,0.564941,0.451172,0.817383,0.368780322876,0.5519713524749108
train,unhealthy_1413.jpg,1,unhealthy,0.722168,0.505859,0.49707,0.955078,0.47474062146,0.5204496386682554
train,unhealthy_1413.jpg,1,unhealthy,0.233887,0.525391,0.43457,0.912109,0.39637520813,0.4764452494164623
train,unhealthy_1414.jpg,1,unhealthy,0.702637,0.492676,0.313477,0.967773,0.303374576721,0.3239158356350095
train,unhealthy_1414.jpg,1,unhealthy,0.405273,0.48291,0.367188,0.946289,0.347465965332,0.3880294497769709
train,unhealthy_1415.jpg,1,unhealthy,0.714844,0.505859,0.361328,0.970703,0.35074217358399995,0.37223331956324435
train,unhealthy_1415.jpg,1,unhealthy,0.404785,0.487793,0.366211,0.950195,0.347971861145,0.38540615347376067
train,unhealthy_1416.jpg,0,healthy,0.199219,0.546387,0.384766,0.842773,0.324270396118,0.45654761127848187
train,unhealthy_1416.jpg,1,unhealthy,0.822754,0.452637,0.333008,0.680664,0.22666655731200003,0.48923991866765393
train,unhealthy_1416.jpg,1,unhealthy,0.570801,0.555664,0.313477,0.855469,0.268169855713,0.3664387604927823
train,unhealthy_1417.jpg,0,healthy,0.194336,0.541016,0.373047,0.816406,0.304557809082,0.45693809207673636
train,unhealthy_1417.jpg,1,unhealthy,0.824219,0.482422,0.330078,0.755859,0.24949242700199997,0.4366925577389434
train,unhealthy_1417.jpg,1,unhealthy,0.570801,0.555664,0.338867,0.873047,0.29584681774899996,0.38814290639564647
train,unhealthy_1418.jpg,1,unhealthy,0.204102,0.476562,0.322266,0.496094,0.159874229004,0.6496067277572396
train,unhealthy_1418.jpg,1,unhealthy,0.380859,0.518066,0.292969,0.586914,0.171947607666,0.49916853235738107
train,unhealthy_1418.jpg,1,unhealthy,0.689453,0.550293,0.355469,0.663086,0.23570651733399997,0.5360828007226816
train,unhealthy_1419.jpg,1,unhealthy,0.212891,0.47168,0.310547,0.505859,0.157092994873,0.6139003160959873
train,unhealthy_1419.jpg,1,unhealthy,0.379883,0.525879,0.287109,0.629883,0.180845078247,0.4558132224555989
train,unhealthy_1419.jpg,1,unhealthy,0.664551,0.553711,0.331055,0.652344,0.21596174292,0.5074853144966459
train,unhealthy_1420.jpg,1,unhealthy,0.404785,0.550781,0.27832,0.679688,0.18917076416,0.4094819976224386
train,unhealthy_1420.jpg,1,unhealthy,0.672852,0.483398,0.384766,0.566406,0.21793377099599998,0.6793113067305079
train,unhealthy_1420.jpg,1,unhealthy,0.837891,0.391602,0.322266,0.541016,0.17435106225600003,0.5956681502950004
train,unhealthy_1420.jpg,1,unhealthy,0.163574,0.518555,0.325195,0.599609,0.194989848755,0.5423450948868347
train,unhealthy_1421.jpg,1,unhealthy,0.475098,0.557617,0.30957,0.626953,0.19408584021,0.49376907040878665
train,unhealthy_1421.jpg,1,unhealthy,0.72998,0.498535,0.424805,0.598633,0.254302291565,0.7096250958433632
train,unhealthy_1421.jpg,1,unhealthy,0.177246,0.575684,0.31543,0.686523,0.21654994988999998,0.4594602074511706
train,unhealthy_1422.jpg,1,unhealthy,0.193848,0.464844,0.381836,0.714844,0.272953173584,0.5341529060886011
train,unhealthy_1422.jpg,1,unhealthy,0.48877,0.501465,0.37793,0.72168,0.27274452239999997,0.5236808557809556
train,unhealthy_1422.jpg,1,unhealthy,0.765625,0.470215,0.388672,0.661133,0.256963885376,0.5878877623715653
train,unhealthy_1423.jpg,1,unhealthy,0.75,0.461426,0.412109,0.665039,0.27406855725100004,0.6196764400283291
train,unhealthy_1423.jpg,1,unhealthy,0.491211,0.509277,0.361328,0.72168,0.26076319104,0.5006761999778295
train,unhealthy_1423.jpg,1,unhealthy,0.194336,0.492676,0.378906,0.774414,0.293430111084,0.48928092725596384
train,unhealthy_1424.jpg,1,unhealthy,0.421387,0.520508,0.631836,0.904297,0.571367399292,0.698704076205052
train,unhealthy_1424.jpg,1,unhealthy,0.763672,0.539062,0.464844,0.857422,0.398567472168,0.5421414426035254
train,unhealthy_1424.jpg,1,unhealthy,0.174805,0.42334,0.339844,0.81543,0.27711899292,0.41676661393375275
train,unhealthy_1425.jpg,1,unhealthy,0.423828,0.534668,0.601562,0.90332,0.54340298584,0.6659456228136209
train,unhealthy_1425.jpg,1,unhealthy,0.76416,0.522461,0.461914,0.857422,0.396055225708,0.538724222144988
train,unhealthy_1425.jpg,1,unhealthy,0.175293,0.41748,0.34082,0.829102,0.28257454364,0.4110712554064518
train,unhealthy_1426.jpg,1,unhealthy,0.688965,0.391113,0.370117,0.743164,0.275057630188,0.49802869891437146
train,unhealthy_1426.jpg,1,unhealthy,0.288086,0.41748,0.494141,0.77832,0.38459982312,0.6348815397265906
train,unhealthy_1427.jpg,1,unhealthy,0.649902,0.393066,0.456055,0.74707,0.34070500885,0.6104581899955828
train,unhealthy_1427.jpg,1,unhealthy,0.300293,0.407227,0.481445,0.791016,0.38083069812000003,0.6086412917058568
train,unhealthy_1428.jpg,1,unhealthy,0.365234,0.449219,0.326172,0.707031,0.230613715332,0.46132630676731295
train,unhealthy_1428.jpg,1,unhealthy,0.686523,0.429199,0.355469,0.708008,0.25167489575199997,0.5020691856589191
train,unhealthy_1429.jpg,1,unhealthy,0.277832,0.532227,0.43457,0.902344,0.39213163208,0.48160125185073543
train,unhealthy_1429.jpg,1,unhealthy,0.741699,0.504395,0.504883,0.915039,0.461987635437,0.5517611817638374
train,unhealthy_1430.jpg,1,unhealthy,0.715332,0.476074,0.397461,0.702148,0.279076446228,0.5660644194671209
train,unhealthy_1430.jpg,1,unhealthy,0.255859,0.43457,0.505859,0.605469,0.30628194287099997,0.8354829066393158
test,healthy_0097.jpg,0,healthy,0.237305,0.524902,0.394531,0.827148,0.326335527588,0.47697751792907683
test,healthy_0097.jpg,0,healthy,0.689941,0.539062,0.493164,0.873047,0.430555350708,0.5648768050288243
test,healthy_0098.jpg,0,healthy,0.515137,0.591309,0.963867,0.536133,0.516760906311,1.797813229180073
test,healthy_0099.jpg,0,healthy,0.528809,0.447266,0.936523,0.476562,0.446311273926,1.9651650782059837
test,healthy_0102.jpg,0,healthy,0.495117,0.449707,0.837891,0.500977,0.41976411950700004,1.6725139078241118
test,healthy_0103.jpg,0,healthy,0.468262,0.522949,0.801758,0.459961,0.36877741143799997,1.7430999584747402
test,healthy_0104.jpg,0,healthy,0.465332,0.450195,0.868164,0.46875,0.406951875,1.8520832
test,healthy_0105.jpg,0,healthy,0.460449,0.581055,0.817383,0.447266,0.365587624878,1.8275098040092472
test,healthy_0106.jpg,0,healthy,0.464355,0.783691,0.663086,0.395508,0.262255817688,1.6765425730958663
test,healthy_0106.jpg,0,healthy,0.429199,0.216309,0.624023,0.305664,0.190741366272,2.041532532453936
test,healthy_0106.jpg,0,healthy,0.391113,0.488281,0.72168,0.257812,0.18605776416,2.7992490652103084
test,healthy_0107.jpg,0,healthy,0.263672,0.538086,0.328125,0.650391,0.21340954687500002,0.5045042136191921
test,healthy_0107.jpg,0,healthy,0.649902,0.568848,0.489258,0.713867,0.349265140686,0.6853629597670154
test,healthy_0108.jpg,0,healthy,0.230957,0.466309,0.450195,0.879883,0.396118927185,0.5116532538985297
test,healthy_0108.jpg,0,healthy,0.709473,0.48584,0.581055,0.907227,0.527148784485,0.6404736631515596
test,healthy_0109.jpg,0,healthy,0.226562,0.56543,0.355469,0.726562,0.258270267578,0.48924799260076907
test,healthy_0109.jpg,0,healthy,0.569824,0.506348,0.581055,0.676758,0.39323361969,0.8585860824696568
test,healthy_0110.jpg,0,healthy,0.615234,0.550781,0.341797,0.75,0.25634775,0.4557293333333334
test,healthy_0110.jpg,0,healthy,0.253418,0.418457,0.305664,0.735352,0.224770633728,0.415670318432533
test,healthy_0111.jpg,0,healthy,0.416504,0.42041,0.352539,0.678711,0.23927209722899997,0.5194243205134439
test,healthy_0112.jpg,0,healthy,0.243652,0.554199,0.286133,0.670898,0.19196605743400003,0.42649255177389117
test,healthy_0112.jpg,0,healthy,0.560059,0.557617,0.430664,0.597656,0.257388923584,0.7205884321415664
test,healthy_0112.jpg,0,healthy,0.797363,0.422852,0.374023,0.484375,0.181167390625,0.7721765161290323
test,healthy_0113.jpg,0,healthy,0.45752,0.613281,0.266602,0.675781,0.180164566162,0.3945094638647728
test,healthy_0114.jpg,0,healthy,0.587891,0.639648,0.335938,0.560547,0.18830903808600002,0.5993038942318842
test,healthy_0115.jpg,0,healthy,0.299805,0.595703,0.328125,0.714844,0.23455818750000001,0.45901623291235566
test,healthy_0115.jpg,0,healthy,0.649414,0.532715,0.396484,0.645508,0.255933593872,0.6142201181085285
test,healthy_0116.jpg,0,healthy,0.49707,0.619141,0.199219,0.478516,0.095329479004,0.4163267267970141
test,healthy_0116.jpg,0,healthy,0.724121,0.571289,0.415039,0.443359,0.184011276001,0.9361239988361576
test,healthy_0116.jpg,0,healthy,0.259766,0.568359,0.267578,0.441406,0.11811053466799999,0.606194750411186
test,healthy_0117.jpg,0,healthy,0.334473,0.530273,0.204102,0.544922,0.111219670044,0.37455268827465216
test,healthy_0117.jpg,0,healthy,0.627441,0.508301,0.282227,0.588867,0.166194166809,0.47927121064688627
test,healthy_0117.jpg,0,healthy,0.822266,0.447266,0.259766,0.402344,0.10451529150399999,0.6456315988308512
test,healthy_0117.jpg,0,healthy,0.135742,0.478516,0.183594,0.5,0.091797,0.367188
test,healthy_0118.jpg,0,healthy,0.255371,0.514648,0.313477,0.722656,0.226536034912,0.433784539255192
test,healthy_0118.jpg,0,healthy,0.606934,0.525391,0.43457,0.699219,0.30385960083,0.6215077107458464
test,healthy_0119.jpg,0,healthy,0.222168,0.363281,0.245117,0.404297,0.099100067749,0.6062795420198517
test,healthy_0119.jpg,0,healthy,0.393066,0.423828,0.213867,0.472656,0.101085520752,0.45247918147659183
test,healthy_0119.jpg,0,healthy,0.586426,0.435547,0.182617,0.449219,0.082035026123,0.4065210955013034
test,healthy_0119.jpg,0,healthy,0.762207,0.378906,0.239258,0.398438,0.095329479004,0.6004899131106972
test,healthy_0120.jpg,0,healthy,0.638672,0.419922,0.439453,0.806641,0.35448080737300003,0.5447937806285571
test,healthy_0120.jpg,0,healthy,0.332031,0.458496,0.335938,0.598633,0.201103572754,0.5611752108553989
test,healthy_0121.jpg,0,healthy,0.223633,0.439941,0.203125,0.362305,0.07359320312499999,0.5606464166931177
test,healthy_0121.jpg,0,healthy,0.41748,0.471191,0.202148,0.450195,0.09100601886,0.4490232010573196
test,healthy_0121.jpg,0,healthy,0.614746,0.458984,0.157227,0.453125,0.071243484375,0.34698372413793105
test,healthy_0121.jpg,0,healthy,0.788086,0.423828,0.224609,0.367188,0.082473729492,0.6117002734294149
test,healthy_0122.jpg,0,healthy,0.450195,0.603027,0.181641,0.475586,0.086385916626,0.38193092311380067
test,healthy_0122.jpg,0,healthy,0.233398,0.563965,0.291016,0.422852,0.123056697632,0.6882218837796675
test,healthy_0122.jpg,0,healthy,0.631348,0.558594,0.276367,0.410156,0.113353583252,0.6738094773695861
test,healthy_0122.jpg,0,healthy,0.848145,0.366211,0.229492,0.294922,0.06768223962400001,0.7781447297929621
test,healthy_0123.jpg,0,healthy,0.42041,0.445312,0.325195,0.765625,0.24897742187500002,0.4247444897959184
test,healthy_0123.jpg,0,healthy,0.715332,0.352539,0.456055,0.568359,0.25920296374499996,0.8024065775328622
test,healthy_0123.jpg,0,healthy,0.136719,0.436035,0.271484,0.663086,0.180017239624,0.4094250217920451
test,healthy_0124.jpg,0,healthy,0.534668,0.629395,0.336914,0.696289,0.23458951214600002,0.4838709214133786
test,healthy_0124.jpg,0,healthy,0.848145,0.625,0.286133,0.613281,0.175479932373,0.46656100547709783
test,healthy_0124.jpg,0,healthy,0.261719,0.319824,0.505859,0.370117,0.18722701550299997,1.3667542966143138
test,healthy_0352.jpg,0,healthy,0.280762,0.527832,0.47168,0.848633,0.40028321343999995,0.555811522766614
test,healthy_0352.jpg,0,healthy,0.719238,0.536621,0.485352,0.817383,0.396718473816,0.5937877347583691
test,healthy_0353.jpg,0,healthy,0.589844,0.660645,0.333984,0.649414,0.21689388537600002,0.5142851863372209
test,healthy_0353.jpg,0,healthy,0.343262,0.501953,0.452148,0.681641,0.30820261486800005,0.6633227754785876
test,healthy_0354.jpg,0,healthy,0.277832,0.449707,0.426758,0.711914,0.303814994812,0.5994516191562465
test,healthy_0354.jpg,0,healthy,0.601562,0.631348,0.396484,0.694336,0.27529311462399997,0.5710261314406858
test,healthy_0355.jpg,0,healthy,0.249023,0.481934,0.376953,0.733398,0.276456576294,0.5139814943591338
test,healthy_0355.jpg,0,healthy,0.600586,0.643066,0.388672,0.657227,0.255445732544,0.5913816687385028
test,healthy_0356.jpg,0,healthy,0.216309,0.615234,0.333008,0.734375,0.24455275,0.4534577021276596
test,healthy_0356.jpg,0,healthy,0.493164,0.604004,0.355469,0.641602,0.228069621338,0.5540334974018161
test,healthy_0356.jpg,0,healthy,0.768555,0.583496,0.384766,0.571289,0.219812583374,0.6735050035971285
test,healthy_0357.jpg,0,healthy,0.222168,0.612305,0.329102,0.720703,0.237184798706,0.45664025264221186
test,healthy_0357.jpg,0,healthy,0.490234,0.600586,0.347656,0.646484,0.224754041504,0.5377642756819968
test,healthy_0357.jpg,0,healthy,0.774414,0.577148,0.410156,0.5625,0.23071275000000002,0.7291662222222223
test,healthy_0358.jpg,0,healthy,0.375977,0.499512,0.3125,0.725586,0.22674562499999998,0.43068636936214316
test,healthy_0358.jpg,0,healthy,0.652832,0.555664,0.299805,0.666016,0.19967492688000002,0.4501468433190794
test,healthy_0359.jpg,0,healthy,0.45459,0.483887,0.555664,0.928711,0.516051269104,0.5983174528997719
test,healthy_0359.jpg,0,healthy,0.73291,0.549805,0.358398,0.873047,0.312898298706,0.4105139814924053
test,healthy_0360.jpg,0,healthy,0.448242,0.491211,0.578125,0.902344,0.521667625,0.6406924631847721
test,healthy_0360.jpg,0,healthy,0.720703,0.547852,0.365234,0.867188,0.316726541992,0.4211704959016961
test,healthy_0364.jpg,0,healthy,0.439453,0.625488,0.457031,0.731445,0.334293039795,0.624833035976731
test,healthy_0364.jpg,0,healthy,0.744629,0.612305,0.487305,0.740234,0.36071972936999996,0.6583121013085051
test,healthy_0365.jpg,0,healthy,0.370117,0.603516,0.412109,0.763672,0.314716104248,0.5396413643553777
test,healthy_0365.jpg,0,healthy,0.739258,0.593262,0.466797,0.754883,0.352377119751,0.618369999059457
test,healthy_0366.jpg,0,healthy,0.362305,0.561035,0.462891,0.750977,0.347620494507,0.6163850557340638
test,healthy_0366.jpg,0,healthy,0.72168,0.566406,0.46875,0.833984,0.39093,0.5620611426598112
test,healthy_0367.jpg,0,healthy,0.359375,0.545898,0.451172,0.695312,0.313705305664,0.6488770508778793
test,healthy_0367.jpg,0,healthy,0.724121,0.548828,0.477539,0.800781,0.38240415795899996,0.5963415715407834
test,healthy_0368.jpg,0,healthy,0.856445,0.559082,0.28125,0.831055,0.23373421875,0.3384252546462027
test,healthy_0368.jpg,0,healthy,0.488281,0.571777,0.433594,0.766602,0.33239402758799996,0.5656050988648608
test,healthy_0368.jpg,0,healthy,0.23291,0.546387,0.411133,0.624023,0.256556448059,0.6588427029131939
test,healthy_0369.jpg,0,healthy,0.248535,0.538574,0.407227,0.618164,0.25173307122800004,0.6587685468581153
test,healthy_0369.jpg,0,healthy,0.525879,0.545898,0.485352,0.742188,0.360222430176,0.65394751734062
test,healthy_0369.jpg,0,healthy,0.851074,0.547852,0.295898,0.78125,0.2311703125,0.37874944
test,healthy_0375.jpg,1,unhealthy,0.263672,0.48877,0.515625,0.725586,0.37413028125,0.7106325094475362
test,healthy_0375.jpg,0,healthy,0.747559,0.52832,0.46582,0.746094,0.34754550708000004,0.6243449216854713
test,healthy_0376.jpg,0,healthy,0.253418,0.549316,0.428711,0.750977,0.32195210064700003,0.5708710120283311
test,healthy_0376.jpg,0,healthy,0.697754,0.536621,0.448242,0.702148,0.31473222381599997,0.6383867788557398
test,healthy_0377.jpg,0,healthy,0.263672,0.55957,0.431641,0.761719,0.328789150879,0.5666669729913524
test,healthy_0377.jpg,0,healthy,0.70752,0.533203,0.436523,0.734375,0.320571578125,0.5944142978723405
test,healthy_0381.jpg,0,healthy,0.229004,0.580078,0.456055,0.828125,0.377670546875,0.5507079245283019
test,healthy_0381.jpg,0,healthy,0.664551,0.540527,0.504883,0.821289,0.414654854187,0.6147446270435863
test,healthy_0382.jpg,0,healthy,0.222656,0.564453,0.421875,0.794922,0.33535771875000003,0.5307124472589764
test,healthy_0382.jpg,0,healthy,0.678223,0.556152,0.504883,0.788086,0.39789122393799997,0.6406445489451659
test,healthy_0387.jpg,0,healthy,0.291504,0.482422,0.358398,0.738281,0.26459843383799997,0.48544930724209345
test,healthy_0387.jpg,0,healthy,0.727539,0.449219,0.457031,0.595703,0.272254737793,0.7672128560708944
test,healthy_0388.jpg,0,healthy,0.297363,0.471191,0.395508,0.702148,0.277705151184,0.56328295459077
test,healthy_0388.jpg,0,healthy,0.711426,0.462891,0.407227,0.675781,0.275196269287,0.6026020263961254
test,healthy_0393.jpg,0,healthy,0.266113,0.447266,0.299805,0.445312,0.13350676415999999,0.6732470717160104
test,healthy_0393.jpg,0,healthy,0.503906,0.477539,0.246094,0.4375,0.107666125,0.5625005714285715
test,healthy_0393.jpg,0,healthy,0.768066,0.404297,0.424805,0.306641,0.130262630005,1.3853496433940666
test,healthy_0393.jpg,0,healthy,0.174805,0.352051,0.324219,0.379883,0.123165286377,0.8534706738653742
test,healthy_0394.jpg,0,healthy,0.752441,0.533203,0.479492,0.65625,0.314666625,0.7306544761904762
test,healthy_0394.jpg,0,healthy,0.513672,0.582031,0.316406,0.568359,0.179832197754,0.556700958373141
test,healthy_0394.jpg,1,unhealthy,0.216309,0.422363,0.362305,0.620117,0.224671489685,0.5842526490968639
test,healthy_0397.jpg,0,healthy,0.555664,0.508301,0.384766,0.74707,0.28744713562,0.515033397138153
test,healthy_0397.jpg,1,unhealthy,0.852051,0.556641,0.256836,0.666016,0.17105688537600003,0.38563037524624033
test,healthy_0397.jpg,0,healthy,0.313477,0.476074,0.367188,0.586914,0.21550777783200004,0.6256248786023165
test,healthy_0398.jpg,0,healthy,0.313965,0.471191,0.37207,0.592773,0.22055305011,0.6276770365721785
test,healthy_0398.jpg,0,healthy,0.553223,0.508789,0.368164,0.693359,0.255269822876,0.5309861125333342
test,healthy_0398.jpg,1,unhealthy,0.848145,0.540039,0.27832,0.712891,0.19841182312000002,0.3904103151814232
test,healthy_0399.jpg,0,healthy,0.689453,0.599121,0.417969,0.768555,0.321232164795,0.5438374612096727
test,healthy_0399.jpg,0,healthy,0.31543,0.509277,0.494141,0.768555,0.379774536255,0.6429481299321453
test,healthy_0400.jpg,0,healthy,0.327637,0.518555,0.522461,0.765625,0.400009203125,0.6823980408163265
test,healthy_0400.jpg,0,healthy,0.669434,0.583008,0.37793,0.78125,0.2952578125,0.48375039999999997
test,healthy_0401.jpg,0,healthy,0.529297,0.489746,0.480469,0.977539,0.469677185791,0.4915087786778839
test,healthy_0401.jpg,0,healthy,0.147949,0.446289,0.27832,0.875,0.24353000000000002,0.31808000000000003
test,healthy_0402.jpg,0,healthy,0.525391,0.506348,0.482422,0.956055,0.46122196521000003,0.5045964928795937
test,healthy_0402.jpg,0,healthy,0.14209,0.466797,0.270508,0.841797,0.22771282287600003,0.32134588267717756
test,healthy_0409.jpg,0,healthy,0.833984,0.53125,0.328125,0.691406,0.22686759374999999,0.4745764427847025
test,healthy_0409.jpg,0,healthy,0.536133,0.500977,0.294922,0.796875,0.23501596875000003,0.3700981960784314
test,healthy_0409.jpg,1,unhealthy,0.247559,0.400391,0.426758,0.689453,0.294229583374,0.618980554149449
test,healthy_0410.jpg,1,unhealthy,0.415039,0.452637,0.433594,0.793945,0.34424978833,0.546125991095101
test,healthy_0410.jpg,0,healthy,0.754395,0.536621,0.352539,0.827148,0.291601928772,0.4262103033556268
test,healthy_0445.jpg,0,healthy,0.61084,0.475586,0.500977,0.431641,0.216242213257,1.1606334894043893
test,healthy_0445.jpg,0,healthy,0.611328,0.73584,0.478516,0.364258,0.174303281128,1.313673275535472
test,healthy_0445.jpg,0,healthy,0.893066,0.387695,0.211914,0.46875,0.09933468749999999,0.45208319999999996
test,healthy_0445.jpg,0,healthy,0.315918,0.763672,0.387695,0.199219,0.077236210205,1.9460744206124918
test,healthy_0451.jpg,0,healthy,0.664551,0.51709,0.211914,0.274414,0.058152168395999994,0.7722419410088407
test,healthy_0451.jpg,0,healthy,0.321289,0.718262,0.251953,0.204102,0.051424111205999996,1.2344465022390765
test,healthy_0451.jpg,0,healthy,0.265625,0.21582,0.25,0.371094,0.0927735,0.6736837566762061
test,healthy_0451.jpg,0,healthy,0.194824,0.513672,0.27832,0.220703,0.06142605896000001,1.2610612452028291
test,healthy_0451.jpg,0,healthy,0.439941,0.558594,0.225586,0.265625,0.05992128125,0.8492649411764707
test,healthy_0451.jpg,0,healthy,0.596191,0.740234,0.254883,0.203125,0.05177310937500001,1.2548086153846154
test,healthy_0454.jpg,0,healthy,0.632812,0.418945,0.720703,0.240234,0.17313736450199999,3.0000041626081235
test,healthy_0454.jpg,0,healthy,0.411621,0.709473,0.458008,0.56543,0.25897146344,0.8100171550855102
test,healthy_0454.jpg,0,healthy,0.134766,0.748535,0.248047,0.483398,0.11990542370599999,0.5131320361275802
test,healthy_0454.jpg,0,healthy,0.652832,0.151367,0.668945,0.269531,0.180301414795,2.4818852005891716
test,healthy_0455.jpg,0,healthy,0.565918,0.442383,0.268555,0.236328,0.06346706604,1.136365559730544
test,healthy_0455.jpg,0,healthy,0.84082,0.301758,0.306641,0.292969,0.089836307129,1.0466670535107812
test,healthy_0455.jpg,0,healthy,0.379395,0.518555,0.370117,0.185547,0.068674098999,1.9947344877578188
test,healthy_0455.jpg,0,healthy,0.291016,0.359375,0.300781,0.15625,0.04699703125,1.9249984000000002
test,healthy_0455.jpg,1,unhealthy,0.240723,0.123047,0.327148,0.224609,0.073480385132,1.4565222230631898
test,healthy_0455.jpg,1,unhealthy,0.417969,0.140625,0.349609,0.267578,0.093547677002,1.3065685519736303
test,healthy_0461.jpg,0,healthy,0.638672,0.47168,0.474609,0.267578,0.126994927002,1.7737220548774564
test,healthy_0461.jpg,0,healthy,0.625,0.744141,0.486328,0.34375,0.16717525,1.4147723636363636
test,healthy_0461.jpg,0,healthy,0.36377,0.80957,0.344727,0.371094,0.127926121338,0.928947921550874
test,healthy_0461.jpg,0,healthy,0.12207,0.760254,0.230469,0.413086,0.09520351733400001,0.5579201425369051
test,healthy_0461.jpg,0,healthy,0.501465,0.202148,0.274414,0.402344,0.11040882641599999,0.6820382558208896
test,healthy_0463.jpg,0,healthy,0.422363,0.677734,0.399414,0.564453,0.22545043054199998,0.707612502723876
test,healthy_0463.jpg,0,healthy,0.650391,0.689453,0.214844,0.498047,0.10700240966800001,0.4313729427142418
test,healthy_0464.jpg,0,healthy,0.608887,0.425293,0.454102,0.399414,0.181374696228,1.1369205886623905
test,healthy_0464.jpg,0,healthy,0.415527,0.561523,0.28418,0.496094,0.14097999292,0.5728349869178019
test,healthy_0464.jpg,1,unhealthy,0.151367,0.56543,0.296875,0.496094,0.14727790625,0.5984248952819425
test,healthy_0464.jpg,1,unhealthy,0.777832,0.215332,0.416992,0.165039,0.06881994268799999,2.5266270396694113
test,healthy_0465.jpg,0,healthy,0.646484,0.338379,0.498047,0.374023,0.186281033081,1.331594581081912
test,healthy_0465.jpg,0,healthy,0.618652,0.684082,0.432617,0.479492,0.20743639056399998,0.90224028763775
test,healthy_0465.jpg,0,healthy,0.508301,0.771973,0.301758,0.446289,0.13467127606200002,0.6761493113206913
test,healthy_0465.jpg,0,healthy,0.316406,0.798828,0.189453,0.390625,0.074005078125,0.48499968000000004
test,healthy_0468.jpg,0,healthy,0.255371,0.557129,0.508789,0.413086,0.21017361285400002,1.2316781493442044
test,healthy_0468.jpg,0,healthy,0.315918,0.70459,0.473633,0.469727,0.222478208191,1.0083154683465076
test,healthy_0468.jpg,0,healthy,0.687012,0.745117,0.383789,0.498047,0.191144960083,0.7705879164014641
test,healthy_0468.jpg,0,healthy,0.860352,0.686035,0.275391,0.428711,0.118063151001,0.642369801567956
test,healthy_0468.jpg,0,healthy,0.236816,0.130371,0.299805,0.258789,0.077586236145,1.1584920533716656
test,healthy_0469.jpg,0,healthy,0.288574,0.662109,0.485352,0.544922,0.264478982544,0.8906816021375537
test,healthy_0469.jpg,0,healthy,0.561523,0.593262,0.605469,0.40332,0.24419775708000002,1.5012124367747695
test,healthy_0469.jpg,0,healthy,0.680176,0.44873,0.629883,0.254883,0.16054646868900002,2.471263285507468
test,healthy_0470.jpg,1,unhealthy,0.316895,0.40918,0.272461,0.429688,0.11707322216800001,0.6340903166949042
test,healthy_0470.jpg,1,unhealthy,0.580566,0.440918,0.30957,0.333008,0.10308928656,0.9296173064911353
test,healthy_0470.jpg,1,unhealthy,0.126465,0.510254,0.241211,0.219727,0.05300056939700001,1.097775876428477
test,healthy_0470.jpg,0,healthy,0.818848,0.387695,0.344727,0.341797,0.117826654419,1.0085723397221158
test,healthy_0470.jpg,0,healthy,0.804199,0.620605,0.368164,0.145508,0.053570807312,2.5301976523627565
test,healthy_0470.jpg,0,healthy,0.745605,0.784668,0.28418,0.165039,0.046900783019999996,1.7218960366943572
test,healthy_0470.jpg,0,healthy,0.104492,0.319824,0.199219,0.293945,0.058559428955000006,0.677742434809233
test,healthy_0475.jpg,0,healthy,0.648926,0.344238,0.286133,0.639648,0.183024401184,0.44732884336385015
test,healthy_0475.jpg,0,healthy,0.84668,0.294922,0.294922,0.462891,0.136516739502,0.6371305555735584
test,healthy_0475.jpg,0,healthy,0.557617,0.728516,0.287109,0.529297,0.15196593237300002,0.5424345877645254
test,healthy_0475.jpg,0,healthy,0.40625,0.374512,0.197266,0.499023,0.098440271118,0.39530442484614936
test,healthy_0475.jpg,0,healthy,0.353027,0.760742,0.166992,0.404297,0.067514364624,0.4130428867886727
test,healthy_0483.jpg,0,healthy,0.47998,0.466797,0.323242,0.582031,0.18813686450199998,0.5553690439169048
test,healthy_0483.jpg,0,healthy,0.666992,0.639648,0.525391,0.492188,0.25859114550800005,1.067459994961275
test,healthy_0483.jpg,0,healthy,0.205566,0.467773,0.399414,0.552734,0.22076969787599998,0.722615218170042
test,healthy_0484.jpg,0,healthy,0.462402,0.694824,0.34668,0.59082,0.2048254776,0.5867776987915101
test,healthy_0484.jpg,0,healthy,0.185059,0.65625,0.354492,0.554688,0.19663245849599997,0.6390835929387332
test,healthy_0484.jpg,0,healthy,0.685547,0.694824,0.46875,0.547852,0.256805625,0.8556142899907274
test,healthy_0484.jpg,0,healthy,0.782227,0.530273,0.431641,0.28125,0.12139903125,1.5347235555555556
test,healthy_0493.jpg,0,healthy,0.474121,0.380371,0.350586,0.481445,0.16878787677,0.7281953286460551
test,healthy_0493.jpg,0,healthy,0.26416,0.642578,0.516602,0.414062,0.21390525732399998,1.2476440726268048
test,healthy_0493.jpg,0,healthy,0.766602,0.577148,0.453125,0.462891,0.209747484375,0.9789021605518362
test,healthy_0493.jpg,0,healthy,0.219727,0.407715,0.408203,0.418945,0.171014605835,0.9743594027855684
test,healthy_0493.jpg,0,healthy,0.670898,0.364746,0.195312,0.401367,0.078391791504,0.48661698644881124
test,healthy_0502.jpg,0,healthy,0.361816,0.664551,0.274414,0.504883,0.138546963562,0.5435199838378397
test,healthy_0502.jpg,0,healthy,0.607422,0.67627,0.224609,0.495117,0.111207734253,0.45364832958674417
test,healthy_0502.jpg,0,healthy,0.777832,0.783691,0.413086,0.418945,0.17306031427000002,0.986014870687083
test,healthy_0502.jpg,0,healthy,0.128906,0.674316,0.253906,0.495117,0.125713177002,0.5128202020936466
test,healthy_0505.jpg,0,healthy,0.491699,0.641602,0.124023,0.271484,0.033670260132,0.4568335518851939
test,healthy_0505.jpg,0,healthy,0.650879,0.603027,0.118164,0.225586,0.026656144104000003,0.5238091016286471
test,healthy_0505.jpg,0,healthy,0.177246,0.341309,0.34668,0.288086,0.09987365448,1.2033906541796546
test,healthy_0505.jpg,0,healthy,0.374512,0.713867,0.108398,0.183594,0.019901222412,0.5904223449568068
test,healthy_0505.jpg,0,healthy,0.262695,0.179688,0.269531,0.345703,0.093177675293,0.7796605756964794
test,healthy_0505.jpg,0,healthy,0.489746,0.858887,0.133789,0.135742,0.018160786438,0.985612411781173
test,healthy_0505.jpg,0,healthy,0.615723,0.772949,0.168945,0.188477,0.031842246765000005,0.8963693182722561
test,healthy_0505.jpg,0,healthy,0.776367,0.720703,0.150391,0.171875,0.025848453125,0.8750021818181818
test,healthy_0505.jpg,0,healthy,0.807129,0.540527,0.131836,0.204102,0.026907991272,0.645931935992788
test,healthy_0505.jpg,0,healthy,0.879395,0.727051,0.131836,0.227539,0.029997831604000002,0.5793995754573942
test,healthy_0505.jpg,0,healthy,0.439453,0.158203,0.150391,0.302734,0.045528468994,0.49677604761936217
test,healthy_0505.jpg,0,healthy,0.660645,0.243164,0.211914,0.378906,0.080295486084,0.5592785545755411
test,healthy_0511.jpg,0,healthy,0.199219,0.447754,0.335938,0.663086,0.222755784668,0.5066280995225356
test,healthy_0511.jpg,0,healthy,0.44873,0.434082,0.348633,0.788086,0.274752786438,0.4423793849909782
test,healthy_0511.jpg,0,healthy,0.736816,0.315918,0.354492,0.608398,0.21567222381599999,0.5826646372933507
test,healthy_0511.jpg,0,healthy,0.858398,0.64209,0.277344,0.424805,0.11781711791999999,0.6528736714492531
test,healthy_0511.jpg,0,healthy,0.185059,0.87793,0.342773,0.224609,0.076989900757,1.5260875565983554
test,healthy_0518.jpg,0,healthy,0.380371,0.515625,0.430664,0.824219,0.354961451416,0.5225116140249132
test,healthy_0518.jpg,0,healthy,0.503906,0.282227,0.216797,0.552734,0.11983107299799999,0.3922266406625972
test,healthy_0518.jpg,0,healthy,0.091797,0.459961,0.152344,0.382812,0.058319111328,0.39796035651964934
test,healthy_0518.jpg,0,healthy,0.088379,0.804688,0.168945,0.298828,0.05048549646,0.5653586678624494
test,healthy_0519.jpg,0,healthy,0.310547,0.472168,0.347656,0.663086,0.230525826416,0.5243000153826202
test,healthy_0519.jpg,0,healthy,0.599121,0.481445,0.288086,0.480469,0.138416392334,0.5995933140327472
test,healthy_0519.jpg,0,healthy,0.862305,0.529297,0.257812,0.349609,0.090133395508,0.7374295284160304
test,healthy_0519.jpg,0,healthy,0.15918,0.302734,0.240234,0.585938,0.14076222949199999,0.40999901013417805
test,healthy_0519.jpg,1,unhealthy,0.845703,0.305176,0.148438,0.422852,0.062767305176,0.3510400802171918
test,healthy_0524.jpg,0,healthy,0.776367,0.313477,0.402344,0.226562,0.091155861328,1.7758670915687536
test,healthy_0524.jpg,0,healthy,0.665039,0.508789,0.419922,0.1875,0.078735375,2.2395840000000002
test,healthy_0524.jpg,0,healthy,0.720703,0.687012,0.509766,0.166992,0.08512684387200001,3.0526372520839327
test,healthy_0524.jpg,0,healthy,0.334961,0.527344,0.277344,0.185547,0.05146034716799999,1.4947371824928455
test,healthy_0524.jpg,0,healthy,0.259766,0.693848,0.341797,0.163086,0.055742305542000006,2.095808346516562
test,healthy_0524.jpg,0,healthy,0.525391,0.859863,0.267578,0.19043,0.05095487853999999,1.4051252428713963
test,healthy_0524.jpg,0,healthy,0.458496,0.349609,0.295898,0.175781,0.052013246337999995,1.6833332385183837
test,healthy_0524.jpg,0,healthy,0.584473,0.158203,0.211914,0.277344,0.05877307641599999,0.7640835929387332
test,healthy_0524.jpg,0,healthy,0.413574,0.205566,0.209961,0.243164,0.051054956604,0.8634542942211841
test,healthy_0524.jpg,0,healthy,0.182129,0.376953,0.227539,0.201172,0.045774475707999994,1.1310669476865567
test,healthy_0526.jpg,0,healthy,0.340332,0.500977,0.282227,0.5,0.1411135,0.564454
test,healthy_0526.jpg,0,healthy,0.560059,0.402832,0.256836,0.541992,0.139203057312,0.47387415312403136
test,healthy_0526.jpg,0,healthy,0.734375,0.428223,0.316406,0.567383,0.179523385498,0.5576585833555112
test,healthy_0526.jpg,0,healthy,0.20459,0.607422,0.397461,0.470703,0.187086085083,0.8443986972677039
test,healthy_0530.jpg,0,healthy,0.475098,0.819336,0.850586,0.248047,0.21098530554199998,3.429132382169508
test,healthy_0530.jpg,0,healthy,0.466309,0.640625,0.69043,0.189453,0.13080403479,3.6443339509007506
test,healthy_0530.jpg,0,healthy,0.447266,0.425781,0.65625,0.232422,0.1525269375,2.8235278932286962
test,healthy_0530.jpg,0,healthy,0.357422,0.29541,0.527344,0.295898,0.156040034912,1.782181697747197
test,healthy_0531.jpg,0,healthy,0.409668,0.691406,0.280273,0.181641,0.050909067993,1.5430051585269846
test,healthy_0531.jpg,0,healthy,0.63916,0.631348,0.209961,0.235352,0.049414741272000004,0.8921147897617187
test,healthy_0531.jpg,0,healthy,0.820312,0.643066,0.181641,0.165039,0.029977848999,1.1005944049588279
test,healthy_0531.jpg,0,healthy,0.552246,0.453125,0.176758,0.326172,0.057653510376,0.5419165348343818
test,healthy_0531.jpg,0,healthy,0.792969,0.465332,0.238281,0.163086,0.038860295166,1.4610757514440234
test,healthy_0531.jpg,0,healthy,0.193359,0.471191,0.25,0.28418,0.071045,0.8797241185164333
test,healthy_0531.jpg,0,healthy,0.222168,0.703125,0.249023,0.173828,0.043287170044000005,1.4325827829808775
test,healthy_0531.jpg,0,healthy,0.354492,0.460449,0.232422,0.282227,0.06559576379399999,0.8235285780595052
test,healthy_0532.jpg,0,healthy,0.57373,0.595703,0.34082,0.191406,0.06523499292,1.7806129379434292
test,healthy_0532.jpg,0,healthy,0.554688,0.396973,0.257812,0.290039,0.074775534668,0.8888873565279152
test,healthy_0532.jpg,0,healthy,0.271973,0.515625,0.260742,0.261719,0.06824113549799998,0.9962669886404885
test,healthy_0532.jpg,0,healthy,0.560059,0.750977,0.264648,0.166016,0.043935802368,1.5941114109483423
test,healthy_0532.jpg,0,healthy,0.568848,0.90625,0.27832,0.121094,0.033702882079999996,2.2983797710869243
test,healthy_0532.jpg,0,healthy,0.15918,0.755371,0.228516,0.168945,0.03860663562,1.3526058776524903
test,healthy_0532.jpg,0,healthy,0.353027,0.291016,0.176758,0.193359,0.034177750122,0.914144156724021
test,healthy_0532.jpg,0,healthy,0.132324,0.392578,0.172852,0.216797,0.037473795044,0.7972988556114707
test,healthy_0535.jpg,0,healthy,0.522949,0.506348,0.225586,0.311523,0.070275227478,0.7241391486342903
test,healthy_0535.jpg,0,healthy,0.617676,0.747559,0.303711,0.217773,0.066140055603,1.3946219228278989
test,healthy_0535.jpg,0,healthy,0.368652,0.663574,0.219727,0.178711,0.039267631897000006,1.2295102148160997
test,healthy_0535.jpg,0,healthy,0.737305,0.462402,0.214844,0.366211,0.078678236084,0.5866672492087894
test,healthy_0535.jpg,0,healthy,0.825195,0.477051,0.207031,0.395508,0.08188241674800001,0.5234559098678155
test,healthy_0535.jpg,0,healthy,0.239746,0.266602,0.325195,0.183594,0.05970385083,1.7712724816715144
test,healthy_0535.jpg,0,healthy,0.454102,0.197754,0.146484,0.120117,0.017595218628000002,1.2195109767976224
test,healthy_0535.jpg,0,healthy,0.131836,0.17627,0.21875,0.116211,0.02542115625,1.8823519288191308
test,healthy_0535.jpg,0,healthy,0.451172,0.328125,0.125,0.117188,0.0146485,1.0666621155749736
test,healthy_0536.jpg,0,healthy,0.433594,0.197266,0.431641,0.392578,0.16945276049799998,1.0995037928768296
test,healthy_0536.jpg,0,healthy,0.576172,0.27832,0.580078,0.318359,0.184673052002,1.8220876431952606
test,healthy_0536.jpg,0,healthy,0.655762,0.42334,0.577148,0.272461,0.157250321228,2.118277478244593
test,healthy_0536.jpg,0,healthy,0.594238,0.661133,0.583008,0.222656,0.12981022924799998,2.6184248347226213
test,healthy_0536.jpg,0,healthy,0.575684,0.844238,0.674805,0.28418,0.1917660849,2.374568935181927
test,healthy_0537.jpg,0,healthy,0.687988,0.229004,0.370117,0.415039,0.15361298956299999,0.8917643884068726
test,healthy_0537.jpg,0,healthy,0.472168,0.319824,0.510742,0.34668,0.17706403656,1.4732375677858545
test,healthy_0537.jpg,0,healthy,0.374512,0.428223,0.645508,0.307617,0.19856923443599997,2.098414586970161
test,healthy_0537.jpg,0,healthy,0.34668,0.584473,0.658203,0.227539,0.149766852417,2.892704107867223
test,healthy_0537.jpg,0,healthy,0.309082,0.736816,0.577148,0.137695,0.07947039386,4.1914956970115105
test,healthy_0537.jpg,0,healthy,0.419434,0.82666,0.711914,0.305664,0.21760648089600002,2.329073754187605
test,healthy_0540.jpg,0,healthy,0.21582,0.308594,0.396484,0.458984,0.181979812256,0.8638296759799906
test,healthy_0540.jpg,0,healthy,0.493164,0.405273,0.488281,0.417969,0.204086321289,1.1682230021843727
test,healthy_0540.jpg,0,healthy,0.641113,0.606445,0.588867,0.263672,0.155267739624,2.233331563457629
test,healthy_0540.jpg,0,healthy,0.588867,0.805664,0.373047,0.126953,0.04735943579100001,2.938465416335179
test,healthy_0540.jpg,0,healthy,0.537598,0.903809,0.374023,0.114258,0.042735119934,3.2734950725550944
test,healthy_0541.jpg,0,healthy,0.745117,0.44043,0.480469,0.320312,0.15389998632799998,1.5000031219560928
test,healthy_0541.jpg,0,healthy,0.447754,0.572754,0.249023,0.262695,0.065417096985,0.9479548525856982
test,healthy_0541.jpg,0,healthy,0.789551,0.659668,0.411133,0.137695,0.05661095843500001,2.985823740876575
test,healthy_0541.jpg,0,healthy,0.223145,0.569336,0.233398,0.28125,0.0656431875,0.8298595555555556
test,healthy_0541.jpg,0,healthy,0.705566,0.243652,0.514648,0.303711,0.156304258728,1.6945319728294332
test,healthy_0548.jpg,0,healthy,0.713379,0.492188,0.43457,0.271484,0.11797880188,1.600720484448439
test,healthy_0548.jpg,0,healthy,0.439453,0.750977,0.253906,0.486328,0.123481597168,0.5220879735487162
test,healthy_0548.jpg,0,healthy,0.085938,0.650879,0.162109,0.268555,0.043535182495,0.6036342648619464
test,healthy_0548.jpg,0,healthy,0.739258,0.262207,0.501953,0.21582,0.10833149646,2.3257946436845516
test,healthy_0548.jpg,0,healthy,0.737305,0.131348,0.408203,0.260742,0.10643566662599999,1.5655437175445461
test,healthy_0550.jpg,0,healthy,0.827148,0.690918,0.337891,0.608398,0.205572208618,0.555378222808096
test,healthy_0550.jpg,0,healthy,0.623047,0.607422,0.240234,0.666016,0.159999687744,0.36070304617306487
test,healthy_0550.jpg,0,healthy,0.433594,0.756836,0.349609,0.369141,0.129055015869,0.9470879690958198
test,healthy_0550.jpg,0,healthy,0.394531,0.211426,0.160156,0.186523,0.029872777588,0.8586394171228213
test,healthy_0550.jpg,1,unhealthy,0.421875,0.507812,0.134766,0.238281,0.032112177246,0.5655759376534428
test,healthy_0550.jpg,0,healthy,0.114258,0.183105,0.21875,0.331055,0.07241828125,0.6607663379196811
test,healthy_0550.jpg,0,healthy,0.157715,0.452148,0.157227,0.216797,0.034086341919,0.7252268250944433
test,healthy_0550.jpg,0,healthy,0.296387,0.357422,0.139648,0.1875,0.026184,0.7447893333333333
test,healthy_0552.jpg,0,healthy,0.30127,0.475586,0.243164,0.4375,0.10638425,0.5558034285714285
test,healthy_0552.jpg,0,healthy,0.602539,0.546387,0.345703,0.237305,0.08203705041499999,1.456787678304292
test,healthy_0552.jpg,0,healthy,0.374023,0.775391,0.341797,0.275391,0.09412781762700001,1.24113351561961
test,healthy_0552.jpg,0,healthy,0.100098,0.577637,0.194336,0.358398,0.069649633728,0.5422351687230398
test,healthy_0552.jpg,0,healthy,0.672852,0.808105,0.363281,0.198242,0.07201755200200001,1.8325127874012572
test,healthy_0552.jpg,0,healthy,0.726074,0.678711,0.407227,0.130859,0.053289317993000004,3.1119525596252453
test,healthy_0560.jpg,1,unhealthy,0.557617,0.435547,0.193359,0.572266,0.11065278149400001,0.33788308234282655
test,healthy_0560.jpg,1,unhealthy,0.745605,0.376953,0.204102,0.580078,0.118395079956,0.3518526818807126
test,healthy_0560.jpg,0,healthy,0.848145,0.586426,0.188477,0.573242,0.10804293243400001,0.3287913307119855
test,healthy_0560.jpg,1,unhealthy,0.395508,0.482422,0.136719,0.458984,0.062751833496,0.2978731284750667
test,healthy_0560.jpg,0,healthy,0.52832,0.84082,0.175781,0.289062,0.05081160742199999,0.6081082951062402
test,healthy_0560.jpg,0,healthy,0.693359,0.845703,0.199219,0.289062,0.057586642578,0.6891912461686421
test,healthy_0560.jpg,0,healthy,0.928223,0.305664,0.12793,0.607422,0.07770749646,0.21061140360408412
test,healthy_0560.jpg,0,healthy,0.336426,0.709473,0.157227,0.19043,0.02994073761,0.8256419681772831
test,healthy_0561.jpg,1,unhealthy,0.351562,0.188965,0.236328,0.366211,0.08654591320800001,0.6453328818631882
test,healthy_0561.jpg,0,healthy,0.641602,0.277832,0.238281,0.538086,0.128215670166,0.4428306999252908
test,healthy_0561.jpg,0,healthy,0.869629,0.282227,0.24707,0.535156,0.13222099292,0.4616784638497934
test,healthy_0561.jpg,1,unhealthy,0.235352,0.209473,0.125,0.352539,0.044067375,0.3545706999792931
test,healthy_0561.jpg,0,healthy,0.381836,0.525391,0.205078,0.28125,0.057678187500000005,0.7291662222222223
test,healthy_0561.jpg,0,healthy,0.545898,0.535645,0.222656,0.305664,0.068057923584,0.7284338358458962
test,healthy_0561.jpg,0,healthy,0.70166,0.741211,0.161133,0.259766,0.041856874878,0.6203005782126991
test,healthy_0561.jpg,0,healthy,0.5,0.782715,0.208984,0.231445,0.048368301880000006,0.9029531854220225
test,healthy_0561.jpg,0,healthy,0.309082,0.660645,0.245117,0.262695,0.064391010315,0.9330858980947486
test,healthy_0561.jpg,0,healthy,0.29834,0.808594,0.262695,0.160156,0.04207218042,1.640244511601189
test,healthy_0564.jpg,0,healthy,0.516113,0.379883,0.161133,0.554688,0.08937854150399999,0.2904930339217723
test,healthy_0564.jpg,0,healthy,0.644043,0.47998,0.260742,0.426758,0.111273734436,0.6109832738929322
test,healthy_0564.jpg,0,healthy,0.744629,0.71875,0.383789,0.240234,0.092199166626,1.597563209204359
test,healthy_0564.jpg,0,healthy,0.32373,0.391602,0.268555,0.544922,0.14634152771,0.492832001644272
test,healthy_0564.jpg,0,healthy,0.175293,0.569336,0.325195,0.330078,0.10733971520999999,0.9852065269421167
test,healthy_0567.jpg,1,unhealthy,0.364258,0.887695,0.160156,0.199219,0.031906118164,0.8039193048855782
test,healthy_0567.jpg,1,unhealthy,0.20166,0.895508,0.25293,0.191406,0.048412319579999995,1.3214319300335413
test,healthy_0567.jpg,0,healthy,0.518555,0.882812,0.140625,0.191406,0.02691646875,0.7346948371524404
test,healthy_0567.jpg,1,unhealthy,0.674805,0.885254,0.236328,0.208008,0.049158114624,1.1361486096688589
test,healthy_0567.jpg,1,unhealthy,0.705566,0.829102,0.272461,0.15625,0.04257203125,1.7437504000000001
test,healthy_0567.jpg,0,healthy,0.546875,0.69873,0.121094,0.178711,0.021640829834,0.6775967903486634
test,healthy_0567.jpg,0,healthy,0.488281,0.515137,0.136719,0.112305,0.015354227295000002,1.217390142914385
test,healthy_0567.jpg,0,healthy,0.346191,0.523438,0.143555,0.121094,0.017383649169999998,1.1854840041620558
test,healthy_0567.jpg,0,healthy,0.470215,0.620605,0.141602,0.114258,0.016179161316,1.2393180346233963
test,healthy_0567.jpg,0,healthy,0.232422,0.643066,0.173828,0.086914,0.015108086792000002,2.0
test,healthy_0567.jpg,1,unhealthy,0.219727,0.53418,0.130859,0.125,0.016357375,1.046872
test,healthy_0567.jpg,0,healthy,0.666504,0.601562,0.161133,0.09375,0.01510621875,1.718752
test,healthy_0573.jpg,1,unhealthy,0.293945,0.259277,0.162109,0.399414,0.064748604126,0.40586709529460663
test,healthy_0573.jpg,1,unhealthy,0.458008,0.270508,0.181641,0.349609,0.063503328369,0.5195547025391223
test,healthy_0573.jpg,1,unhealthy,0.644043,0.330078,0.370117,0.21875,0.08096309374999999,1.6919634285714285
test,healthy_0573.jpg,0,healthy,0.253906,0.711426,0.167969,0.237305,0.039859883545,0.7078190514317019
test,healthy_0573.jpg,0,healthy,0.387695,0.733887,0.111328,0.249023,0.027723232543999998,0.44705910699011736
test,healthy_0573.jpg,0,healthy,0.495605,0.686523,0.114258,0.210938,0.024101354003999997,0.5416662716058748
test,healthy_0573.jpg,0,healthy,0.591309,0.773926,0.182617,0.209961,0.038342447937,0.8697662899300346
test,healthy_0573.jpg,0,healthy,0.716309,0.746582,0.182617,0.223633,0.040839187561,0.8165923633810752
test,healthy_0573.jpg,0,healthy,0.293457,0.521973,0.172852,0.25293,0.04371945636,0.6833985687739691
test,healthy_0574.jpg,1,unhealthy,0.29541,0.268066,0.161133,0.389648,0.062785151184,0.4135347801092268
test,healthy_0574.jpg,1,unhealthy,0.468262,0.271484,0.180664,0.353516,0.063867614624,0.5110490048540943
test,healthy_0574.jpg,1,unhealthy,0.663086,0.350098,0.322266,0.243164,0.078363489624,1.325303087628103
test,healthy_0574.jpg,0,healthy,0.386719,0.718262,0.121094,0.254883,0.030864802002,0.4750964167873102
test,healthy_0574.jpg,0,healthy,0.502441,0.66748,0.112305,0.217773,0.024456996765,0.515697538262319
test,healthy_0574.jpg,0,healthy,0.581543,0.77002,0.213867,0.206055,0.044068364685,1.0379122079056564
test,healthy_0574.jpg,0,healthy,0.718262,0.756836,0.163086,0.207031,0.033763857666,0.7877371021731046
test,healthy_0574.jpg,0,healthy,0.251953,0.715332,0.193359,0.229492,0.044374343628,0.84255224582992
test,healthy_0581.jpg,0,healthy,0.464355,0.67334,0.323242,0.606445,0.19602849469,0.5330112376225379
test,healthy_0581.jpg,0,healthy,0.589844,0.602051,0.283203,0.563477,0.15957837683099999,0.5025990413095831
test,healthy_0581.jpg,0,healthy,0.743164,0.601074,0.283203,0.549805,0.155706425415,0.5150971708151072
test,healthy_0581.jpg,0,healthy,0.942871,0.577637,0.108398,0.579102,0.062773498596,0.18718291423617944
test,healthy_0581.jpg,1,unhealthy,0.154785,0.173828,0.307617,0.326172,0.100336052124,0.9431128361723261
test,healthy_0581.jpg,1,unhealthy,0.299316,0.163086,0.256836,0.324219,0.083271111084,0.7921682566413444
test,healthy_0581.jpg,1,unhealthy,0.733887,0.153809,0.213867,0.297852,0.063700713684,0.7180311026952984
test,healthy_0581.jpg,1,unhealthy,0.845703,0.34375,0.126953,0.318359,0.040416630127,0.39877308321737415
test,healthy_0585.jpg,0,healthy,0.422852,0.672363,0.421875,0.477539,0.20146176562499998,0.883435698445572
test,healthy_0585.jpg,0,healthy,0.575195,0.730469,0.552734,0.306641,0.16949090649399998,1.8025443433852615
test,healthy_0585.jpg,0,healthy,0.35791,0.422852,0.399414,0.357422,0.142759350708,1.1174857731197296
test,healthy_0585.jpg,0,healthy,0.645508,0.876953,0.572266,0.228516,0.130771937256,2.504271035726164
test,healthy_0585.jpg,0,healthy,0.87207,0.346191,0.25,0.424805,0.10620125,0.5885053142029872
test,healthy_0591.jpg,0,healthy,0.476074,0.262695,0.19043,0.197266,0.037565364379999994,0.9653462836981537
test,healthy_0591.jpg,0,healthy,0.66748,0.175293,0.254883,0.206055,0.052519916565000005,1.2369658586299777
test,healthy_0591.jpg,0,healthy,0.545898,0.455566,0.15625,0.172852,0.027008125,0.9039525142896813
test,healthy_0591.jpg,0,healthy,0.266113,0.355957,0.22168,0.18457,0.0409154776,1.2010619277238987
test,healthy_0591.jpg,0,healthy,0.282715,0.251465,0.229492,0.174805,0.04011634906,1.3128457423986728
test,healthy_0591.jpg,0,healthy,0.711914,0.337891,0.246094,0.199219,0.049026600586,1.2352938223763799
test,healthy_0591.jpg,0,healthy,0.802734,0.478027,0.285156,0.166992,0.047618770752,1.7076027594136247
test,healthy_0591.jpg,0,healthy,0.647949,0.61377,0.272461,0.092773,0.025277024353,2.9368566285449433
test,healthy_0591.jpg,0,healthy,0.56543,0.69043,0.279297,0.126953,0.035457592041000005,2.200003150772333
test,healthy_0591.jpg,0,healthy,0.791504,0.716797,0.209961,0.113281,0.023784592041000002,1.8534529179650603
test,healthy_0591.jpg,0,healthy,0.388184,0.505859,0.133789,0.166016,0.022211114623999998,0.8058801561295297
test,healthy_0591.jpg,1,unhealthy,0.224609,0.585938,0.226562,0.148438,0.033630410156,1.5263072798070578
test,healthy_0591.jpg,0,healthy,0.223145,0.466797,0.272461,0.107422,0.029268305542000002,2.536361266779617
test,healthy_0591.jpg,0,healthy,0.217773,0.81543,0.25,0.085938,0.0214845,2.90907398356955
test,healthy_0591.jpg,0,healthy,0.660645,0.798828,0.250977,0.103516,0.025980135132,2.4245237451215274
test,healthy_0591.jpg,0,healthy,0.443848,0.79248,0.147461,0.125977,0.018576694397000004,1.1705390666550244
test,healthy_0591.jpg,0,healthy,0.222656,0.691406,0.179688,0.154297,0.027725319335999997,1.164559259091233
test,healthy_0591.jpg,0,healthy,0.405762,0.65332,0.149414,0.150391,0.022470520873999998,0.9935036006143985
test,healthy_0602.jpg,0,healthy,0.193848,0.541504,0.370117,0.581055,0.21505833343499997,0.6369741246525716
test,healthy_0602.jpg,0,healthy,0.422852,0.548828,0.212891,0.580078,0.123493385498,0.3670040925530705
test,healthy_0602.jpg,0,healthy,0.678223,0.536133,0.321289,0.542969,0.17444996704100002,0.5917262311476346
test,healthy_0602.jpg,0,healthy,0.843262,0.484375,0.286133,0.445312,0.127418458496,0.642545002155792
test,healthy_0604.jpg,0,healthy,0.479004,0.345215,0.745117,0.329102,0.24521949493400003,2.2640913759260046
test,healthy_0604.jpg,0,healthy,0.402832,0.651367,0.698242,0.335938,0.23456602099600002,2.078484720394835
test,healthy_0606.jpg,0,healthy,0.414551,0.329102,0.782227,0.416016,0.325418947632,1.8802810468828122
test,healthy_0606.jpg,0,healthy,0.432129,0.691895,0.739258,0.37207,0.27505572406,1.986878813126562
test,healthy_0609.jpg,0,healthy,0.470703,0.47998,0.214844,0.192383,0.041332333252,1.1167514801203848
test,healthy_0609.jpg,0,healthy,0.227051,0.450195,0.307617,0.177734,0.05467399987799999,1.730771827562537
test,healthy_0609.jpg,0,healthy,0.244629,0.602539,0.374023,0.138672,0.051866517455999996,2.6971775124033694
test,healthy_0609.jpg,0,healthy,0.333984,0.749023,0.253906,0.140625,0.035705531250000005,1.805553777777778
test,healthy_0609.jpg,0,healthy,0.516602,0.658203,0.242188,0.138672,0.033584694336,1.7464809045805931
test,healthy_0609.jpg,0,healthy,0.654785,0.577637,0.168945,0.165039,0.027882513855,1.0236671332230565
test,healthy_0609.jpg,0,healthy,0.803223,0.621094,0.139648,0.130859,0.018274197632,1.0671638939622035
test,healthy_0609.jpg,0,healthy,0.554199,0.813965,0.211914,0.231445,0.04904643573,0.9156127805742185
test,healthy_0609.jpg,0,healthy,0.277832,0.359863,0.268555,0.172852,0.04642026886,1.5536701918404183
test,healthy_0609.jpg,0,healthy,0.351562,0.094727,0.255859,0.175781,0.044975150878999996,1.4555554923455891
test,healthy_0609.jpg,0,healthy,0.501953,0.406738,0.189453,0.161133,0.030527130249,1.1757554318482248
test,healthy_0613.jpg,0,healthy,0.60791,0.25293,0.725586,0.322266,0.23383169787599997,2.2515127255124647
test,healthy_0613.jpg,0,healthy,0.629883,0.504883,0.685547,0.320312,0.219588930664,2.1402476335572818
test,healthy_0613.jpg,0,healthy,0.5625,0.813965,0.623047,0.297852,0.185575795044,2.091800625814163
test,healthy_0615.jpg,0,healthy,0.316895,0.472168,0.258789,0.262695,0.067982576355,0.9851310455090504
test,healthy_0615.jpg,0,healthy,0.191895,0.669922,0.366211,0.185547,0.067949352417,1.9736832177292007
test,healthy_0615.jpg,0,healthy,0.456055,0.642578,0.205078,0.138672,0.028438576416,1.4788710049613478
test,healthy_0615.jpg,0,healthy,0.554688,0.515625,0.125,0.128906,0.01611325,0.9696988503250431
test,healthy_0615.jpg,0,healthy,0.422852,0.409668,0.154297,0.27832,0.042943941039999996,0.5543870365047426
test,healthy_0615.jpg,0,healthy,0.797852,0.826172,0.392578,0.314453,0.12344732983399999,1.2484473037306052
test,healthy_0615.jpg,0,healthy,0.51123,0.810547,0.161133,0.134766,0.021715249877999998,1.1956502381906415
test,healthy_0619.jpg,0,healthy,0.514648,0.533691,0.455078,0.151367,0.068883791626,3.006454511221072
test,healthy_0619.jpg,0,healthy,0.382812,0.780762,0.525391,0.344727,0.181116463257,1.5240784736907758
test,healthy_0619.jpg,0,healthy,0.463867,0.712891,0.679688,0.212891,0.144699458008,3.1926572753192946
test,healthy_0619.jpg,0,healthy,0.418457,0.328125,0.405273,0.222656,0.090236465088,1.8201755173900547
test,healthy_0619.jpg,0,healthy,0.5625,0.44043,0.5,0.115234,0.057617,4.338997170973845
test,healthy_0622.jpg,0,healthy,0.40918,0.574707,0.273438,0.604492,0.16529108349600002,0.45234345533108794
test,healthy_0622.jpg,0,healthy,0.673828,0.488281,0.390625,0.658203,0.257110546875,0.5934719227958548
test,healthy_0624.jpg,0,healthy,0.387695,0.51416,0.757812,0.331055,0.25087745166000003,2.2890818746129797
test,healthy_0630.jpg,0,healthy,0.431152,0.54541,0.758789,0.336914,0.255646637146,2.2521741453308564
test,healthy_0638.jpg,0,healthy,0.402344,0.490234,0.748047,0.330078,0.246913857666,2.266273426281061
test,healthy_0639.jpg,0,healthy,0.398438,0.493652,0.783203,0.313477,0.245516126831,2.4984384819300938
test,healthy_0650.jpg,0,healthy,0.420898,0.458008,0.798828,0.341797,0.273037013916,2.337141636702487
test,healthy_0651.jpg,0,healthy,0.490234,0.495117,0.736328,0.310547,0.228664451416,2.371067825482133
test,healthy_0656.jpg,0,healthy,0.381836,0.563477,0.714844,0.291016,0.208031041504,2.456373532726723
test,healthy_0656.jpg,0,healthy,0.384277,0.295898,0.604492,0.257812,0.155845291504,2.344700789722744
test,healthy_0656.jpg,0,healthy,0.444336,0.086914,0.685547,0.171875,0.117828390625,3.988637090909091
test,healthy_0657.jpg,0,healthy,0.444336,0.318848,0.875,0.366211,0.32043462500000003,2.3893329255538474
test,healthy_0657.jpg,0,healthy,0.525391,0.624512,0.847656,0.493164,0.418033423584,1.7188115920870135
test,healthy_0660.jpg,0,healthy,0.611816,0.525391,0.573242,0.318359,0.18249674987800002,1.8006150289453102
test,healthy_0660.jpg,0,healthy,0.421875,0.219238,0.349609,0.418945,0.146466942505,0.8344985618637291
test,healthy_0660.jpg,0,healthy,0.254883,0.313965,0.259766,0.456055,0.11846758313,0.5695935797217441
test,healthy_0664.jpg,0,healthy,0.506836,0.421387,0.962891,0.647461,0.623434369751,1.4871799228061615
test,healthy_0666.jpg,0,healthy,0.430664,0.21582,0.837891,0.414062,0.346938823242,2.023588254899025
test,healthy_0666.jpg,1,unhealthy,0.438965,0.577148,0.711914,0.304688,0.21691165283200003,2.3365344220973587
test,healthy_0666.jpg,0,healthy,0.612305,0.817871,0.679688,0.338867,0.23032383349599997,2.005766274083933
test,healthy_0671.jpg,0,healthy,0.589355,0.333496,0.62207,0.526367,0.32743711969,1.1818180091077137
test,healthy_0671.jpg,0,healthy,0.416016,0.581055,0.804688,0.435547,0.350479444336,1.8475342500350134
test,healthy_0676.jpg,0,healthy,0.251465,0.201172,0.46582,0.392578,0.18287068396,1.1865667459715012
test,healthy_0676.jpg,0,healthy,0.550781,0.347168,0.654297,0.374023,0.244722126831,1.7493496389259484
test,healthy_0676.jpg,0,healthy,0.623047,0.712402,0.644531,0.375977,0.242328831787,1.7142830545485495
test,healthy_0676.jpg,0,healthy,0.527344,0.862793,0.509766,0.256836,0.13092626037600003,1.9847918516095875
test,healthy_0681.jpg,0,healthy,0.548828,0.210449,0.863281,0.391602,0.338062566162,2.2044856767840817
test,healthy_0681.jpg,0,healthy,0.566895,0.578613,0.831055,0.360352,0.29947233136,2.3062311295622058
test,healthy_0681.jpg,0,healthy,0.519531,0.805176,0.724609,0.375977,0.272436317993,1.927269487229272
test,healthy_0693.jpg,0,healthy,0.751953,0.519043,0.488281,0.750977,0.366687800537,0.6501943468308616
test,healthy_0693.jpg,0,healthy,0.437012,0.377441,0.405273,0.739258,0.299601307434,0.5482159137946427
test,healthy_0693.jpg,0,healthy,0.154297,0.406738,0.300781,0.768555,0.23116674145500002,0.3913591089772365
test,healthy_0695.jpg,0,healthy,0.759277,0.520996,0.424805,0.512695,0.217795399475,0.828572543129931
test,healthy_0695.jpg,0,healthy,0.570801,0.606934,0.249023,0.581055,0.14469605926499998,0.4285704451385841
test,healthy_0695.jpg,0,healthy,0.28418,0.602539,0.390625,0.490234,0.19149765625,0.796813358518585
test,healthy_0695.jpg,0,healthy,0.834473,0.282715,0.321289,0.280273,0.09004863189699999,1.1463430298316284
test,healthy_0695.jpg,0,healthy,0.137207,0.438477,0.262695,0.298828,0.07850062146,0.8790842892901604
test,healthy_0697.jpg,1,unhealthy,0.70166,0.602051,0.522461,0.694336,0.36276348089599997,0.7524613443635358
test,healthy_0697.jpg,1,unhealthy,0.288574,0.597656,0.40918,0.660156,0.27012263208,0.6198231933058247
test,healthy_0697.jpg,0,healthy,0.806152,0.475098,0.37793,0.436523,0.16497513739,0.8657733956744547
test,healthy_0697.jpg,0,healthy,0.171387,0.361816,0.329102,0.383789,0.126305727478,0.8575076409172749
test,healthy_0700.jpg,0,healthy,0.660645,0.586914,0.360352,0.765625,0.2758945,0.47066383673469386
test,healthy_0700.jpg,0,healthy,0.248047,0.605957,0.462891,0.700195,0.324113963745,0.6610886967201993
test,healthy_0703.jpg,0,healthy,0.515137,0.369141,0.713867,0.505859,0.36111604675299996,1.4111975866792923
test,healthy_0703.jpg,0,healthy,0.638184,0.766113,0.713867,0.407227,0.29070591680900004,1.7529952581729602
test,healthy_0703.jpg,0,healthy,0.202637,0.285645,0.383789,0.56543,0.21700581426999999,0.6787559910156872
test,healthy_0707.jpg,0,healthy,0.193848,0.628906,0.331055,0.628906,0.20820247582999998,0.5263982216738272
test,healthy_0707.jpg,0,healthy,0.37207,0.611816,0.191406,0.56543,0.10822669457999999,0.33851405125302864
test,healthy_0707.jpg,0,healthy,0.580078,0.61377,0.265625,0.555664,0.14759825000000001,0.4780316882144605
test,healthy_0707.jpg,0,healthy,0.762207,0.584961,0.411133,0.583984,0.24009509387199998,0.7040141510726322
test,healthy_0709.jpg,0,healthy,0.432129,0.473145,0.264648,0.633789,0.167730991272,0.4175648362467635
test,healthy_0709.jpg,0,healthy,0.727539,0.439453,0.304688,0.703125,0.21423375,0.43333404444444446
test,healthy_0709.jpg,0,healthy,0.200195,0.546387,0.382812,0.541992,0.207481041504,0.7063056281273523
test,healthy_0712.jpg,0,healthy,0.401855,0.552246,0.436523,0.612305,0.267285215515,0.7129175819240411
test,healthy_0712.jpg,0,healthy,0.712891,0.258789,0.541016,0.464844,0.251488041504,1.163865726996584
test,healthy_0712.jpg,0,healthy,0.149414,0.584473,0.287109,0.608398,0.174676541382,0.47190983533805175
test,healthy_0716.jpg,0,healthy,0.298828,0.41748,0.271484,0.499023,0.135476760132,0.5440310366456055
test,healthy_0716.jpg,0,healthy,0.509277,0.387695,0.37793,0.458984,0.17346382312,0.8234056089101145
test,healthy_0716.jpg,0,healthy,0.712891,0.316406,0.466797,0.419922,0.19601832983400003,1.1116278737479817
test,healthy_0716.jpg,0,healthy,0.10791,0.348633,0.188477,0.404297,0.07620068566900001,0.4661845128704888
test,healthy_0720.jpg,0,healthy,0.531738,0.489258,0.586914,0.771484,0.452794760376,0.7607597824452614
test,healthy_0720.jpg,0,healthy,0.32959,0.49707,0.604492,0.632812,0.382529791504,0.9552473720473063
test,healthy_0725.jpg,0,healthy,0.736328,0.53418,0.230469,0.833984,0.192207458496,0.27634702824034996
test,healthy_0725.jpg,0,healthy,0.350098,0.475586,0.333008,0.71875,0.23934950000000002,0.4633154782608696
test,healthy_0725.jpg,0,healthy,0.441895,0.519531,0.286133,0.740234,0.211805375122,0.38654398473996066
test,healthy_0725.jpg,0,healthy,0.587402,0.536133,0.209961,0.777344,0.16321192358400002,0.2701004960480817
test,healthy_0728.jpg,0,healthy,0.678223,0.436523,0.514648,0.822266,0.42317755236800003,0.6258899188340512
test,healthy_0728.jpg,0,healthy,0.491699,0.552246,0.34668,0.774414,0.26847384552000003,0.44766752667178017
test,healthy_0728.jpg,0,healthy,0.296875,0.583496,0.269531,0.774414,0.20872857983400003,0.3480451024903992
test,healthy_0730.jpg,0,healthy,0.558594,0.21875,0.632812,0.330078,0.208877319336,1.9171589745454107
test,healthy_0730.jpg,0,healthy,0.612793,0.413086,0.618164,0.222656,0.137637923584,2.7763186260419666
test,healthy_0730.jpg,0,healthy,0.594238,0.679688,0.598633,0.382812,0.22916389599599998,1.5637780424856065
test,healthy_0730.jpg,0,healthy,0.446289,0.803223,0.412109,0.393555,0.162187557495,1.0471446176519166
test,healthy_0739.jpg,0,healthy,0.564941,0.585449,0.395508,0.608398,0.240626276184,0.6500810324820266
test,healthy_0739.jpg,0,healthy,0.234863,0.567871,0.413086,0.592773,0.244866227478,0.696870471495834
test,healthy_0745.jpg,0,healthy,0.57959,0.477051,0.512695,0.606445,0.310921319275,0.8454105483597029
test,healthy_0745.jpg,0,healthy,0.48291,0.576172,0.522461,0.621094,0.324497392334,0.8411947305882844
test,healthy_0757.jpg,0,healthy,0.181152,0.60498,0.356445,0.624023,0.22242987823500002,0.5712049075114218
test,healthy_0757.jpg,0,healthy,0.407227,0.623047,0.535156,0.574219,0.307296743164,0.9319719479850022
test,healthy_0757.jpg,0,healthy,0.544922,0.629395,0.537109,0.52832,0.28376542688,1.0166357510599635
test,healthy_0757.jpg,0,healthy,0.69873,0.611816,0.59082,0.467773,0.27636964386,1.263048529949356
test,healthy_0757.jpg,0,healthy,0.711914,0.510254,0.568359,0.374023,0.21257933825699998,1.5195830202955432
test,healthy_0766.jpg,0,healthy,0.804199,0.577637,0.25293,0.711914,0.18006440802,0.3552816772812446
test,healthy_0766.jpg,0,healthy,0.636719,0.641602,0.259766,0.693359,0.180111093994,0.37464863079587923
test,healthy_0766.jpg,0,healthy,0.325195,0.556152,0.640625,0.573242,0.36723315625,1.1175472139166356
test,healthy_0766.jpg,0,healthy,0.29248,0.492188,0.56543,0.458984,0.25952332312,1.2319165809701427
test,healthy_0768.jpg,0,healthy,0.555664,0.475586,0.291016,0.4375,0.1273195,0.6651794285714285
test,healthy_0768.jpg,0,healthy,0.312012,0.452148,0.413086,0.441406,0.18233863891600002,0.9358413795915778
test,healthy_0768.jpg,0,healthy,0.759766,0.816895,0.265625,0.358398,0.09519946875,0.7411453188912884
test,healthy_0768.jpg,0,healthy,0.226562,0.61377,0.441406,0.233398,0.103023277588,1.8912158630322455
test,healthy_0768.jpg,0,healthy,0.779297,0.496094,0.216797,0.271484,0.058856916748,0.7985627145614475
test,healthy_0769.jpg,0,healthy,0.439453,0.314453,0.464844,0.498047,0.23151415966799999,0.9333336010456844
test,healthy_0769.jpg,0,healthy,0.294434,0.583008,0.319336,0.228516,0.072973385376,1.397433877715346
test,healthy_0769.jpg,0,healthy,0.777832,0.714355,0.327148,0.543945,0.17795051886,0.6014358069290093
test,healthy_0769.jpg,0,healthy,0.726562,0.227539,0.25,0.441406,0.1103515,0.5663720021929923
test,healthy_0776.jpg,0,healthy,0.400879,0.378418,0.229492,0.594727,0.136485088684,0.38587789019163415
test,healthy_0776.jpg,0,healthy,0.546387,0.334961,0.139648,0.630859,0.08809819763199998,0.22136166718712105
test,healthy_0776.jpg,0,healthy,0.700684,0.378418,0.231445,0.491211,0.11368832989500001,0.47117226609338964
test,healthy_0776.jpg,0,healthy,0.81543,0.504883,0.335938,0.355469,0.119415544922,0.9450556869938026
test,healthy_0776.jpg,0,healthy,0.272461,0.47168,0.365234,0.398438,0.145523104492,0.9166645751660233
test,healthy_0776.jpg,0,healthy,0.203125,0.612793,0.388672,0.260742,0.10134311462399999,1.4906382554402438
test,healthy_0776.jpg,0,healthy,0.215332,0.788086,0.383789,0.154297,0.05921749133299999,2.4873393520288793
test,healthy_0776.jpg,0,healthy,0.806641,0.676758,0.332031,0.193359,0.064201182129,1.7171737545187966
test,healthy_0776.jpg,0,healthy,0.802734,0.861816,0.357422,0.241211,0.08621411804200001,1.4817815107934547
test,healthy_0778.jpg,0,healthy,0.532227,0.395996,0.099609,0.514648,0.051263572632,0.1935478229780355
test,healthy_0778.jpg,0,healthy,0.658691,0.417969,0.239258,0.486328,0.116357864624,0.49196838347781746
test,healthy_0778.jpg,0,healthy,0.755371,0.50293,0.336914,0.376953,0.12700074304199999,0.8937825140004192
test,healthy_0778.jpg,0,healthy,0.806152,0.78125,0.344727,0.193359,0.066656067993,1.782834003072006
test,healthy_0778.jpg,0,healthy,0.412598,0.438965,0.19043,0.438477,0.08349917510999999,0.4342987203433703
test,healthy_0778.jpg,0,healthy,0.333984,0.499023,0.234375,0.318359,0.074615390625,0.7361971861954586
test,healthy_0778.jpg,0,healthy,0.277832,0.615234,0.311523,0.21875,0.06814565624999999,1.4241051428571427
test,healthy_0778.jpg,0,healthy,0.229004,0.771484,0.295898,0.158203,0.046811951294,1.8703690827607566
test,healthy_0778.jpg,0,healthy,0.274902,0.916016,0.319336,0.128906,0.041164326416,2.477278016539184
test,healthy_0779.jpg,0,healthy,0.449219,0.684082,0.636719,0.327148,0.20830134741200002,1.9462720236712436
test,healthy_0779.jpg,0,healthy,0.44873,0.474609,0.620117,0.164062,0.10173763525400001,3.7797722812107617
test,healthy_0779.jpg,0,healthy,0.438477,0.203125,0.59375,0.400391,0.23773215625,1.4829254403820267
test,healthy_0781.jpg,0,healthy,0.569336,0.470703,0.529297,0.742188,0.392837881836,0.7131575827148917
test,healthy_0781.jpg,0,healthy,0.289551,0.546387,0.577148,0.561523,0.324081876404,1.0278261086366898
test,healthy_0781.jpg,0,healthy,0.228027,0.655273,0.44043,0.402344,0.17720436792,1.0946602906965184
test,healthy_0782.jpg,0,healthy,0.501953,0.583984,0.916016,0.345703,0.316669479248,2.649719556960744
test,healthy_0782.jpg,0,healthy,0.416016,0.229492,0.716797,0.451172,0.323398736084,1.58874442562925
test,healthy_0796.jpg,0,healthy,0.28125,0.267578,0.21875,0.251953,0.05511471875,0.8682174850071244
test,healthy_0796.jpg,0,healthy,0.509766,0.311523,0.326172,0.269531,0.08791346533200001,1.2101465137590852
test,healthy_0796.jpg,0,healthy,0.536621,0.452637,0.311523,0.266602,0.083052654846,1.1684946099429112
test,healthy_0796.jpg,0,healthy,0.693848,0.546387,0.401367,0.19043,0.07643231780999998,2.1076878643070946
test,healthy_0796.jpg,0,healthy,0.279297,0.514648,0.214844,0.246094,0.052871819336000006,0.87301600201549
test,healthy_0796.jpg,0,healthy,0.097168,0.192871,0.141602,0.307617,0.043559182434,0.4603191631151725
test,healthy_0796.jpg,0,healthy,0.097168,0.458496,0.188477,0.241211,0.045462725647000005,0.7813781295214564
test,healthy_0796.jpg,0,healthy,0.296875,0.6875,0.257812,0.191406,0.04934676367199999,1.3469379225311642
test,healthy_0796.jpg,0,healthy,0.559082,0.711914,0.24707,0.160156,0.03956974292,1.5426833837008918
test,healthy_0796.jpg,0,healthy,0.656738,0.814941,0.239258,0.110352,0.026402598816,2.168134696244744
test,healthy_0796.jpg,0,healthy,0.134766,0.738281,0.263672,0.167969,0.044288722168000005,1.5697658496508284
test,healthy_0796.jpg,0,healthy,0.776367,0.372559,0.210938,0.188477,0.039756961426,1.1191710394371726
test,healthy_0802.jpg,0,healthy,0.415527,0.429688,0.262695,0.804688,0.21138751416,0.3264557194838248
test,healthy_0802.jpg,0,healthy,0.651367,0.567383,0.232422,0.693359,0.16115188549799997,0.3352116291848811
test,healthy_0802.jpg,0,healthy,0.138184,0.5,0.256836,0.490234,0.125909739624,0.523904910716107
test,healthy_0811.jpg,1,unhealthy,0.183105,0.473633,0.348633,0.556641,0.19406342175300004,0.6263157043767886
test,healthy_0811.jpg,0,healthy,0.643555,0.465332,0.560547,0.489258,0.27425210412600004,1.1457083992494757
test,healthy_0811.jpg,0,healthy,0.757324,0.523926,0.473633,0.420898,0.19935118243400002,1.1252916383541856
test,healthy_0817.jpg,0,healthy,0.590332,0.700684,0.688477,0.143555,0.098834315735,4.795910974887674
test,healthy_0817.jpg,0,healthy,0.489258,0.470215,0.427734,0.356445,0.15246364563,1.2
test,healthy_0817.jpg,0,healthy,0.44873,0.333008,0.25293,0.529297,0.13387509021,0.4778602561510834
test,healthy_0817.jpg,0,healthy,0.300293,0.291992,0.219727,0.392578,0.08625998620599999,0.5597027851789963
test,healthy_0817.jpg,0,healthy,0.128906,0.245117,0.251953,0.455078,0.11465826733399999,0.5536479460663886
test,healthy_0818.jpg,1,unhealthy,0.492188,0.16748,0.560547,0.188477,0.105650216919,2.974087023880898
test,healthy_0818.jpg,1,unhealthy,0.339355,0.154297,0.50293,0.207031,0.10412210083,2.4292497258864616
test,healthy_0818.jpg,0,healthy,0.641602,0.37793,0.615234,0.095703,0.05887973950199999,6.428575906711388
test,healthy_0818.jpg,0,healthy,0.583008,0.233398,0.542969,0.195312,0.10604836132800001,2.7800083968214957
test,healthy_0818.jpg,0,healthy,0.621094,0.507812,0.648438,0.173828,0.112716680664,3.7303426375497613
test,healthy_0818.jpg,0,healthy,0.361816,0.741211,0.641602,0.394531,0.25313187866200004,1.62623976316183
test,healthy_0818.jpg,0,healthy,0.654297,0.64502,0.679688,0.280273,0.190498194824,2.4250926774965835
test,healthy_0821.jpg,0,healthy,0.348145,0.41748,0.370117,0.379883,0.140601156311,0.974292084668174
test,healthy_0821.jpg,0,healthy,0.494629,0.285156,0.231445,0.541016,0.12521544812000002,0.42779695979416504
test,healthy_0821.jpg,0,healthy,0.692383,0.259277,0.142578,0.512695,0.07309902771,0.2780951637913379
test,healthy_0821.jpg,0,healthy,0.845215,0.319824,0.291992,0.506836,0.14799205731199996,0.5761074588229723
test,healthy_0821.jpg,0,healthy,0.255371,0.689941,0.500977,0.194336,0.09735786627200001,2.5778908694220317
test,healthy_0821.jpg,0,healthy,0.259277,0.867676,0.495117,0.25293,0.12522994281,1.9575257976515241
test,healthy_0826.jpg,0,healthy,0.326172,0.352051,0.300781,0.467773,0.140697230713,0.6430063299933942
test,healthy_0826.jpg,0,healthy,0.422852,0.422363,0.318359,0.381836,0.121560927124,0.8337584722236772
test,healthy_0826.jpg,0,healthy,0.597168,0.549805,0.475586,0.277344,0.131900923584,1.7147874120226148
test,healthy_0826.jpg,0,healthy,0.636719,0.77832,0.527344,0.193359,0.10196670849600001,2.727279309470984
test,healthy_0830.jpg,0,healthy,0.569824,0.383789,0.288086,0.447266,0.128851072876,0.6441044031963082
test,healthy_0830.jpg,0,healthy,0.723633,0.526855,0.455078,0.291992,0.132879135376,1.5585290007945425
test,healthy_0830.jpg,0,healthy,0.29248,0.345215,0.155273,0.40332,0.06262470636,0.384987107011802
test,healthy_0830.jpg,0,healthy,0.119141,0.341797,0.232422,0.441406,0.102592465332,0.5265492539747987
test,healthy_0830.jpg,0,healthy,0.76123,0.697754,0.475586,0.188477,0.08963702252200001,2.5233105365641433
test,healthy_0830.jpg,0,healthy,0.696289,0.875,0.597656,0.232422,0.13890840283199998,2.5714261128464604
test,healthy_0832.jpg,0,healthy,0.388184,0.463379,0.172852,0.477539,0.082543571228,0.36196415371309987
test,healthy_0832.jpg,0,healthy,0.640625,0.472656,0.308594,0.40625,0.1253663125,0.759616
test,healthy_0832.jpg,0,healthy,0.811523,0.495117,0.363281,0.445312,0.161773388672,0.8157898282552458
test,healthy_0832.jpg,0,healthy,0.253906,0.638672,0.296875,0.271484,0.0805968125,1.0935266903390255
test,healthy_0837.jpg,0,healthy,0.411621,0.472656,0.209961,0.433594,0.091037829834,0.4842340991803393
test,healthy_0837.jpg,0,healthy,0.241699,0.507812,0.350586,0.394531,0.13831704516600002,0.8886145828844881
test,healthy_0837.jpg,0,healthy,0.76416,0.447266,0.334961,0.445312,0.149162152832,0.7521939673756827
test,healthy_0837.jpg,0,healthy,0.610352,0.496582,0.207031,0.37793,0.07824322583,0.5478025031090413
test,healthy_0837.jpg,0,healthy,0.182617,0.641602,0.349609,0.314453,0.109935598877,1.1118004916474005
test,healthy_0840.jpg,0,healthy,0.52832,0.206543,0.46875,0.276367,0.12954703125,1.696114224925552
test,healthy_0840.jpg,0,healthy,0.602539,0.393066,0.552734,0.135742,0.075029218628,4.071945308010784
test,healthy_0840.jpg,0,healthy,0.611816,0.563965,0.52832,0.231445,0.1222770224,2.2827021538594483
test,healthy_0840.jpg,0,healthy,0.486328,0.687012,0.376953,0.329102,0.124055986206,1.1453986909833425
test,healthy_0840.jpg,0,healthy,0.341797,0.759277,0.283203,0.352539,0.09984010241699999,0.8033238875698858
test,healthy_0840.jpg,0,healthy,0.14209,0.773926,0.202148,0.424805,0.08587348114,0.4758606890220219
test,healthy_0850.jpg,0,healthy,0.487793,0.509766,0.268555,0.642578,0.17256753478999998,0.4179336983214489
test,healthy_0850.jpg,0,healthy,0.185059,0.58252,0.348633,0.586914,0.20461758856200002,0.5940103660842986
test,healthy_0850.jpg,0,healthy,0.789551,0.57373,0.401367,0.588867,0.236351781189,0.6815919384173336
test,healthy_0855.jpg,0,healthy,0.522949,0.713867,0.65332,0.363281,0.23733874292,1.798387474159122
test,healthy_0855.jpg,0,healthy,0.54248,0.302734,0.508789,0.431641,0.21961419274900001,1.1787318628211871
test,healthy_0865.jpg,0,healthy,0.321289,0.211914,0.578125,0.337891,0.195343234375,1.7109807600675957
test,healthy_0865.jpg,0,healthy,0.426758,0.645996,0.572266,0.612305,0.35040133313000005,0.9346093858452896
test,healthy_0865.jpg,0,healthy,0.620117,0.757324,0.300781,0.485352,0.14598465991200002,0.619717236150258
test,healthy_0867.jpg,0,healthy,0.63916,0.25293,0.647461,0.28125,0.18209840624999998,2.3020835555555554
test,healthy_0867.jpg,0,healthy,0.62793,0.591309,0.710938,0.448242,0.318672270996,1.5860584237978592
test,healthy_0868.jpg,0,healthy,0.479492,0.325684,0.654297,0.317383,0.20766274475100002,2.061537637491611
test,healthy_0868.jpg,0,healthy,0.522949,0.617188,0.62793,0.318359,0.19990716686999999,1.9723959429449143
test,healthy_0868.jpg,0,healthy,0.490723,0.835449,0.586914,0.319336,0.18742276910400002,1.8379199338627654
test,healthy_0870.jpg,0,healthy,0.355957,0.276367,0.672852,0.419922,0.282545357544,1.60232614628431
test,healthy_0870.jpg,0,healthy,0.494629,0.488281,0.545898,0.419922,0.229234579956,1.299998571163216
test,healthy_0874.jpg,0,healthy,0.438477,0.263184,0.546875,0.290039,0.158615078125,1.8855222918297194
test,healthy_0874.jpg,0,healthy,0.421875,0.52002,0.644531,0.323242,0.20833948950199996,1.9939580871297666
test,healthy_0874.jpg,0,healthy,0.433105,0.813477,0.516602,0.373047,0.192716826294,1.3848174626789653
test,healthy_0876.jpg,0,healthy,0.585449,0.517578,0.31543,0.619141,0.19529564563000001,0.5094639185581313
test,healthy_0876.jpg,0,healthy,0.330078,0.61084,0.277344,0.686523,0.19040303491199997,0.40398355189847973
test,healthy_0876.jpg,0,healthy,0.846191,0.507812,0.307617,0.552734,0.17003037487799996,0.5565371408308517
test,healthy_0876.jpg,0,healthy,0.15625,0.582031,0.300781,0.585938,0.176239017578,0.5133324686229602
test,healthy_0878.jpg,0,healthy,0.199219,0.30127,0.384766,0.422852,0.162699072632,0.9099306613188538
test,healthy_0878.jpg,0,healthy,0.292969,0.466309,0.457031,0.491211,0.22449865454100001,0.9304168677004383
test,healthy_0878.jpg,0,healthy,0.457031,0.591309,0.298828,0.643555,0.19231225353999998,0.4643394892433436
test,healthy_0878.jpg,0,healthy,0.708496,0.61084,0.245117,0.706055,0.173066083435,0.34716417276274514
test,healthy_0878.jpg,0,healthy,0.864258,0.594238,0.267578,0.637695,0.17063315270999999,0.41960184727808747
test,healthy_0884.jpg,0,healthy,0.401367,0.172363,0.712891,0.323242,0.230436312622,2.2054405058748556
test,healthy_0884.jpg,0,healthy,0.519043,0.396484,0.72168,0.240234,0.17337207312,3.0040710307450236
test,healthy_0884.jpg,0,healthy,0.533203,0.744141,0.761719,0.445312,0.339202611328,1.7105287977867205
test,healthy_0891.jpg,0,healthy,0.471191,0.175293,0.706055,0.286133,0.202025635315,2.4675762669807395
test,healthy_0891.jpg,0,healthy,0.383789,0.362793,0.730469,0.245117,0.17905036987300002,2.980082980780607
test,healthy_0891.jpg,0,healthy,0.414062,0.601074,0.791016,0.235352,0.18616719763200001,3.3609911961657435
test,healthy_0891.jpg,0,healthy,0.558594,0.777832,0.742188,0.348633,0.258751229004,2.1288518298612003
test,healthy_0897.jpg,0,healthy,0.486328,0.371094,0.783203,0.335938,0.263107649414,2.3313915067661295
test,healthy_0897.jpg,1,unhealthy,0.449707,0.745605,0.803711,0.487305,0.391652388855,1.6492976677850626
test,healthy_0897.jpg,0,healthy,0.408691,0.171387,0.62793,0.336914,0.21155840801999998,1.8637693892209881
test,healthy_0899.jpg,0,healthy,0.339355,0.216309,0.604492,0.430664,0.260332942688,1.4036278862407818
test,healthy_0899.jpg,0,healthy,0.479004,0.402344,0.719727,0.384766,0.276926478882,1.8705576896087492
test,healthy_0899.jpg,0,healthy,0.545898,0.711914,0.728516,0.287109,0.20916350024400002,2.537419586289528
test,healthy_0905.jpg,0,healthy,0.287598,0.538086,0.493164,0.740234,0.365056760376,0.6662271660042636
test,healthy_0905.jpg,0,healthy,0.58252,0.420898,0.342773,0.828125,0.28385889062499997,0.41391456603773585
test,healthy_0905.jpg,0,healthy,0.847656,0.477539,0.300781,0.734375,0.22088604687500002,0.4095741276595745
test,healthy_0914.jpg,0,healthy,0.473145,0.308594,0.561523,0.375,0.210571125,1.4973946666666667
test,healthy_0914.jpg,0,healthy,0.453613,0.624023,0.567383,0.289062,0.164008864746,1.962841881672444
test,healthy_0918.jpg,1,unhealthy,0.461426,0.766113,0.764648,0.37793,0.28898341864,2.023252983356706
test,healthy_0918.jpg,0,healthy,0.346191,0.487793,0.670898,0.379883,0.254862744934,1.7660648146929447
test,healthy_0918.jpg,0,healthy,0.348145,0.23877,0.694336,0.336914,0.23393151910399998,2.0608701330309813
test,healthy_0923.jpg,0,healthy,0.536621,0.569824,0.299805,0.581055,0.174203194275,0.5159666468750806
test,healthy_0925.jpg,0,healthy,0.536133,0.522949,0.40625,0.709961,0.28842165625,0.5722145300939067
test,healthy_0926.jpg,0,healthy,0.544434,0.424805,0.44043,0.800781,0.35268797583,0.5500005619513949
test,healthy_0933.jpg,0,healthy,0.548828,0.494141,0.431641,0.953125,0.411407828125,0.45286924590163935
test,healthy_0939.jpg,0,healthy,0.48291,0.586426,0.963867,0.573242,0.5525290468140001,1.6814312279979484
test,healthy_0943.jpg,0,healthy,0.460938,0.504883,0.849609,0.433594,0.368385364746,1.9594574648173175
test,healthy_0944.jpg,0,healthy,0.469727,0.352051,0.816406,0.436523,0.356379996338,1.870247386735636
test,healthy_0949.jpg,0,healthy,0.476562,0.403809,0.673828,0.569336,0.383634538208,1.1835330982056291
test,healthy_0949.jpg,0,healthy,0.609863,0.616699,0.74707,0.426758,0.31881809906,1.7505705809850078
test,healthy_0951.jpg,0,healthy,0.506836,0.430664,0.808594,0.439453,0.355339059082,1.8400010922669776
test,healthy_0954.jpg,0,healthy,0.426758,0.404297,0.779297,0.494141,0.385082598877,1.577074154947677
test,healthy_0955.jpg,0,healthy,0.489746,0.506836,0.829102,0.587891,0.48742160388200007,1.4102988479156848
test,healthy_0957.jpg,0,healthy,0.451172,0.509277,0.445312,0.770508,0.343116458496,0.5779459784973031
test,healthy_0961.jpg,0,healthy,0.499023,0.509277,0.410156,0.719727,0.295200347412,0.5698771895454805
test,healthy_0962.jpg,0,healthy,0.568848,0.512695,0.540039,0.820312,0.44300047216800004,0.6583336584128966
test,healthy_0966.jpg,0,healthy,0.544434,0.579102,0.551758,0.787109,0.43429368762199994,0.7009931280165771
test,healthy_0967.jpg,0,healthy,0.800293,0.557617,0.379883,0.808594,0.307171114502,0.4698068499147904
test,healthy_0967.jpg,0,healthy,0.414551,0.522461,0.479492,0.646484,0.309983906128,0.7416919830962561
test,healthy_0967.jpg,0,healthy,0.23584,0.443848,0.461914,0.522461,0.24133205035399996,0.8841119241436204
test,healthy_0972.jpg,0,healthy,0.643066,0.603516,0.678711,0.412109,0.279702911499,1.6469210815585196
test,healthy_0978.jpg,0,healthy,0.538574,0.218262,0.719727,0.209961,0.151114600647,3.427908040064583
test,healthy_0978.jpg,0,healthy,0.54541,0.425293,0.723633,0.233398,0.168894494934,3.100425025064482
test,healthy_0978.jpg,0,healthy,0.523438,0.63916,0.691406,0.213867,0.147868927002,3.2328783776833263
test,healthy_0978.jpg,1,unhealthy,0.509277,0.850586,0.795898,0.277344,0.220737534912,2.8697141456097843
test,healthy_0980.jpg,0,healthy,0.530762,0.157227,0.897461,0.265625,0.23838807812499999,3.3786767058823526
test,healthy_0980.jpg,0,healthy,0.521973,0.410645,0.870117,0.268555,0.233674270935,3.2399955316415636
test,healthy_0980.jpg,0,healthy,0.514648,0.655273,0.888672,0.292969,0.26035334716799996,3.0333311715574007
test,healthy_0980.jpg,0,healthy,0.5,0.885254,0.908203,0.211914,0.19246093054199997,4.2857149598422
test,healthy_0982.jpg,0,healthy,0.522949,0.140625,0.928711,0.242188,0.22492265966799999,3.8346697606817846
test,healthy_0982.jpg,0,healthy,0.525879,0.386719,0.868164,0.259766,0.225519489624,3.3421001978703915
test,healthy_0982.jpg,0,healthy,0.521484,0.660156,0.830078,0.304688,0.252914805664,2.7243540933676416
test,healthy_0982.jpg,1,unhealthy,0.544434,0.899414,0.887695,0.175781,0.15603991479499998,5.050005404452131
test,healthy_0983.jpg,0,healthy,0.619141,0.289551,0.689453,0.182617,0.125905838501,3.7754042613776373
test,healthy_0983.jpg,0,healthy,0.666016,0.488281,0.667969,0.185547,0.123939644043,3.5999989221059896
test,healthy_0983.jpg,0,healthy,0.548828,0.663574,0.726562,0.18457,0.13410154834000002,3.936511892506908
test,healthy_0983.jpg,0,healthy,0.608887,0.85498,0.702148,0.202148,0.14193781390399998,3.4734353048261672
test,healthy_0985.jpg,0,healthy,0.597168,0.326172,0.573242,0.128906,0.073894333252,4.446976866864227
test,healthy_0985.jpg,0,healthy,0.620605,0.489258,0.543945,0.144531,0.07861691479499999,3.7635178612200844
test,healthy_0985.jpg,0,healthy,0.557617,0.644043,0.523438,0.143555,0.07514214208999999,3.646254048970778
test,healthy_0985.jpg,0,healthy,0.581543,0.790039,0.579102,0.144531,0.083698191162,4.00676671440729
test,healthy_1001.jpg,0,healthy,0.396973,0.533203,0.499023,0.925781,0.461986011963,0.5390292088517695
test,healthy_1004.jpg,0,healthy,0.541992,0.493164,0.476562,0.724609,0.34532111425799994,0.6576815910373733
test,healthy_1014.jpg,0,healthy,0.291992,0.39502,0.359375,0.692383,0.248825140625,0.5190407621215426
test,healthy_1015.jpg,0,healthy,0.501953,0.315918,0.943359,0.485352,0.45786117736799997,1.94365944716412
test,healthy_1015.jpg,0,healthy,0.512207,0.768066,0.963867,0.448242,0.432045671814,2.1503272785682737
test,healthy_1023.jpg,0,healthy,0.799316,0.493164,0.383789,0.964844,0.370296513916,0.3977731115081816
test,healthy_1023.jpg,0,healthy,0.420898,0.506836,0.390625,0.658203,0.257110546875,0.5934719227958548
test,healthy_1028.jpg,0,healthy,0.679688,0.563477,0.466797,0.792969,0.370155550293,0.5886699227838667
test,healthy_1028.jpg,0,healthy,0.256348,0.521484,0.461914,0.732422,0.338315975708,0.6306664736995885
test,healthy_1031.jpg,0,healthy,0.386719,0.48877,0.462891,0.905273,0.419042724243,0.5113275221949621
test,healthy_1032.jpg,0,healthy,0.388672,0.521484,0.550781,0.902344,0.496993930664,0.6103891642211838
test,healthy_1040.jpg,0,healthy,0.366699,0.329102,0.719727,0.488281,0.35142901928700004,1.4740016506888451
test,healthy_1040.jpg,0,healthy,0.477539,0.73584,0.851562,0.430664,0.366737097168,1.977323388999313
test,healthy_1041.jpg,0,healthy,0.375,0.26123,0.708984,0.387695,0.27486955188,1.8287158720127934
test,healthy_1041.jpg,0,healthy,0.465332,0.716309,0.84668,0.444336,0.37621040448,1.9054949407655468
test,healthy_1055.jpg,0,healthy,0.316406,0.520508,0.527344,0.654297,0.34503959716800003,0.8059703773668533
test,healthy_1055.jpg,0,healthy,0.76709,0.54834,0.360352,0.758789,0.27343113372800004,0.47490409059699074
test,healthy_1072.jpg,0,healthy,0.294434,0.527344,0.362305,0.525391,0.19035178625500002,0.6895911806635439
test,healthy_1072.jpg,0,healthy,0.674805,0.458984,0.363281,0.568359,0.206474025879,0.6391752395932854
test,healthy_1080.jpg,0,healthy,0.328125,0.437012,0.341797,0.760742,0.260019333374,0.4492942416745756
test,healthy_1080.jpg,0,healthy,0.690918,0.452637,0.551758,0.71582,0.39495941156,0.7708055097650247
test,healthy_1088.jpg,0,healthy,0.239258,0.582031,0.429688,0.701172,0.30128519433600004,0.6128139743172859
test,healthy_1088.jpg,0,healthy,0.593262,0.575684,0.489258,0.557617,0.272818578186,0.8774086873248126
test,healthy_1088.jpg,0,healthy,0.777344,0.464844,0.445312,0.501953,0.22352569433599997,0.8871587578916751
test,healthy_1091.jpg,0,healthy,0.228027,0.507812,0.37793,0.71875,0.2716371875,0.525815652173913
test,healthy_1091.jpg,0,healthy,0.664551,0.506348,0.584961,0.583008,0.34103694268799994,1.003349868269389
test,healthy_1097.jpg,0,healthy,0.219238,0.402344,0.428711,0.777344,0.333255923584,0.551507440721225
test,healthy_1097.jpg,0,healthy,0.67041,0.426758,0.46582,0.822266,0.38302794812,0.5665076751318916
test,healthy_1099.jpg,0,healthy,0.42627,0.506836,0.491211,0.802734,0.394311770874,0.6119225048397103
test,healthy_1099.jpg,0,healthy,0.831055,0.526367,0.330078,0.794922,0.262386263916,0.4152331926906036
test,healthy_1103.jpg,0,healthy,0.173828,0.394531,0.332031,0.775391,0.25745384912100006,0.4282110573891108
test,healthy_1103.jpg,0,healthy,0.362793,0.369629,0.223633,0.71582,0.16008097406,0.31241513229582857
test,healthy_1103.jpg,0,healthy,0.549316,0.364258,0.329102,0.703125,0.23139984375,0.4680561777777778
test,healthy_1103.jpg,0,healthy,0.844238,0.469727,0.307617,0.917969,0.282382869873,0.33510608746046977
test,healthy_1114.jpg,0,healthy,0.510742,0.26123,0.767578,0.28418,0.21813031604,2.7010275177704273
test,healthy_1114.jpg,0,healthy,0.489258,0.572754,0.6875,0.270508,0.18597425,2.5415144838599963
test,healthy_1114.jpg,0,healthy,0.638184,0.811035,0.467773,0.366211,0.171303618103,1.2773319206686855
test,healthy_1117.jpg,0,healthy,0.511719,0.239258,0.96875,0.369141,0.35760534374999997,2.6243359583465398
test,healthy_1117.jpg,0,healthy,0.562988,0.69043,0.827148,0.484375,0.4006498125,1.7076603870967741
test,healthy_1119.jpg,0,healthy,0.443359,0.39209,0.855469,0.461914,0.39515310766600004,1.8520092484748245
test,healthy_1119.jpg,0,healthy,0.446289,0.74707,0.875,0.478516,0.4187015,1.8285699955696362
test,healthy_1119.jpg,0,healthy,0.552246,0.117188,0.786133,0.232422,0.182714604126,3.382351928819131
test,healthy_1142.jpg,0,healthy,0.51416,0.402832,0.631836,0.430664,0.272109019104,1.4671205394460647
test,healthy_1142.jpg,0,healthy,0.520996,0.790039,0.678711,0.322266,0.218725479126,2.106058349313921
test,healthy_1142.jpg,0,healthy,0.633789,0.186523,0.564453,0.355469,0.20064554345699998,1.5879106194914325
test,healthy_1147.jpg,0,healthy,0.445312,0.469727,0.423828,0.755859,0.32035420825199995,0.5607236270256755
test,healthy_1147.jpg,0,healthy,0.138184,0.510254,0.223633,0.743164,0.166195994812,0.3009201199196947
test,healthy_1149.jpg,0,healthy,0.243164,0.476074,0.447266,0.819336,0.366461135376,0.5458883779060117
test,healthy_1149.jpg,1,unhealthy,0.627441,0.413574,0.442383,0.745117,0.329627093811,0.593709444288615
test,healthy_1154.jpg,0,healthy,0.486816,0.508789,0.360352,0.794922,0.286451732544,0.4533174324021728
test,healthy_1154.jpg,0,healthy,0.197754,0.460938,0.370117,0.630859,0.23349164050299998,0.5866873580308753
test,healthy_1154.jpg,0,healthy,0.805176,0.429688,0.383789,0.697266,0.267603020874,0.5504197824072878
test,healthy_1157.jpg,0,healthy,0.452148,0.519043,0.474609,0.725586,0.344369645874,0.6541044066451117
test,healthy_1157.jpg,0,healthy,0.819824,0.48877,0.344727,0.782227,0.269654767029,0.4406994389096771
test,healthy_1157.jpg,0,healthy,0.296875,0.175293,0.591797,0.329102,0.194761576294,1.7982175738828692
test,healthy_1160.jpg,0,healthy,0.441895,0.371582,0.37793,0.543945,0.20557313385,0.6947945104744045
test,healthy_1160.jpg,0,healthy,0.786621,0.431641,0.317383,0.599609,0.190305703247,0.529316604654033
test,healthy_1171.jpg,0,healthy,0.467285,0.466309,0.920898,0.43457,0.40019464386000003,2.1191016407023033
test,healthy_1171.jpg,0,healthy,0.461914,0.133789,0.792969,0.248047,0.196693581543,3.1968497905638853
test,healthy_1172.jpg,0,healthy,0.46582,0.526367,0.925781,0.501953,0.46469855029299995,1.8443579378945838
test,healthy_1178.jpg,0,healthy,0.530273,0.330566,0.630859,0.541992,0.34192053112799997,1.1639636747405864
test,healthy_1178.jpg,0,healthy,0.477051,0.774414,0.604492,0.353516,0.21369759387200002,1.7099424071329163
test,healthy_1182.jpg,0,healthy,0.477051,0.527344,0.735352,0.564453,0.415071642456,1.302769229678999
test,healthy_1182.jpg,0,healthy,0.223145,0.195801,0.430664,0.329102,0.141732383728,1.3086034117082241
test,healthy_1182.jpg,0,healthy,0.538574,0.845703,0.889648,0.283203,0.251950982544,3.1413791520570054
test,healthy_1187.jpg,0,healthy,0.456543,0.199219,0.766602,0.396484,0.303945427368,1.9335004691235964
test,healthy_1187.jpg,0,healthy,0.505859,0.67041,0.785156,0.59668,0.46848688207999994,1.3158745055976402
test,healthy_1188.jpg,0,healthy,0.25,0.355957,0.345703,0.592773,0.20492340441899998,0.5831962656868649
test,healthy_1188.jpg,1,unhealthy,0.488281,0.32959,0.355469,0.204102,0.072551933838,1.7416242858962674
test,healthy_1188.jpg,0,healthy,0.529785,0.499023,0.500977,0.314453,0.157533720581,1.593169726477407
test,healthy_1195.jpg,0,healthy,0.431641,0.634766,0.785156,0.507812,0.398711638672,1.5461548762140318
test,healthy_1195.jpg,0,healthy,0.725586,0.273926,0.548828,0.374023,0.205274295044,1.4673643064731312
test,healthy_1206.jpg,0,healthy,0.620605,0.381836,0.743164,0.744141,0.5530188021240001,0.9986870767771162
test,healthy_1206.jpg,0,healthy,0.50293,0.783203,0.972656,0.416016,0.404640458496,2.338025460559209
test,healthy_1206.jpg,0,healthy,0.444336,0.508301,0.759766,0.366211,0.27823466662600005,2.074667336590108
test,healthy_1209.jpg,0,healthy,0.577637,0.293457,0.81543,0.573242,0.46743872406000003,1.4224882335906999
test,healthy_1209.jpg,0,healthy,0.528809,0.708984,0.852539,0.416016,0.354669864624,2.049293777162417
test,healthy_1214.jpg,0,healthy,0.516113,0.501953,0.84082,0.326172,0.27425194104,2.577842365377776
test,healthy_1214.jpg,0,healthy,0.452148,0.834961,0.751953,0.316406,0.23792244091800002,2.3765446925785225
test,healthy_1220.jpg,0,healthy,0.628906,0.481934,0.542969,0.926758,0.503200864502,0.5858800247745367
test,healthy_1220.jpg,1,unhealthy,0.902344,0.418945,0.195312,0.820312,0.16021677734400003,0.23809477369586207
test,healthy_1220.jpg,0,healthy,0.393066,0.543945,0.311523,0.78125,0.24337734375,0.39874944
test,healthy_1221.jpg,0,healthy,0.634766,0.476074,0.527344,0.948242,0.5000497292480001,0.5561280770098772
test,healthy_1221.jpg,1,unhealthy,0.898438,0.415527,0.203125,0.823242,0.16722103125,0.2467378972404226
test,healthy_1221.jpg,0,healthy,0.412598,0.533203,0.327148,0.767578,0.25111160754399997,0.42620815083287955
test,healthy_1228.jpg,0,healthy,0.377441,0.487793,0.418945,0.973633,0.407898677185,0.43029046879060184
test,healthy_1228.jpg,0,healthy,0.70166,0.547852,0.571289,0.853516,0.4876043021240001,0.6693360171338323
test,healthy_1228.jpg,0,healthy,0.094238,0.498047,0.178711,0.966797,0.172777258667,0.18484852559534215
test,healthy_1230.jpg,0,healthy,0.331055,0.427246,0.337891,0.844727,0.285425650757,0.40000023676288315
test,healthy_1230.jpg,0,healthy,0.648438,0.428223,0.324219,0.850586,0.27577614233399994,0.3811713336452751
test,healthy_1230.jpg,0,healthy,0.13623,0.524902,0.268555,0.760742,0.20430106781,0.35301718585275954
test,healthy_1242.jpg,0,healthy,0.435547,0.503906,0.859375,0.933594,0.80230734375,0.9205018455559911
test,healthy_1250.jpg,0,healthy,0.717773,0.524902,0.416016,0.870117,0.361982593872,0.4781150121190598
test,healthy_1250.jpg,0,healthy,0.280762,0.458496,0.545898,0.81543,0.44514160614,0.6694602847577352
test,healthy_1252.jpg,0,healthy,0.602539,0.450195,0.503906,0.835938,0.42123417382799994,0.6028030786972239
test,healthy_1252.jpg,0,healthy,0.175781,0.402344,0.347656,0.630859,0.219321916504,0.5510835226254996
test,healthy_1252.jpg,0,healthy,0.854004,0.509766,0.291992,0.59375,0.17337024999999998,0.49177599999999994
test,healthy_1255.jpg,0,healthy,0.628906,0.553711,0.351562,0.736328,0.258864944336,0.4774529829097902
test,healthy_1255.jpg,0,healthy,0.25293,0.527344,0.384766,0.515625,0.19839496875,0.7462128484848485
test,healthy_1255.jpg,0,healthy,0.89502,0.581543,0.186523,0.536133,0.10000113555899999,0.34790434463090314
test,healthy_1255.jpg,0,healthy,0.37207,0.336426,0.193359,0.272461,0.052682786499,0.7096758802177192
test,healthy_1260.jpg,0,healthy,0.623535,0.53418,0.415039,0.794922,0.329923631958,0.5221128613876581
test,healthy_1260.jpg,0,healthy,0.249023,0.448242,0.480469,0.777344,0.373489694336,0.6180905750864482
test,healthy_1261.jpg,0,healthy,0.44043,0.402344,0.361328,0.652344,0.235710152832,0.5538918116821799
test,healthy_1261.jpg,0,healthy,0.76123,0.47168,0.366211,0.59375,0.21743778125000002,0.6167764210526316
test,healthy_1261.jpg,0,healthy,0.151855,0.629395,0.301758,0.331055,0.09989849469,0.9115041307335641
test,healthy_1263.jpg,0,healthy,0.324707,0.549316,0.46582,0.676758,0.31524741155999997,0.6883110358503336
test,healthy_1263.jpg,0,healthy,0.718262,0.433105,0.374023,0.768555,0.287457246765,0.48665742855098204
test,healthy_1263.jpg,0,healthy,0.230957,0.681152,0.389648,0.543945,0.21194708136,0.7163371296730368
test,healthy_1269.jpg,0,healthy,0.622559,0.450684,0.416992,0.768555,0.32048128655999997,0.5425662444457455
test,healthy_1275.jpg,0,healthy,0.768555,0.501465,0.458984,0.645508,0.296277843872,0.7110430854458815
test,healthy_1275.jpg,0,healthy,0.363281,0.580078,0.363281,0.519531,0.188735741211,0.6992479755779732
test,healthy_1275.jpg,0,healthy,0.198242,0.245605,0.238281,0.348633,0.083072619873,0.6834723046871638
test,healthy_1278.jpg,0,healthy,0.553223,0.428223,0.399414,0.838867,0.335055223938,0.47613507266348537
test,healthy_1278.jpg,0,healthy,0.817383,0.484863,0.226562,0.766602,0.173682882324,0.2955405803793885
test,healthy_1278.jpg,0,healthy,0.875977,0.618652,0.248047,0.577148,0.143159829956,0.4297805762126872
test,healthy_1279.jpg,0,healthy,0.469727,0.59082,0.441406,0.666016,0.29398345849600005,0.6627558497093162
test,healthy_1279.jpg,0,healthy,0.807129,0.684082,0.381836,0.598633,0.22857963018799998,0.6378465604134754
test,healthy_1279.jpg,1,unhealthy,0.228027,0.118164,0.288086,0.226562,0.065269340332,1.2715548061899171
test,healthy_1279.jpg,1,unhealthy,0.533691,0.13623,0.352539,0.258789,0.09123321527099999,1.3622642384336274
test,healthy_1289.jpg,0,healthy,0.145996,0.428711,0.286133,0.841797,0.24086590100100003,0.33990736483974165
test,healthy_1289.jpg,0,healthy,0.577148,0.541504,0.689453,0.352539,0.24305907116699998,1.9556786625025884
test,healthy_1289.jpg,0,healthy,0.513672,0.216797,0.513672,0.326172,0.16754542358400001,1.574850079099371
test,healthy_1290.jpg,0,healthy,0.392578,0.251953,0.660156,0.283203,0.18695815966799997,2.331034628870457
test,healthy_1290.jpg,0,healthy,0.463379,0.566406,0.713867,0.369141,0.263517578247,1.933859961369775
test,healthy_1290.jpg,0,healthy,0.293457,0.832031,0.495117,0.322266,0.159559375122,1.5363612667796167
test,healthy_1290.jpg,0,healthy,0.155273,0.151855,0.275391,0.295898,0.081487646118,0.9306957127118128
test,healthy_1293.jpg,0,healthy,0.435547,0.392578,0.488281,0.611328,0.298499847168,0.798721799099665
test,healthy_1293.jpg,0,healthy,0.633789,0.691406,0.492188,0.308594,0.151886263672,1.5949370370130334
test,healthy_1301.jpg,0,healthy,0.453613,0.491211,0.538086,0.980469,0.5275766423339999,0.5488047046872465
test,healthy_1301.jpg,0,healthy,0.788574,0.512207,0.40332,0.961914,0.38795915448,0.4192890424715723
test,healthy_1302.jpg,0,healthy,0.329102,0.477051,0.400391,0.944336,0.378103635376,0.42399209603361515
test,healthy_1302.jpg,0,healthy,0.753418,0.479492,0.479492,0.925781,0.44390458325199994,0.5179324267834401
test,healthy_1304.jpg,0,healthy,0.289062,0.500977,0.398438,0.957031,0.381317517578,0.41632716181607493
test,healthy_1304.jpg,0,healthy,0.637207,0.444336,0.633789,0.869141,0.550852005249,0.7292130966091808
test,healthy_1308.jpg,0,healthy,0.633301,0.50293,0.561523,0.841797,0.472688376831,0.667052745495648
test,healthy_1308.jpg,0,healthy,0.307129,0.435547,0.536133,0.853516,0.457598093628,0.6281463967869377
test,healthy_1308.jpg,0,healthy,0.133789,0.525391,0.253906,0.677734,0.172080729004,0.37463960786975425
test,healthy_1309.jpg,0,healthy,0.486328,0.297852,0.900391,0.53125,0.47833271875000005,1.6948536470588236
test,healthy_1309.jpg,0,healthy,0.537109,0.684082,0.90625,0.479492,0.434539625,1.8900211056701677
test,healthy_1317.jpg,0,healthy,0.301758,0.445801,0.552734,0.71582,0.39565805188,0.7721689810287502
test,healthy_1317.jpg,0,healthy,0.733887,0.422852,0.44043,0.800781,0.35268797583,0.5500005619513949
test,healthy_1318.jpg,0,healthy,0.302246,0.447266,0.551758,0.767578,0.42351730212399996,0.7188298778756035
test,healthy_1318.jpg,0,healthy,0.703125,0.44043,0.501953,0.835938,0.41960158691399996,0.6004667810292151
test,healthy_1323.jpg,0,healthy,0.161621,0.469238,0.321289,0.836914,0.268891262146,0.38389727020936437
test,healthy_1323.jpg,0,healthy,0.470703,0.418457,0.328125,0.81543,0.26756296875,0.4023950553695596
test,healthy_1323.jpg,0,healthy,0.722168,0.462402,0.553711,0.922852,0.5109933037719999,0.599999783280526
test,healthy_1326.jpg,0,healthy,0.321777,0.513184,0.608398,0.973633,0.592356369934,0.6248740541867418
test,healthy_1326.jpg,0,healthy,0.665527,0.524414,0.393555,0.933594,0.36742058667,0.4215483389996079
test,healthy_1328.jpg,0,healthy,0.560059,0.437988,0.526367,0.866211,0.455944885437,0.6076660305629922
test,healthy_1328.jpg,0,healthy,0.19043,0.441406,0.371094,0.8125,0.301513875,0.4567310769230769
test,healthy_1332.jpg,0,healthy,0.430176,0.460938,0.374023,0.894531,0.334575168213,0.41812189851441706
test,healthy_1332.jpg,0,healthy,0.727539,0.444824,0.541016,0.885742,0.47920059387200004,0.6108054038309124
test,healthy_1337.jpg,0,healthy,0.34668,0.571289,0.335938,0.751953,0.252609586914,0.44675398595390936
test,healthy_1337.jpg,0,healthy,0.629883,0.42041,0.494141,0.567383,0.280367203003,0.8709125934333599
test,healthy_1343.jpg,0,healthy,0.523926,0.625,0.749023,0.59375,0.44473240625,1.2615124210526316
test,healthy_1343.jpg,0,healthy,0.371582,0.167969,0.540039,0.318359,0.17192627600100002,1.6963208202061197
test,healthy_1343.jpg,0,healthy,0.695801,0.373047,0.604492,0.347656,0.21015527075200002,1.7387647559656672
test,healthy_1355.jpg,0,healthy,0.415527,0.509766,0.452148,0.480469,0.21724309741199999,0.9410555103451004
test,healthy_1355.jpg,0,healthy,0.115234,0.571289,0.214844,0.556641,0.11959097900400001,0.38596510138491413
test,healthy_1358.jpg,0,healthy,0.353516,0.603027,0.425781,0.731445,0.311435383545,0.5821093862149581
test,healthy_1358.jpg,0,healthy,0.770508,0.601074,0.455078,0.678711,0.308866444458,0.6705033512054468
test,healthy_1358.jpg,0,healthy,0.189453,0.305664,0.349609,0.548828,0.191875208252,0.6370101379667218
test,healthy_1360.jpg,0,healthy,0.451172,0.256348,0.646484,0.430664,0.27841738537599997,1.5011331339512937
test,healthy_1360.jpg,0,healthy,0.569824,0.720703,0.602539,0.474609,0.28597043225100005,1.2695481965154476
test,healthy_1378.jpg,0,healthy,0.345703,0.468262,0.375,0.668945,0.250854375,0.5605842034845914
test,healthy_1378.jpg,0,healthy,0.59375,0.502441,0.464844,0.629883,0.29279733325199997,0.7379846733440972
test,healthy_1378.jpg,0,healthy,0.08252,0.495605,0.15918,0.672852,0.10710458135999999,0.2365750566246366
test,healthy_1378.jpg,0,healthy,0.757324,0.732422,0.467773,0.496094,0.232059378662,0.9429120287687415
test,healthy_1379.jpg,0,healthy,0.064453,0.422852,0.126953,0.712891,0.09050365112300002,0.17808192276238582
test,healthy_1379.jpg,0,healthy,0.286133,0.388184,0.326172,0.665039,0.21691710070800002,0.4904554469737865
test,healthy_1379.jpg,0,healthy,0.587891,0.51416,0.591797,0.598633,0.354269213501,0.9885806495799597
test,healthy_1379.jpg,0,healthy,0.725586,0.786133,0.541016,0.410156,0.22190095849600003,1.3190493373253105
test,healthy_1380.jpg,0,healthy,0.386719,0.368164,0.496094,0.720703,0.357536434082,0.6883473497404617
test,healthy_1380.jpg,0,healthy,0.744141,0.605469,0.5,0.582031,0.2910155,0.85906077167711
test,healthy_1380.jpg,0,healthy,0.089844,0.395996,0.177734,0.78418,0.13937544812,0.22664949373868246
test,healthy_1385.jpg,0,healthy,0.516602,0.603027,0.394531,0.780273,0.307841886963,0.5056320031578692
test,healthy_1385.jpg,0,healthy,0.209473,0.60791,0.307617,0.631836,0.19436349481199997,0.4868620971264695
test,healthy_1389.jpg,0,healthy,0.63916,0.483398,0.52832,0.839844,0.44370638208,0.6290692080910264
test,healthy_1389.jpg,0,healthy,0.244629,0.513672,0.418945,0.695312,0.29129748584000004,0.602528073728053
test,healthy_1390.jpg,0,healthy,0.505371,0.771973,0.616211,0.40918,0.25214121697999997,1.5059655897160173
test,healthy_1390.jpg,0,healthy,0.500488,0.55127,0.665039,0.274414,0.182496012146,2.423487868694746
test,healthy_1390.jpg,0,healthy,0.439453,0.246582,0.640625,0.483398,0.30967684375,1.325253724674078
test,healthy_1390.jpg,0,healthy,0.223633,0.143066,0.353516,0.272461,0.09631932287600001,1.2974921181380088
test,healthy_1398.jpg,0,healthy,0.577637,0.361328,0.616211,0.712891,0.439291276001,0.8643831946258262
test,healthy_1398.jpg,0,healthy,0.371094,0.623535,0.738281,0.506836,0.37418738891599995,1.4566467259626388
test,healthy_1407.jpg,0,healthy,0.498535,0.35791,0.75293,0.477539,0.35955343927,1.576687977317036
test,healthy_1407.jpg,0,healthy,0.439453,0.663086,0.744141,0.271484,0.20202237524400002,2.74101236168614
test,healthy_1410.jpg,0,healthy,0.73877,0.46875,0.385742,0.921875,0.35560590625,0.41843199999999997
test,healthy_1410.jpg,0,healthy,0.182129,0.557129,0.34668,0.864258,0.29962096344,0.4011302180598849
test,healthy_1410.jpg,0,healthy,0.431641,0.579102,0.402344,0.808594,0.325332944336,0.4975846963989344
test,healthy_1411.jpg,0,healthy,0.336914,0.100098,0.664062,0.186523,0.123862836426,3.56021509411708
test,healthy_1411.jpg,0,healthy,0.507812,0.259766,0.951172,0.458984,0.436572729248,2.0723423910201664
test,healthy_1411.jpg,0,healthy,0.494141,0.53418,0.962891,0.300781,0.28961931787100004,3.2013026088748955
test,healthy_1411.jpg,0,healthy,0.495605,0.782227,0.979492,0.410156,0.401744520752,2.3880962365538965
test,healthy_1412.jpg,0,healthy,0.466797,0.59082,0.650391,0.279297,0.18165225512700003,2.328671629125984
test,healthy_1412.jpg,0,healthy,0.448242,0.855469,0.658203,0.271484,0.178691583252,2.424463320121996
test,healthy_1413.jpg,0,healthy,0.597168,0.569824,0.399414,0.30957,0.12364659198,1.2902219207287526
test,healthy_1413.jpg,0,healthy,0.222168,0.602539,0.282227,0.203125,0.057327359375,1.3894252307692307
test,healthy_1413.jpg,0,healthy,0.758789,0.796387,0.466797,0.22168,0.10347955896,2.105724467701191
test,healthy_1414.jpg,0,healthy,0.331055,0.347168,0.501953,0.202148,0.101468795044,2.483096543126818
test,healthy_1414.jpg,0,healthy,0.534668,0.53418,0.336914,0.138672,0.046720538208,2.429574824045229
test,healthy_1414.jpg,0,healthy,0.602051,0.656738,0.407227,0.168945,0.068798965515,2.4104116724377755
test,healthy_1414.jpg,0,healthy,0.552734,0.756836,0.353516,0.224609,0.079402875244,1.5739173408011256
test,healthy_1414.jpg,0,healthy,0.41748,0.816406,0.401367,0.244141,0.09799014074699999,1.6439967068210581
test,healthy_1414.jpg,1,unhealthy,0.361816,0.184082,0.40918,0.266602,0.10908820636,1.534797188318167
test,healthy_1415.jpg,0,healthy,0.586426,0.487305,0.475586,0.439453,0.20899769445799998,1.0822226722766712
test,healthy_1415.jpg,0,healthy,0.240234,0.387207,0.259766,0.530273,0.137746896118,0.4898721979056071
test,healthy_1415.jpg,0,healthy,0.108887,0.374023,0.15332,0.546875,0.083846875,0.28035657142857145
test,healthy_1415.jpg,0,healthy,0.439453,0.443359,0.464844,0.460938,0.214264263672,1.0084740247061426
test,healthy_1415.jpg,0,healthy,0.812012,0.726562,0.366211,0.322266,0.11801735412600001,1.1363625079902937
test,healthy_1415.jpg,0,healthy,0.464355,0.837402,0.397461,0.311523,0.123818243103,1.275864061401566
test,healthy_1457.jpg,0,healthy,0.493164,0.552246,0.792969,0.463867,0.367832151123,1.7094749141456498
test,healthy_1458.jpg,0,healthy,0.470215,0.474121,0.833008,0.547852,0.456365098816,1.520498236750071
test,healthy_1459.jpg,0,healthy,0.481934,0.564941,0.834961,0.487305,0.40688067010499995,1.7134258831737823
test,healthy_1460.jpg,0,healthy,0.486816,0.429688,0.790039,0.507812,0.4011912846680001,1.5557706395280142
test,unhealthy_0252.jpg,1,unhealthy,0.550781,0.54834,0.546875,0.874023,0.477981328125,0.6256986372212173
test,unhealthy_0253.jpg,1,unhealthy,0.513672,0.578613,0.597656,0.817383,0.488513854248,0.7311823221182726
test,unhealthy_0254.jpg,1,unhealthy,0.370605,0.546387,0.469727,0.821289,0.38578161810300005,0.5719387450702493
test,unhealthy_0255.jpg,1,unhealthy,0.404785,0.612305,0.477539,0.771484,0.368413697876,0.6189875616344603
test,unhealthy_0256.jpg,1,unhealthy,0.428223,0.553223,0.512695,0.762695,0.391029913025,0.6722149745311036
test,unhealthy_0257.jpg,1,unhealthy,0.433105,0.554688,0.473633,0.832031,0.394077338623,0.5692492226852125
test,unhealthy_0258.jpg,1,unhealthy,0.438965,0.547363,0.50293,0.836914,0.42090915802,0.6009339071875963
test,unhealthy_0259.jpg,1,unhealthy,0.430664,0.541016,0.587891,0.867188,0.509812020508,0.6779279694829726
test,unhealthy_0260.jpg,1,unhealthy,0.491699,0.50293,0.569336,0.796875,0.453689625,0.714460862745098
test,unhealthy_0261.jpg,1,unhealthy,0.205566,0.445312,0.27832,0.621094,0.17286288208000003,0.448112524030179
test,unhealthy_0261.jpg,1,unhealthy,0.484375,0.515137,0.251953,0.647461,0.16312974133299998,0.3891400408673264
test,unhealthy_0261.jpg,1,unhealthy,0.821777,0.48877,0.344727,0.65332,0.22521704364,0.5276541357986898
test,unhealthy_0262.jpg,1,unhealthy,0.471191,0.555176,0.239258,0.581055,0.13902205719,0.41176480711808694
test,unhealthy_0262.jpg,1,unhealthy,0.20166,0.486816,0.299805,0.53418,0.16014983489999998,0.5612434011007525
test,unhealthy_0262.jpg,1,unhealthy,0.79248,0.557617,0.415039,0.570312,0.236701722168,0.7277402544572094
test,unhealthy_0263.jpg,1,unhealthy,0.241211,0.516602,0.367188,0.498047,0.182876881836,0.737255720845623
test,unhealthy_0263.jpg,1,unhealthy,0.479004,0.538574,0.250977,0.592773,0.148772389221,0.4233947902485437
test,unhealthy_0263.jpg,1,unhealthy,0.80127,0.55957,0.397461,0.533203,0.211927397583,0.7454215373881993
test,unhealthy_0264.jpg,1,unhealthy,0.532715,0.541992,0.860352,0.380859,0.327672802368,2.258977731916536
test,unhealthy_0265.jpg,1,unhealthy,0.535156,0.533691,0.861328,0.399414,0.34402646179199997,2.1564792420896612
test,unhealthy_0266.jpg,1,unhealthy,0.533691,0.494629,0.84082,0.405273,0.34076164386,2.074700263772815
test,unhealthy_0267.jpg,1,unhealthy,0.523438,0.613281,0.896484,0.433594,0.38871008349599995,2.0675655105928588
test,unhealthy_0268.jpg,1,unhealthy,0.537598,0.570312,0.823242,0.417969,0.344089635498,1.9696245415329847
test,unhealthy_0269.jpg,1,unhealthy,0.552734,0.516113,0.794922,0.424805,0.33768684021,1.8712632855074682
test,unhealthy_0270.jpg,1,unhealthy,0.567383,0.554688,0.830078,0.425781,0.353431440918,1.9495421355109785
test,unhealthy_0271.jpg,1,unhealthy,0.50293,0.573242,0.966797,0.445312,0.430526305664,2.1710553499568843
test,unhealthy_0272.jpg,1,unhealthy,0.501953,0.586914,0.988281,0.464844,0.45939649316399994,2.126048738931771
test,unhealthy_0273.jpg,1,unhealthy,0.524414,0.571777,0.933594,0.458008,0.427593520752,2.0383792422839777
test,unhealthy_0274.jpg,1,unhealthy,0.53418,0.523438,0.90625,0.414062,0.3752436875,2.1886818882196386
test,unhealthy_0275.jpg,1,unhealthy,0.555664,0.518555,0.824219,0.429688,0.35415701367200003,1.9181801679358046
test,unhealthy_0276.jpg,1,unhealthy,0.557129,0.497559,0.885742,0.424805,0.37626763031,2.0850554960511296
test,unhealthy_0277.jpg,1,unhealthy,0.498535,0.548828,0.881836,0.464844,0.40991617358399995,1.8970579377167394
test,unhealthy_0278.jpg,1,unhealthy,0.52002,0.439453,0.84668,0.419922,0.35553955896,2.0162792137587457
test,unhealthy_0279.jpg,1,unhealthy,0.578125,0.427734,0.798828,0.400391,0.319843541748,1.9951197704244101
test,unhealthy_0280.jpg,1,unhealthy,0.583496,0.47998,0.807617,0.454102,0.366740494934,1.7784924972803466
test,unhealthy_0281.jpg,1,unhealthy,0.557129,0.483887,0.854492,0.424805,0.36299247406,2.0114923317757563
test,unhealthy_0282.jpg,1,unhealthy,0.415039,0.524902,0.769531,0.43457,0.33441508667,1.7707872149481094
test,unhealthy_0283.jpg,1,unhealthy,0.446289,0.520508,0.78125,0.458984,0.35858125,1.7021290502501176
test,unhealthy_0284.jpg,1,unhealthy,0.45459,0.558105,0.768555,0.405273,0.311474590515,1.8963883604385192
test,unhealthy_0285.jpg,1,unhealthy,0.455078,0.410645,0.820312,0.416992,0.342063541504,1.9672128002455684
test,unhealthy_0286.jpg,1,unhealthy,0.435059,0.390625,0.829102,0.40625,0.3368226875,2.0408664615384615
test,unhealthy_0287.jpg,1,unhealthy,0.46582,0.411621,0.814453,0.40918,0.33325787854,1.9904516349772716
test,unhealthy_0288.jpg,1,unhealthy,0.474609,0.555664,0.914062,0.439453,0.401687288086,2.0799994538665114
test,unhealthy_0289.jpg,1,unhealthy,0.437988,0.532227,0.866211,0.453125,0.392501859375,1.9116380689655172
test,unhealthy_0290.jpg,1,unhealthy,0.437012,0.541992,0.842773,0.423828,0.357190795044,1.9884788168785452
test,unhealthy_0291.jpg,1,unhealthy,0.459473,0.557129,0.907227,0.491211,0.445639881897,1.8469191447259934
test,unhealthy_0292.jpg,1,unhealthy,0.446289,0.447754,0.859375,0.381836,0.32814031250000003,2.250639017798217
test,unhealthy_0293.jpg,1,unhealthy,0.443359,0.419922,0.859375,0.398438,0.34240765625,2.156860038450148
test,unhealthy_0294.jpg,1,unhealthy,0.444824,0.476562,0.844727,0.410156,0.34646984741200004,2.0595261315206894
test,unhealthy_0295.jpg,1,unhealthy,0.449219,0.552734,0.824219,0.466797,0.384742956543,1.7656904393130204
test,unhealthy_0296.jpg,1,unhealthy,0.413574,0.408203,0.788086,0.429688,0.338631097168,1.8340889203328925
test,unhealthy_0297.jpg,1,unhealthy,0.426758,0.428223,0.765625,0.415039,0.317764234375,1.8447061601439865
test,unhealthy_0298.jpg,1,unhealthy,0.446777,0.532227,0.823242,0.451172,0.37142373962400005,1.824674403553412
test,unhealthy_0299.jpg,1,unhealthy,0.456055,0.536133,0.851562,0.392578,0.334304506836,2.1691536458996685
test,unhealthy_0300.jpg,1,unhealthy,0.431152,0.504883,0.80957,0.375,0.30358875,2.1588533333333335
test,unhealthy_0301.jpg,1,unhealthy,0.435059,0.509766,0.819336,0.4375,0.3584595,1.872768
test,unhealthy_0302.jpg,1,unhealthy,0.474121,0.457031,0.870117,0.40625,0.35348503125,2.1418264615384617
test,unhealthy_0303.jpg,1,unhealthy,0.469238,0.433105,0.868164,0.418945,0.36371296698000005,2.07226246882049
test,unhealthy_0304.jpg,1,unhealthy,0.466797,0.442383,0.863281,0.373047,0.322044387207,2.314134680080526
test,unhealthy_0305.jpg,1,unhealthy,0.464844,0.515137,0.888672,0.475586,0.42263996179200003,1.868583179488042
test,unhealthy_0306.jpg,1,unhealthy,0.456055,0.48291,0.863281,0.405273,0.34986448071299997,2.1301221645656137
test,unhealthy_0307.jpg,1,unhealthy,0.436523,0.481445,0.869141,0.398438,0.34629880175800004,2.1813707527896438
test,unhealthy_0308.jpg,1,unhealthy,0.464844,0.47168,0.882812,0.427734,0.377608708008,2.0639275811602538
test,unhealthy_0309.jpg,1,unhealthy,0.429688,0.596191,0.802734,0.461914,0.37079407287599997,1.7378429750992608
test,unhealthy_0310.jpg,1,unhealthy,0.459961,0.580566,0.791016,0.430664,0.34066211462400003,1.8367358311816173
test,unhealthy_0311.jpg,1,unhealthy,0.483398,0.341309,0.771484,0.375977,0.290060239868,2.0519446668280237
test,unhealthy_0312.jpg,1,unhealthy,0.476562,0.501465,0.683594,0.374023,0.255679878662,1.8276790464757515
test,unhealthy_0313.jpg,1,unhealthy,0.40625,0.444336,0.742188,0.347656,0.258026111328,2.1348344340382446
test,unhealthy_0314.jpg,1,unhealthy,0.424805,0.447754,0.789062,0.34082,0.26892811084,2.315186902177102
test,unhealthy_0315.jpg,1,unhealthy,0.406738,0.394043,0.741211,0.34668,0.25696302948,2.13802642206069
test,unhealthy_0316.jpg,1,unhealthy,0.416504,0.633789,0.743164,0.324219,0.240947888916,2.292166714473859
test,unhealthy_0317.jpg,1,unhealthy,0.434082,0.539062,0.823242,0.326172,0.26851848962400005,2.523950553695596
test,unhealthy_0318.jpg,1,unhealthy,0.429688,0.478516,0.785156,0.394531,0.30976838183600003,1.990099637290859
test,unhealthy_0319.jpg,1,unhealthy,0.471191,0.482422,0.813477,0.449219,0.36542932446299997,1.8108695313421739
test,unhealthy_0320.jpg,1,unhealthy,0.471191,0.46582,0.829102,0.40625,0.3368226875,2.0408664615384615
test,unhealthy_0321.jpg,1,unhealthy,0.48584,0.470703,0.866211,0.419922,0.363741055542,2.0627902324717446
test,unhealthy_0322.jpg,1,unhealthy,0.464844,0.510254,0.837891,0.432617,0.362485890747,1.9367962886340575
test,unhealthy_0323.jpg,1,unhealthy,0.477539,0.499023,0.855469,0.480469,0.411026334961,1.7804873987707845
test,unhealthy_0361.jpg,1,unhealthy,0.594238,0.589355,0.30957,0.65332,0.2022482724,0.47384130288373233
test,unhealthy_0361.jpg,1,unhealthy,0.845703,0.63623,0.294922,0.657227,0.193830701294,0.4487368899938682
test,unhealthy_0361.jpg,1,unhealthy,0.257324,0.551758,0.407227,0.591797,0.240995716919,0.6881194058097625
test,unhealthy_0362.jpg,1,unhealthy,0.245117,0.516113,0.392578,0.725586,0.28484910070799996,0.5410495792366447
test,unhealthy_0362.jpg,1,unhealthy,0.592285,0.594238,0.329102,0.731445,0.24072001239000002,0.44993403468476784
test,unhealthy_0363.jpg,1,unhealthy,0.231445,0.515625,0.429688,0.716797,0.307999069336,0.5994556338823963
test,unhealthy_0363.jpg,1,unhealthy,0.599121,0.600586,0.319336,0.710938,0.227028097168,0.4491755961841961
test,unhealthy_0370.jpg,1,unhealthy,0.819336,0.518555,0.337891,0.708984,0.23955931274399997,0.4765848030420997
test,unhealthy_0370.jpg,1,unhealthy,0.5,0.521484,0.330078,0.675781,0.22306044091799998,0.48843930208159153
test,unhealthy_0370.jpg,0,healthy,0.210449,0.510254,0.40918,0.598633,0.24494865093999998,0.6835239620936366
test,unhealthy_0370.jpg,1,unhealthy,0.224121,0.157227,0.436523,0.310547,0.135560908081,1.4056584027538503
test,unhealthy_0371.jpg,1,unhealthy,0.20166,0.15625,0.387695,0.308594,0.11964035082999999,1.2563270834818565
test,unhealthy_0371.jpg,0,healthy,0.217773,0.480469,0.423828,0.589844,0.249992402832,0.7185425298892588
test,unhealthy_0371.jpg,1,unhealthy,0.491699,0.513184,0.34668,0.676758,0.23461846343999998,0.5122658320995097
test,unhealthy_0371.jpg,1,unhealthy,0.835449,0.514648,0.321289,0.716797,0.230298991333,0.448228717475101
test,unhealthy_0372.jpg,1,unhealthy,0.716309,0.519531,0.469727,0.945312,0.44403856982400003,0.49690155208015974
test,unhealthy_0372.jpg,1,unhealthy,0.231445,0.564941,0.451172,0.817383,0.368780322876,0.5519713524749108
test,unhealthy_0373.jpg,1,unhealthy,0.722168,0.505859,0.49707,0.955078,0.47474062146,0.5204496386682554
test,unhealthy_0373.jpg,1,unhealthy,0.233887,0.525391,0.43457,0.912109,0.39637520813,0.4764452494164623
test,unhealthy_0374.jpg,1,unhealthy,0.194824,0.469727,0.366211,0.691406,0.253200482666,0.5296612988605827
test,unhealthy_0374.jpg,1,unhealthy,0.523438,0.534668,0.292969,0.62207,0.18224722583,0.4709582522867201
test,unhealthy_0374.jpg,1,unhealthy,0.754395,0.491211,0.416992,0.496094,0.20686722924799997,0.840550379565163
test,unhealthy_0378.jpg,1,unhealthy,0.702637,0.492676,0.313477,0.967773,0.303374576721,0.3239158356350095
test,unhealthy_0378.jpg,1,unhealthy,0.405273,0.48291,0.367188,0.946289,0.347465965332,0.3880294497769709
test,unhealthy_0379.jpg,1,unhealthy,0.714844,0.505859,0.361328,0.970703,0.35074217358399995,0.37223331956324435
test,unhealthy_0379.jpg,1,unhealthy,0.404785,0.487793,0.366211,0.950195,0.347971861145,0.38540615347376067
test,unhealthy_0380.jpg,1,unhealthy,0.335449,0.509766,0.364258,0.716797,0.261099041626,0.5081745598823656
test,unhealthy_0380.jpg,1,unhealthy,0.52832,0.57373,0.283203,0.754883,0.21378513024899998,0.37516144886028696
test,unhealthy_0380.jpg,1,unhealthy,0.82373,0.54541,0.329102,0.782227,0.257432470154,0.420724418870737
test,unhealthy_0383.jpg,0,healthy,0.199219,0.546387,0.384766,0.842773,0.324270396118,0.45654761127848187
test,unhealthy_0383.jpg,1,unhealthy,0.822754,0.452637,0.333008,0.680664,0.22666655731200003,0.48923991866765393
test,unhealthy_0383.jpg,1,unhealthy,0.570801,0.555664,0.313477,0.855469,0.268169855713,0.3664387604927823
test,unhealthy_0384.jpg,0,healthy,0.194336,0.541016,0.373047,0.816406,0.304557809082,0.45693809207673636
test,unhealthy_0384.jpg,1,unhealthy,0.824219,0.482422,0.330078,0.755859,0.24949242700199997,0.4366925577389434
test,unhealthy_0384.jpg,1,unhealthy,0.570801,0.555664,0.338867,0.873047,0.29584681774899996,0.38814290639564647
test,unhealthy_0385.jpg,1,unhealthy,0.523926,0.508301,0.506836,0.920898,0.46674425872799996,0.550371485224205
test,unhealthy_0385.jpg,1,unhealthy,0.153809,0.496094,0.305664,0.929688,0.284172152832,0.32878126855461187
test,unhealthy_0386.jpg,1,unhealthy,0.551758,0.497559,0.458984,0.944336,0.433435114624,0.4860388675217296
test,unhealthy_0386.jpg,1,unhealthy,0.161621,0.501953,0.305664,0.931641,0.284769114624,0.3280920440384225
test,unhealthy_0389.jpg,1,unhealthy,0.242676,0.598145,0.30957,0.709961,0.21978262677,0.43603803589211243
test,unhealthy_0389.jpg,1,unhealthy,0.584961,0.561523,0.412109,0.634766,0.261592781494,0.6492297949165519
test,unhealthy_0390.jpg,1,unhealthy,0.254395,0.612305,0.350586,0.695312,0.24376665283200002,0.5042139356145154
test,unhealthy_0390.jpg,1,unhealthy,0.570312,0.571289,0.398438,0.628906,0.250580048828,0.6335414195444152
test,unhealthy_0391.jpg,1,unhealthy,0.204102,0.476562,0.322266,0.496094,0.159874229004,0.6496067277572396
test,unhealthy_0391.jpg,1,unhealthy,0.380859,0.518066,0.292969,0.586914,0.171947607666,0.49916853235738107
test,unhealthy_0391.jpg,1,unhealthy,0.689453,0.550293,0.355469,0.663086,0.23570651733399997,0.5360828007226816
test,unhealthy_0392.jpg,1,unhealthy,0.212891,0.47168,0.310547,0.505859,0.157092994873,0.6139003160959873
test,unhealthy_0392.jpg,1,unhealthy,0.379883,0.525879,0.287109,0.629883,0.180845078247,0.4558132224555989
test,unhealthy_0392.jpg,1,unhealthy,0.664551,0.553711,0.331055,0.652344,0.21596174292,0.5074853144966459
test,unhealthy_0395.jpg,1,unhealthy,0.404785,0.550781,0.27832,0.679688,0.18917076416,0.4094819976224386
test,unhealthy_0395.jpg,1,unhealthy,0.672852,0.483398,0.384766,0.566406,0.21793377099599998,0.6793113067305079
test,unhealthy_0395.jpg,1,unhealthy,0.837891,0.391602,0.322266,0.541016,0.17435106225600003,0.5956681502950004
test,unhealthy_0395.jpg,1,unhealthy,0.163574,0.518555,0.325195,0.599609,0.194989848755,0.5423450948868347
test,unhealthy_0396.jpg,1,unhealthy,0.475098,0.557617,0.30957,0.626953,0.19408584021,0.49376907040878665
test,unhealthy_0396.jpg,1,unhealthy,0.72998,0.498535,0.424805,0.598633,0.254302291565,0.7096250958433632
test,unhealthy_0396.jpg,1,unhealthy,0.177246,0.575684,0.31543,0.686523,0.21654994988999998,0.4594602074511706
test,unhealthy_0403.jpg,1,unhealthy,0.193848,0.464844,0.381836,0.714844,0.272953173584,0.5341529060886011
test,unhealthy_0403.jpg,1,unhealthy,0.48877,0.501465,0.37793,0.72168,0.27274452239999997,0.5236808557809556
test,unhealthy_0403.jpg,1,unhealthy,0.765625,0.470215,0.388672,0.661133,0.256963885376,0.5878877623715653
test,unhealthy_0404.jpg,1,unhealthy,0.75,0.461426,0.412109,0.665039,0.27406855725100004,0.6196764400283291
test,unhealthy_0404.jpg,1,unhealthy,0.491211,0.509277,0.361328,0.72168,0.26076319104,0.5006761999778295
test,unhealthy_0404.jpg,1,unhealthy,0.194336,0.492676,0.378906,0.774414,0.293430111084,0.48928092725596384
test,unhealthy_0405.jpg,1,unhealthy,0.421387,0.520508,0.631836,0.904297,0.571367399292,0.698704076205052
test,unhealthy_0405.jpg,1,unhealthy,0.763672,0.539062,0.464844,0.857422,0.398567472168,0.5421414426035254
test,unhealthy_0405.jpg,1,unhealthy,0.174805,0.42334,0.339844,0.81543,0.27711899292,0.41676661393375275
test,unhealthy_0406.jpg,1,unhealthy,0.423828,0.534668,0.601562,0.90332,0.54340298584,0.6659456228136209
test,unhealthy_0406.jpg,1,unhealthy,0.76416,0.522461,0.461914,0.857422,0.396055225708,0.538724222144988
test,unhealthy_0406.jpg,1,unhealthy,0.175293,0.41748,0.34082,0.829102,0.28257454364,0.4110712554064518
test,unhealthy_0407.jpg,1,unhealthy,0.688965,0.391113,0.370117,0.743164,0.275057630188,0.49802869891437146
test,unhealthy_0407.jpg,1,unhealthy,0.288086,0.41748,0.494141,0.77832,0.38459982312,0.6348815397265906
test,unhealthy_0408.jpg,1,unhealthy,0.649902,0.393066,0.456055,0.74707,0.34070500885,0.6104581899955828
test,unhealthy_0408.jpg,1,unhealthy,0.300293,0.407227,0.481445,0.791016,0.38083069812000003,0.6086412917058568
test,unhealthy_0411.jpg,1,unhealthy,0.365234,0.449219,0.326172,0.707031,0.230613715332,0.46132630676731295
test,unhealthy_0411.jpg,1,unhealthy,0.686523,0.429199,0.355469,0.708008,0.25167489575199997,0.5020691856589191
test,unhealthy_0412.jpg,1,unhealthy,0.688477,0.516113,0.484375,0.827148,0.4006498125,0.5855965316968669
test,unhealthy_0412.jpg,1,unhealthy,0.355957,0.485352,0.432617,0.783203,0.33882693225099997,0.5523689260638684
test,unhealthy_0423.jpg,1,unhealthy,0.727539,0.458984,0.322266,0.585938,0.188827895508,0.5500001706665211
test,unhealthy_0423.jpg,1,unhealthy,0.504883,0.448242,0.359375,0.539062,0.19372540625,0.666667285024728
test,unhealthy_0423.jpg,1,unhealthy,0.264648,0.420898,0.347656,0.507812,0.17654388867200002,0.6846155663907115
test,unhealthy_0424.jpg,1,unhealthy,0.538086,0.548828,0.335938,0.529297,0.177810975586,0.6346871416237009
test,unhealthy_0424.jpg,1,unhealthy,0.760254,0.476074,0.233398,0.37793,0.08820810613999999,0.6175693911570926
test,unhealthy_0424.jpg,1,unhealthy,0.287109,0.526855,0.310547,0.47168,0.14647880896,0.6583849219810042
test,unhealthy_0424.jpg,1,unhealthy,0.161621,0.435547,0.254883,0.386719,0.09856809887700001,0.6590909678603846
test,unhealthy_0425.jpg,1,unhealthy,0.49707,0.706543,0.640625,0.415039,0.265884359375,1.5435296442021111
test,unhealthy_0425.jpg,1,unhealthy,0.535645,0.385254,0.56543,0.358398,0.20264898114,1.5776594735461693
test,unhealthy_0425.jpg,1,unhealthy,0.183594,0.833496,0.320312,0.321289,0.10291272216799999,0.9969591240285226
test,unhealthy_0426.jpg,1,unhealthy,0.485352,0.498047,0.666016,0.296875,0.19772350000000002,2.243422315789474
test,unhealthy_0426.jpg,1,unhealthy,0.490723,0.204102,0.608398,0.253906,0.154475902588,2.39615448236749
test,unhealthy_0426.jpg,1,unhealthy,0.34375,0.743164,0.685547,0.470703,0.322689029541,1.456432187600249
test,unhealthy_0427.jpg,1,unhealthy,0.354004,0.46875,0.436523,0.707031,0.308635293213,0.6174029144408095
test,unhealthy_0427.jpg,1,unhealthy,0.722656,0.478027,0.34375,0.696289,0.23934934375000003,0.4936886838654639
test,unhealthy_0428.jpg,1,unhealthy,0.289551,0.503418,0.393555,0.674805,0.265572881775,0.5832129281792517
test,unhealthy_0428.jpg,1,unhealthy,0.660645,0.506348,0.395508,0.663086,0.262255817688,0.5964656168279832
test,unhealthy_0429.jpg,1,unhealthy,0.339844,0.567383,0.417969,0.740234,0.309394864746,0.5646444232499453
test,unhealthy_0429.jpg,1,unhealthy,0.712891,0.479492,0.472656,0.740234,0.349876041504,0.6385224131828585
test,unhealthy_0430.jpg,1,unhealthy,0.341309,0.561035,0.459961,0.875977,0.40291525689700003,0.5250834211400528
test,unhealthy_0430.jpg,1,unhealthy,0.631836,0.459473,0.544922,0.795898,0.433702329956,0.6846631100970225
test,unhealthy_0431.jpg,1,unhealthy,0.630371,0.527832,0.43457,0.625977,0.27203082489,0.6942267846901723
test,unhealthy_0431.jpg,1,unhealthy,0.385254,0.509766,0.389648,0.695312,0.270926930176,0.5603930321927422
test,unhealthy_0432.jpg,1,unhealthy,0.175781,0.580078,0.314453,0.792969,0.249351480957,0.3965514414813189
test,unhealthy_0432.jpg,1,unhealthy,0.501953,0.412109,0.601562,0.642578,0.386550506836,0.9361696167624788
test,unhealthy_0433.jpg,1,unhealthy,0.754883,0.574707,0.40625,0.700195,0.28445421875,0.5801955169631317
test,unhealthy_0433.jpg,1,unhealthy,0.416504,0.489258,0.442383,0.609375,0.269577140625,0.7259618461538462
test,unhealthy_0433.jpg,1,unhealthy,0.282715,0.360352,0.563477,0.541016,0.30485007263200004,1.0415163322341667
test,unhealthy_0434.jpg,1,unhealthy,0.514648,0.51709,0.453125,0.719727,0.326126296875,0.6295789931460123
test,unhealthy_0434.jpg,1,unhealthy,0.160645,0.47168,0.295898,0.755859,0.22365716638199998,0.39147248362459136
test,unhealthy_0435.jpg,1,unhealthy,0.697266,0.438965,0.589844,0.875977,0.516689777588,0.6733555789706808
test,unhealthy_0435.jpg,1,unhealthy,0.250488,0.481934,0.436523,0.948242,0.413929442566,0.4603497841268368
test,unhealthy_0436.jpg,1,unhealthy,0.549316,0.499023,0.614258,0.980469,0.602260927002,0.626494055395938
test,unhealthy_0437.jpg,1,unhealthy,0.620605,0.495117,0.670898,0.974609,0.653863228882,0.6883765694755538
test,unhealthy_0437.jpg,1,unhealthy,0.188477,0.426758,0.349609,0.828125,0.289519953125,0.422169358490566
test,unhealthy_0438.jpg,1,unhealthy,0.277832,0.532227,0.43457,0.902344,0.39213163208,0.48160125185073543
test,unhealthy_0438.jpg,1,unhealthy,0.741699,0.504395,0.504883,0.915039,0.461987635437,0.5517611817638374
test,unhealthy_0439.jpg,1,unhealthy,0.451172,0.516113,0.423828,0.942383,0.39940830212399997,0.4497407105179104
test,unhealthy_0440.jpg,1,unhealthy,0.331543,0.573242,0.424805,0.798828,0.33934612853999996,0.5317853154871888
test,unhealthy_0440.jpg,1,unhealthy,0.723145,0.470215,0.485352,0.735352,0.356904563904,0.6600267626932408
test,unhealthy_0474.jpg,1,unhealthy,0.351074,0.27832,0.692383,0.546875,0.37864695312499996,1.2660717714285714
test,unhealthy_0474.jpg,1,unhealthy,0.84082,0.747559,0.310547,0.49707,0.15436359729000002,0.6247550646790191
test,unhealthy_0490.jpg,1,unhealthy,0.519531,0.444824,0.460938,0.536133,0.247124072754,0.859745622821203
test,unhealthy_0490.jpg,1,unhealthy,0.358398,0.705078,0.550781,0.283203,0.15598283154299997,1.9448275618549238
test,unhealthy_0490.jpg,1,unhealthy,0.613281,0.282227,0.537109,0.527344,0.283241208496,1.0185173245547496
test,unhealthy_0490.jpg,1,unhealthy,0.165039,0.260742,0.269531,0.513672,0.13845052783200001,0.524714214518214
test,unhealthy_0493.jpg,1,unhealthy,0.540527,0.384766,0.40918,0.138672,0.056741808959999994,2.9507038190838815
test,unhealthy_0493.jpg,1,unhealthy,0.604492,0.636719,0.294922,0.359375,0.10598759375000001,0.8206525217391305
test,unhealthy_0493.jpg,1,unhealthy,0.331055,0.214355,0.580078,0.200195,0.11612871521,2.897564874247608
test,unhealthy_0493.jpg,1,unhealthy,0.162598,0.376465,0.31543,0.172852,0.05452270636,1.8248559461273226
test,unhealthy_0493.jpg,1,unhealthy,0.181152,0.60791,0.352539,0.329102,0.116021289978,1.0712150032512715
test,unhealthy_0506.jpg,1,unhealthy,0.652344,0.560547,0.302734,0.228516,0.069179562744,1.3247825097586166
test,unhealthy_0506.jpg,1,unhealthy,0.276367,0.505371,0.197266,0.196289,0.038721145873999996,1.0049773548186602
test,unhealthy_0506.jpg,1,unhealthy,0.164062,0.696777,0.283203,0.157227,0.044527158080999996,1.8012364288576388
test,unhealthy_0506.jpg,1,unhealthy,0.794434,0.811523,0.411133,0.285156,0.11723704174800001,1.4417827434807613
test,unhealthy_0506.jpg,1,unhealthy,0.552734,0.777344,0.1875,0.1875,0.03515625,1.0
test,unhealthy_0506.jpg,1,unhealthy,0.845703,0.612793,0.292969,0.194336,0.056934423584,1.5075384900378723
test,unhealthy_0506.jpg,1,unhealthy,0.753418,0.365234,0.188477,0.173828,0.032762579956,1.0842729594771843
test,unhealthy_0506.jpg,1,unhealthy,0.148926,0.571289,0.276367,0.199219,0.055057557373,1.3872522199187827
test,unhealthy_0511.jpg,1,unhealthy,0.600098,0.555664,0.286133,0.568359,0.162626265747,0.5034370881784226
test,unhealthy_0511.jpg,1,unhealthy,0.290039,0.655762,0.404297,0.46582,0.18832962854000002,0.8679253789017217
test,unhealthy_0511.jpg,1,unhealthy,0.379883,0.502441,0.253906,0.59082,0.15001274292000003,0.429751870281981
test,unhealthy_0553.jpg,1,unhealthy,0.311523,0.277344,0.181641,0.3125,0.056762812499999996,0.5812512
test,unhealthy_0553.jpg,1,unhealthy,0.536621,0.269043,0.282227,0.260742,0.073588432434,1.0823994600026081
test,unhealthy_0553.jpg,1,unhealthy,0.605469,0.437012,0.335938,0.125977,0.042320461426,2.666661374695381
test,unhealthy_0553.jpg,1,unhealthy,0.144043,0.38623,0.270508,0.245117,0.066306109436,1.1035872664890645
test,unhealthy_0553.jpg,1,unhealthy,0.180176,0.617188,0.213867,0.25,0.05346675,0.855468
test,unhealthy_0553.jpg,1,unhealthy,0.363281,0.526855,0.148438,0.135742,0.020149270995999998,1.0935303737973507
test,unhealthy_0553.jpg,1,unhealthy,0.494629,0.59375,0.168945,0.125,0.021118125,1.35156
test,unhealthy_0555.jpg,1,unhealthy,0.515137,0.654297,0.202148,0.283203,0.05724892004399999,0.7137918736736546
test,unhealthy_0555.jpg,1,unhealthy,0.263184,0.723633,0.268555,0.292969,0.078678289795,0.9166669511108684
test,unhealthy_0555.jpg,1,unhealthy,0.721191,0.303223,0.364258,0.172852,0.062962723816,2.1073403836808366
test,unhealthy_0555.jpg,1,unhealthy,0.746582,0.399902,0.416992,0.073242,0.030541328064,5.693345348297425
test,unhealthy_0555.jpg,1,unhealthy,0.686035,0.46582,0.348633,0.082031,0.028598713623000004,4.250015238141678
test,unhealthy_0555.jpg,1,unhealthy,0.626953,0.521484,0.28125,0.140625,0.03955078125,2.0
test,unhealthy_0555.jpg,1,unhealthy,0.362793,0.474609,0.282227,0.181641,0.051263994507,1.553762641694331
test,unhealthy_0555.jpg,0,healthy,0.525879,0.133301,0.141602,0.239258,0.033879411316,0.5918380994574894
test,unhealthy_0555.jpg,0,healthy,0.659668,0.172852,0.245117,0.255859,0.062715390503,0.9580159384661083
test,unhealthy_0575.jpg,1,unhealthy,0.306152,0.369629,0.125977,0.260742,0.032847494934,0.4831480927506885
test,unhealthy_0575.jpg,1,unhealthy,0.387695,0.319824,0.097656,0.286133,0.027942604248000005,0.3412958309597285
test,unhealthy_0575.jpg,1,unhealthy,0.450195,0.292969,0.078125,0.253906,0.01983640625,0.30769261065118586
test,unhealthy_0575.jpg,1,unhealthy,0.161621,0.568848,0.174805,0.176758,0.030898182189999998,0.9889509951459057
test,unhealthy_0575.jpg,0,healthy,0.396973,0.624023,0.27832,0.183594,0.051097882080000004,1.515953680403499
test,unhealthy_0575.jpg,1,unhealthy,0.453125,0.557129,0.300781,0.12793,0.038478913329999996,2.3511373407332137
test,unhealthy_0575.jpg,1,unhealthy,0.509277,0.492676,0.333008,0.135742,0.04520317193600001,2.4532421800179756
test,unhealthy_0579.jpg,1,unhealthy,0.407227,0.540039,0.189453,0.224609,0.042552848877000005,0.8434791125912141
test,unhealthy_0579.jpg,1,unhealthy,0.625977,0.544922,0.222656,0.130859,0.029136541504,1.7014955027930825
test,unhealthy_0579.jpg,1,unhealthy,0.361328,0.682617,0.175781,0.119141,0.020942724120999998,1.475403093813213
test,unhealthy_0579.jpg,1,unhealthy,0.532227,0.671387,0.138672,0.125977,0.017469482544,1.100772363209157
test,unhealthy_0579.jpg,1,unhealthy,0.780273,0.60498,0.345703,0.143555,0.04962739416499999,2.408157152310961
test,unhealthy_0579.jpg,1,unhealthy,0.593262,0.799316,0.19043,0.12207,0.023245790099999997,1.560006553616777
test,unhealthy_0579.jpg,1,unhealthy,0.170898,0.672852,0.208984,0.123047,0.025714854248,1.6984079254268694
test,unhealthy_0579.jpg,1,unhealthy,0.671875,0.39209,0.242188,0.188477,0.045646867676,1.2849737633769636
test,unhealthy_0579.jpg,1,unhealthy,0.499512,0.410156,0.143555,0.183594,0.02635583667,0.7819155310086385
test,unhealthy_0579.jpg,0,healthy,0.781738,0.228516,0.352539,0.167969,0.059215623291000004,2.098833713363775
test,unhealthy_0579.jpg,0,healthy,0.578125,0.113281,0.199219,0.210938,0.042022857422,0.9444433909489993
test,unhealthy_0589.jpg,1,unhealthy,0.462402,0.768555,0.163086,0.173828,0.028348913208000003,0.9382032814046068
test,unhealthy_0589.jpg,1,unhealthy,0.564941,0.6875,0.219727,0.101562,0.022315913574,2.1634764971150626
test,unhealthy_0589.jpg,1,unhealthy,0.522949,0.594238,0.208008,0.106445,0.02214141156,1.9541359387477102
test,unhealthy_0589.jpg,1,unhealthy,0.300781,0.755371,0.167969,0.149414,0.025096920166,1.1241851499859452
test,unhealthy_0589.jpg,1,unhealthy,0.399902,0.891113,0.135742,0.196289,0.026644661437999997,0.6915415535256688
test,unhealthy_0589.jpg,1,unhealthy,0.214355,0.688477,0.231445,0.097656,0.02260199292,2.37000286720734
test,unhealthy_0589.jpg,1,unhealthy,0.668945,0.481445,0.232422,0.121094,0.028144909668,1.9193519084347697
test,unhealthy_0589.jpg,1,unhealthy,0.517578,0.381348,0.21875,0.141602,0.0309754375,1.5448228132371011
test,unhealthy_0589.jpg,1,unhealthy,0.319336,0.541016,0.136719,0.130859,0.017890911621,1.0447810238500983
test,unhealthy_0589.jpg,1,unhealthy,0.320312,0.374512,0.171875,0.192383,0.033065828125,0.8934001445034124
test,unhealthy_0589.jpg,1,unhealthy,0.195312,0.438477,0.244141,0.109375,0.026702921875,2.2321462857142857
test,unhealthy_0589.jpg,1,unhealthy,0.628906,0.217285,0.289062,0.176758,0.051094020995999995,1.6353545525520767
test,unhealthy_0589.jpg,1,unhealthy,0.427734,0.133789,0.173828,0.261719,0.045494090332,0.6641779924269924
test,unhealthy_0589.jpg,1,unhealthy,0.592285,0.10498,0.19043,0.194336,0.03700740448,0.9799007903836653
test,unhealthy_0589.jpg,1,unhealthy,0.276367,0.193359,0.132812,0.193359,0.025680395508,0.686867433116638
test,unhealthy_0591.jpg,1,unhealthy,0.701172,0.518555,0.191406,0.083984,0.016075041504,2.279076967041341
test,unhealthy_0591.jpg,1,unhealthy,0.781738,0.599121,0.211914,0.120117,0.025454473938,1.7642298758710258
test,unhealthy_0591.jpg,1,unhealthy,0.870117,0.547363,0.154297,0.094727,0.014616091919,1.6288597759878385
test,unhealthy_0591.jpg,1,unhealthy,0.570801,0.57666,0.192383,0.137695,0.026490177185,1.3971676531464468
test,unhealthy_0591.jpg,1,unhealthy,0.420898,0.681641,0.101562,0.148438,0.015075660155999999,0.684204853204705
test,unhealthy_0591.jpg,1,unhealthy,0.538574,0.688965,0.170898,0.15918,0.027203543639999998,1.0736147757255936
test,unhealthy_0591.jpg,1,unhealthy,0.306152,0.525879,0.15332,0.102539,0.015721279480000003,1.4952359590009656
test,unhealthy_0591.jpg,1,unhealthy,0.381348,0.42627,0.116211,0.131836,0.015320793396000001,0.8814815376680116
test,unhealthy_0591.jpg,1,unhealthy,0.30957,0.688965,0.144531,0.176758,0.025547010497999997,0.8176772762760384
test,unhealthy_0591.jpg,1,unhealthy,0.263672,0.594238,0.220703,0.083008,0.018320114624,2.6588160177332307
test,unhealthy_0591.jpg,1,unhealthy,0.783691,0.459473,0.25293,0.069336,0.017537154479999997,3.647888542748356
test,unhealthy_0591.jpg,1,unhealthy,0.287598,0.372559,0.125977,0.139648,0.017592436096,0.902103861136572
test,unhealthy_0591.jpg,1,unhealthy,0.259277,0.432617,0.129883,0.121094,0.015728052002,1.0725799791897204
test,unhealthy_0593.jpg,1,unhealthy,0.384766,0.498535,0.242188,0.401367,0.09720627099599999,0.6034078536601165
test,unhealthy_0593.jpg,1,unhealthy,0.436523,0.720215,0.289062,0.342773,0.099082648926,0.8433044609697963
test,unhealthy_0593.jpg,1,unhealthy,0.61084,0.638672,0.295898,0.353516,0.104604677368,0.837014449133844
test,unhealthy_0593.jpg,1,unhealthy,0.594727,0.387207,0.205078,0.291992,0.059881135376,0.7023411600317818
test,unhealthy_0593.jpg,1,unhealthy,0.191406,0.744141,0.220703,0.419922,0.092678045166,0.5255809412224175
test,unhealthy_0593.jpg,1,unhealthy,0.174805,0.409668,0.246094,0.370117,0.09108357299799999,0.6649086640170542
test,unhealthy_0594.jpg,1,unhealthy,0.6875,0.567871,0.529297,0.31543,0.16695615271,1.6780173097042135
test,unhealthy_0594.jpg,1,unhealthy,0.711426,0.382812,0.545898,0.416016,0.227102302368,1.3122043382946809
test,unhealthy_0594.jpg,1,unhealthy,0.595215,0.279785,0.467773,0.536133,0.250788541809,0.8724943251021668
test,unhealthy_0594.jpg,1,unhealthy,0.478516,0.268555,0.322266,0.515625,0.16616840625,0.6250007272727273
test,unhealthy_0594.jpg,1,unhealthy,0.661133,0.807617,0.429688,0.244141,0.104904458008,1.7599993446410067
test,unhealthy_0594.jpg,1,unhealthy,0.164551,0.255371,0.272461,0.499023,0.135964305603,0.5459888622368108
test,unhealthy_0594.jpg,1,unhealthy,0.101074,0.446777,0.186523,0.30957,0.05774192511,0.6025228542817456
test,unhealthy_0617.jpg,1,unhealthy,0.371094,0.3125,0.244141,0.185547,0.045299630126999994,1.315790608309485
test,unhealthy_0617.jpg,1,unhealthy,0.174316,0.354492,0.336914,0.199219,0.067119670166,1.691174034605133
test,unhealthy_0617.jpg,1,unhealthy,0.544922,0.20459,0.126953,0.21582,0.027398996460000005,0.5882355666759337
test,unhealthy_0617.jpg,1,unhealthy,0.377441,0.192871,0.202148,0.237305,0.04797073113999999,0.8518488864541414
test,unhealthy_0617.jpg,1,unhealthy,0.483887,0.455078,0.155273,0.123047,0.019105876831,1.2618999244191242
test,unhealthy_0617.jpg,1,unhealthy,0.421387,0.535645,0.157227,0.245117,0.038539010559000005,0.641436538469384
test,unhealthy_0617.jpg,1,unhealthy,0.227539,0.536621,0.259766,0.155273,0.040334646118,1.6729631036947827
test,unhealthy_0617.jpg,1,unhealthy,0.716309,0.31543,0.133789,0.144531,0.019336657958999998,0.9256768444140011
test,unhealthy_0617.jpg,1,unhealthy,0.564941,0.342773,0.211914,0.125,0.02648925,1.695312
test,unhealthy_0617.jpg,1,unhealthy,0.520996,0.627441,0.157227,0.112305,0.017657378235,1.4000000000000001
test,unhealthy_0621.jpg,1,unhealthy,0.517578,0.586426,0.214844,0.47168,0.10133761792,0.4554867706919946
test,unhealthy_0621.jpg,1,unhealthy,0.66748,0.595703,0.129883,0.515625,0.066970921875,0.251894303030303
test,unhealthy_0621.jpg,1,unhealthy,0.419434,0.62207,0.274414,0.439453,0.12059205554199999,0.6244444798419854
test,unhealthy_0621.jpg,1,unhealthy,0.333984,0.593262,0.34375,0.50293,0.1728821875,0.683494720935319
test,unhealthy_0621.jpg,1,unhealthy,0.27832,0.660156,0.314453,0.412109,0.129588911377,0.7630335663622974
test,unhealthy_0630.jpg,1,unhealthy,0.526367,0.407715,0.714844,0.436523,0.31204584741200003,1.637586106573995
test,unhealthy_0630.jpg,1,unhealthy,0.400391,0.195312,0.769531,0.369141,0.284065442871,2.084653289664383
test,unhealthy_0634.jpg,1,unhealthy,0.427734,0.538574,0.646484,0.317383,0.205183031372,2.0369206920345446
test,unhealthy_0634.jpg,1,unhealthy,0.853027,0.554199,0.286133,0.733398,0.20984936993400002,0.3901469597680932
test,unhealthy_0634.jpg,1,unhealthy,0.72168,0.540039,0.244141,0.667969,0.163078619629,0.36549750063251435
test,unhealthy_0634.jpg,1,unhealthy,0.393555,0.341797,0.589844,0.228516,0.134788791504,2.581193439409057
test,unhealthy_0634.jpg,1,unhealthy,0.405762,0.162109,0.547852,0.302734,0.16585342736800002,1.8096811061856284
test,unhealthy_0641.jpg,1,unhealthy,0.807617,0.492676,0.365234,0.518555,0.18939391686999998,0.7043303024751473
test,unhealthy_0641.jpg,1,unhealthy,0.605957,0.615723,0.266602,0.670898,0.17886274859600002,0.39738082391063917
test,unhealthy_0641.jpg,1,unhealthy,0.290039,0.567383,0.386719,0.636719,0.246231334961,0.6073621173547514
test,unhealthy_0641.jpg,1,unhealthy,0.172852,0.370117,0.335938,0.380859,0.12794501074200001,0.882053463355205
test,unhealthy_0642.jpg,1,unhealthy,0.765137,0.596191,0.428711,0.69043,0.29599493573,0.6209333314021697
test,unhealthy_0642.jpg,1,unhealthy,0.369141,0.61084,0.355469,0.708008,0.25167489575199997,0.5020691856589191
test,unhealthy_0642.jpg,1,unhealthy,0.166992,0.380859,0.322266,0.398438,0.128403020508,0.8088234555940949
test,unhealthy_0642.jpg,1,unhealthy,0.837891,0.393555,0.314453,0.386719,0.12160494970699999,0.8131304642388918
test,unhealthy_0651.jpg,1,unhealthy,0.618652,0.361328,0.514648,0.623047,0.320649892456,0.8260179408616043
test,unhealthy_0651.jpg,1,unhealthy,0.494141,0.551758,0.664062,0.371094,0.246429423828,1.789471131303659
test,unhealthy_0651.jpg,1,unhealthy,0.605469,0.888184,0.382812,0.219727,0.084114132324,1.7422164777200797
test,unhealthy_0652.jpg,1,unhealthy,0.481445,0.492676,0.457031,0.836914,0.382495642334,0.5460907572343155
test,unhealthy_0652.jpg,1,unhealthy,0.195312,0.591797,0.367188,0.638672,0.23451269433600003,0.5749242177518351
test,unhealthy_0652.jpg,1,unhealthy,0.797852,0.452148,0.265625,0.498047,0.132293734375,0.5333331994771577
test,unhealthy_0652.jpg,1,unhealthy,0.750977,0.660156,0.490234,0.675781,0.33129082275399996,0.725433239466632
test,unhealthy_0654.jpg,1,unhealthy,0.594727,0.619141,0.597656,0.570312,0.340850388672,1.0479456858701903
test,unhealthy_0654.jpg,1,unhealthy,0.427246,0.75293,0.399414,0.464844,0.185665201416,0.8592431009112734
test,unhealthy_0654.jpg,1,unhealthy,0.609863,0.163086,0.604492,0.316406,0.191264895752,1.9104947440946125
test,unhealthy_0667.jpg,1,unhealthy,0.479492,0.49707,0.378906,0.865234,0.327842354004,0.4379231514249325
test,unhealthy_0684.jpg,1,unhealthy,0.601074,0.624512,0.719727,0.635742,0.457560682434,1.1321054767500023
test,unhealthy_0684.jpg,1,unhealthy,0.618652,0.161621,0.739258,0.321289,0.23751546356199998,2.3009128852839655
test,unhealthy_0684.jpg,1,unhealthy,0.327148,0.734375,0.457031,0.523438,0.239227392578,0.8731330167087603
test,unhealthy_0689.jpg,1,unhealthy,0.595703,0.587402,0.771484,0.411133,0.317182531372,1.8764827926729304
test,unhealthy_0689.jpg,1,unhealthy,0.516113,0.191406,0.616211,0.373047,0.22987566491699998,1.6518320747787811
test,unhealthy_0689.jpg,1,unhealthy,0.295898,0.777832,0.457031,0.424805,0.194149053955,1.075860689022022
test,unhealthy_0690.jpg,1,unhealthy,0.54834,0.483398,0.586914,0.621094,0.36452876391600003,0.9449680724656816
test,unhealthy_0690.jpg,1,unhealthy,0.269531,0.598145,0.460938,0.780273,0.359657476074,0.5907393950578836
test,unhealthy_0690.jpg,1,unhealthy,0.67334,0.159668,0.610352,0.303711,0.185370616272,2.009647329204408
test,unhealthy_0693.jpg,1,unhealthy,0.553711,0.4375,0.503906,0.517578,0.260810659668,0.973584657771389
test,unhealthy_0693.jpg,1,unhealthy,0.648438,0.565918,0.644531,0.385742,0.24862267700199997,1.6708862400257167
test,unhealthy_0693.jpg,1,unhealthy,0.612793,0.858398,0.62793,0.271484,0.17047294812,2.3129539862385995
test,unhealthy_0696.jpg,1,unhealthy,0.57959,0.549316,0.416992,0.758789,0.316408942688,0.5495493477106284
test,unhealthy_0696.jpg,1,unhealthy,0.225098,0.433105,0.426758,0.645508,0.275475703064,0.6611196143192649
test,unhealthy_0696.jpg,1,unhealthy,0.854492,0.378906,0.279297,0.460938,0.128738600586,0.6059318172942999
test,unhealthy_0698.jpg,1,unhealthy,0.444336,0.554688,0.246094,0.595703,0.146598934082,0.4131152604569727
test,unhealthy_0698.jpg,1,unhealthy,0.703613,0.521973,0.34082,0.573242,0.19537233844000002,0.5945482012832277
test,unhealthy_0698.jpg,1,unhealthy,0.833008,0.438965,0.318359,0.430664,0.137105760376,0.7392282614753033
test,unhealthy_0698.jpg,1,unhealthy,0.225586,0.479004,0.412109,0.514648,0.212091072632,0.8007589653510749
test,unhealthy_0700.jpg,1,unhealthy,0.405762,0.48877,0.352539,0.758789,0.267502715271,0.46460742050820447
test,unhealthy_0700.jpg,1,unhealthy,0.625977,0.46582,0.431641,0.785156,0.33890552099599996,0.5497518964384148
test,unhealthy_0700.jpg,1,unhealthy,0.73877,0.419922,0.47168,0.746094,0.35191761792,0.632199159891381
test,unhealthy_0700.jpg,1,unhealthy,0.181152,0.464355,0.307617,0.745117,0.229210656189,0.41284388894629964
test,unhealthy_0736.jpg,1,unhealthy,0.505859,0.458984,0.603516,0.542969,0.32769047900400006,1.1115109702395534
test,unhealthy_0736.jpg,1,unhealthy,0.686035,0.628418,0.59082,0.30957,0.18290014740000002,1.9085182672739607
test,unhealthy_0736.jpg,1,unhealthy,0.126953,0.460449,0.248047,0.540039,0.133955053833,0.4593131236818081
test,unhealthy_0743.jpg,1,unhealthy,0.39502,0.456055,0.754883,0.332031,0.250644557373,2.273531688306212
test,unhealthy_0743.jpg,1,unhealthy,0.388184,0.713867,0.756836,0.169922,0.12860308679199997,4.454020079801321
test,unhealthy_0743.jpg,0,healthy,0.501953,0.855469,0.716797,0.220703,0.15819924829100002,3.2477900164474427
test,unhealthy_0743.jpg,1,unhealthy,0.373535,0.57959,0.737305,0.22168,0.1634457724,3.325987910501624
test,unhealthy_0743.jpg,1,unhealthy,0.45459,0.311035,0.624023,0.442383,0.276057166809,1.4105944396597518
test,unhealthy_0743.jpg,1,unhealthy,0.574219,0.269531,0.587891,0.462891,0.27212945288100004,1.2700419753246446
test,unhealthy_0747.jpg,1,unhealthy,0.354492,0.620605,0.220703,0.549805,0.12134361291500001,0.40142050363310633
test,unhealthy_0747.jpg,1,unhealthy,0.579102,0.614746,0.414062,0.547852,0.226844694824,0.7557917101698999
test,unhealthy_0747.jpg,1,unhealthy,0.64209,0.387207,0.290039,0.397461,0.115279190979,0.7297294577329599
test,unhealthy_0754.jpg,1,unhealthy,0.399902,0.526855,0.49707,0.915039,0.45483843573000005,0.543222747882877
test,unhealthy_0759.jpg,1,unhealthy,0.435547,0.607422,0.835938,0.376953,0.31510933691399995,2.2176186421118813
test,unhealthy_0759.jpg,1,unhealthy,0.472168,0.80127,0.782227,0.342773,0.268126295471,2.282055471113536
test,unhealthy_0759.jpg,1,unhealthy,0.414062,0.342285,0.814453,0.329102,0.268038111206,2.4747737783422767
test,unhealthy_0759.jpg,1,unhealthy,0.48584,0.119141,0.868164,0.205078,0.17804133679200002,4.233335608890276
test,unhealthy_0769.jpg,1,unhealthy,0.587891,0.427246,0.824219,0.463867,0.382327994873,1.7768433624293172
test,unhealthy_0769.jpg,1,unhealthy,0.619141,0.759766,0.730469,0.435547,0.31815358154300005,1.677130137505252
test,unhealthy_0770.jpg,1,unhealthy,0.572754,0.290039,0.834961,0.523438,0.4370503159179999,1.5951478494110096
test,unhealthy_0770.jpg,1,unhealthy,0.597168,0.692383,0.805664,0.533203,0.429582461792,1.5109892479974796
test,unhealthy_0771.jpg,1,unhealthy,0.457031,0.428223,0.615234,0.276367,0.17003037487799996,2.226148563323407
test,unhealthy_0771.jpg,1,unhealthy,0.475098,0.679688,0.547852,0.398438,0.218285055176,1.3749993725498069
test,unhealthy_0771.jpg,1,unhealthy,0.540039,0.16748,0.509766,0.311523,0.15880383361800002,1.6363671382209342
test,unhealthy_0771.jpg,1,unhealthy,0.709961,0.849609,0.308594,0.291016,0.08980579150399999,1.060402177199879
test,unhealthy_0774.jpg,0,healthy,0.330566,0.383789,0.350586,0.693359,0.24308195837399998,0.5056341664274929
test,unhealthy_0774.jpg,1,unhealthy,0.478027,0.46875,0.491211,0.599609,0.29453453649899997,0.8192188576222172
test,unhealthy_0774.jpg,1,unhealthy,0.516113,0.709961,0.770508,0.472656,0.364185229248,1.630166548187265
test,unhealthy_0778.jpg,1,unhealthy,0.569824,0.229004,0.65918,0.432617,0.28517247405999996,1.5237034143364685
test,unhealthy_0778.jpg,1,unhealthy,0.588379,0.355469,0.645508,0.396484,0.255933593872,1.6280808305000958
test,unhealthy_0778.jpg,1,unhealthy,0.578613,0.54541,0.672852,0.391602,0.263490188904,1.7182036863958816
test,unhealthy_0783.jpg,1,unhealthy,0.643555,0.41748,0.427734,0.78418,0.33542044812,0.5454538498814048
test,unhealthy_0783.jpg,1,unhealthy,0.435547,0.581055,0.445312,0.761719,0.339202611328,0.5846145363316393
test,unhealthy_0783.jpg,1,unhealthy,0.214355,0.608887,0.393555,0.672852,0.26480426885999997,0.5849057445025058
test,unhealthy_0784.jpg,1,unhealthy,0.29541,0.368164,0.37793,0.509766,0.19265586438,0.7413793779891165
test,unhealthy_0784.jpg,1,unhealthy,0.356934,0.538574,0.37793,0.567383,0.21443105718999997,0.666093273855579
test,unhealthy_0784.jpg,1,unhealthy,0.440918,0.572754,0.391602,0.549805,0.21530473761,0.7122561635488946
test,unhealthy_0784.jpg,1,unhealthy,0.531738,0.65918,0.500977,0.517578,0.259294673706,0.9679256073480712
test,unhealthy_0787.jpg,1,unhealthy,0.465332,0.1875,0.739258,0.255859,0.189145812622,2.889317944649201
test,unhealthy_0787.jpg,1,unhealthy,0.477539,0.366211,0.640625,0.205078,0.13137809375,3.1238114278469653
test,unhealthy_0787.jpg,1,unhealthy,0.427246,0.651855,0.801758,0.458008,0.367211578064,1.7505327417861696
test,unhealthy_0787.jpg,1,unhealthy,0.540527,0.769043,0.856445,0.424805,0.363822118225,2.0160897352903095
test,unhealthy_0788.jpg,1,unhealthy,0.571289,0.588379,0.240234,0.795898,0.191201760132,0.3018401855514149
test,unhealthy_0788.jpg,1,unhealthy,0.397949,0.558594,0.268555,0.839844,0.22554430542,0.3197677187668186
test,unhealthy_0788.jpg,1,unhealthy,0.708984,0.568359,0.294922,0.820312,0.24192805566400002,0.35952418104331035
test,unhealthy_0788.jpg,1,unhealthy,0.82959,0.389648,0.28418,0.767578,0.21813031604,0.3702294750500926
test,unhealthy_0788.jpg,1,unhealthy,0.165039,0.351562,0.294922,0.677734,0.199878666748,0.4351589266585416
test,unhealthy_0789.jpg,1,unhealthy,0.588379,0.235352,0.768555,0.292969,0.22516278979499998,2.6233321614232223
test,unhealthy_0789.jpg,1,unhealthy,0.563965,0.429199,0.750977,0.34082,0.25594798114,2.2034416994307846
test,unhealthy_0789.jpg,1,unhealthy,0.462402,0.64502,0.723633,0.375977,0.272069364441,1.924673583756453
test,unhealthy_0796.jpg,1,unhealthy,0.695801,0.425293,0.254883,0.483398,0.12320993243400001,0.5272735923607462
test,unhealthy_0796.jpg,1,unhealthy,0.422363,0.456543,0.413086,0.493164,0.203719144104,0.837623995263239
test,unhealthy_0796.jpg,1,unhealthy,0.85791,0.555664,0.250977,0.439453,0.11029259558099999,0.5711122691163788
test,unhealthy_0796.jpg,1,unhealthy,0.261719,0.558594,0.5,0.332031,0.1660155,1.5058834867828605
test,unhealthy_0800.jpg,1,unhealthy,0.607422,0.484375,0.705078,0.455078,0.320865486084,1.549356374072137
test,unhealthy_0800.jpg,1,unhealthy,0.501953,0.305176,0.572266,0.53418,0.30569305188,1.0712980643228875
test,unhealthy_0800.jpg,1,unhealthy,0.65918,0.799805,0.658203,0.314453,0.20697390795899998,2.093168136414663
test,unhealthy_0802.jpg,1,unhealthy,0.75,0.586426,0.298828,0.47168,0.14095119103999998,0.6335396879240163
test,unhealthy_0802.jpg,1,unhealthy,0.874023,0.501953,0.251953,0.351562,0.08857710058599999,0.7166673303713142
test,unhealthy_0802.jpg,1,unhealthy,0.496094,0.594727,0.230469,0.445312,0.102630611328,0.5175450021557919
test,unhealthy_0802.jpg,0,healthy,0.302246,0.476074,0.381836,0.40332,0.15400209552000002,0.9467321233759793
test,unhealthy_0812.jpg,1,unhealthy,0.645996,0.422852,0.500977,0.556641,0.278864338257,0.9000001796490017
test,unhealthy_0812.jpg,1,unhealthy,0.749512,0.626953,0.487305,0.304688,0.14847598584,1.5993573754135377
test,unhealthy_0812.jpg,1,unhealthy,0.44043,0.442383,0.289062,0.509766,0.14735397949200002,0.5670484104471463
test,unhealthy_0812.jpg,0,healthy,0.172363,0.432129,0.333008,0.604492,0.20130067193600001,0.55088901093811
test,unhealthy_0818.jpg,1,unhealthy,0.635254,0.480957,0.407227,0.663086,0.270026522522,0.6141390407880728
test,unhealthy_0818.jpg,1,unhealthy,0.415527,0.315918,0.196289,0.426758,0.08376790106200001,0.45995388487151967
test,unhealthy_0818.jpg,1,unhealthy,0.220215,0.485352,0.430664,0.613281,0.26411804858399995,0.7022294837113819
test,unhealthy_0820.jpg,1,unhealthy,0.564941,0.385742,0.358398,0.566406,0.20299877758799997,0.6327581275622081
test,unhealthy_0820.jpg,1,unhealthy,0.294922,0.496582,0.576172,0.500977,0.288648920044,1.150096711026654
test,unhealthy_0820.jpg,1,unhealthy,0.829102,0.364746,0.337891,0.602539,0.20359250524900002,0.5607786383951909
test,unhealthy_0823.jpg,1,unhealthy,0.711426,0.522949,0.46582,0.512695,0.23882358490000002,0.9085713728435034
test,unhealthy_0823.jpg,1,unhealthy,0.428223,0.513672,0.286133,0.498047,0.14250768225100002,0.5745100362014027
test,unhealthy_0823.jpg,1,unhealthy,0.178711,0.581543,0.351562,0.487305,0.17131792041,0.7214413970716491
test,unhealthy_0823.jpg,1,unhealthy,0.186035,0.842285,0.368164,0.25293,0.09311972051999999,1.4555964100739336
test,unhealthy_0823.jpg,1,unhealthy,0.796875,0.600586,0.394531,0.412109,0.162589775879,0.9573462360686129
test,unhealthy_0823.jpg,1,unhealthy,0.816895,0.812012,0.352539,0.27832,0.09811865448,1.26666786432883
test,unhealthy_0827.jpg,1,unhealthy,0.686523,0.495605,0.408203,0.469727,0.19174397058099998,0.8690217935098472
test,unhealthy_0827.jpg,1,unhealthy,0.298828,0.578125,0.345703,0.619141,0.214038901123,0.5583590813724175
test,unhealthy_0827.jpg,1,unhealthy,0.831055,0.649414,0.330078,0.382812,0.126357819336,0.8622456976270336
test,unhealthy_0831.jpg,0,healthy,0.631836,0.32373,0.6875,0.368164,0.25311275,1.8673743223128823
test,unhealthy_0831.jpg,1,unhealthy,0.661621,0.591797,0.639648,0.294922,0.18864626745600002,2.168871769484813
test,unhealthy_0831.jpg,1,unhealthy,0.642578,0.824707,0.560547,0.34082,0.19104562854,1.6447010151986385
test,unhealthy_0835.jpg,1,unhealthy,0.479004,0.11084,0.588867,0.208008,0.122489046936,2.830982462212992
test,unhealthy_0835.jpg,1,unhealthy,0.509766,0.35791,0.597656,0.405273,0.24221384008799998,1.4746997702783062
test,unhealthy_0835.jpg,1,unhealthy,0.455566,0.618164,0.569336,0.605469,0.344715298584,0.9403222956088585
test,unhealthy_0840.jpg,1,unhealthy,0.672852,0.455566,0.308594,0.571289,0.176296357666,0.5401714368734563
test,unhealthy_0840.jpg,1,unhealthy,0.351074,0.462891,0.413086,0.576172,0.23800858679200002,0.7169491054754483
test,unhealthy_0840.jpg,1,unhealthy,0.865723,0.321777,0.264648,0.407227,0.107771811096,0.6498783233921129
test,unhealthy_0849.jpg,1,unhealthy,0.274414,0.465332,0.466797,0.81543,0.38064027771000003,0.5724550237298113
test,unhealthy_0849.jpg,1,unhealthy,0.649414,0.325195,0.648438,0.611328,0.396408305664,1.0607039101758793
test,unhealthy_0853.jpg,1,unhealthy,0.525391,0.505371,0.941406,0.489258,0.460590416748,1.9241504482297682
test,unhealthy_0854.jpg,1,unhealthy,0.568848,0.323242,0.672852,0.351562,0.236549194824,1.913892855314283
test,unhealthy_0854.jpg,1,unhealthy,0.466309,0.635254,0.727539,0.327148,0.238012928772,2.2238833799992666
test,unhealthy_0854.jpg,1,unhealthy,0.641113,0.844238,0.508789,0.288086,0.14657498785400003,1.766101094811966
test,unhealthy_0861.jpg,1,unhealthy,0.556641,0.35791,0.556641,0.342773,0.190801505493,1.6239347906632087
test,unhealthy_0861.jpg,1,unhealthy,0.553223,0.62793,0.569336,0.269531,0.153453701416,2.112321031718058
test,unhealthy_0861.jpg,1,unhealthy,0.510254,0.174805,0.467773,0.345703,0.161710529419,1.3531065683549175
test,unhealthy_0861.jpg,1,unhealthy,0.876465,0.762695,0.231445,0.4375,0.10125718750000001,0.5290171428571429
test,unhealthy_0861.jpg,1,unhealthy,0.42334,0.717773,0.43457,0.242188,0.10524763916,1.794349843922903
test,unhealthy_0861.jpg,1,unhealthy,0.399902,0.855469,0.624023,0.271484,0.169412260132,2.2985627145614473
test,unhealthy_0865.jpg,1,unhealthy,0.511719,0.229492,0.654297,0.443359,0.290088463623,1.4757724552789049
test,unhealthy_0865.jpg,1,unhealthy,0.620117,0.527832,0.621094,0.276367,0.171649885498,2.24735225262061
test,unhealthy_0865.jpg,1,unhealthy,0.557617,0.810547,0.535156,0.369141,0.197548020996,1.449733299741833
test,unhealthy_0869.jpg,1,unhealthy,0.486328,0.453613,0.587891,0.883789,0.5195715989990001,0.6651938415164705
test,unhealthy_0869.jpg,1,unhealthy,0.17627,0.363281,0.350586,0.6875,0.241027875,0.5099432727272727
test,unhealthy_0869.jpg,1,unhealthy,0.628906,0.63916,0.591797,0.56543,0.33461977771,1.0466317669738077
test,unhealthy_0875.jpg,1,unhealthy,0.481445,0.428711,0.316406,0.611328,0.19342784716800002,0.5175715818676717
test,unhealthy_0875.jpg,1,unhealthy,0.747559,0.577637,0.493164,0.625977,0.308709321228,0.7878308627952784
test,unhealthy_0875.jpg,1,unhealthy,0.197266,0.37793,0.392578,0.605469,0.237693809082,0.6483866226016526
test,unhealthy_0875.jpg,1,unhealthy,0.104492,0.5,0.205078,0.388672,0.079708076416,0.5276376996542071
test,unhealthy_0876.jpg,1,unhealthy,0.782715,0.439453,0.297852,0.615234,0.183248677368,0.48412799032563225
test,unhealthy_0876.jpg,1,unhealthy,0.472656,0.409668,0.367188,0.588867,0.21622489599600003,0.6235499696875525
test,unhealthy_0876.jpg,1,unhealthy,0.228516,0.46875,0.398438,0.435547,0.17353847558600002,0.9147990917168526
test,unhealthy_0876.jpg,1,unhealthy,0.156738,0.584961,0.303711,0.384766,0.116857666626,0.7893394946538935
test,unhealthy_0881.jpg,1,unhealthy,0.297852,0.55957,0.511719,0.677734,0.346809364746,0.7550440143183019
test,unhealthy_0881.jpg,1,unhealthy,0.655273,0.497559,0.294922,0.717773,0.211687048706,0.41088477833521186
test,unhealthy_0881.jpg,1,unhealthy,0.88623,0.668945,0.217773,0.607422,0.132280111206,0.35852010628525144
test,unhealthy_0883.jpg,1,unhealthy,0.158691,0.414062,0.311523,0.730469,0.22755789428700002,0.4264698433472194
test,unhealthy_0883.jpg,1,unhealthy,0.497559,0.385742,0.364258,0.703125,0.25611890625,0.5180558222222222
test,unhealthy_0883.jpg,1,unhealthy,0.773438,0.398438,0.384766,0.736328,0.283313979248,0.5225470170902098
test,unhealthy_0889.jpg,1,unhealthy,0.557129,0.40332,0.581055,0.410156,0.23832319458,1.4166682920644826
test,unhealthy_0889.jpg,1,unhealthy,0.463867,0.782227,0.517578,0.414062,0.21430938183599998,1.250001207548628
test,unhealthy_0889.jpg,1,unhealthy,0.480957,0.164551,0.49707,0.317383,0.15776156781,1.5661519363040868
test,unhealthy_0893.jpg,1,unhealthy,0.491211,0.317871,0.560547,0.286133,0.16039099475100002,1.9590435217189208
test,unhealthy_0893.jpg,1,unhealthy,0.501953,0.742188,0.599609,0.412109,0.24710426538099997,1.4549767173247854
test,unhealthy_0893.jpg,1,unhealthy,0.390137,0.115723,0.50293,0.227539,0.11443618926999999,2.210302409696799
test,unhealthy_0893.jpg,1,unhealthy,0.47168,0.527832,0.515625,0.188477,0.097183453125,2.7357449450065525
test,unhealthy_0895.jpg,1,unhealthy,0.561523,0.537598,0.519531,0.344727,0.179096363037,1.5070795150945528
test,unhealthy_0895.jpg,1,unhealthy,0.44873,0.296387,0.350586,0.456055,0.15988649823,0.7687362269901657
test,unhealthy_0895.jpg,1,unhealthy,0.261719,0.213867,0.220703,0.414062,0.091384725586,0.533019209683574
test,unhealthy_0895.jpg,1,unhealthy,0.586426,0.849121,0.62793,0.288086,0.18089784198,2.179661628819172
test,unhealthy_0896.jpg,1,unhealthy,0.556641,0.32373,0.761719,0.383789,0.292339373291,1.9847337990406189
test,unhealthy_0896.jpg,0,healthy,0.422852,0.704102,0.705078,0.570312,0.402114444336,1.2363022345663426
test,unhealthy_0910.jpg,1,unhealthy,0.388184,0.467285,0.422852,0.811523,0.343154123596,0.5210597851200767
test,unhealthy_0910.jpg,1,unhealthy,0.789551,0.499512,0.40918,0.713867,0.29210009906,0.5731880028072456
test,unhealthy_0910.jpg,1,unhealthy,0.135742,0.62207,0.261719,0.566406,0.14823921191399997,0.46206961084451786
test,unhealthy_0913.jpg,1,unhealthy,0.519531,0.453125,0.876953,0.40625,0.35626215625,2.1586535384615386
test,unhealthy_0913.jpg,1,unhealthy,0.526367,0.806152,0.830078,0.329102,0.273180329956,2.5222514600336674
test,unhealthy_0921.jpg,1,unhealthy,0.283691,0.408203,0.370117,0.814453,0.30144290100099996,0.45443629036911887
test,unhealthy_0921.jpg,1,unhealthy,0.618164,0.416992,0.339844,0.822266,0.279442166504,0.41330177825667114
test,unhealthy_0921.jpg,1,unhealthy,0.819336,0.581543,0.351562,0.72168,0.25371526416,0.4871438864870857
test,unhealthy_0935.jpg,1,unhealthy,0.317871,0.522949,0.50293,0.915039,0.46020056427,0.5496268465059959
test,unhealthy_0935.jpg,1,unhealthy,0.720703,0.500977,0.404297,0.951172,0.38455598608400005,0.4250514102601843
test,unhealthy_0937.jpg,1,unhealthy,0.399902,0.53418,0.606445,0.869141,0.5270862137450001,0.6977521483855899
test,unhealthy_0937.jpg,1,unhealthy,0.772461,0.489258,0.388672,0.964844,0.375007847168,0.40283403327377276
test,unhealthy_0953.jpg,1,unhealthy,0.49707,0.219727,0.632812,0.416016,0.263259916992,1.521124187531249
test,unhealthy_0953.jpg,1,unhealthy,0.489746,0.43457,0.649414,0.447266,0.290460802124,1.4519637083972403
test,unhealthy_0953.jpg,1,unhealthy,0.565918,0.820312,0.854492,0.351562,0.300406916504,2.430558479016504
test,unhealthy_0962.jpg,1,unhealthy,0.585449,0.477539,0.375977,0.900391,0.33852630700700004,0.41757081090326315
test,unhealthy_0962.jpg,1,unhealthy,0.29248,0.480957,0.350586,0.860352,0.301627366272,0.40749135237670164
test,unhealthy_0962.jpg,1,unhealthy,0.835938,0.370605,0.320312,0.698242,0.223655291504,0.4587406658436473
test,unhealthy_0965.jpg,0,healthy,0.224609,0.349609,0.439453,0.337891,0.148487213623,1.300576221325812
test,unhealthy_0965.jpg,0,healthy,0.386719,0.503906,0.505859,0.486328,0.24601339575199996,1.0401601388363408
test,unhealthy_0965.jpg,1,unhealthy,0.628906,0.552734,0.296875,0.474609,0.140899546875,0.6255148975261742
test,unhealthy_0965.jpg,1,unhealthy,0.875977,0.566406,0.244141,0.542969,0.132560994629,0.4496407713884218
test,unhealthy_0998.jpg,1,unhealthy,0.291504,0.510742,0.432617,0.902344,0.390369354248,0.4794368888140221
test,unhealthy_0998.jpg,1,unhealthy,0.725586,0.471191,0.439453,0.823242,0.361776166626,0.5338077989218237
test,unhealthy_0998.jpg,1,unhealthy,0.839844,0.339355,0.320312,0.610352,0.19550306982399998,0.5247988046242168
test,unhealthy_1002.jpg,1,unhealthy,0.486328,0.482422,0.330078,0.785156,0.25916272216799996,0.4203979846043334
test,unhealthy_1002.jpg,1,unhealthy,0.762207,0.430176,0.43457,0.668945,0.29070342865000004,0.6496348728221304
test,unhealthy_1002.jpg,1,unhealthy,0.169922,0.493164,0.335938,0.763672,0.256546444336,0.43989828093736577
test,unhealthy_1006.jpg,1,unhealthy,0.187012,0.450684,0.370117,0.87793,0.32493681780999994,0.42157916918205324
test,unhealthy_1006.jpg,1,unhealthy,0.307617,0.55957,0.351562,0.873047,0.306930149414,0.4026839333964838
test,unhealthy_1006.jpg,1,unhealthy,0.559082,0.50293,0.262695,0.904297,0.237554300415,0.29049637453181865
test,unhealthy_1006.jpg,1,unhealthy,0.830078,0.47998,0.330078,0.891602,0.294298204956,0.37020778329344256
test,unhealthy_1014.jpg,1,unhealthy,0.566406,0.695801,0.736328,0.600586,0.442228288208,1.2260159244471234
test,unhealthy_1014.jpg,1,unhealthy,0.531738,0.27002,0.661133,0.288086,0.190463161438,2.294915407204793
test,unhealthy_1019.jpg,1,unhealthy,0.401855,0.502441,0.483398,0.961914,0.46498730377200004,0.5025376488958472
test,unhealthy_1019.jpg,0,healthy,0.765625,0.574219,0.410156,0.808594,0.331649680664,0.5072459108031967
test,unhealthy_1051.jpg,1,unhealthy,0.288086,0.459473,0.496094,0.760742,0.377399541748,0.6521185894823738
test,unhealthy_1051.jpg,1,unhealthy,0.746582,0.584473,0.420898,0.743164,0.312796241272,0.5663595114940981
test,unhealthy_1405.jpg,1,unhealthy,0.715332,0.476074,0.397461,0.702148,0.279076446228,0.5660644194671209
test,unhealthy_1405.jpg,1,unhealthy,0.255859,0.43457,0.505859,0.605469,0.30628194287099997,0.8354829066393158
test,unhealthy_1431.jpg,1,unhealthy,0.512207,0.53418,0.975586,0.453125,0.44206240625,2.1530173793103446
test,unhealthy_1432.jpg,1,unhealthy,0.475586,0.374023,0.949219,0.416016,0.394890291504,2.281688685050575
test,unhealthy_1433.jpg,1,unhealthy,0.425293,0.36084,0.848633,0.420898,0.357187932434,2.016243840550442
