split,image,objects,healthy_objects,unhealthy_objects,image_type
train,healthy_0001.jpg,4,4,0,Healthy only
train,healthy_0002.jpg,6,6,0,Healthy only
train,healthy_0003.jpg,3,3,0,Healthy only
train,healthy_0004.jpg,2,2,0,Healthy only
train,healthy_0005.jpg,3,3,0,Healthy only
train,healthy_0006.jpg,2,2,0,Healthy only
train,healthy_0007.jpg,1,1,0,Healthy only
train,healthy_0008.jpg,2,2,0,Healthy only
train,healthy_0009.jpg,2,2,0,Healthy only
train,healthy_0010.jpg,3,3,0,Healthy only
train,healthy_0011.jpg,2,2,0,Healthy only
train,healthy_0012.jpg,2,2,0,Healthy only
train,healthy_0013.jpg,4,4,0,Healthy only
train,healthy_0014.jpg,6,6,0,Healthy only
train,healthy_0015.jpg,8,8,0,Healthy only
train,healthy_0016.jpg,2,2,0,Healthy only
train,healthy_0017.jpg,3,3,0,Healthy only
train,healthy_0018.jpg,3,3,0,Healthy only
train,healthy_0019.jpg,4,4,0,Healthy only
train,healthy_0020.jpg,3,3,0,Healthy only
train,healthy_0021.jpg,5,5,0,Healthy only
train,healthy_0022.jpg,5,5,0,Healthy only
train,healthy_0023.jpg,4,4,0,Healthy only
train,healthy_0024.jpg,4,4,0,Healthy only
train,healthy_0025.jpg,4,4,0,Healthy only
train,healthy_0026.jpg,4,4,0,Healthy only
train,healthy_0027.jpg,3,2,1,Mixed
train,healthy_0033.jpg,5,5,0,Healthy only
train,healthy_0034.jpg,1,1,0,Healthy only
train,healthy_0035.jpg,2,2,0,Healthy only
train,healthy_0036.jpg,2,2,0,Healthy only
train,healthy_0037.jpg,2,2,0,Healthy only
train,healthy_0038.jpg,2,2,0,Healthy only
train,healthy_0039.jpg,3,3,0,Healthy only
train,healthy_0042.jpg,3,3,0,Healthy only
train,healthy_0043.jpg,2,2,0,Healthy only
train,healthy_0044.jpg,3,2,1,Mixed
train,healthy_0045.jpg,2,1,1,Mixed
train,healthy_0046.jpg,2,2,0,Healthy only
train,healthy_0047.jpg,5,5,0,Healthy only
train,healthy_0048.jpg,4,4,0,Healthy only
train,healthy_0049.jpg,4,4,0,Healthy only
train,healthy_0050.jpg,3,3,0,Healthy only
train,healthy_0051.jpg,2,2,0,Healthy only
train,healthy_0052.jpg,2,1,1,Mixed
train,healthy_0053.jpg,1,1,0,Healthy only
train,healthy_0054.jpg,1,1,0,Healthy only
train,healthy_0055.jpg,1,1,0,Healthy only
train,healthy_0056.jpg,1,1,0,Healthy only
train,healthy_0057.jpg,1,1,0,Healthy only
train,healthy_0058.jpg,1,1,0,Healthy only
train,healthy_0059.jpg,1,1,0,Healthy only
train,healthy_0063.jpg,2,2,0,Healthy only
train,healthy_0064.jpg,1,1,0,Healthy only
train,healthy_0065.jpg,1,1,0,Healthy only
train,healthy_0066.jpg,1,1,0,Healthy only
train,healthy_0067.jpg,3,3,0,Healthy only
train,healthy_0068.jpg,2,2,0,Healthy only
train,healthy_0069.jpg,2,2,0,Healthy only
train,healthy_0070.jpg,2,2,0,Healthy only
train,healthy_0071.jpg,1,1,0,Healthy only
train,healthy_0072.jpg,1,1,0,Healthy only
train,healthy_0073.jpg,3,3,0,Healthy only
train,healthy_0074.jpg,1,1,0,Healthy only
train,healthy_0075.jpg,1,1,0,Healthy only
train,healthy_0076.jpg,1,1,0,Healthy only
train,healthy_0077.jpg,2,2,0,Healthy only
train,healthy_0078.jpg,2,2,0,Healthy only
train,healthy_0079.jpg,2,2,0,Healthy only
train,healthy_0080.jpg,2,2,0,Healthy only
train,healthy_0081.jpg,2,2,0,Healthy only
train,healthy_0082.jpg,2,2,0,Healthy only
train,healthy_0083.jpg,1,1,0,Healthy only
train,healthy_0084.jpg,1,1,0,Healthy only
train,healthy_0085.jpg,1,1,0,Healthy only
train,healthy_0086.jpg,1,1,0,Healthy only
train,healthy_0087.jpg,1,1,0,Healthy only
train,healthy_0088.jpg,1,1,0,Healthy only
train,healthy_0089.jpg,1,1,0,Healthy only
train,healthy_0090.jpg,1,1,0,Healthy only
train,healthy_0091.jpg,2,2,0,Healthy only
train,healthy_0092.jpg,2,2,0,Healthy only
train,healthy_0093.jpg,2,2,0,Healthy only
train,healthy_0094.jpg,2,2,0,Healthy only
train,healthy_0095.jpg,2,2,0,Healthy only
train,healthy_0096.jpg,2,2,0,Healthy only
train,healthy_0097.jpg,1,1,0,Healthy only
train,healthy_0125.jpg,3,3,0,Healthy only
train,healthy_0126.jpg,4,4,0,Healthy only
train,healthy_0127.jpg,3,3,0,Healthy only
train,healthy_0128.jpg,3,3,0,Healthy only
train,healthy_0129.jpg,3,3,0,Healthy only
train,healthy_0130.jpg,3,3,0,Healthy only
train,healthy_0131.jpg,4,4,0,Healthy only
train,healthy_0132.jpg,3,3,0,Healthy only
train,healthy_0133.jpg,4,4,0,Healthy only
train,healthy_0134.jpg,3,3,0,Healthy only
train,healthy_0135.jpg,2,2,0,Healthy only
train,healthy_0136.jpg,3,3,0,Healthy only
train,healthy_0137.jpg,3,3,0,Healthy only
train,healthy_0138.jpg,2,2,0,Healthy only
train,healthy_0139.jpg,4,3,1,Mixed
train,healthy_0140.jpg,4,4,0,Healthy only
train,healthy_0141.jpg,4,4,0,Healthy only
train,healthy_0142.jpg,4,4,0,Healthy only
train,healthy_0143.jpg,3,3,0,Healthy only
train,healthy_0144.jpg,3,3,0,Healthy only
train,healthy_0145.jpg,2,2,0,Healthy only
train,healthy_0146.jpg,3,3,0,Healthy only
train,healthy_0147.jpg,3,3,0,Healthy only
train,healthy_0148.jpg,1,1,0,Healthy only
train,healthy_0149.jpg,2,2,0,Healthy only
train,healthy_0150.jpg,2,2,0,Healthy only
train,healthy_0153.jpg,2,2,0,Healthy only
train,healthy_0154.jpg,3,3,0,Healthy only
train,healthy_0155.jpg,2,2,0,Healthy only
train,healthy_0156.jpg,2,2,0,Healthy only
train,healthy_0157.jpg,2,2,0,Healthy only
train,healthy_0158.jpg,3,3,0,Healthy only
train,healthy_0159.jpg,2,2,0,Healthy only
train,healthy_0160.jpg,2,2,0,Healthy only
train,healthy_0161.jpg,2,2,0,Healthy only
train,healthy_0162.jpg,2,2,0,Healthy only
train,healthy_0163.jpg,2,2,0,Healthy only
train,healthy_0164.jpg,4,4,0,Healthy only
train,healthy_0165.jpg,2,2,0,Healthy only
train,healthy_0166.jpg,2,2,0,Healthy only
train,healthy_0167.jpg,2,2,0,Healthy only
train,healthy_0168.jpg,2,2,0,Healthy only
train,healthy_0169.jpg,2,2,0,Healthy only
train,healthy_0170.jpg,2,2,0,Healthy only
train,healthy_0171.jpg,2,2,0,Healthy only
train,healthy_0172.jpg,2,2,0,Healthy only
train,healthy_0173.jpg,2,2,0,Healthy only
train,healthy_0174.jpg,1,1,0,Healthy only
train,healthy_0175.jpg,1,1,0,Healthy only
train,healthy_0176.jpg,1,1,0,Healthy only
train,healthy_0177.jpg,1,1,0,Healthy only
train,healthy_0178.jpg,1,1,0,Healthy only
train,healthy_0179.jpg,1,1,0,Healthy only
train,healthy_0180.jpg,1,1,0,Healthy only
train,healthy_0181.jpg,1,1,0,Healthy only
train,healthy_0182.jpg,4,4,0,Healthy only
train,healthy_0183.jpg,1,1,0,Healthy only
train,healthy_0184.jpg,1,1,0,Healthy only
train,healthy_0185.jpg,1,1,0,Healthy only
train,healthy_0186.jpg,1,1,0,Healthy only
train,healthy_0187.jpg,2,2,0,Healthy only
train,healthy_0188.jpg,1,1,0,Healthy only
train,healthy_0189.jpg,1,1,0,Healthy only
train,healthy_0190.jpg,1,1,0,Healthy only
train,healthy_0191.jpg,1,1,0,Healthy only
train,healthy_0192.jpg,3,3,0,Healthy only
train,healthy_0193.jpg,3,2,1,Mixed
train,healthy_0194.jpg,2,1,1,Mixed
train,healthy_0198.jpg,2,2,0,Healthy only
train,healthy_0200.jpg,3,3,0,Healthy only
train,healthy_0201.jpg,2,2,0,Healthy only
train,healthy_0203.jpg,1,1,0,Healthy only
train,healthy_0204.jpg,2,2,0,Healthy only
train,healthy_0205.jpg,1,1,0,Healthy only
train,healthy_0206.jpg,2,2,0,Healthy only
train,healthy_0207.jpg,1,1,0,Healthy only
train,healthy_0208.jpg,2,2,0,Healthy only
train,healthy_0209.jpg,3,3,0,Healthy only
train,healthy_0210.jpg,4,4,0,Healthy only
train,healthy_0211.jpg,4,4,0,Healthy only
train,healthy_0212.jpg,3,3,0,Healthy only
train,healthy_0213.jpg,1,1,0,Healthy only
train,healthy_0214.jpg,2,2,0,Healthy only
train,healthy_0215.jpg,2,2,0,Healthy only
train,healthy_0216.jpg,2,2,0,Healthy only
train,healthy_0217.jpg,4,4,0,Healthy only
train,healthy_0218.jpg,2,2,0,Healthy only
train,healthy_0219.jpg,2,2,0,Healthy only
train,healthy_0220.jpg,3,3,0,Healthy only
train,healthy_0221.jpg,3,3,0,Healthy only
train,healthy_0222.jpg,2,2,0,Healthy only
train,healthy_0223.jpg,2,2,0,Healthy only
train,healthy_0224.jpg,3,3,0,Healthy only
train,healthy_0225.jpg,2,2,0,Healthy only
train,healthy_0226.jpg,2,2,0,Healthy only
train,healthy_0227.jpg,2,2,0,Healthy only
train,healthy_0228.jpg,3,3,0,Healthy only
train,healthy_0229.jpg,2,2,0,Healthy only
train,healthy_0230.jpg,3,3,0,Healthy only
train,healthy_0231.jpg,2,2,0,Healthy only
train,healthy_0232.jpg,1,1,0,Healthy only
train,healthy_0233.jpg,3,3,0,Healthy only
train,healthy_0234.jpg,2,2,0,Healthy only
train,healthy_0235.jpg,2,2,0,Healthy only
train,healthy_0236.jpg,3,3,0,Healthy only
train,healthy_0237.jpg,2,2,0,Healthy only
train,healthy_0238.jpg,2,2,0,Healthy only
train,healthy_0239.jpg,3,3,0,Healthy only
train,healthy_0240.jpg,3,3,0,Healthy only
train,healthy_0241.jpg,3,3,0,Healthy only
train,healthy_0242.jpg,2,2,0,Healthy only
train,healthy_0243.jpg,2,2,0,Healthy only
train,healthy_0244.jpg,2,2,0,Healthy only
train,healthy_0245.jpg,2,2,0,Healthy only
train,healthy_0246.jpg,2,2,0,Healthy only
train,healthy_0247.jpg,2,2,0,Healthy only
train,healthy_0248.jpg,1,1,0,Healthy only
train,healthy_0249.jpg,1,1,0,Healthy only
train,healthy_0250.jpg,2,1,1,Mixed
train,healthy_0252.jpg,2,1,1,Mixed
train,healthy_0253.jpg,2,2,0,Healthy only
train,healthy_0254.jpg,2,2,0,Healthy only
train,healthy_0255.jpg,2,2,0,Healthy only
train,healthy_0256.jpg,2,2,0,Healthy only
train,healthy_0257.jpg,2,2,0,Healthy only
train,healthy_0258.jpg,3,3,0,Healthy only
train,healthy_0259.jpg,3,2,1,Mixed
train,healthy_0260.jpg,3,2,1,Mixed
train,healthy_0261.jpg,3,3,0,Healthy only
train,healthy_0262.jpg,2,2,0,Healthy only
train,healthy_0263.jpg,2,2,0,Healthy only
train,healthy_0264.jpg,3,3,0,Healthy only
train,healthy_0265.jpg,2,2,0,Healthy only
train,healthy_0266.jpg,3,3,0,Healthy only
train,healthy_0267.jpg,2,2,0,Healthy only
train,healthy_0268.jpg,2,2,0,Healthy only
train,healthy_0269.jpg,3,3,0,Healthy only
train,healthy_0270.jpg,2,2,0,Healthy only
train,healthy_0271.jpg,3,3,0,Healthy only
train,healthy_0272.jpg,3,3,0,Healthy only
train,healthy_0273.jpg,3,3,0,Healthy only
train,healthy_0274.jpg,2,2,0,Healthy only
train,healthy_0275.jpg,2,2,0,Healthy only
train,healthy_0276.jpg,2,2,0,Healthy only
train,healthy_0277.jpg,2,2,0,Healthy only
train,healthy_0278.jpg,3,3,0,Healthy only
train,healthy_0279.jpg,3,3,0,Healthy only
train,healthy_0280.jpg,2,2,0,Healthy only
train,healthy_0281.jpg,2,2,0,Healthy only
train,healthy_0282.jpg,2,2,0,Healthy only
train,healthy_0283.jpg,3,3,0,Healthy only
train,healthy_0284.jpg,3,3,0,Healthy only
train,healthy_0285.jpg,1,1,0,Healthy only
train,healthy_0286.jpg,1,1,0,Healthy only
train,healthy_0287.jpg,4,2,2,Mixed
train,healthy_0288.jpg,3,2,1,Mixed
train,healthy_0289.jpg,2,2,0,Healthy only
train,healthy_0290.jpg,3,3,0,Healthy only
train,healthy_0291.jpg,2,2,0,Healthy only
train,healthy_0292.jpg,3,3,0,Healthy only
train,healthy_0293.jpg,2,2,0,Healthy only
train,healthy_0294.jpg,2,2,0,Healthy only
train,healthy_0295.jpg,2,2,0,Healthy only
train,healthy_0296.jpg,2,2,0,Healthy only
train,healthy_0297.jpg,2,2,0,Healthy only
train,healthy_0298.jpg,3,3,0,Healthy only
train,healthy_0299.jpg,2,2,0,Healthy only
train,healthy_0300.jpg,2,2,0,Healthy only
train,healthy_0301.jpg,3,3,0,Healthy only
train,healthy_0302.jpg,3,3,0,Healthy only
train,healthy_0303.jpg,3,3,0,Healthy only
train,healthy_0304.jpg,3,3,0,Healthy only
train,healthy_0305.jpg,3,3,0,Healthy only
train,healthy_0306.jpg,3,3,0,Healthy only
train,healthy_0307.jpg,2,2,0,Healthy only
train,healthy_0308.jpg,2,2,0,Healthy only
train,healthy_0309.jpg,1,1,0,Healthy only
train,healthy_0310.jpg,1,1,0,Healthy only
train,healthy_0311.jpg,3,3,0,Healthy only
train,healthy_0312.jpg,3,3,0,Healthy only
train,healthy_0313.jpg,3,3,0,Healthy only
train,healthy_0314.jpg,3,3,0,Healthy only
train,healthy_0315.jpg,4,4,0,Healthy only
train,healthy_0316.jpg,4,4,0,Healthy only
train,healthy_0317.jpg,3,3,0,Healthy only
train,healthy_0318.jpg,3,3,0,Healthy only
train,healthy_0319.jpg,2,2,0,Healthy only
train,healthy_0320.jpg,2,2,0,Healthy only
train,healthy_0321.jpg,2,2,0,Healthy only
train,healthy_0322.jpg,2,2,0,Healthy only
train,healthy_0323.jpg,1,1,0,Healthy only
train,healthy_0324.jpg,1,1,0,Healthy only
train,healthy_0325.jpg,8,7,1,Mixed
train,healthy_0326.jpg,7,5,2,Mixed
train,healthy_0327.jpg,2,1,1,Mixed
train,healthy_0328.jpg,2,2,0,Healthy only
train,healthy_0329.jpg,2,2,0,Healthy only
train,healthy_0330.jpg,2,2,0,Healthy only
train,healthy_0331.jpg,3,3,0,Healthy only
train,healthy_0332.jpg,3,3,0,Healthy only
train,healthy_0333.jpg,3,3,0,Healthy only
train,healthy_0334.jpg,3,3,0,Healthy only
train,healthy_0335.jpg,3,3,0,Healthy only
train,healthy_0336.jpg,3,3,0,Healthy only
train,healthy_0337.jpg,4,4,0,Healthy only
train,healthy_0338.jpg,4,4,0,Healthy only
train,healthy_0339.jpg,2,2,0,Healthy only
train,healthy_0340.jpg,2,2,0,Healthy only
train,healthy_0344.jpg,2,1,1,Mixed
train,healthy_0345.jpg,3,3,0,Healthy only
train,healthy_0346.jpg,2,2,0,Healthy only
train,healthy_0347.jpg,1,1,0,Healthy only
train,healthy_0348.jpg,1,1,0,Healthy only
train,healthy_0349.jpg,3,3,0,Healthy only
train,healthy_0350.jpg,3,3,0,Healthy only
train,healthy_0351.jpg,2,2,0,Healthy only
train,healthy_0413.jpg,3,2,1,Mixed
train,healthy_0414.jpg,2,1,1,Mixed
train,healthy_0415.jpg,3,3,0,Healthy only
train,healthy_0416.jpg,4,4,0,Healthy only
train,healthy_0417.jpg,2,1,1,Mixed
train,healthy_0420.jpg,3,3,0,Healthy only
train,healthy_0421.jpg,4,4,0,Healthy only
train,healthy_0423.jpg,2,1,1,Mixed
train,healthy_0424.jpg,2,1,1,Mixed
train,healthy_0425.jpg,2,2,0,Healthy only
train,healthy_0426.jpg,2,2,0,Healthy only
train,healthy_0427.jpg,2,2,0,Healthy only
train,healthy_0428.jpg,2,2,0,Healthy only
train,healthy_0429.jpg,2,1,1,Mixed
train,healthy_0431.jpg,2,2,0,Healthy only
train,healthy_0432.jpg,4,4,0,Healthy only
train,healthy_0433.jpg,2,2,0,Healthy only
train,healthy_0434.jpg,2,2,0,Healthy only
train,healthy_0435.jpg,1,1,0,Healthy only
train,healthy_0436.jpg,1,1,0,Healthy only
train,healthy_0438.jpg,7,7,0,Healthy only
train,healthy_0439.jpg,3,3,0,Healthy only
train,healthy_0440.jpg,1,1,0,Healthy only
train,healthy_0443.jpg,2,2,0,Healthy only
train,healthy_0444.jpg,3,2,1,Mixed
train,healthy_0446.jpg,1,1,0,Healthy only
train,healthy_0447.jpg,1,1,0,Healthy only
train,healthy_0449.jpg,3,3,0,Healthy only
train,healthy_0450.jpg,3,3,0,Healthy only
train,healthy_0451.jpg,3,3,0,Healthy only
train,healthy_0452.jpg,2,2,0,Healthy only
train,healthy_0453.jpg,2,2,0,Healthy only
train,healthy_0454.jpg,2,1,1,Mixed
train,healthy_0455.jpg,2,2,0,Healthy only
train,healthy_0456.jpg,9,9,0,Healthy only
train,healthy_0457.jpg,2,2,0,Healthy only
train,healthy_0458.jpg,4,4,0,Healthy only
train,healthy_0459.jpg,2,2,0,Healthy only
train,healthy_0460.jpg,2,2,0,Healthy only
train,healthy_0462.jpg,3,2,1,Mixed
train,healthy_0464.jpg,2,2,0,Healthy only
train,healthy_0465.jpg,3,3,0,Healthy only
train,healthy_0466.jpg,2,2,0,Healthy only
train,healthy_0467.jpg,4,4,0,Healthy only
train,healthy_0471.jpg,1,1,0,Healthy only
train,healthy_0472.jpg,2,2,0,Healthy only
train,healthy_0473.jpg,4,4,0,Healthy only
train,healthy_0474.jpg,2,2,0,Healthy only
train,healthy_0475.jpg,2,2,0,Healthy only
train,healthy_0476.jpg,6,6,0,Healthy only
train,healthy_0477.jpg,1,1,0,Healthy only
train,healthy_0478.jpg,3,3,0,Healthy only
train,healthy_0479.jpg,3,3,0,Healthy only
train,healthy_0480.jpg,3,3,0,Healthy only
train,healthy_0481.jpg,2,2,0,Healthy only
train,healthy_0482.jpg,3,2,1,Mixed
train,healthy_0485.jpg,3,2,1,Mixed
train,healthy_0486.jpg,2,1,1,Mixed
train,healthy_0487.jpg,2,2,0,Healthy only
train,healthy_0488.jpg,2,2,0,Healthy only
train,healthy_0489.jpg,2,2,0,Healthy only
train,healthy_0490.jpg,2,2,0,Healthy only
train,healthy_0491.jpg,3,3,0,Healthy only
train,healthy_0492.jpg,1,1,0,Healthy only
train,healthy_0494.jpg,3,3,0,Healthy only
train,healthy_0495.jpg,1,1,0,Healthy only
train,healthy_0496.jpg,17,17,0,Healthy only
train,healthy_0497.jpg,6,6,0,Healthy only
train,healthy_0498.jpg,6,6,0,Healthy only
train,healthy_0499.jpg,7,7,0,Healthy only
train,healthy_0500.jpg,5,5,0,Healthy only
train,healthy_0501.jpg,4,4,0,Healthy only
train,healthy_0502.jpg,5,5,0,Healthy only
train,healthy_0503.jpg,7,7,0,Healthy only
train,healthy_0504.jpg,4,4,0,Healthy only
train,healthy_0505.jpg,2,2,0,Healthy only
train,healthy_0506.jpg,3,3,0,Healthy only
train,healthy_0507.jpg,3,3,0,Healthy only
train,healthy_0508.jpg,3,3,0,Healthy only
train,healthy_0509.jpg,5,5,0,Healthy only
train,healthy_0510.jpg,2,2,0,Healthy only
train,healthy_0512.jpg,3,3,0,Healthy only
train,healthy_0513.jpg,4,4,0,Healthy only
train,healthy_0514.jpg,5,5,0,Healthy only
train,healthy_0515.jpg,6,6,0,Healthy only
train,healthy_0516.jpg,1,1,0,Healthy only
train,healthy_0522.jpg,5,4,1,Mixed
train,healthy_0524.jpg,3,3,0,Healthy only
train,healthy_0525.jpg,1,1,0,Healthy only
train,healthy_0526.jpg,2,2,0,Healthy only
train,healthy_0527.jpg,2,2,0,Healthy only
train,healthy_0528.jpg,3,3,0,Healthy only
train,healthy_0529.jpg,5,5,0,Healthy only
train,healthy_0530.jpg,2,2,0,Healthy only
train,healthy_0532.jpg,9,5,4,Mixed
train,healthy_0533.jpg,2,2,0,Healthy only
train,healthy_0534.jpg,3,3,0,Healthy only
train,healthy_0537.jpg,6,6,0,Healthy only
train,healthy_0538.jpg,3,3,0,Healthy only
train,healthy_0539.jpg,4,4,0,Healthy only
train,healthy_0542.jpg,4,4,0,Healthy only
train,healthy_0543.jpg,6,6,0,Healthy only
train,healthy_0544.jpg,2,2,0,Healthy only
train,healthy_0545.jpg,4,4,0,Healthy only
train,healthy_0546.jpg,4,4,0,Healthy only
train,healthy_0547.jpg,2,2,0,Healthy only
train,healthy_0548.jpg,2,2,0,Healthy only
train,healthy_0549.jpg,2,1,1,Mixed
train,healthy_0550.jpg,3,3,0,Healthy only
train,healthy_0551.jpg,3,3,0,Healthy only
train,healthy_0553.jpg,3,3,0,Healthy only
train,healthy_0554.jpg,2,1,1,Mixed
train,healthy_0555.jpg,4,3,1,Mixed
train,healthy_0556.jpg,3,3,0,Healthy only
train,healthy_0557.jpg,3,3,0,Healthy only
train,healthy_0558.jpg,6,6,0,Healthy only
train,healthy_0559.jpg,4,2,2,Mixed
train,healthy_0562.jpg,2,2,0,Healthy only
train,healthy_0563.jpg,3,3,0,Healthy only
train,healthy_0564.jpg,1,1,0,Healthy only
train,healthy_0565.jpg,3,3,0,Healthy only
train,healthy_0566.jpg,3,3,0,Healthy only
train,healthy_0567.jpg,2,2,0,Healthy only
train,healthy_0568.jpg,3,3,0,Healthy only
train,healthy_0569.jpg,17,17,0,Healthy only
train,healthy_0570.jpg,4,2,2,Mixed
train,healthy_0574.jpg,1,1,0,Healthy only
train,healthy_0575.jpg,1,1,0,Healthy only
train,healthy_0576.jpg,4,4,0,Healthy only
train,healthy_0577.jpg,3,2,1,Mixed
train,healthy_0578.jpg,1,1,0,Healthy only
train,healthy_0579.jpg,1,1,0,Healthy only
train,healthy_0582.jpg,3,2,1,Mixed
train,healthy_0583.jpg,11,11,0,Healthy only
train,healthy_0584.jpg,7,7,0,Healthy only
train,healthy_0586.jpg,2,2,0,Healthy only
train,healthy_0587.jpg,7,7,0,Healthy only
train,healthy_0588.jpg,3,3,0,Healthy only
train,healthy_0589.jpg,2,2,0,Healthy only
train,healthy_0590.jpg,1,1,0,Healthy only
train,healthy_0593.jpg,6,6,0,Healthy only
train,healthy_0594.jpg,17,17,0,Healthy only
train,healthy_0595.jpg,4,2,2,Mixed
train,healthy_0596.jpg,2,2,0,Healthy only
train,healthy_0597.jpg,4,4,0,Healthy only
train,healthy_0598.jpg,11,11,0,Healthy only
train,healthy_0599.jpg,4,3,1,Mixed
train,healthy_0600.jpg,4,4,0,Healthy only
train,healthy_0601.jpg,3,3,0,Healthy only
train,healthy_0603.jpg,4,3,1,Mixed
train,healthy_0605.jpg,2,2,0,Healthy only
train,healthy_0606.jpg,1,1,0,Healthy only
train,healthy_0607.jpg,2,2,0,Healthy only
train,healthy_0608.jpg,4,4,0,Healthy only
train,healthy_0609.jpg,1,1,0,Healthy only
train,healthy_0610.jpg,3,3,0,Healthy only
train,healthy_0611.jpg,2,2,0,Healthy only
train,healthy_0612.jpg,2,2,0,Healthy only
train,healthy_0614.jpg,3,3,0,Healthy only
train,healthy_0615.jpg,3,3,0,Healthy only
train,healthy_0616.jpg,3,3,0,Healthy only
train,healthy_0617.jpg,1,1,0,Healthy only
train,healthy_0618.jpg,1,1,0,Healthy only
train,healthy_0619.jpg,2,2,0,Healthy only
train,healthy_0620.jpg,1,1,0,Healthy only
train,healthy_0621.jpg,1,1,0,Healthy only
train,healthy_0623.jpg,1,1,0,Healthy only
train,healthy_0625.jpg,1,1,0,Healthy only
train,healthy_0626.jpg,1,1,0,Healthy only
train,healthy_0627.jpg,1,1,0,Healthy only
train,healthy_0628.jpg,1,1,0,Healthy only
train,healthy_0629.jpg,1,1,0,Healthy only
train,healthy_0631.jpg,1,1,0,Healthy only
train,healthy_0632.jpg,1,1,0,Healthy only
train,healthy_0633.jpg,1,1,0,Healthy only
train,healthy_0634.jpg,1,1,0,Healthy only
train,healthy_0641.jpg,1,1,0,Healthy only
train,healthy_0642.jpg,1,1,0,Healthy only
train,healthy_0643.jpg,1,1,0,Healthy only
train,healthy_0644.jpg,1,1,0,Healthy only
train,healthy_0645.jpg,1,1,0,Healthy only
train,healthy_0646.jpg,1,1,0,Healthy only
train,healthy_0647.jpg,1,1,0,Healthy only
train,healthy_0648.jpg,1,1,0,Healthy only
train,healthy_0652.jpg,1,1,0,Healthy only
train,healthy_0653.jpg,4,3,1,Mixed
train,healthy_0654.jpg,4,2,2,Mixed
train,healthy_0655.jpg,4,3,1,Mixed
train,healthy_0658.jpg,1,1,0,Healthy only
train,healthy_0659.jpg,2,2,0,Healthy only
train,healthy_0660.jpg,3,3,0,Healthy only
train,healthy_0661.jpg,1,1,0,Healthy only
train,healthy_0662.jpg,2,2,0,Healthy only
train,healthy_0663.jpg,1,1,0,Healthy only
train,healthy_0665.jpg,1,1,0,Healthy only
train,healthy_0668.jpg,2,1,1,Mixed
train,healthy_0669.jpg,2,2,0,Healthy only
train,healthy_0674.jpg,1,1,0,Healthy only
train,healthy_0675.jpg,1,1,0,Healthy only
train,healthy_0677.jpg,3,3,0,Healthy only
train,healthy_0678.jpg,2,2,0,Healthy only
train,healthy_0679.jpg,2,2,0,Healthy only
train,healthy_0680.jpg,1,1,0,Healthy only
train,healthy_0682.jpg,2,2,0,Healthy only
train,healthy_0683.jpg,1,1,0,Healthy only
train,healthy_0684.jpg,1,1,0,Healthy only
train,healthy_0685.jpg,2,1,1,Mixed
train,healthy_0687.jpg,2,2,0,Healthy only
train,healthy_0690.jpg,1,1,0,Healthy only
train,healthy_0691.jpg,4,4,0,Healthy only
train,healthy_0692.jpg,4,4,0,Healthy only
train,healthy_0694.jpg,3,3,0,Healthy only
train,healthy_0702.jpg,2,2,0,Healthy only
train,healthy_0704.jpg,3,3,0,Healthy only
train,healthy_0705.jpg,2,2,0,Healthy only
train,healthy_0706.jpg,4,4,0,Healthy only
train,healthy_0707.jpg,3,3,0,Healthy only
train,healthy_0708.jpg,4,4,0,Healthy only
train,healthy_0710.jpg,4,4,0,Healthy only
train,healthy_0711.jpg,5,5,0,Healthy only
train,healthy_0714.jpg,3,3,0,Healthy only
train,healthy_0715.jpg,3,3,0,Healthy only
train,healthy_0717.jpg,7,7,0,Healthy only
train,healthy_0718.jpg,3,3,0,Healthy only
train,healthy_0719.jpg,3,3,0,Healthy only
train,healthy_0721.jpg,5,5,0,Healthy only
train,healthy_0722.jpg,5,5,0,Healthy only
train,healthy_0723.jpg,1,1,0,Healthy only
train,healthy_0724.jpg,2,2,0,Healthy only
train,healthy_0726.jpg,1,1,0,Healthy only
train,healthy_0727.jpg,3,2,1,Mixed
train,healthy_0729.jpg,2,2,0,Healthy only
train,healthy_0731.jpg,7,7,0,Healthy only
train,healthy_0732.jpg,1,1,0,Healthy only
train,healthy_0733.jpg,3,3,0,Healthy only
train,healthy_0734.jpg,5,5,0,Healthy only
train,healthy_0735.jpg,2,2,0,Healthy only
train,healthy_0736.jpg,1,1,0,Healthy only
train,healthy_0739.jpg,4,4,0,Healthy only
train,healthy_0740.jpg,1,1,0,Healthy only
train,healthy_0741.jpg,5,5,0,Healthy only
train,healthy_0744.jpg,3,2,1,Mixed
train,healthy_0746.jpg,2,1,1,Mixed
train,healthy_0747.jpg,4,4,0,Healthy only
train,healthy_0748.jpg,4,4,0,Healthy only
train,healthy_0749.jpg,1,1,0,Healthy only
train,healthy_0750.jpg,2,2,0,Healthy only
train,healthy_0751.jpg,1,1,0,Healthy only
train,healthy_0752.jpg,3,3,0,Healthy only
train,healthy_0753.jpg,3,3,0,Healthy only
train,healthy_0754.jpg,1,1,0,Healthy only
train,healthy_0755.jpg,4,4,0,Healthy only
train,healthy_0756.jpg,3,3,0,Healthy only
train,healthy_0758.jpg,2,1,1,Mixed
train,healthy_0759.jpg,2,2,0,Healthy only
train,healthy_0760.jpg,3,2,1,Mixed
train,healthy_0761.jpg,2,1,1,Mixed
train,healthy_0762.jpg,1,1,0,Healthy only
train,healthy_0765.jpg,3,2,1,Mixed
train,healthy_0770.jpg,2,2,0,Healthy only
train,healthy_0772.jpg,1,1,0,Healthy only
train,healthy_0773.jpg,2,2,0,Healthy only
train,healthy_0775.jpg,2,1,1,Mixed
train,healthy_0777.jpg,2,2,0,Healthy only
train,healthy_0780.jpg,3,3,0,Healthy only
train,healthy_0783.jpg,1,1,0,Healthy only
train,healthy_0784.jpg,1,1,0,Healthy only
train,healthy_0785.jpg,1,1,0,Healthy only
train,healthy_0786.jpg,3,3,0,Healthy only
train,healthy_0787.jpg,2,2,0,Healthy only
train,healthy_0788.jpg,3,3,0,Healthy only
train,healthy_0789.jpg,6,6,0,Healthy only
train,healthy_0790.jpg,5,5,0,Healthy only
train,healthy_0791.jpg,2,1,1,Mixed
train,healthy_0793.jpg,1,1,0,Healthy only
train,healthy_0794.jpg,2,1,1,Mixed
train,healthy_0795.jpg,2,2,0,Healthy only
train,healthy_0797.jpg,1,1,0,Healthy only
train,healthy_0798.jpg,1,1,0,Healthy only
train,healthy_0799.jpg,2,2,0,Healthy only
train,healthy_0800.jpg,1,1,0,Healthy only
train,healthy_0803.jpg,8,8,0,Healthy only
train,healthy_0804.jpg,5,5,0,Healthy only
train,healthy_0805.jpg,2,1,1,Mixed
train,healthy_0807.jpg,1,1,0,Healthy only
train,healthy_0808.jpg,5,5,0,Healthy only
train,healthy_0812.jpg,1,1,0,Healthy only
train,healthy_0813.jpg,3,3,0,Healthy only
train,healthy_0814.jpg,2,2,0,Healthy only
train,healthy_0815.jpg,1,1,0,Healthy only
train,healthy_0816.jpg,3,3,0,Healthy only
train,healthy_0823.jpg,6,6,0,Healthy only
train,healthy_0824.jpg,2,2,0,Healthy only
train,healthy_0825.jpg,3,3,0,Healthy only
train,healthy_0827.jpg,3,3,0,Healthy only
train,healthy_0828.jpg,3,2,1,Mixed
train,healthy_0829.jpg,2,2,0,Healthy only
train,healthy_0831.jpg,3,3,0,Healthy only
train,healthy_0833.jpg,2,1,1,Mixed
train,healthy_0834.jpg,2,1,1,Mixed
train,healthy_0836.jpg,5,5,0,Healthy only
train,healthy_0838.jpg,2,2,0,Healthy only
train,healthy_0839.jpg,1,1,0,Healthy only
train,healthy_0841.jpg,4,4,0,Healthy only
train,healthy_0843.jpg,2,2,0,Healthy only
train,healthy_0844.jpg,1,1,0,Healthy only
train,healthy_0846.jpg,2,1,1,Mixed
train,healthy_0847.jpg,2,1,1,Mixed
train,healthy_0851.jpg,3,3,0,Healthy only
train,healthy_0852.jpg,1,1,0,Healthy only
train,healthy_0856.jpg,2,2,0,Healthy only
train,healthy_0857.jpg,2,2,0,Healthy only
train,healthy_0858.jpg,1,1,0,Healthy only
train,healthy_0860.jpg,1,1,0,Healthy only
train,healthy_0861.jpg,2,2,0,Healthy only
train,healthy_0862.jpg,2,2,0,Healthy only
train,healthy_0863.jpg,1,1,0,Healthy only
train,healthy_0864.jpg,1,1,0,Healthy only
train,healthy_0866.jpg,1,1,0,Healthy only
train,healthy_0867.jpg,2,1,1,Mixed
train,healthy_0868.jpg,3,2,1,Mixed
train,healthy_0869.jpg,3,2,1,Mixed
train,healthy_0871.jpg,2,2,0,Healthy only
train,healthy_0872.jpg,4,4,0,Healthy only
train,healthy_0873.jpg,1,1,0,Healthy only
train,healthy_0875.jpg,4,4,0,Healthy only
train,healthy_0883.jpg,2,1,1,Mixed
train,healthy_0888.jpg,2,1,1,Mixed
train,healthy_0889.jpg,3,3,0,Healthy only
train,healthy_0890.jpg,3,3,0,Healthy only
train,healthy_0894.jpg,2,2,0,Healthy only
train,healthy_0895.jpg,2,2,0,Healthy only
train,healthy_0898.jpg,2,1,1,Mixed
train,healthy_0899.jpg,2,2,0,Healthy only
train,healthy_0900.jpg,1,1,0,Healthy only
train,healthy_0901.jpg,2,2,0,Healthy only
train,healthy_0902.jpg,2,2,0,Healthy only
train,healthy_0903.jpg,2,2,0,Healthy only
train,healthy_0904.jpg,2,2,0,Healthy only
train,healthy_0905.jpg,2,2,0,Healthy only
train,healthy_0906.jpg,2,2,0,Healthy only
train,healthy_0908.jpg,2,1,1,Mixed
train,healthy_0909.jpg,2,2,0,Healthy only
train,healthy_0911.jpg,1,1,0,Healthy only
train,healthy_0912.jpg,2,2,0,Healthy only
train,healthy_0913.jpg,2,2,0,Healthy only
train,healthy_0915.jpg,2,2,0,Healthy only
train,healthy_0916.jpg,2,2,0,Healthy only
train,healthy_0917.jpg,1,1,0,Healthy only
train,healthy_0918.jpg,1,1,0,Healthy only
train,healthy_0919.jpg,1,1,0,Healthy only
train,healthy_0920.jpg,1,1,0,Healthy only
train,healthy_0921.jpg,1,1,0,Healthy only
train,healthy_0922.jpg,1,1,0,Healthy only
train,healthy_0924.jpg,1,1,0,Healthy only
train,healthy_0927.jpg,1,1,0,Healthy only
train,healthy_0929.jpg,1,1,0,Healthy only
train,healthy_0930.jpg,1,1,0,Healthy only
train,healthy_0931.jpg,1,1,0,Healthy only
train,healthy_0932.jpg,1,1,0,Healthy only
train,healthy_0934.jpg,1,1,0,Healthy only
train,healthy_0935.jpg,1,1,0,Healthy only
train,healthy_0936.jpg,1,1,0,Healthy only
train,healthy_0937.jpg,1,1,0,Healthy only
train,healthy_0938.jpg,1,1,0,Healthy only
train,healthy_0940.jpg,1,1,0,Healthy only
train,healthy_0942.jpg,1,1,0,Healthy only
train,healthy_0945.jpg,1,1,0,Healthy only
train,healthy_0947.jpg,1,1,0,Healthy only
train,healthy_0948.jpg,1,1,0,Healthy only
train,healthy_0949.jpg,1,1,0,Healthy only
train,healthy_0950.jpg,1,1,0,Healthy only
train,healthy_0952.jpg,1,1,0,Healthy only
train,healthy_0953.jpg,1,1,0,Healthy only
train,healthy_0956.jpg,1,1,0,Healthy only
train,healthy_0958.jpg,1,1,0,Healthy only
train,healthy_0959.jpg,1,1,0,Healthy only
train,healthy_0960.jpg,1,1,0,Healthy only
train,healthy_0963.jpg,1,1,0,Healthy only
train,healthy_0965.jpg,1,1,0,Healthy only
train,healthy_0967.jpg,1,1,0,Healthy only
train,healthy_0968.jpg,1,1,0,Healthy only
train,healthy_0969.jpg,1,1,0,Healthy only
train,healthy_0970.jpg,1,1,0,Healthy only
train,healthy_0971.jpg,1,1,0,Healthy only
train,healthy_0973.jpg,1,1,0,Healthy only
train,healthy_0977.jpg,1,1,0,Healthy only
train,healthy_0979.jpg,4,4,0,Healthy only
train,healthy_0981.jpg,4,3,1,Mixed
train,healthy_0984.jpg,4,2,2,Mixed
train,healthy_0986.jpg,4,4,0,Healthy only
train,healthy_0987.jpg,4,4,0,Healthy only
train,healthy_0988.jpg,4,4,0,Healthy only
train,healthy_0989.jpg,4,4,0,Healthy only
train,healthy_0990.jpg,4,4,0,Healthy only
train,healthy_0991.jpg,4,3,1,Mixed
train,healthy_0992.jpg,4,2,2,Mixed
train,healthy_0993.jpg,4,3,1,Mixed
train,healthy_0994.jpg,4,3,1,Mixed
train,healthy_0995.jpg,4,3,1,Mixed
train,healthy_0996.jpg,4,3,1,Mixed
train,healthy_0997.jpg,4,3,1,Mixed
train,healthy_0998.jpg,2,2,0,Healthy only
train,healthy_0999.jpg,2,2,0,Healthy only
train,healthy_1000.jpg,1,1,0,Healthy only
train,healthy_1002.jpg,2,2,0,Healthy only
train,healthy_1003.jpg,1,1,0,Healthy only
train,healthy_1005.jpg,1,1,0,Healthy only
train,healthy_1006.jpg,1,1,0,Healthy only
train,healthy_1007.jpg,1,1,0,Healthy only
train,healthy_1008.jpg,1,1,0,Healthy only
train,healthy_1009.jpg,1,1,0,Healthy only
train,healthy_1010.jpg,2,2,0,Healthy only
train,healthy_1011.jpg,2,2,0,Healthy only
train,healthy_1013.jpg,2,1,1,Mixed
train,healthy_1015.jpg,1,1,0,Healthy only
train,healthy_1016.jpg,1,1,0,Healthy only
train,healthy_1017.jpg,1,1,0,Healthy only
train,healthy_1018.jpg,1,1,0,Healthy only
train,healthy_1019.jpg,1,1,0,Healthy only
train,healthy_1020.jpg,2,2,0,Healthy only
train,healthy_1021.jpg,2,2,0,Healthy only
train,healthy_1022.jpg,1,1,0,Healthy only
train,healthy_1024.jpg,2,2,0,Healthy only
train,healthy_1025.jpg,2,2,0,Healthy only
train,healthy_1026.jpg,2,2,0,Healthy only
train,healthy_1027.jpg,2,2,0,Healthy only
train,healthy_1029.jpg,2,2,0,Healthy only
train,healthy_1030.jpg,1,1,0,Healthy only
train,healthy_1033.jpg,1,1,0,Healthy only
train,healthy_1034.jpg,1,1,0,Healthy only
train,healthy_1035.jpg,1,1,0,Healthy only
train,healthy_1036.jpg,1,1,0,Healthy only
train,healthy_1037.jpg,1,1,0,Healthy only
train,healthy_1038.jpg,1,1,0,Healthy only
train,healthy_1039.jpg,1,1,0,Healthy only
train,healthy_1042.jpg,2,2,0,Healthy only
train,healthy_1043.jpg,2,2,0,Healthy only
train,healthy_1044.jpg,2,2,0,Healthy only
train,healthy_1045.jpg,1,1,0,Healthy only
train,healthy_1046.jpg,2,2,0,Healthy only
train,healthy_1047.jpg,2,2,0,Healthy only
train,healthy_1052.jpg,2,1,1,Mixed
train,healthy_1053.jpg,2,1,1,Mixed
train,healthy_1054.jpg,2,1,1,Mixed
train,healthy_1056.jpg,2,2,0,Healthy only
train,healthy_1057.jpg,2,2,0,Healthy only
train,healthy_1058.jpg,1,1,0,Healthy only
train,healthy_1059.jpg,1,1,0,Healthy only
train,healthy_1060.jpg,1,1,0,Healthy only
train,healthy_1061.jpg,3,2,1,Mixed
train,healthy_1062.jpg,2,2,0,Healthy only
train,healthy_1063.jpg,2,2,0,Healthy only
train,healthy_1064.jpg,2,2,0,Healthy only
train,healthy_1065.jpg,2,2,0,Healthy only
train,healthy_1066.jpg,2,2,0,Healthy only
train,healthy_1067.jpg,2,2,0,Healthy only
train,healthy_1068.jpg,1,1,0,Healthy only
train,healthy_1069.jpg,1,1,0,Healthy only
train,healthy_1070.jpg,2,2,0,Healthy only
train,healthy_1071.jpg,2,2,0,Healthy only
train,healthy_1073.jpg,1,1,0,Healthy only
train,healthy_1076.jpg,2,2,0,Healthy only
train,healthy_1077.jpg,1,1,0,Healthy only
train,healthy_1078.jpg,2,2,0,Healthy only
train,healthy_1079.jpg,2,2,0,Healthy only
train,healthy_1081.jpg,2,2,0,Healthy only
train,healthy_1082.jpg,2,2,0,Healthy only
train,healthy_1083.jpg,2,2,0,Healthy only
train,healthy_1084.jpg,2,2,0,Healthy only
train,healthy_1085.jpg,2,2,0,Healthy only
train,healthy_1086.jpg,1,1,0,Healthy only
train,healthy_1087.jpg,1,1,0,Healthy only
train,healthy_1089.jpg,2,1,1,Mixed
train,healthy_1090.jpg,1,1,0,Healthy only
train,healthy_1092.jpg,1,1,0,Healthy only
train,healthy_1093.jpg,1,1,0,Healthy only
train,healthy_1094.jpg,2,2,0,Healthy only
train,healthy_1095.jpg,2,2,0,Healthy only
train,healthy_1096.jpg,2,2,0,Healthy only
train,healthy_1098.jpg,2,2,0,Healthy only
train,healthy_1100.jpg,1,1,0,Healthy only
train,healthy_1101.jpg,1,1,0,Healthy only
train,healthy_1102.jpg,3,3,0,Healthy only
train,healthy_1104.jpg,5,5,0,Healthy only
train,healthy_1105.jpg,4,4,0,Healthy only
train,healthy_1106.jpg,1,1,0,Healthy only
train,healthy_1107.jpg,1,1,0,Healthy only
train,healthy_1108.jpg,2,1,1,Mixed
train,healthy_1110.jpg,2,1,1,Mixed
train,healthy_1112.jpg,2,1,1,Mixed
train,healthy_1115.jpg,2,1,1,Mixed
train,healthy_1116.jpg,2,2,0,Healthy only
train,healthy_1120.jpg,2,2,0,Healthy only
train,healthy_1121.jpg,2,2,0,Healthy only
train,healthy_1122.jpg,2,1,1,Mixed
train,healthy_1123.jpg,2,1,1,Mixed
train,healthy_1124.jpg,2,1,1,Mixed
train,healthy_1125.jpg,2,1,1,Mixed
train,healthy_1130.jpg,1,1,0,Healthy only
train,healthy_1131.jpg,1,1,0,Healthy only
train,healthy_1132.jpg,1,1,0,Healthy only
train,healthy_1133.jpg,1,1,0,Healthy only
train,healthy_1134.jpg,2,2,0,Healthy only
train,healthy_1135.jpg,1,1,0,Healthy only
train,healthy_1136.jpg,1,1,0,Healthy only
train,healthy_1137.jpg,1,1,0,Healthy only
train,healthy_1138.jpg,2,2,0,Healthy only
train,healthy_1139.jpg,2,2,0,Healthy only
train,healthy_1140.jpg,2,2,0,Healthy only
train,healthy_1141.jpg,3,3,0,Healthy only
train,healthy_1143.jpg,2,2,0,Healthy only
train,healthy_1144.jpg,2,2,0,Healthy only
train,healthy_1145.jpg,2,2,0,Healthy only
train,healthy_1146.jpg,1,1,0,Healthy only
train,healthy_1148.jpg,1,1,0,Healthy only
train,healthy_1150.jpg,2,2,0,Healthy only
train,healthy_1151.jpg,2,2,0,Healthy only
train,healthy_1152.jpg,3,3,0,Healthy only
train,healthy_1153.jpg,2,2,0,Healthy only
train,healthy_1155.jpg,2,2,0,Healthy only
train,healthy_1156.jpg,2,2,0,Healthy only
train,healthy_1158.jpg,1,1,0,Healthy only
train,healthy_1159.jpg,1,1,0,Healthy only
train,healthy_1161.jpg,2,2,0,Healthy only
train,healthy_1162.jpg,2,2,0,Healthy only
train,healthy_1163.jpg,2,2,0,Healthy only
train,healthy_1164.jpg,1,1,0,Healthy only
train,healthy_1165.jpg,1,1,0,Healthy only
train,healthy_1166.jpg,1,1,0,Healthy only
train,healthy_1167.jpg,1,1,0,Healthy only
train,healthy_1168.jpg,2,2,0,Healthy only
train,healthy_1169.jpg,1,1,0,Healthy only
train,healthy_1170.jpg,1,1,0,Healthy only
train,healthy_1173.jpg,1,1,0,Healthy only
train,healthy_1174.jpg,1,1,0,Healthy only
train,healthy_1175.jpg,1,1,0,Healthy only
train,healthy_1176.jpg,1,1,0,Healthy only
train,healthy_1177.jpg,1,1,0,Healthy only
train,healthy_1179.jpg,2,2,0,Healthy only
train,healthy_1180.jpg,2,2,0,Healthy only
train,healthy_1181.jpg,2,2,0,Healthy only
train,healthy_1183.jpg,1,1,0,Healthy only
train,healthy_1184.jpg,2,2,0,Healthy only
train,healthy_1185.jpg,1,1,0,Healthy only
train,healthy_1186.jpg,2,2,0,Healthy only
train,healthy_1190.jpg,1,1,0,Healthy only
train,healthy_1191.jpg,1,1,0,Healthy only
train,healthy_1192.jpg,1,1,0,Healthy only
train,healthy_1193.jpg,1,1,0,Healthy only
train,healthy_1194.jpg,1,1,0,Healthy only
train,healthy_1196.jpg,1,1,0,Healthy only
train,healthy_1197.jpg,1,1,0,Healthy only
train,healthy_1198.jpg,1,1,0,Healthy only
train,healthy_1199.jpg,1,1,0,Healthy only
train,healthy_1200.jpg,1,1,0,Healthy only
train,healthy_1201.jpg,1,1,0,Healthy only
train,healthy_1202.jpg,2,2,0,Healthy only
train,healthy_1203.jpg,2,2,0,Healthy only
train,healthy_1204.jpg,2,2,0,Healthy only
train,healthy_1205.jpg,1,1,0,Healthy only
train,healthy_1215.jpg,1,1,0,Healthy only
train,healthy_1218.jpg,1,1,0,Healthy only
train,healthy_1219.jpg,1,1,0,Healthy only
train,healthy_1222.jpg,1,1,0,Healthy only
train,healthy_1223.jpg,2,2,0,Healthy only
train,healthy_1224.jpg,2,2,0,Healthy only
train,healthy_1225.jpg,2,2,0,Healthy only
train,healthy_1226.jpg,3,2,1,Mixed
train,healthy_1234.jpg,1,1,0,Healthy only
train,healthy_1235.jpg,1,1,0,Healthy only
train,healthy_1236.jpg,1,1,0,Healthy only
train,healthy_1237.jpg,1,1,0,Healthy only
train,healthy_1238.jpg,1,1,0,Healthy only
train,healthy_1239.jpg,1,1,0,Healthy only
train,healthy_1240.jpg,1,1,0,Healthy only
train,healthy_1241.jpg,1,1,0,Healthy only
train,healthy_1243.jpg,2,2,0,Healthy only
train,healthy_1244.jpg,3,3,0,Healthy only
train,healthy_1245.jpg,1,1,0,Healthy only
train,healthy_1246.jpg,1,1,0,Healthy only
train,healthy_1247.jpg,1,1,0,Healthy only
train,healthy_1248.jpg,1,1,0,Healthy only
train,healthy_1249.jpg,2,2,0,Healthy only
train,healthy_1251.jpg,1,1,0,Healthy only
train,healthy_1253.jpg,1,1,0,Healthy only
train,healthy_1254.jpg,2,2,0,Healthy only
train,healthy_1256.jpg,2,2,0,Healthy only
train,healthy_1257.jpg,2,2,0,Healthy only
train,healthy_1258.jpg,1,1,0,Healthy only
train,healthy_1259.jpg,2,2,0,Healthy only
train,healthy_1262.jpg,1,1,0,Healthy only
train,healthy_1264.jpg,2,2,0,Healthy only
train,healthy_1265.jpg,1,1,0,Healthy only
train,healthy_1266.jpg,1,1,0,Healthy only
train,healthy_1267.jpg,2,2,0,Healthy only
train,healthy_1268.jpg,2,2,0,Healthy only
train,healthy_1270.jpg,1,1,0,Healthy only
train,healthy_1271.jpg,3,3,0,Healthy only
train,healthy_1272.jpg,1,1,0,Healthy only
train,healthy_1273.jpg,2,2,0,Healthy only
train,healthy_1274.jpg,2,2,0,Healthy only
train,healthy_1276.jpg,2,2,0,Healthy only
train,healthy_1277.jpg,2,2,0,Healthy only
train,healthy_1280.jpg,3,3,0,Healthy only
train,healthy_1281.jpg,3,3,0,Healthy only
train,healthy_1282.jpg,3,2,1,Mixed
train,healthy_1283.jpg,2,2,0,Healthy only
train,healthy_1287.jpg,1,1,0,Healthy only
train,healthy_1288.jpg,1,1,0,Healthy only
train,healthy_1291.jpg,1,1,0,Healthy only
train,healthy_1292.jpg,1,1,0,Healthy only
train,healthy_1294.jpg,2,2,0,Healthy only
train,healthy_1296.jpg,1,1,0,Healthy only
train,healthy_1297.jpg,1,1,0,Healthy only
train,healthy_1298.jpg,2,2,0,Healthy only
train,healthy_1299.jpg,1,1,0,Healthy only
train,healthy_1300.jpg,1,1,0,Healthy only
train,healthy_1303.jpg,1,1,0,Healthy only
train,healthy_1305.jpg,1,1,0,Healthy only
train,healthy_1306.jpg,2,2,0,Healthy only
train,healthy_1307.jpg,1,1,0,Healthy only
train,healthy_1310.jpg,2,1,1,Mixed
train,healthy_1311.jpg,2,2,0,Healthy only
train,healthy_1312.jpg,2,2,0,Healthy only
train,healthy_1313.jpg,2,2,0,Healthy only
train,healthy_1314.jpg,2,2,0,Healthy only
train,healthy_1315.jpg,2,2,0,Healthy only
train,healthy_1316.jpg,2,2,0,Healthy only
train,healthy_1319.jpg,2,2,0,Healthy only
train,healthy_1321.jpg,1,1,0,Healthy only
train,healthy_1322.jpg,2,2,0,Healthy only
train,healthy_1324.jpg,2,2,0,Healthy only
train,healthy_1325.jpg,2,2,0,Healthy only
train,healthy_1327.jpg,2,2,0,Healthy only
train,healthy_1329.jpg,2,2,0,Healthy only
train,healthy_1330.jpg,1,1,0,Healthy only
train,healthy_1331.jpg,1,1,0,Healthy only
train,healthy_1333.jpg,1,1,0,Healthy only
train,healthy_1334.jpg,1,1,0,Healthy only
train,healthy_1335.jpg,2,2,0,Healthy only
train,healthy_1336.jpg,1,1,0,Healthy only
train,healthy_1338.jpg,2,2,0,Healthy only
train,healthy_1339.jpg,2,2,0,Healthy only
train,healthy_1340.jpg,1,1,0,Healthy only
train,healthy_1341.jpg,2,2,0,Healthy only
train,healthy_1342.jpg,1,1,0,Healthy only
train,healthy_1344.jpg,1,1,0,Healthy only
train,healthy_1345.jpg,1,1,0,Healthy only
train,healthy_1346.jpg,1,1,0,Healthy only
train,healthy_1347.jpg,1,1,0,Healthy only
train,healthy_1348.jpg,1,1,0,Healthy only
train,healthy_1349.jpg,1,1,0,Healthy only
train,healthy_1350.jpg,1,1,0,Healthy only
train,healthy_1351.jpg,1,1,0,Healthy only
train,healthy_1352.jpg,1,1,0,Healthy only
train,healthy_1353.jpg,2,2,0,Healthy only
train,healthy_1354.jpg,2,2,0,Healthy only
train,healthy_1356.jpg,3,3,0,Healthy only
train,healthy_1357.jpg,1,1,0,Healthy only
train,healthy_1359.jpg,1,1,0,Healthy only
train,healthy_1361.jpg,2,2,0,Healthy only
train,healthy_1363.jpg,4,4,0,Healthy only
train,healthy_1364.jpg,1,1,0,Healthy only
train,healthy_1365.jpg,1,1,0,Healthy only
train,healthy_1366.jpg,2,2,0,Healthy only
train,healthy_1367.jpg,1,1,0,Healthy only
train,healthy_1371.jpg,3,3,0,Healthy only
train,healthy_1372.jpg,1,1,0,Healthy only
train,healthy_1373.jpg,1,1,0,Healthy only
train,healthy_1374.jpg,2,2,0,Healthy only
train,healthy_1375.jpg,2,2,0,Healthy only
train,healthy_1376.jpg,1,1,0,Healthy only
train,healthy_1377.jpg,3,3,0,Healthy only
train,healthy_1382.jpg,2,2,0,Healthy only
train,healthy_1383.jpg,1,1,0,Healthy only
train,healthy_1386.jpg,1,1,0,Healthy only
train,healthy_1387.jpg,1,1,0,Healthy only
train,healthy_1388.jpg,1,1,0,Healthy only
train,healthy_1391.jpg,1,1,0,Healthy only
train,healthy_1392.jpg,1,1,0,Healthy only
train,healthy_1393.jpg,1,1,0,Healthy only
train,healthy_1394.jpg,2,2,0,Healthy only
train,healthy_1395.jpg,1,1,0,Healthy only
train,healthy_1396.jpg,2,2,0,Healthy only
train,healthy_1397.jpg,1,1,0,Healthy only
train,healthy_1399.jpg,2,2,0,Healthy only
train,healthy_1400.jpg,1,1,0,Healthy only
train,healthy_1401.jpg,1,1,0,Healthy only
train,healthy_1402.jpg,4,4,0,Healthy only
train,healthy_1403.jpg,2,2,0,Healthy only
train,healthy_1404.jpg,2,2,0,Healthy only
train,healthy_1406.jpg,1,1,0,Healthy only
train,healthy_1410.jpg,6,6,0,Healthy only
train,healthy_1411.jpg,1,1,0,Healthy only
train,healthy_1412.jpg,4,4,0,Healthy only
train,healthy_1413.jpg,3,3,0,Healthy only
train,healthy_1414.jpg,5,5,0,Healthy only
train,healthy_1415.jpg,3,3,0,Healthy only
train,healthy_1416.jpg,3,3,0,Healthy only
train,healthy_1417.jpg,5,5,0,Healthy only
train,healthy_1418.jpg,3,3,0,Healthy only
train,healthy_1419.jpg,4,4,0,Healthy only
train,healthy_1420.jpg,3,2,1,Mixed
train,healthy_1421.jpg,3,3,0,Healthy only
train,healthy_1422.jpg,3,2,1,Mixed
train,healthy_1423.jpg,4,4,0,Healthy only
train,healthy_1424.jpg,3,3,0,Healthy only
train,healthy_1425.jpg,4,3,1,Mixed
train,healthy_1426.jpg,3,3,0,Healthy only
train,healthy_1427.jpg,4,4,0,Healthy only
train,healthy_1428.jpg,4,4,0,Healthy only
train,healthy_1429.jpg,3,3,0,Healthy only
train,healthy_1430.jpg,3,3,0,Healthy only
train,healthy_1431.jpg,2,2,0,Healthy only
train,healthy_1432.jpg,4,4,0,Healthy only
train,healthy_1433.jpg,6,6,0,Healthy only
train,healthy_1434.jpg,2,2,0,Healthy only
train,healthy_1435.jpg,4,4,0,Healthy only
train,healthy_1436.jpg,2,2,0,Healthy only
train,healthy_1437.jpg,4,4,0,Healthy only
train,healthy_1438.jpg,5,5,0,Healthy only
train,healthy_1439.jpg,1,1,0,Healthy only
train,healthy_1440.jpg,2,2,0,Healthy only
train,healthy_1441.jpg,2,2,0,Healthy only
train,healthy_1442.jpg,4,4,0,Healthy only
train,healthy_1443.jpg,4,4,0,Healthy only
train,healthy_1444.jpg,2,2,0,Healthy only
train,healthy_1445.jpg,12,12,0,Healthy only
train,healthy_1446.jpg,2,2,0,Healthy only
train,healthy_1447.jpg,4,4,0,Healthy only
train,healthy_1448.jpg,5,5,0,Healthy only
train,healthy_1449.jpg,3,2,1,Mixed
train,healthy_1450.jpg,3,3,0,Healthy only
train,healthy_1451.jpg,3,3,0,Healthy only
train,healthy_1452.jpg,1,1,0,Healthy only
train,healthy_1453.jpg,3,3,0,Healthy only
train,healthy_1454.jpg,2,2,0,Healthy only
train,healthy_1455.jpg,3,3,0,Healthy only
train,healthy_1456.jpg,3,3,0,Healthy only
train,unhealthy_0001.jpg,2,0,2,Unhealthy only
train,unhealthy_0002.jpg,2,0,2,Unhealthy only
train,unhealthy_0003.jpg,2,0,2,Unhealthy only
train,unhealthy_0004.jpg,2,0,2,Unhealthy only
train,unhealthy_0005.jpg,2,0,2,Unhealthy only
train,unhealthy_0006.jpg,2,0,2,Unhealthy only
train,unhealthy_0007.jpg,2,0,2,Unhealthy only
train,unhealthy_0008.jpg,1,0,1,Unhealthy only
train,unhealthy_0009.jpg,1,0,1,Unhealthy only
train,unhealthy_0010.jpg,1,0,1,Unhealthy only
train,unhealthy_0011.jpg,2,0,2,Unhealthy only
train,unhealthy_0012.jpg,2,0,2,Unhealthy only
train,unhealthy_0013.jpg,2,0,2,Unhealthy only
train,unhealthy_0014.jpg,2,0,2,Unhealthy only
train,unhealthy_0015.jpg,2,0,2,Unhealthy only
train,unhealthy_0016.jpg,2,0,2,Unhealthy only
train,unhealthy_0017.jpg,2,1,1,Mixed
train,unhealthy_0018.jpg,2,0,2,Unhealthy only
train,unhealthy_0019.jpg,2,0,2,Unhealthy only
train,unhealthy_0020.jpg,2,0,2,Unhealthy only
train,unhealthy_0021.jpg,2,0,2,Unhealthy only
train,unhealthy_0022.jpg,2,0,2,Unhealthy only
train,unhealthy_0023.jpg,2,1,1,Mixed
train,unhealthy_0024.jpg,3,0,3,Unhealthy only
train,unhealthy_0025.jpg,2,0,2,Unhealthy only
train,unhealthy_0026.jpg,2,0,2,Unhealthy only
train,unhealthy_0027.jpg,3,0,3,Unhealthy only
train,unhealthy_0028.jpg,2,0,2,Unhealthy only
train,unhealthy_0029.jpg,2,1,1,Mixed
train,unhealthy_0030.jpg,1,0,1,Unhealthy only
train,unhealthy_0031.jpg,1,0,1,Unhealthy only
train,unhealthy_0032.jpg,3,0,3,Unhealthy only
train,unhealthy_0033.jpg,3,0,3,Unhealthy only
train,unhealthy_0034.jpg,4,0,4,Unhealthy only
train,unhealthy_0035.jpg,4,0,4,Unhealthy only
train,unhealthy_0037.jpg,3,0,3,Unhealthy only
train,unhealthy_0038.jpg,4,0,4,Unhealthy only
train,unhealthy_0039.jpg,3,0,3,Unhealthy only
train,unhealthy_0040.jpg,3,0,3,Unhealthy only
train,unhealthy_0041.jpg,3,0,3,Unhealthy only
train,unhealthy_0042.jpg,3,0,3,Unhealthy only
train,unhealthy_0043.jpg,3,0,3,Unhealthy only
train,unhealthy_0044.jpg,2,0,2,Unhealthy only
train,unhealthy_0045.jpg,2,0,2,Unhealthy only
train,unhealthy_0046.jpg,1,0,1,Unhealthy only
train,unhealthy_0047.jpg,1,0,1,Unhealthy only
train,unhealthy_0048.jpg,1,0,1,Unhealthy only
train,unhealthy_0049.jpg,1,0,1,Unhealthy only
train,unhealthy_0050.jpg,1,0,1,Unhealthy only
train,unhealthy_0051.jpg,1,0,1,Unhealthy only
train,unhealthy_0052.jpg,1,0,1,Unhealthy only
train,unhealthy_0053.jpg,1,0,1,Unhealthy only
train,unhealthy_0054.jpg,1,0,1,Unhealthy only
train,unhealthy_0055.jpg,1,0,1,Unhealthy only
train,unhealthy_0056.jpg,1,0,1,Unhealthy only
train,unhealthy_0057.jpg,1,0,1,Unhealthy only
train,unhealthy_0058.jpg,1,0,1,Unhealthy only
train,unhealthy_0059.jpg,1,0,1,Unhealthy only
train,unhealthy_0060.jpg,1,0,1,Unhealthy only
train,unhealthy_0061.jpg,1,0,1,Unhealthy only
train,unhealthy_0062.jpg,1,0,1,Unhealthy only
train,unhealthy_0063.jpg,1,0,1,Unhealthy only
train,unhealthy_0064.jpg,1,0,1,Unhealthy only
train,unhealthy_0065.jpg,4,0,4,Unhealthy only
train,unhealthy_0066.jpg,2,0,2,Unhealthy only
train,unhealthy_0067.jpg,2,0,2,Unhealthy only
train,unhealthy_0068.jpg,1,0,1,Unhealthy only
train,unhealthy_0069.jpg,1,0,1,Unhealthy only
train,unhealthy_0070.jpg,1,0,1,Unhealthy only
train,unhealthy_0071.jpg,1,0,1,Unhealthy only
train,unhealthy_0072.jpg,1,0,1,Unhealthy only
train,unhealthy_0073.jpg,1,0,1,Unhealthy only
train,unhealthy_0074.jpg,1,0,1,Unhealthy only
train,unhealthy_0075.jpg,1,0,1,Unhealthy only
train,unhealthy_0076.jpg,2,0,2,Unhealthy only
train,unhealthy_0077.jpg,2,0,2,Unhealthy only
train,unhealthy_0078.jpg,4,0,4,Unhealthy only
train,unhealthy_0079.jpg,2,0,2,Unhealthy only
train,unhealthy_0080.jpg,3,0,3,Unhealthy only
train,unhealthy_0081.jpg,3,0,3,Unhealthy only
train,unhealthy_0082.jpg,3,0,3,Unhealthy only
train,unhealthy_0083.jpg,2,0,2,Unhealthy only
train,unhealthy_0084.jpg,1,0,1,Unhealthy only
train,unhealthy_0085.jpg,1,0,1,Unhealthy only
train,unhealthy_0086.jpg,1,0,1,Unhealthy only
train,unhealthy_0087.jpg,1,0,1,Unhealthy only
train,unhealthy_0089.jpg,1,0,1,Unhealthy only
train,unhealthy_0090.jpg,1,0,1,Unhealthy only
train,unhealthy_0091.jpg,1,0,1,Unhealthy only
train,unhealthy_0092.jpg,1,0,1,Unhealthy only
train,unhealthy_0093.jpg,1,0,1,Unhealthy only
train,unhealthy_0094.jpg,1,0,1,Unhealthy only
train,unhealthy_0095.jpg,1,0,1,Unhealthy only
train,unhealthy_0096.jpg,1,0,1,Unhealthy only
train,unhealthy_0098.jpg,1,0,1,Unhealthy only
train,unhealthy_0099.jpg,1,0,1,Unhealthy only
train,unhealthy_0100.jpg,1,0,1,Unhealthy only
train,unhealthy_0101.jpg,1,0,1,Unhealthy only
train,unhealthy_0102.jpg,1,0,1,Unhealthy only
train,unhealthy_0103.jpg,1,0,1,Unhealthy only
train,unhealthy_0104.jpg,1,0,1,Unhealthy only
train,unhealthy_0105.jpg,1,0,1,Unhealthy only
train,unhealthy_0106.jpg,1,0,1,Unhealthy only
train,unhealthy_0107.jpg,1,0,1,Unhealthy only
train,unhealthy_0108.jpg,1,0,1,Unhealthy only
train,unhealthy_0109.jpg,1,0,1,Unhealthy only
train,unhealthy_0110.jpg,1,0,1,Unhealthy only
train,unhealthy_0111.jpg,1,0,1,Unhealthy only
train,unhealthy_0112.jpg,1,0,1,Unhealthy only
train,unhealthy_0113.jpg,1,0,1,Unhealthy only
train,unhealthy_0114.jpg,1,0,1,Unhealthy only
train,unhealthy_0115.jpg,1,0,1,Unhealthy only
train,unhealthy_0116.jpg,1,0,1,Unhealthy only
train,unhealthy_0117.jpg,1,0,1,Unhealthy only
train,unhealthy_0118.jpg,1,0,1,Unhealthy only
train,unhealthy_0119.jpg,1,0,1,Unhealthy only
train,unhealthy_0120.jpg,1,0,1,Unhealthy only
train,unhealthy_0121.jpg,1,0,1,Unhealthy only
train,unhealthy_0122.jpg,1,0,1,Unhealthy only
train,unhealthy_0123.jpg,1,0,1,Unhealthy only
train,unhealthy_0124.jpg,1,0,1,Unhealthy only
train,unhealthy_0125.jpg,2,0,2,Unhealthy only
train,unhealthy_0126.jpg,2,0,2,Unhealthy only
train,unhealthy_0127.jpg,1,0,1,Unhealthy only
train,unhealthy_0128.jpg,1,0,1,Unhealthy only
train,unhealthy_0129.jpg,3,0,3,Unhealthy only
train,unhealthy_0130.jpg,3,0,3,Unhealthy only
train,unhealthy_0131.jpg,2,0,2,Unhealthy only
train,unhealthy_0132.jpg,2,0,2,Unhealthy only
train,unhealthy_0133.jpg,2,0,2,Unhealthy only
train,unhealthy_0134.jpg,2,0,2,Unhealthy only
train,unhealthy_0135.jpg,2,0,2,Unhealthy only
train,unhealthy_0136.jpg,2,0,2,Unhealthy only
train,unhealthy_0137.jpg,2,0,2,Unhealthy only
train,unhealthy_0138.jpg,2,0,2,Unhealthy only
train,unhealthy_0139.jpg,2,0,2,Unhealthy only
train,unhealthy_0140.jpg,2,0,2,Unhealthy only
train,unhealthy_0141.jpg,2,0,2,Unhealthy only
train,unhealthy_0142.jpg,2,0,2,Unhealthy only
train,unhealthy_0143.jpg,1,0,1,Unhealthy only
train,unhealthy_0144.jpg,1,0,1,Unhealthy only
train,unhealthy_0145.jpg,1,0,1,Unhealthy only
train,unhealthy_0146.jpg,1,0,1,Unhealthy only
train,unhealthy_0147.jpg,1,0,1,Unhealthy only
train,unhealthy_0148.jpg,1,0,1,Unhealthy only
train,unhealthy_0149.jpg,1,0,1,Unhealthy only
train,unhealthy_0150.jpg,1,0,1,Unhealthy only
train,unhealthy_0151.jpg,1,0,1,Unhealthy only
train,unhealthy_0152.jpg,1,0,1,Unhealthy only
train,unhealthy_0153.jpg,2,0,2,Unhealthy only
train,unhealthy_0154.jpg,1,0,1,Unhealthy only
train,unhealthy_0155.jpg,1,0,1,Unhealthy only
train,unhealthy_0156.jpg,1,0,1,Unhealthy only
train,unhealthy_0157.jpg,1,0,1,Unhealthy only
train,unhealthy_0158.jpg,1,0,1,Unhealthy only
train,unhealthy_0159.jpg,1,0,1,Unhealthy only
train,unhealthy_0160.jpg,1,0,1,Unhealthy only
train,unhealthy_0161.jpg,1,0,1,Unhealthy only
train,unhealthy_0162.jpg,1,0,1,Unhealthy only
train,unhealthy_0163.jpg,1,0,1,Unhealthy only
train,unhealthy_0164.jpg,1,0,1,Unhealthy only
train,unhealthy_0165.jpg,1,0,1,Unhealthy only
train,unhealthy_0166.jpg,1,0,1,Unhealthy only
train,unhealthy_0167.jpg,1,0,1,Unhealthy only
train,unhealthy_0168.jpg,1,0,1,Unhealthy only
train,unhealthy_0169.jpg,1,0,1,Unhealthy only
train,unhealthy_0170.jpg,1,0,1,Unhealthy only
train,unhealthy_0171.jpg,1,0,1,Unhealthy only
train,unhealthy_0172.jpg,1,0,1,Unhealthy only
train,unhealthy_0173.jpg,1,0,1,Unhealthy only
train,unhealthy_0174.jpg,1,0,1,Unhealthy only
train,unhealthy_0175.jpg,1,0,1,Unhealthy only
train,unhealthy_0176.jpg,1,0,1,Unhealthy only
train,unhealthy_0177.jpg,1,0,1,Unhealthy only
train,unhealthy_0178.jpg,1,0,1,Unhealthy only
train,unhealthy_0179.jpg,1,0,1,Unhealthy only
train,unhealthy_0180.jpg,1,0,1,Unhealthy only
train,unhealthy_0181.jpg,1,0,1,Unhealthy only
train,unhealthy_0182.jpg,1,0,1,Unhealthy only
train,unhealthy_0183.jpg,1,0,1,Unhealthy only
train,unhealthy_0184.jpg,1,0,1,Unhealthy only
train,unhealthy_0185.jpg,1,0,1,Unhealthy only
train,unhealthy_0186.jpg,1,0,1,Unhealthy only
train,unhealthy_0187.jpg,1,0,1,Unhealthy only
train,unhealthy_0188.jpg,1,0,1,Unhealthy only
train,unhealthy_0189.jpg,1,0,1,Unhealthy only
train,unhealthy_0190.jpg,1,0,1,Unhealthy only
train,unhealthy_0191.jpg,1,0,1,Unhealthy only
train,unhealthy_0192.jpg,1,0,1,Unhealthy only
train,unhealthy_0193.jpg,1,0,1,Unhealthy only
train,unhealthy_0194.jpg,1,0,1,Unhealthy only
train,unhealthy_0195.jpg,1,0,1,Unhealthy only
train,unhealthy_0196.jpg,1,0,1,Unhealthy only
train,unhealthy_0197.jpg,1,0,1,Unhealthy only
train,unhealthy_0198.jpg,1,0,1,Unhealthy only
train,unhealthy_0199.jpg,1,0,1,Unhealthy only
train,unhealthy_0200.jpg,1,0,1,Unhealthy only
train,unhealthy_0201.jpg,1,0,1,Unhealthy only
train,unhealthy_0202.jpg,1,0,1,Unhealthy only
train,unhealthy_0203.jpg,1,0,1,Unhealthy only
train,unhealthy_0204.jpg,1,0,1,Unhealthy only
train,unhealthy_0205.jpg,1,0,1,Unhealthy only
train,unhealthy_0206.jpg,1,0,1,Unhealthy only
train,unhealthy_0207.jpg,1,0,1,Unhealthy only
train,unhealthy_0208.jpg,1,0,1,Unhealthy only
train,unhealthy_0209.jpg,1,0,1,Unhealthy only
train,unhealthy_0210.jpg,1,0,1,Unhealthy only
train,unhealthy_0211.jpg,1,0,1,Unhealthy only
train,unhealthy_0212.jpg,1,0,1,Unhealthy only
train,unhealthy_0213.jpg,1,0,1,Unhealthy only
train,unhealthy_0214.jpg,1,0,1,Unhealthy only
train,unhealthy_0215.jpg,1,0,1,Unhealthy only
train,unhealthy_0216.jpg,1,0,1,Unhealthy only
train,unhealthy_0217.jpg,1,0,1,Unhealthy only
train,unhealthy_0218.jpg,1,0,1,Unhealthy only
train,unhealthy_0219.jpg,1,0,1,Unhealthy only
train,unhealthy_0220.jpg,1,0,1,Unhealthy only
train,unhealthy_0221.jpg,1,0,1,Unhealthy only
train,unhealthy_0222.jpg,1,0,1,Unhealthy only
train,unhealthy_0223.jpg,1,0,1,Unhealthy only
train,unhealthy_0224.jpg,1,0,1,Unhealthy only
train,unhealthy_0225.jpg,1,0,1,Unhealthy only
train,unhealthy_0226.jpg,3,0,3,Unhealthy only
train,unhealthy_0227.jpg,1,0,1,Unhealthy only
train,unhealthy_0228.jpg,1,0,1,Unhealthy only
train,unhealthy_0229.jpg,1,0,1,Unhealthy only
train,unhealthy_0230.jpg,1,0,1,Unhealthy only
train,unhealthy_0231.jpg,1,0,1,Unhealthy only
train,unhealthy_0232.jpg,1,0,1,Unhealthy only
train,unhealthy_0233.jpg,1,0,1,Unhealthy only
train,unhealthy_0234.jpg,1,0,1,Unhealthy only
train,unhealthy_0235.jpg,1,0,1,Unhealthy only
train,unhealthy_0236.jpg,1,0,1,Unhealthy only
train,unhealthy_0237.jpg,1,0,1,Unhealthy only
train,unhealthy_0238.jpg,1,0,1,Unhealthy only
train,unhealthy_0239.jpg,1,0,1,Unhealthy only
train,unhealthy_0240.jpg,1,0,1,Unhealthy only
train,unhealthy_0241.jpg,1,0,1,Unhealthy only
train,unhealthy_0242.jpg,1,0,1,Unhealthy only
train,unhealthy_0243.jpg,1,0,1,Unhealthy only
train,unhealthy_0244.jpg,1,0,1,Unhealthy only
train,unhealthy_0245.jpg,1,0,1,Unhealthy only
train,unhealthy_0246.jpg,1,0,1,Unhealthy only
train,unhealthy_0247.jpg,1,0,1,Unhealthy only
train,unhealthy_0248.jpg,1,0,1,Unhealthy only
train,unhealthy_0249.jpg,1,0,1,Unhealthy only
train,unhealthy_0250.jpg,1,0,1,Unhealthy only
train,unhealthy_0251.jpg,1,0,1,Unhealthy only
train,unhealthy_0324.jpg,1,0,1,Unhealthy only
train,unhealthy_0325.jpg,1,0,1,Unhealthy only
train,unhealthy_0326.jpg,1,0,1,Unhealthy only
train,unhealthy_0327.jpg,1,0,1,Unhealthy only
train,unhealthy_0328.jpg,1,0,1,Unhealthy only
train,unhealthy_0329.jpg,1,0,1,Unhealthy only
train,unhealthy_0330.jpg,1,0,1,Unhealthy only
train,unhealthy_0331.jpg,1,0,1,Unhealthy only
train,unhealthy_0332.jpg,1,0,1,Unhealthy only
train,unhealthy_0333.jpg,1,0,1,Unhealthy only
train,unhealthy_0334.jpg,1,0,1,Unhealthy only
train,unhealthy_0335.jpg,1,0,1,Unhealthy only
train,unhealthy_0336.jpg,1,0,1,Unhealthy only
train,unhealthy_0337.jpg,1,0,1,Unhealthy only
train,unhealthy_0338.jpg,1,0,1,Unhealthy only
train,unhealthy_0339.jpg,1,0,1,Unhealthy only
train,unhealthy_0340.jpg,1,0,1,Unhealthy only
train,unhealthy_0341.jpg,1,0,1,Unhealthy only
train,unhealthy_0342.jpg,1,0,1,Unhealthy only
train,unhealthy_0343.jpg,1,0,1,Unhealthy only
train,unhealthy_0344.jpg,1,0,1,Unhealthy only
train,unhealthy_0345.jpg,1,0,1,Unhealthy only
train,unhealthy_0346.jpg,1,0,1,Unhealthy only
train,unhealthy_0347.jpg,1,0,1,Unhealthy only
train,unhealthy_0348.jpg,1,0,1,Unhealthy only
train,unhealthy_0349.jpg,3,0,3,Unhealthy only
train,unhealthy_0350.jpg,3,0,3,Unhealthy only
train,unhealthy_0351.jpg,3,0,3,Unhealthy only
train,unhealthy_0352.jpg,4,0,4,Unhealthy only
train,unhealthy_0353.jpg,2,0,2,Unhealthy only
train,unhealthy_0354.jpg,4,0,4,Unhealthy only
train,unhealthy_0355.jpg,2,0,2,Unhealthy only
train,unhealthy_0356.jpg,4,0,4,Unhealthy only
train,unhealthy_0357.jpg,5,0,5,Unhealthy only
train,unhealthy_0358.jpg,4,0,4,Unhealthy only
train,unhealthy_0359.jpg,4,0,4,Unhealthy only
train,unhealthy_0360.jpg,4,0,4,Unhealthy only
train,unhealthy_0361.jpg,1,0,1,Unhealthy only
train,unhealthy_0362.jpg,1,0,1,Unhealthy only
train,unhealthy_0363.jpg,3,0,3,Unhealthy only
train,unhealthy_0364.jpg,2,0,2,Unhealthy only
train,unhealthy_0365.jpg,2,0,2,Unhealthy only
train,unhealthy_0366.jpg,2,0,2,Unhealthy only
train,unhealthy_0367.jpg,2,0,2,Unhealthy only
train,unhealthy_0368.jpg,3,0,3,Unhealthy only
train,unhealthy_0369.jpg,2,0,2,Unhealthy only
train,unhealthy_0370.jpg,2,0,2,Unhealthy only
train,unhealthy_0371.jpg,1,0,1,Unhealthy only
train,unhealthy_0372.jpg,3,0,3,Unhealthy only
train,unhealthy_0373.jpg,2,0,2,Unhealthy only
train,unhealthy_0374.jpg,2,0,2,Unhealthy only
train,unhealthy_0375.jpg,3,0,3,Unhealthy only
train,unhealthy_0376.jpg,2,0,2,Unhealthy only
train,unhealthy_0377.jpg,2,0,2,Unhealthy only
train,unhealthy_0378.jpg,2,0,2,Unhealthy only
train,unhealthy_0379.jpg,1,0,1,Unhealthy only
train,unhealthy_0380.jpg,2,0,2,Unhealthy only
train,unhealthy_0381.jpg,3,0,3,Unhealthy only
train,unhealthy_0382.jpg,3,0,3,Unhealthy only
train,unhealthy_0383.jpg,3,0,3,Unhealthy only
train,unhealthy_0384.jpg,4,0,4,Unhealthy only
train,unhealthy_0385.jpg,3,0,3,Unhealthy only
train,unhealthy_0386.jpg,2,0,2,Unhealthy only
train,unhealthy_0387.jpg,1,0,1,Unhealthy only
train,unhealthy_0388.jpg,2,0,2,Unhealthy only
train,unhealthy_0389.jpg,2,0,2,Unhealthy only
train,unhealthy_0390.jpg,2,0,2,Unhealthy only
train,unhealthy_0391.jpg,3,0,3,Unhealthy only
train,unhealthy_0392.jpg,4,0,4,Unhealthy only
train,unhealthy_0393.jpg,5,0,5,Unhealthy only
train,unhealthy_0394.jpg,2,0,2,Unhealthy only
train,unhealthy_0395.jpg,2,0,2,Unhealthy only
train,unhealthy_0396.jpg,2,0,2,Unhealthy only
train,unhealthy_0397.jpg,3,0,3,Unhealthy only
train,unhealthy_0398.jpg,3,0,3,Unhealthy only
train,unhealthy_0399.jpg,3,0,3,Unhealthy only
train,unhealthy_0400.jpg,2,0,2,Unhealthy only
train,unhealthy_0401.jpg,3,0,3,Unhealthy only
train,unhealthy_0402.jpg,1,0,1,Unhealthy only
train,unhealthy_0403.jpg,3,0,3,Unhealthy only
train,unhealthy_0404.jpg,2,0,2,Unhealthy only
train,unhealthy_0405.jpg,1,0,1,Unhealthy only
train,unhealthy_0406.jpg,2,0,2,Unhealthy only
train,unhealthy_0407.jpg,1,0,1,Unhealthy only
train,unhealthy_0408.jpg,1,0,1,Unhealthy only
train,unhealthy_0409.jpg,1,0,1,Unhealthy only
train,unhealthy_0410.jpg,2,0,2,Unhealthy only
train,unhealthy_0411.jpg,1,0,1,Unhealthy only
train,unhealthy_0412.jpg,3,0,3,Unhealthy only
train,unhealthy_0413.jpg,1,0,1,Unhealthy only
train,unhealthy_0414.jpg,3,0,3,Unhealthy only
train,unhealthy_0415.jpg,3,0,3,Unhealthy only
train,unhealthy_0416.jpg,3,0,3,Unhealthy only
train,unhealthy_0417.jpg,2,0,2,Unhealthy only
train,unhealthy_0418.jpg,3,0,3,Unhealthy only
train,unhealthy_0419.jpg,2,0,2,Unhealthy only
train,unhealthy_0420.jpg,1,0,1,Unhealthy only
train,unhealthy_0421.jpg,4,0,4,Unhealthy only
train,unhealthy_0422.jpg,3,0,3,Unhealthy only
train,unhealthy_0430.jpg,4,1,3,Mixed
train,unhealthy_0437.jpg,1,0,1,Unhealthy only
train,unhealthy_0441.jpg,2,0,2,Unhealthy only
train,unhealthy_0442.jpg,3,0,3,Unhealthy only
train,unhealthy_0443.jpg,2,0,2,Unhealthy only
train,unhealthy_0444.jpg,2,0,2,Unhealthy only
train,unhealthy_0445.jpg,2,0,2,Unhealthy only
train,unhealthy_0446.jpg,3,0,3,Unhealthy only
train,unhealthy_0447.jpg,2,0,2,Unhealthy only
train,unhealthy_0448.jpg,2,0,2,Unhealthy only
train,unhealthy_0449.jpg,2,0,2,Unhealthy only
train,unhealthy_0450.jpg,2,0,2,Unhealthy only
train,unhealthy_0452.jpg,2,0,2,Unhealthy only
train,unhealthy_0453.jpg,2,0,2,Unhealthy only
train,unhealthy_0457.jpg,4,0,4,Unhealthy only
train,unhealthy_0458.jpg,4,1,3,Mixed
train,unhealthy_0459.jpg,3,0,3,Unhealthy only
train,unhealthy_0460.jpg,3,0,3,Unhealthy only
train,unhealthy_0461.jpg,9,0,9,Unhealthy only
train,unhealthy_0462.jpg,2,0,2,Unhealthy only
train,unhealthy_0463.jpg,2,0,2,Unhealthy only
train,unhealthy_0467.jpg,2,0,2,Unhealthy only
train,unhealthy_0468.jpg,4,0,4,Unhealthy only
train,unhealthy_0469.jpg,2,0,2,Unhealthy only
train,unhealthy_0471.jpg,2,0,2,Unhealthy only
train,unhealthy_0472.jpg,3,0,3,Unhealthy only
train,unhealthy_0473.jpg,2,0,2,Unhealthy only
train,unhealthy_0479.jpg,2,1,1,Mixed
train,unhealthy_0480.jpg,2,1,1,Mixed
train,unhealthy_0481.jpg,1,0,1,Unhealthy only
train,unhealthy_0483.jpg,2,0,2,Unhealthy only
train,unhealthy_0484.jpg,2,1,1,Mixed
train,unhealthy_0485.jpg,4,0,4,Unhealthy only
train,unhealthy_0486.jpg,4,0,4,Unhealthy only
train,unhealthy_0487.jpg,4,0,4,Unhealthy only
train,unhealthy_0488.jpg,2,0,2,Unhealthy only
train,unhealthy_0489.jpg,3,0,3,Unhealthy only
train,unhealthy_0491.jpg,3,0,3,Unhealthy only
train,unhealthy_0492.jpg,5,0,5,Unhealthy only
train,unhealthy_0494.jpg,5,0,5,Unhealthy only
train,unhealthy_0495.jpg,3,0,3,Unhealthy only
train,unhealthy_0499.jpg,7,2,5,Mixed
train,unhealthy_0503.jpg,3,1,2,Mixed
train,unhealthy_0510.jpg,2,0,2,Unhealthy only
train,unhealthy_0512.jpg,2,1,1,Mixed
train,unhealthy_0513.jpg,3,0,3,Unhealthy only
train,unhealthy_0517.jpg,2,0,2,Unhealthy only
train,unhealthy_0519.jpg,3,0,3,Unhealthy only
train,unhealthy_0520.jpg,6,0,6,Unhealthy only
train,unhealthy_0521.jpg,4,0,4,Unhealthy only
train,unhealthy_0523.jpg,3,0,3,Unhealthy only
train,unhealthy_0525.jpg,1,0,1,Unhealthy only
train,unhealthy_0527.jpg,2,0,2,Unhealthy only
train,unhealthy_0528.jpg,2,0,2,Unhealthy only
train,unhealthy_0529.jpg,4,0,4,Unhealthy only
train,unhealthy_0533.jpg,2,0,2,Unhealthy only
train,unhealthy_0534.jpg,3,0,3,Unhealthy only
train,unhealthy_0535.jpg,3,0,3,Unhealthy only
train,unhealthy_0536.jpg,5,0,5,Unhealthy only
train,unhealthy_0539.jpg,3,0,3,Unhealthy only
train,unhealthy_0540.jpg,4,0,4,Unhealthy only
train,unhealthy_0541.jpg,2,0,2,Unhealthy only
train,unhealthy_0542.jpg,4,0,4,Unhealthy only
train,unhealthy_0552.jpg,4,1,3,Mixed
train,unhealthy_0554.jpg,7,0,7,Unhealthy only
train,unhealthy_0556.jpg,5,0,5,Unhealthy only
train,unhealthy_0557.jpg,5,0,5,Unhealthy only
train,unhealthy_0558.jpg,6,0,6,Unhealthy only
train,unhealthy_0559.jpg,6,1,5,Mixed
train,unhealthy_0560.jpg,3,0,3,Unhealthy only
train,unhealthy_0561.jpg,4,0,4,Unhealthy only
train,unhealthy_0562.jpg,3,0,3,Unhealthy only
train,unhealthy_0563.jpg,3,0,3,Unhealthy only
train,unhealthy_0566.jpg,4,0,4,Unhealthy only
train,unhealthy_0568.jpg,4,0,4,Unhealthy only
train,unhealthy_0571.jpg,3,0,3,Unhealthy only
train,unhealthy_0572.jpg,2,0,2,Unhealthy only
train,unhealthy_0573.jpg,4,1,3,Mixed
train,unhealthy_0576.jpg,1,0,1,Unhealthy only
train,unhealthy_0577.jpg,3,0,3,Unhealthy only
train,unhealthy_0578.jpg,3,0,3,Unhealthy only
train,unhealthy_0580.jpg,6,0,6,Unhealthy only
train,unhealthy_0581.jpg,9,1,8,Mixed
train,unhealthy_0582.jpg,19,0,19,Unhealthy only
train,unhealthy_0584.jpg,6,2,4,Mixed
train,unhealthy_0585.jpg,5,1,4,Mixed
train,unhealthy_0586.jpg,1,0,1,Unhealthy only
train,unhealthy_0587.jpg,3,0,3,Unhealthy only
train,unhealthy_0588.jpg,7,0,7,Unhealthy only
train,unhealthy_0590.jpg,5,0,5,Unhealthy only
train,unhealthy_0592.jpg,1,0,1,Unhealthy only
train,unhealthy_0595.jpg,1,0,1,Unhealthy only
train,unhealthy_0596.jpg,1,0,1,Unhealthy only
train,unhealthy_0597.jpg,2,0,2,Unhealthy only
train,unhealthy_0598.jpg,3,0,3,Unhealthy only
train,unhealthy_0599.jpg,3,0,3,Unhealthy only
train,unhealthy_0600.jpg,3,0,3,Unhealthy only
train,unhealthy_0601.jpg,2,0,2,Unhealthy only
train,unhealthy_0602.jpg,3,0,3,Unhealthy only
train,unhealthy_0604.jpg,2,0,2,Unhealthy only
train,unhealthy_0605.jpg,2,0,2,Unhealthy only
train,unhealthy_0611.jpg,3,0,3,Unhealthy only
train,unhealthy_0612.jpg,3,0,3,Unhealthy only
train,unhealthy_0614.jpg,3,0,3,Unhealthy only
train,unhealthy_0616.jpg,6,0,6,Unhealthy only
train,unhealthy_0620.jpg,5,1,4,Mixed
train,unhealthy_0622.jpg,4,1,3,Mixed
train,unhealthy_0623.jpg,5,0,5,Unhealthy only
train,unhealthy_0624.jpg,1,0,1,Unhealthy only
train,unhealthy_0625.jpg,2,0,2,Unhealthy only
train,unhealthy_0626.jpg,1,0,1,Unhealthy only
train,unhealthy_0627.jpg,3,0,3,Unhealthy only
train,unhealthy_0628.jpg,3,0,3,Unhealthy only
train,unhealthy_0629.jpg,3,0,3,Unhealthy only
train,unhealthy_0631.jpg,2,0,2,Unhealthy only
train,unhealthy_0632.jpg,3,0,3,Unhealthy only
train,unhealthy_0633.jpg,2,0,2,Unhealthy only
train,unhealthy_0635.jpg,2,0,2,Unhealthy only
train,unhealthy_0636.jpg,4,0,4,Unhealthy only
train,unhealthy_0637.jpg,4,0,4,Unhealthy only
train,unhealthy_0638.jpg,2,0,2,Unhealthy only
train,unhealthy_0639.jpg,2,0,2,Unhealthy only
train,unhealthy_0640.jpg,3,0,3,Unhealthy only
train,unhealthy_0643.jpg,2,0,2,Unhealthy only
train,unhealthy_0644.jpg,2,0,2,Unhealthy only
train,unhealthy_0645.jpg,2,0,2,Unhealthy only
train,unhealthy_0646.jpg,2,0,2,Unhealthy only
train,unhealthy_0647.jpg,3,0,3,Unhealthy only
train,unhealthy_0648.jpg,1,0,1,Unhealthy only
train,unhealthy_0649.jpg,1,0,1,Unhealthy only
train,unhealthy_0650.jpg,1,0,1,Unhealthy only
train,unhealthy_0653.jpg,1,0,1,Unhealthy only
train,unhealthy_0655.jpg,2,0,2,Unhealthy only
train,unhealthy_0656.jpg,2,0,2,Unhealthy only
train,unhealthy_0657.jpg,2,0,2,Unhealthy only
train,unhealthy_0658.jpg,2,0,2,Unhealthy only
train,unhealthy_0659.jpg,2,0,2,Unhealthy only
train,unhealthy_0661.jpg,3,0,3,Unhealthy only
train,unhealthy_0662.jpg,2,0,2,Unhealthy only
train,unhealthy_0663.jpg,1,0,1,Unhealthy only
train,unhealthy_0664.jpg,2,0,2,Unhealthy only
train,unhealthy_0665.jpg,2,0,2,Unhealthy only
train,unhealthy_0666.jpg,3,0,3,Unhealthy only
train,unhealthy_0667.jpg,2,0,2,Unhealthy only
train,unhealthy_0668.jpg,1,0,1,Unhealthy only
train,unhealthy_0669.jpg,1,0,1,Unhealthy only
train,unhealthy_0670.jpg,1,0,1,Unhealthy only
train,unhealthy_0671.jpg,1,0,1,Unhealthy only
train,unhealthy_0672.jpg,3,0,3,Unhealthy only
train,unhealthy_0673.jpg,2,0,2,Unhealthy only
train,unhealthy_0674.jpg,1,0,1,Unhealthy only
train,unhealthy_0675.jpg,1,0,1,Unhealthy only
train,unhealthy_0676.jpg,1,0,1,Unhealthy only
train,unhealthy_0677.jpg,2,0,2,Unhealthy only
train,unhealthy_0678.jpg,2,0,2,Unhealthy only
train,unhealthy_0679.jpg,1,0,1,Unhealthy only
train,unhealthy_0680.jpg,1,0,1,Unhealthy only
train,unhealthy_0681.jpg,1,0,1,Unhealthy only
train,unhealthy_0682.jpg,1,0,1,Unhealthy only
train,unhealthy_0683.jpg,1,0,1,Unhealthy only
train,unhealthy_0685.jpg,2,0,2,Unhealthy only
train,unhealthy_0686.jpg,3,0,3,Unhealthy only
train,unhealthy_0687.jpg,2,0,2,Unhealthy only
train,unhealthy_0688.jpg,2,0,2,Unhealthy only
train,unhealthy_0689.jpg,1,0,1,Unhealthy only
train,unhealthy_0691.jpg,1,0,1,Unhealthy only
train,unhealthy_0692.jpg,1,0,1,Unhealthy only
train,unhealthy_0694.jpg,3,0,3,Unhealthy only
train,unhealthy_0695.jpg,5,0,5,Unhealthy only
train,unhealthy_0696.jpg,3,0,3,Unhealthy only
train,unhealthy_0697.jpg,2,0,2,Unhealthy only
train,unhealthy_0698.jpg,2,0,2,Unhealthy only
train,unhealthy_0699.jpg,3,0,3,Unhealthy only
train,unhealthy_0701.jpg,6,0,6,Unhealthy only
train,unhealthy_0702.jpg,5,0,5,Unhealthy only
train,unhealthy_0703.jpg,3,0,3,Unhealthy only
train,unhealthy_0704.jpg,2,0,2,Unhealthy only
train,unhealthy_0705.jpg,2,0,2,Unhealthy only
train,unhealthy_0706.jpg,3,0,3,Unhealthy only
train,unhealthy_0708.jpg,1,0,1,Unhealthy only
train,unhealthy_0709.jpg,2,0,2,Unhealthy only
train,unhealthy_0711.jpg,1,0,1,Unhealthy only
train,unhealthy_0712.jpg,1,0,1,Unhealthy only
train,unhealthy_0713.jpg,1,0,1,Unhealthy only
train,unhealthy_0714.jpg,1,0,1,Unhealthy only
train,unhealthy_0715.jpg,1,0,1,Unhealthy only
train,unhealthy_0716.jpg,1,0,1,Unhealthy only
train,unhealthy_0717.jpg,3,0,3,Unhealthy only
train,unhealthy_0718.jpg,2,0,2,Unhealthy only
train,unhealthy_0719.jpg,2,0,2,Unhealthy only
train,unhealthy_0720.jpg,1,0,1,Unhealthy only
train,unhealthy_0721.jpg,1,0,1,Unhealthy only
train,unhealthy_0722.jpg,1,0,1,Unhealthy only
train,unhealthy_0723.jpg,1,0,1,Unhealthy only
train,unhealthy_0724.jpg,1,0,1,Unhealthy only
train,unhealthy_0725.jpg,3,0,3,Unhealthy only
train,unhealthy_0726.jpg,3,0,3,Unhealthy only
train,unhealthy_0727.jpg,3,0,3,Unhealthy only
train,unhealthy_0728.jpg,3,0,3,Unhealthy only
train,unhealthy_0729.jpg,4,0,4,Unhealthy only
train,unhealthy_0730.jpg,2,0,2,Unhealthy only
train,unhealthy_0731.jpg,8,0,8,Unhealthy only
train,unhealthy_0732.jpg,5,0,5,Unhealthy only
train,unhealthy_0733.jpg,2,0,2,Unhealthy only
train,unhealthy_0734.jpg,3,0,3,Unhealthy only
train,unhealthy_0735.jpg,1,0,1,Unhealthy only
train,unhealthy_0737.jpg,1,0,1,Unhealthy only
train,unhealthy_0738.jpg,7,1,6,Mixed
train,unhealthy_0740.jpg,3,0,3,Unhealthy only
train,unhealthy_0741.jpg,3,0,3,Unhealthy only
train,unhealthy_0742.jpg,2,1,1,Mixed
train,unhealthy_0743.jpg,1,0,1,Unhealthy only
train,unhealthy_0744.jpg,2,0,2,Unhealthy only
train,unhealthy_0745.jpg,3,0,3,Unhealthy only
train,unhealthy_0746.jpg,3,0,3,Unhealthy only
train,unhealthy_0748.jpg,5,0,5,Unhealthy only
train,unhealthy_0749.jpg,3,0,3,Unhealthy only
train,unhealthy_0750.jpg,2,0,2,Unhealthy only
train,unhealthy_0751.jpg,3,0,3,Unhealthy only
train,unhealthy_0752.jpg,2,0,2,Unhealthy only
train,unhealthy_0753.jpg,1,0,1,Unhealthy only
train,unhealthy_0755.jpg,2,0,2,Unhealthy only
train,unhealthy_0756.jpg,2,0,2,Unhealthy only
train,unhealthy_0757.jpg,4,0,4,Unhealthy only
train,unhealthy_0758.jpg,2,0,2,Unhealthy only
train,unhealthy_0760.jpg,3,0,3,Unhealthy only
train,unhealthy_0761.jpg,2,0,2,Unhealthy only
train,unhealthy_0762.jpg,5,0,5,Unhealthy only
train,unhealthy_0763.jpg,4,0,4,Unhealthy only
train,unhealthy_0764.jpg,2,1,1,Mixed
train,unhealthy_0765.jpg,2,0,2,Unhealthy only
train,unhealthy_0766.jpg,2,0,2,Unhealthy only
train,unhealthy_0767.jpg,1,0,1,Unhealthy only
train,unhealthy_0768.jpg,1,0,1,Unhealthy only
train,unhealthy_0771.jpg,2,0,2,Unhealthy only
train,unhealthy_0772.jpg,6,0,6,Unhealthy only
train,unhealthy_0773.jpg,2,0,2,Unhealthy only
train,unhealthy_0774.jpg,1,0,1,Unhealthy only
train,unhealthy_0775.jpg,1,0,1,Unhealthy only
train,unhealthy_0776.jpg,2,0,2,Unhealthy only
train,unhealthy_0777.jpg,2,0,2,Unhealthy only
train,unhealthy_0779.jpg,4,0,4,Unhealthy only
train,unhealthy_0780.jpg,3,0,3,Unhealthy only
train,unhealthy_0781.jpg,3,0,3,Unhealthy only
train,unhealthy_0782.jpg,3,0,3,Unhealthy only
train,unhealthy_0785.jpg,2,0,2,Unhealthy only
train,unhealthy_0786.jpg,2,0,2,Unhealthy only
train,unhealthy_0790.jpg,2,0,2,Unhealthy only
train,unhealthy_0791.jpg,3,0,3,Unhealthy only
train,unhealthy_0792.jpg,4,2,2,Mixed
train,unhealthy_0793.jpg,3,0,3,Unhealthy only
train,unhealthy_0794.jpg,2,0,2,Unhealthy only
train,unhealthy_0795.jpg,2,0,2,Unhealthy only
train,unhealthy_0797.jpg,2,0,2,Unhealthy only
train,unhealthy_0798.jpg,5,0,5,Unhealthy only
train,unhealthy_0799.jpg,3,1,2,Mixed
train,unhealthy_0801.jpg,3,0,3,Unhealthy only
train,unhealthy_0803.jpg,2,0,2,Unhealthy only
train,unhealthy_0804.jpg,2,0,2,Unhealthy only
train,unhealthy_0805.jpg,3,0,3,Unhealthy only
train,unhealthy_0806.jpg,1,0,1,Unhealthy only
train,unhealthy_0807.jpg,2,0,2,Unhealthy only
train,unhealthy_0808.jpg,2,0,2,Unhealthy only
train,unhealthy_0809.jpg,2,0,2,Unhealthy only
train,unhealthy_0810.jpg,2,0,2,Unhealthy only
train,unhealthy_0811.jpg,1,0,1,Unhealthy only
train,unhealthy_0813.jpg,3,0,3,Unhealthy only
train,unhealthy_0814.jpg,3,0,3,Unhealthy only
train,unhealthy_0815.jpg,2,0,2,Unhealthy only
train,unhealthy_0816.jpg,2,0,2,Unhealthy only
train,unhealthy_0817.jpg,2,0,2,Unhealthy only
train,unhealthy_0819.jpg,2,0,2,Unhealthy only
train,unhealthy_0820.jpg,4,0,4,Unhealthy only
train,unhealthy_0821.jpg,2,0,2,Unhealthy only
train,unhealthy_0822.jpg,3,0,3,Unhealthy only
train,unhealthy_0824.jpg,2,0,2,Unhealthy only
train,unhealthy_0825.jpg,2,0,2,Unhealthy only
train,unhealthy_0826.jpg,2,0,2,Unhealthy only
train,unhealthy_0828.jpg,2,0,2,Unhealthy only
train,unhealthy_0829.jpg,2,0,2,Unhealthy only
train,unhealthy_0830.jpg,4,0,4,Unhealthy only
train,unhealthy_0832.jpg,3,0,3,Unhealthy only
train,unhealthy_0833.jpg,3,0,3,Unhealthy only
train,unhealthy_0834.jpg,4,0,4,Unhealthy only
train,unhealthy_0835.jpg,2,0,2,Unhealthy only
train,unhealthy_0836.jpg,3,0,3,Unhealthy only
train,unhealthy_0837.jpg,3,0,3,Unhealthy only
train,unhealthy_0838.jpg,3,0,3,Unhealthy only
train,unhealthy_0839.jpg,2,0,2,Unhealthy only
train,unhealthy_0841.jpg,2,0,2,Unhealthy only
train,unhealthy_0842.jpg,2,0,2,Unhealthy only
train,unhealthy_0843.jpg,2,0,2,Unhealthy only
train,unhealthy_0844.jpg,2,0,2,Unhealthy only
train,unhealthy_0845.jpg,2,0,2,Unhealthy only
train,unhealthy_0846.jpg,2,0,2,Unhealthy only
train,unhealthy_0847.jpg,2,0,2,Unhealthy only
train,unhealthy_0848.jpg,3,0,3,Unhealthy only
train,unhealthy_0849.jpg,1,0,1,Unhealthy only
train,unhealthy_0850.jpg,2,0,2,Unhealthy only
train,unhealthy_0851.jpg,2,0,2,Unhealthy only
train,unhealthy_0852.jpg,1,0,1,Unhealthy only
train,unhealthy_0853.jpg,1,0,1,Unhealthy only
train,unhealthy_0854.jpg,2,0,2,Unhealthy only
train,unhealthy_0855.jpg,2,0,2,Unhealthy only
train,unhealthy_0856.jpg,2,0,2,Unhealthy only
train,unhealthy_0857.jpg,3,0,3,Unhealthy only
train,unhealthy_0858.jpg,2,0,2,Unhealthy only
train,unhealthy_0859.jpg,2,1,1,Mixed
train,unhealthy_0860.jpg,3,0,3,Unhealthy only
train,unhealthy_0862.jpg,3,0,3,Unhealthy only
train,unhealthy_0863.jpg,2,0,2,Unhealthy only
train,unhealthy_0864.jpg,2,0,2,Unhealthy only
train,unhealthy_0866.jpg,2,0,2,Unhealthy only
train,unhealthy_0870.jpg,3,0,3,Unhealthy only
train,unhealthy_0871.jpg,3,0,3,Unhealthy only
train,unhealthy_0872.jpg,4,0,4,Unhealthy only
train,unhealthy_0873.jpg,2,0,2,Unhealthy only
train,unhealthy_0874.jpg,2,0,2,Unhealthy only
train,unhealthy_0877.jpg,4,0,4,Unhealthy only
train,unhealthy_0878.jpg,2,0,2,Unhealthy only
train,unhealthy_0879.jpg,2,0,2,Unhealthy only
train,unhealthy_0880.jpg,2,0,2,Unhealthy only
train,unhealthy_0881.jpg,1,0,1,Unhealthy only
train,unhealthy_0882.jpg,2,0,2,Unhealthy only
train,unhealthy_0884.jpg,3,0,3,Unhealthy only
train,unhealthy_0885.jpg,3,0,3,Unhealthy only
train,unhealthy_0886.jpg,3,0,3,Unhealthy only
train,unhealthy_0887.jpg,2,0,2,Unhealthy only
train,unhealthy_0888.jpg,3,0,3,Unhealthy only
train,unhealthy_0890.jpg,3,0,3,Unhealthy only
train,unhealthy_0891.jpg,4,0,4,Unhealthy only
train,unhealthy_0892.jpg,2,0,2,Unhealthy only
train,unhealthy_0893.jpg,2,0,2,Unhealthy only
train,unhealthy_0894.jpg,3,0,3,Unhealthy only
train,unhealthy_0896.jpg,2,0,2,Unhealthy only
train,unhealthy_0897.jpg,1,0,1,Unhealthy only
train,unhealthy_0898.jpg,2,0,2,Unhealthy only
train,unhealthy_0900.jpg,2,0,2,Unhealthy only
train,unhealthy_0901.jpg,2,0,2,Unhealthy only
train,unhealthy_0902.jpg,2,0,2,Unhealthy only
train,unhealthy_0903.jpg,2,0,2,Unhealthy only
train,unhealthy_0904.jpg,2,0,2,Unhealthy only
train,unhealthy_0906.jpg,2,0,2,Unhealthy only
train,unhealthy_0907.jpg,2,0,2,Unhealthy only
train,unhealthy_0908.jpg,2,0,2,Unhealthy only
train,unhealthy_0909.jpg,1,0,1,Unhealthy only
train,unhealthy_0910.jpg,2,0,2,Unhealthy only
train,unhealthy_0911.jpg,2,0,2,Unhealthy only
train,unhealthy_0912.jpg,2,0,2,Unhealthy only
train,unhealthy_0914.jpg,4,0,4,Unhealthy only
train,unhealthy_0915.jpg,3,0,3,Unhealthy only
train,unhealthy_0916.jpg,2,0,2,Unhealthy only
train,unhealthy_0917.jpg,2,0,2,Unhealthy only
train,unhealthy_0919.jpg,3,0,3,Unhealthy only
train,unhealthy_0920.jpg,2,0,2,Unhealthy only
train,unhealthy_0922.jpg,3,0,3,Unhealthy only
train,unhealthy_0923.jpg,2,0,2,Unhealthy only
train,unhealthy_0924.jpg,3,0,3,Unhealthy only
train,unhealthy_0925.jpg,2,0,2,Unhealthy only
train,unhealthy_0926.jpg,3,0,3,Unhealthy only
train,unhealthy_0927.jpg,2,0,2,Unhealthy only
train,unhealthy_0928.jpg,2,0,2,Unhealthy only
train,unhealthy_0929.jpg,1,0,1,Unhealthy only
train,unhealthy_0930.jpg,2,0,2,Unhealthy only
train,unhealthy_0931.jpg,2,0,2,Unhealthy only
train,unhealthy_0932.jpg,2,0,2,Unhealthy only
train,unhealthy_0933.jpg,2,0,2,Unhealthy only
train,unhealthy_0934.jpg,2,0,2,Unhealthy only
train,unhealthy_0936.jpg,2,0,2,Unhealthy only
train,unhealthy_0938.jpg,2,0,2,Unhealthy only
train,unhealthy_0939.jpg,2,0,2,Unhealthy only
train,unhealthy_0941.jpg,1,0,1,Unhealthy only
train,unhealthy_0943.jpg,2,0,2,Unhealthy only
train,unhealthy_0944.jpg,2,0,2,Unhealthy only
train,unhealthy_0945.jpg,2,0,2,Unhealthy only
train,unhealthy_0946.jpg,1,0,1,Unhealthy only
train,unhealthy_0947.jpg,1,0,1,Unhealthy only
train,unhealthy_0948.jpg,2,0,2,Unhealthy only
train,unhealthy_0950.jpg,2,0,2,Unhealthy only
train,unhealthy_0951.jpg,1,0,1,Unhealthy only
train,unhealthy_0952.jpg,2,0,2,Unhealthy only
train,unhealthy_0954.jpg,3,0,3,Unhealthy only
train,unhealthy_0955.jpg,2,0,2,Unhealthy only
train,unhealthy_0956.jpg,3,0,3,Unhealthy only
train,unhealthy_0957.jpg,3,0,3,Unhealthy only
train,unhealthy_0958.jpg,2,0,2,Unhealthy only
train,unhealthy_0959.jpg,2,0,2,Unhealthy only
train,unhealthy_0960.jpg,2,0,2,Unhealthy only
train,unhealthy_0961.jpg,1,0,1,Unhealthy only
train,unhealthy_0963.jpg,3,0,3,Unhealthy only
train,unhealthy_0964.jpg,3,0,3,Unhealthy only
train,unhealthy_0966.jpg,3,1,2,Mixed
train,unhealthy_0968.jpg,2,0,2,Unhealthy only
train,unhealthy_0969.jpg,2,0,2,Unhealthy only
train,unhealthy_0970.jpg,2,0,2,Unhealthy only
train,unhealthy_0971.jpg,2,0,2,Unhealthy only
train,unhealthy_0972.jpg,3,0,3,Unhealthy only
train,unhealthy_0973.jpg,3,0,3,Unhealthy only
train,unhealthy_0974.jpg,2,0,2,Unhealthy only
train,unhealthy_0975.jpg,2,0,2,Unhealthy only
train,unhealthy_0976.jpg,3,0,3,Unhealthy only
train,unhealthy_0977.jpg,2,0,2,Unhealthy only
train,unhealthy_0978.jpg,2,0,2,Unhealthy only
train,unhealthy_0979.jpg,2,0,2,Unhealthy only
train,unhealthy_0980.jpg,2,0,2,Unhealthy only
train,unhealthy_0981.jpg,2,0,2,Unhealthy only
train,unhealthy_0982.jpg,2,0,2,Unhealthy only
train,unhealthy_0983.jpg,1,0,1,Unhealthy only
train,unhealthy_0984.jpg,2,0,2,Unhealthy only
train,unhealthy_0985.jpg,2,0,2,Unhealthy only
train,unhealthy_0986.jpg,2,0,2,Unhealthy only
train,unhealthy_0987.jpg,2,0,2,Unhealthy only
train,unhealthy_0988.jpg,3,0,3,Unhealthy only
train,unhealthy_0989.jpg,2,0,2,Unhealthy only
train,unhealthy_0990.jpg,3,0,3,Unhealthy only
train,unhealthy_0991.jpg,3,0,3,Unhealthy only
train,unhealthy_0992.jpg,2,0,2,Unhealthy only
train,unhealthy_0993.jpg,2,0,2,Unhealthy only
train,unhealthy_0994.jpg,2,0,2,Unhealthy only
train,unhealthy_0995.jpg,2,0,2,Unhealthy only
train,unhealthy_0996.jpg,1,0,1,Unhealthy only
train,unhealthy_0997.jpg,1,0,1,Unhealthy only
train,unhealthy_0999.jpg,2,0,2,Unhealthy only
train,unhealthy_1000.jpg,2,0,2,Unhealthy only
train,unhealthy_1001.jpg,2,0,2,Unhealthy only
train,unhealthy_1003.jpg,2,0,2,Unhealthy only
train,unhealthy_1004.jpg,3,0,3,Unhealthy only
train,unhealthy_1005.jpg,2,0,2,Unhealthy only
train,unhealthy_1007.jpg,2,0,2,Unhealthy only
train,unhealthy_1008.jpg,2,0,2,Unhealthy only
train,unhealthy_1009.jpg,3,0,3,Unhealthy only
train,unhealthy_1010.jpg,2,0,2,Unhealthy only
train,unhealthy_1011.jpg,2,0,2,Unhealthy only
train,unhealthy_1012.jpg,2,0,2,Unhealthy only
train,unhealthy_1013.jpg,1,0,1,Unhealthy only
train,unhealthy_1016.jpg,2,0,2,Unhealthy only
train,unhealthy_1017.jpg,2,0,2,Unhealthy only
train,unhealthy_1018.jpg,2,0,2,Unhealthy only
train,unhealthy_1020.jpg,3,0,3,Unhealthy only
train,unhealthy_1021.jpg,2,0,2,Unhealthy only
train,unhealthy_1022.jpg,3,1,2,Mixed
train,unhealthy_1023.jpg,4,0,4,Unhealthy only
train,unhealthy_1024.jpg,3,0,3,Unhealthy only
train,unhealthy_1025.jpg,4,0,4,Unhealthy only
train,unhealthy_1026.jpg,6,0,6,Unhealthy only
train,unhealthy_1027.jpg,2,0,2,Unhealthy only
train,unhealthy_1028.jpg,3,1,2,Mixed
train,unhealthy_1029.jpg,2,0,2,Unhealthy only
train,unhealthy_1030.jpg,2,0,2,Unhealthy only
train,unhealthy_1031.jpg,2,0,2,Unhealthy only
train,unhealthy_1032.jpg,2,0,2,Unhealthy only
train,unhealthy_1033.jpg,2,0,2,Unhealthy only
train,unhealthy_1034.jpg,3,1,2,Mixed
train,unhealthy_1035.jpg,3,1,2,Mixed
train,unhealthy_1036.jpg,3,1,2,Mixed
train,unhealthy_1037.jpg,4,1,3,Mixed
train,unhealthy_1038.jpg,3,1,2,Mixed
train,unhealthy_1039.jpg,2,0,2,Unhealthy only
train,unhealthy_1040.jpg,3,0,3,Unhealthy only
train,unhealthy_1041.jpg,3,1,2,Mixed
train,unhealthy_1042.jpg,3,1,2,Mixed
train,unhealthy_1043.jpg,3,1,2,Mixed
train,unhealthy_1044.jpg,3,1,2,Mixed
train,unhealthy_1045.jpg,1,0,1,Unhealthy only
train,unhealthy_1046.jpg,3,0,3,Unhealthy only
train,unhealthy_1047.jpg,2,0,2,Unhealthy only
train,unhealthy_1048.jpg,2,0,2,Unhealthy only
train,unhealthy_1049.jpg,3,1,2,Mixed
train,unhealthy_1050.jpg,3,0,3,Unhealthy only
train,unhealthy_1051.jpg,1,0,1,Unhealthy only
train,unhealthy_1052.jpg,2,0,2,Unhealthy only
train,unhealthy_1053.jpg,5,2,3,Mixed
train,unhealthy_1054.jpg,4,0,4,Unhealthy only
train,unhealthy_1055.jpg,2,0,2,Unhealthy only
train,unhealthy_1056.jpg,2,0,2,Unhealthy only
train,unhealthy_1057.jpg,1,0,1,Unhealthy only
train,unhealthy_1058.jpg,1,0,1,Unhealthy only
train,unhealthy_1059.jpg,12,5,7,Mixed
train,unhealthy_1060.jpg,6,2,4,Mixed
train,unhealthy_1061.jpg,2,0,2,Unhealthy only
train,unhealthy_1062.jpg,3,1,2,Mixed
train,unhealthy_1063.jpg,2,0,2,Unhealthy only
train,unhealthy_1064.jpg,3,0,3,Unhealthy only
train,unhealthy_1065.jpg,1,0,1,Unhealthy only
train,unhealthy_1066.jpg,1,0,1,Unhealthy only
train,unhealthy_1067.jpg,1,0,1,Unhealthy only
train,unhealthy_1068.jpg,1,0,1,Unhealthy only
train,unhealthy_1069.jpg,1,0,1,Unhealthy only
train,unhealthy_1070.jpg,1,0,1,Unhealthy only
train,unhealthy_1071.jpg,1,0,1,Unhealthy only
train,unhealthy_1072.jpg,1,0,1,Unhealthy only
train,unhealthy_1073.jpg,1,0,1,Unhealthy only
train,unhealthy_1074.jpg,2,0,2,Unhealthy only
train,unhealthy_1075.jpg,1,0,1,Unhealthy only
train,unhealthy_1076.jpg,2,0,2,Unhealthy only
train,unhealthy_1077.jpg,2,0,2,Unhealthy only
train,unhealthy_1078.jpg,2,0,2,Unhealthy only
train,unhealthy_1079.jpg,3,1,2,Mixed
train,unhealthy_1080.jpg,1,0,1,Unhealthy only
train,unhealthy_1081.jpg,2,0,2,Unhealthy only
train,unhealthy_1082.jpg,1,0,1,Unhealthy only
train,unhealthy_1083.jpg,3,1,2,Mixed
train,unhealthy_1084.jpg,3,1,2,Mixed
train,unhealthy_1085.jpg,1,0,1,Unhealthy only
train,unhealthy_1086.jpg,1,0,1,Unhealthy only
train,unhealthy_1087.jpg,1,0,1,Unhealthy only
train,unhealthy_1088.jpg,2,0,2,Unhealthy only
train,unhealthy_1089.jpg,2,0,2,Unhealthy only
train,unhealthy_1090.jpg,1,0,1,Unhealthy only
train,unhealthy_1091.jpg,3,1,2,Mixed
train,unhealthy_1092.jpg,1,0,1,Unhealthy only
train,unhealthy_1093.jpg,2,0,2,Unhealthy only
train,unhealthy_1094.jpg,1,0,1,Unhealthy only
train,unhealthy_1095.jpg,3,0,3,Unhealthy only
train,unhealthy_1096.jpg,2,0,2,Unhealthy only
train,unhealthy_1097.jpg,1,0,1,Unhealthy only
train,unhealthy_1098.jpg,1,0,1,Unhealthy only
train,unhealthy_1099.jpg,1,0,1,Unhealthy only
train,unhealthy_1100.jpg,1,0,1,Unhealthy only
train,unhealthy_1101.jpg,2,0,2,Unhealthy only
train,unhealthy_1102.jpg,2,0,2,Unhealthy only
train,unhealthy_1103.jpg,3,1,2,Mixed
train,unhealthy_1104.jpg,2,0,2,Unhealthy only
train,unhealthy_1105.jpg,1,0,1,Unhealthy only
train,unhealthy_1106.jpg,1,0,1,Unhealthy only
train,unhealthy_1107.jpg,1,0,1,Unhealthy only
train,unhealthy_1108.jpg,1,0,1,Unhealthy only
train,unhealthy_1109.jpg,1,0,1,Unhealthy only
train,unhealthy_1110.jpg,1,0,1,Unhealthy only
train,unhealthy_1111.jpg,1,0,1,Unhealthy only
train,unhealthy_1112.jpg,3,1,2,Mixed
train,unhealthy_1113.jpg,2,0,2,Unhealthy only
train,unhealthy_1114.jpg,2,0,2,Unhealthy only
train,unhealthy_1115.jpg,2,0,2,Unhealthy only
train,unhealthy_1116.jpg,3,0,3,Unhealthy only
train,unhealthy_1117.jpg,3,0,3,Unhealthy only
train,unhealthy_1118.jpg,1,0,1,Unhealthy only
train,unhealthy_1119.jpg,2,0,2,Unhealthy only
train,unhealthy_1120.jpg,1,0,1,Unhealthy only
train,unhealthy_1121.jpg,1,0,1,Unhealthy only
train,unhealthy_1126.jpg,2,0,2,Unhealthy only
train,unhealthy_1127.jpg,2,0,2,Unhealthy only
train,unhealthy_1128.jpg,1,0,1,Unhealthy only
train,unhealthy_1129.jpg,1,0,1,Unhealthy only
train,unhealthy_1189.jpg,1,0,1,Unhealthy only
train,unhealthy_1207.jpg,1,0,1,Unhealthy only
train,unhealthy_1208.jpg,1,0,1,Unhealthy only
train,unhealthy_1210.jpg,1,0,1,Unhealthy only
train,unhealthy_1211.jpg,1,0,1,Unhealthy only
train,unhealthy_1212.jpg,1,0,1,Unhealthy only
train,unhealthy_1213.jpg,1,0,1,Unhealthy only
train,unhealthy_1216.jpg,1,0,1,Unhealthy only
train,unhealthy_1217.jpg,1,0,1,Unhealthy only
train,unhealthy_1227.jpg,1,0,1,Unhealthy only
train,unhealthy_1229.jpg,2,0,2,Unhealthy only
train,unhealthy_1231.jpg,2,0,2,Unhealthy only
train,unhealthy_1232.jpg,2,0,2,Unhealthy only
train,unhealthy_1233.jpg,2,0,2,Unhealthy only
train,unhealthy_1284.jpg,1,0,1,Unhealthy only
train,unhealthy_1285.jpg,1,0,1,Unhealthy only
train,unhealthy_1286.jpg,2,0,2,Unhealthy only
train,unhealthy_1295.jpg,1,0,1,Unhealthy only
train,unhealthy_1320.jpg,1,0,1,Unhealthy only
train,unhealthy_1362.jpg,1,0,1,Unhealthy only
train,unhealthy_1368.jpg,1,0,1,Unhealthy only
train,unhealthy_1369.jpg,2,0,2,Unhealthy only
train,unhealthy_1370.jpg,1,0,1,Unhealthy only
train,unhealthy_1381.jpg,1,0,1,Unhealthy only
train,unhealthy_1384.jpg,1,0,1,Unhealthy only
train,unhealthy_1408.jpg,1,0,1,Unhealthy only
train,unhealthy_1409.jpg,3,1,2,Mixed
train,unhealthy_1410.jpg,4,1,3,Mixed
train,unhealthy_1411.jpg,4,1,3,Mixed
train,unhealthy_1412.jpg,2,0,2,Unhealthy only
train,unhealthy_1413.jpg,2,0,2,Unhealthy only
train,unhealthy_1414.jpg,2,0,2,Unhealthy only
train,unhealthy_1415.jpg,2,0,2,Unhealthy only
train,unhealthy_1416.jpg,3,1,2,Mixed
train,unhealthy_1417.jpg,3,1,2,Mixed
train,unhealthy_1418.jpg,3,0,3,Unhealthy only
train,unhealthy_1419.jpg,3,0,3,Unhealthy only
train,unhealthy_1420.jpg,4,0,4,Unhealthy only
train,unhealthy_1421.jpg,3,0,3,Unhealthy only
train,unhealthy_1422.jpg,3,0,3,Unhealthy only
train,unhealthy_1423.jpg,3,0,3,Unhealthy only
train,unhealthy_1424.jpg,3,0,3,Unhealthy only
train,unhealthy_1425.jpg,3,0,3,Unhealthy only
train,unhealthy_1426.jpg,2,0,2,Unhealthy only
train,unhealthy_1427.jpg,2,0,2,Unhealthy only
train,unhealthy_1428.jpg,2,0,2,Unhealthy only
train,unhealthy_1429.jpg,2,0,2,Unhealthy only
train,unhealthy_1430.jpg,2,0,2,Unhealthy only
test,healthy_0097.jpg,2,2,0,Healthy only
test,healthy_0098.jpg,1,1,0,Healthy only
test,healthy_0099.jpg,1,1,0,Healthy only
test,healthy_0102.jpg,1,1,0,Healthy only
test,healthy_0103.jpg,1,1,0,Healthy only
test,healthy_0104.jpg,1,1,0,Healthy only
test,healthy_0105.jpg,1,1,0,Healthy only
test,healthy_0106.jpg,3,3,0,Healthy only
test,healthy_0107.jpg,2,2,0,Healthy only
test,healthy_0108.jpg,2,2,0,Healthy only
test,healthy_0109.jpg,2,2,0,Healthy only
test,healthy_0110.jpg,2,2,0,Healthy only
test,healthy_0111.jpg,1,1,0,Healthy only
test,healthy_0112.jpg,3,3,0,Healthy only
test,healthy_0113.jpg,1,1,0,Healthy only
test,healthy_0114.jpg,1,1,0,Healthy only
test,healthy_0115.jpg,2,2,0,Healthy only
test,healthy_0116.jpg,3,3,0,Healthy only
test,healthy_0117.jpg,4,4,0,Healthy only
test,healthy_0118.jpg,2,2,0,Healthy only
test,healthy_0119.jpg,4,4,0,Healthy only
test,healthy_0120.jpg,2,2,0,Healthy only
test,healthy_0121.jpg,4,4,0,Healthy only
test,healthy_0122.jpg,4,4,0,Healthy only
test,healthy_0123.jpg,3,3,0,Healthy only
test,healthy_0124.jpg,3,3,0,Healthy only
test,healthy_0352.jpg,2,2,0,Healthy only
test,healthy_0353.jpg,2,2,0,Healthy only
test,healthy_0354.jpg,2,2,0,Healthy only
test,healthy_0355.jpg,2,2,0,Healthy only
test,healthy_0356.jpg,3,3,0,Healthy only
test,healthy_0357.jpg,3,3,0,Healthy only
test,healthy_0358.jpg,2,2,0,Healthy only
test,healthy_0359.jpg,2,2,0,Healthy only
test,healthy_0360.jpg,2,2,0,Healthy only
test,healthy_0364.jpg,2,2,0,Healthy only
test,healthy_0365.jpg,2,2,0,Healthy only
test,healthy_0366.jpg,2,2,0,Healthy only
test,healthy_0367.jpg,2,2,0,Healthy only
test,healthy_0368.jpg,3,3,0,Healthy only
test,healthy_0369.jpg,3,3,0,Healthy only
test,healthy_0375.jpg,2,1,1,Mixed
test,healthy_0376.jpg,2,2,0,Healthy only
test,healthy_0377.jpg,2,2,0,Healthy only
test,healthy_0381.jpg,2,2,0,Healthy only
test,healthy_0382.jpg,2,2,0,Healthy only
test,healthy_0387.jpg,2,2,0,Healthy only
test,healthy_0388.jpg,2,2,0,Healthy only
test,healthy_0393.jpg,4,4,0,Healthy only
test,healthy_0394.jpg,3,2,1,Mixed
test,healthy_0397.jpg,3,2,1,Mixed
test,healthy_0398.jpg,3,2,1,Mixed
test,healthy_0399.jpg,2,2,0,Healthy only
test,healthy_0400.jpg,2,2,0,Healthy only
test,healthy_0401.jpg,2,2,0,Healthy only
test,healthy_0402.jpg,2,2,0,Healthy only
test,healthy_0409.jpg,3,2,1,Mixed
test,healthy_0410.jpg,2,1,1,Mixed
test,healthy_0445.jpg,4,4,0,Healthy only
test,healthy_0451.jpg,6,6,0,Healthy only
test,healthy_0454.jpg,4,4,0,Healthy only
test,healthy_0455.jpg,6,4,2,Mixed
test,healthy_0461.jpg,5,5,0,Healthy only
test,healthy_0463.jpg,2,2,0,Healthy only
test,healthy_0464.jpg,4,2,2,Mixed
test,healthy_0465.jpg,4,4,0,Healthy only
test,healthy_0468.jpg,5,5,0,Healthy only
test,healthy_0469.jpg,3,3,0,Healthy only
test,healthy_0470.jpg,7,4,3,Mixed
test,healthy_0475.jpg,5,5,0,Healthy only
test,healthy_0483.jpg,3,3,0,Healthy only
test,healthy_0484.jpg,4,4,0,Healthy only
test,healthy_0493.jpg,5,5,0,Healthy only
test,healthy_0502.jpg,4,4,0,Healthy only
test,healthy_0505.jpg,12,12,0,Healthy only
test,healthy_0511.jpg,5,5,0,Healthy only
test,healthy_0518.jpg,4,4,0,Healthy only
test,healthy_0519.jpg,5,4,1,Mixed
test,healthy_0524.jpg,10,10,0,Healthy only
test,healthy_0526.jpg,4,4,0,Healthy only
test,healthy_0530.jpg,4,4,0,Healthy only
test,healthy_0531.jpg,8,8,0,Healthy only
test,healthy_0532.jpg,8,8,0,Healthy only
test,healthy_0535.jpg,9,9,0,Healthy only
test,healthy_0536.jpg,5,5,0,Healthy only
test,healthy_0537.jpg,6,6,0,Healthy only
test,healthy_0540.jpg,5,5,0,Healthy only
test,healthy_0541.jpg,5,5,0,Healthy only
test,healthy_0548.jpg,5,5,0,Healthy only
test,healthy_0550.jpg,8,7,1,Mixed
test,healthy_0552.jpg,6,6,0,Healthy only
test,healthy_0560.jpg,8,5,3,Mixed
test,healthy_0561.jpg,10,8,2,Mixed
test,healthy_0564.jpg,5,5,0,Healthy only
test,healthy_0567.jpg,12,7,5,Mixed
test,healthy_0573.jpg,9,6,3,Mixed
test,healthy_0574.jpg,8,5,3,Mixed
test,healthy_0581.jpg,8,4,4,Mixed
test,healthy_0585.jpg,5,5,0,Healthy only
test,healthy_0591.jpg,18,17,1,Mixed
test,healthy_0602.jpg,4,4,0,Healthy only
test,healthy_0604.jpg,2,2,0,Healthy only
test,healthy_0606.jpg,2,2,0,Healthy only
test,healthy_0609.jpg,11,11,0,Healthy only
test,healthy_0613.jpg,3,3,0,Healthy only
test,healthy_0615.jpg,7,7,0,Healthy only
test,healthy_0619.jpg,5,5,0,Healthy only
test,healthy_0622.jpg,2,2,0,Healthy only
test,healthy_0624.jpg,1,1,0,Healthy only
test,healthy_0630.jpg,1,1,0,Healthy only
test,healthy_0638.jpg,1,1,0,Healthy only
test,healthy_0639.jpg,1,1,0,Healthy only
test,healthy_0650.jpg,1,1,0,Healthy only
test,healthy_0651.jpg,1,1,0,Healthy only
test,healthy_0656.jpg,3,3,0,Healthy only
test,healthy_0657.jpg,2,2,0,Healthy only
test,healthy_0660.jpg,3,3,0,Healthy only
test,healthy_0664.jpg,1,1,0,Healthy only
test,healthy_0666.jpg,3,2,1,Mixed
test,healthy_0671.jpg,2,2,0,Healthy only
test,healthy_0676.jpg,4,4,0,Healthy only
test,healthy_0681.jpg,3,3,0,Healthy only
test,healthy_0693.jpg,3,3,0,Healthy only
test,healthy_0695.jpg,5,5,0,Healthy only
test,healthy_0697.jpg,4,2,2,Mixed
test,healthy_0700.jpg,2,2,0,Healthy only
test,healthy_0703.jpg,3,3,0,Healthy only
test,healthy_0707.jpg,4,4,0,Healthy only
test,healthy_0709.jpg,3,3,0,Healthy only
test,healthy_0712.jpg,3,3,0,Healthy only
test,healthy_0716.jpg,4,4,0,Healthy only
test,healthy_0720.jpg,2,2,0,Healthy only
test,healthy_0725.jpg,4,4,0,Healthy only
test,healthy_0728.jpg,3,3,0,Healthy only
test,healthy_0730.jpg,4,4,0,Healthy only
test,healthy_0739.jpg,2,2,0,Healthy only
test,healthy_0745.jpg,2,2,0,Healthy only
test,healthy_0757.jpg,5,5,0,Healthy only
test,healthy_0766.jpg,4,4,0,Healthy only
test,healthy_0768.jpg,5,5,0,Healthy only
test,healthy_0769.jpg,4,4,0,Healthy only
test,healthy_0776.jpg,9,9,0,Healthy only
test,healthy_0778.jpg,9,9,0,Healthy only
test,healthy_0779.jpg,3,3,0,Healthy only
test,healthy_0781.jpg,3,3,0,Healthy only
test,healthy_0782.jpg,2,2,0,Healthy only
test,healthy_0796.jpg,12,12,0,Healthy only
test,healthy_0802.jpg,3,3,0,Healthy only
test,healthy_0811.jpg,3,2,1,Mixed
test,healthy_0817.jpg,5,5,0,Healthy only
test,healthy_0818.jpg,7,5,2,Mixed
test,healthy_0821.jpg,6,6,0,Healthy only
test,healthy_0826.jpg,4,4,0,Healthy only
test,healthy_0830.jpg,6,6,0,Healthy only
test,healthy_0832.jpg,4,4,0,Healthy only
test,healthy_0837.jpg,5,5,0,Healthy only
test,healthy_0840.jpg,6,6,0,Healthy only
test,healthy_0850.jpg,3,3,0,Healthy only
test,healthy_0855.jpg,2,2,0,Healthy only
test,healthy_0865.jpg,3,3,0,Healthy only
test,healthy_0867.jpg,2,2,0,Healthy only
test,healthy_0868.jpg,3,3,0,Healthy only
test,healthy_0870.jpg,2,2,0,Healthy only
test,healthy_0874.jpg,3,3,0,Healthy only
test,healthy_0876.jpg,4,4,0,Healthy only
test,healthy_0878.jpg,5,5,0,Healthy only
test,healthy_0884.jpg,3,3,0,Healthy only
test,healthy_0891.jpg,4,4,0,Healthy only
test,healthy_0897.jpg,3,2,1,Mixed
test,healthy_0899.jpg,3,3,0,Healthy only
test,healthy_0905.jpg,3,3,0,Healthy only
test,healthy_0914.jpg,2,2,0,Healthy only
test,healthy_0918.jpg,3,2,1,Mixed
test,healthy_0923.jpg,1,1,0,Healthy only
test,healthy_0925.jpg,1,1,0,Healthy only
test,healthy_0926.jpg,1,1,0,Healthy only
test,healthy_0933.jpg,1,1,0,Healthy only
test,healthy_0939.jpg,1,1,0,Healthy only
test,healthy_0943.jpg,1,1,0,Healthy only
test,healthy_0944.jpg,1,1,0,Healthy only
test,healthy_0949.jpg,2,2,0,Healthy only
test,healthy_0951.jpg,1,1,0,Healthy only
test,healthy_0954.jpg,1,1,0,Healthy only
test,healthy_0955.jpg,1,1,0,Healthy only
test,healthy_0957.jpg,1,1,0,Healthy only
test,healthy_0961.jpg,1,1,0,Healthy only
test,healthy_0962.jpg,1,1,0,Healthy only
test,healthy_0966.jpg,1,1,0,Healthy only
test,healthy_0967.jpg,3,3,0,Healthy only
test,healthy_0972.jpg,1,1,0,Healthy only
test,healthy_0978.jpg,4,3,1,Mixed
test,healthy_0980.jpg,4,4,0,Healthy only
test,healthy_0982.jpg,4,3,1,Mixed
test,healthy_0983.jpg,4,4,0,Healthy only
test,healthy_0985.jpg,4,4,0,Healthy only
test,healthy_1001.jpg,1,1,0,Healthy only
test,healthy_1004.jpg,1,1,0,Healthy only
test,healthy_1014.jpg,1,1,0,Healthy only
test,healthy_1015.jpg,2,2,0,Healthy only
test,healthy_1023.jpg,2,2,0,Healthy only
test,healthy_1028.jpg,2,2,0,Healthy only
test,healthy_1031.jpg,1,1,0,Healthy only
test,healthy_1032.jpg,1,1,0,Healthy only
test,healthy_1040.jpg,2,2,0,Healthy only
test,healthy_1041.jpg,2,2,0,Healthy only
test,healthy_1055.jpg,2,2,0,Healthy only
test,healthy_1072.jpg,2,2,0,Healthy only
test,healthy_1080.jpg,2,2,0,Healthy only
test,healthy_1088.jpg,3,3,0,Healthy only
test,healthy_1091.jpg,2,2,0,Healthy only
test,healthy_1097.jpg,2,2,0,Healthy only
test,healthy_1099.jpg,2,2,0,Healthy only
test,healthy_1103.jpg,4,4,0,Healthy only
test,healthy_1114.jpg,3,3,0,Healthy only
test,healthy_1117.jpg,2,2,0,Healthy only
test,healthy_1119.jpg,3,3,0,Healthy only
test,healthy_1142.jpg,3,3,0,Healthy only
test,healthy_1147.jpg,2,2,0,Healthy only
test,healthy_1149.jpg,2,1,1,Mixed
test,healthy_1154.jpg,3,3,0,Healthy only
test,healthy_1157.jpg,3,3,0,Healthy only
test,healthy_1160.jpg,2,2,0,Healthy only
test,healthy_1171.jpg,2,2,0,Healthy only
test,healthy_1172.jpg,1,1,0,Healthy only
test,healthy_1178.jpg,2,2,0,Healthy only
test,healthy_1182.jpg,3,3,0,Healthy only
test,healthy_1187.jpg,2,2,0,Healthy only
test,healthy_1188.jpg,3,2,1,Mixed
test,healthy_1195.jpg,2,2,0,Healthy only
test,healthy_1206.jpg,3,3,0,Healthy only
test,healthy_1209.jpg,2,2,0,Healthy only
test,healthy_1214.jpg,2,2,0,Healthy only
test,healthy_1220.jpg,3,2,1,Mixed
test,healthy_1221.jpg,3,2,1,Mixed
test,healthy_1228.jpg,3,3,0,Healthy only
test,healthy_1230.jpg,3,3,0,Healthy only
test,healthy_1242.jpg,1,1,0,Healthy only
test,healthy_1250.jpg,2,2,0,Healthy only
test,healthy_1252.jpg,3,3,0,Healthy only
test,healthy_1255.jpg,4,4,0,Healthy only
test,healthy_1260.jpg,2,2,0,Healthy only
test,healthy_1261.jpg,3,3,0,Healthy only
test,healthy_1263.jpg,3,3,0,Healthy only
test,healthy_1269.jpg,1,1,0,Healthy only
test,healthy_1275.jpg,3,3,0,Healthy only
test,healthy_1278.jpg,3,3,0,Healthy only
test,healthy_1279.jpg,4,2,2,Mixed
test,healthy_1289.jpg,3,3,0,Healthy only
test,healthy_1290.jpg,4,4,0,Healthy only
test,healthy_1293.jpg,2,2,0,Healthy only
test,healthy_1301.jpg,2,2,0,Healthy only
test,healthy_1302.jpg,2,2,0,Healthy only
test,healthy_1304.jpg,2,2,0,Healthy only
test,healthy_1308.jpg,3,3,0,Healthy only
test,healthy_1309.jpg,2,2,0,Healthy only
test,healthy_1317.jpg,2,2,0,Healthy only
test,healthy_1318.jpg,2,2,0,Healthy only
test,healthy_1323.jpg,3,3,0,Healthy only
test,healthy_1326.jpg,2,2,0,Healthy only
test,healthy_1328.jpg,2,2,0,Healthy only
test,healthy_1332.jpg,2,2,0,Healthy only
test,healthy_1337.jpg,2,2,0,Healthy only
test,healthy_1343.jpg,3,3,0,Healthy only
test,healthy_1355.jpg,2,2,0,Healthy only
test,healthy_1358.jpg,3,3,0,Healthy only
test,healthy_1360.jpg,2,2,0,Healthy only
test,healthy_1378.jpg,4,4,0,Healthy only
test,healthy_1379.jpg,4,4,0,Healthy only
test,healthy_1380.jpg,3,3,0,Healthy only
test,healthy_1385.jpg,2,2,0,Healthy only
test,healthy_1389.jpg,2,2,0,Healthy only
test,healthy_1390.jpg,4,4,0,Healthy only
test,healthy_1398.jpg,2,2,0,Healthy only
test,healthy_1407.jpg,2,2,0,Healthy only
test,healthy_1410.jpg,3,3,0,Healthy only
test,healthy_1411.jpg,4,4,0,Healthy only
test,healthy_1412.jpg,2,2,0,Healthy only
test,healthy_1413.jpg,3,3,0,Healthy only
test,healthy_1414.jpg,6,5,1,Mixed
test,healthy_1415.jpg,6,6,0,Healthy only
test,healthy_1457.jpg,1,1,0,Healthy only
test,healthy_1458.jpg,1,1,0,Healthy only
test,healthy_1459.jpg,1,1,0,Healthy only
test,healthy_1460.jpg,1,1,0,Healthy only
test,unhealthy_0252.jpg,1,0,1,Unhealthy only
test,unhealthy_0253.jpg,1,0,1,Unhealthy only
test,unhealthy_0254.jpg,1,0,1,Unhealthy only
test,unhealthy_0255.jpg,1,0,1,Unhealthy only
test,unhealthy_0256.jpg,1,0,1,Unhealthy only
test,unhealthy_0257.jpg,1,0,1,Unhealthy only
test,unhealthy_0258.jpg,1,0,1,Unhealthy only
test,unhealthy_0259.jpg,1,0,1,Unhealthy only
test,unhealthy_0260.jpg,1,0,1,Unhealthy only
test,unhealthy_0261.jpg,3,0,3,Unhealthy only
test,unhealthy_0262.jpg,3,0,3,Unhealthy only
test,unhealthy_0263.jpg,3,0,3,Unhealthy only
test,unhealthy_0264.jpg,1,0,1,Unhealthy only
test,unhealthy_0265.jpg,1,0,1,Unhealthy only
test,unhealthy_0266.jpg,1,0,1,Unhealthy only
test,unhealthy_0267.jpg,1,0,1,Unhealthy only
test,unhealthy_0268.jpg,1,0,1,Unhealthy only
test,unhealthy_0269.jpg,1,0,1,Unhealthy only
test,unhealthy_0270.jpg,1,0,1,Unhealthy only
test,unhealthy_0271.jpg,1,0,1,Unhealthy only
test,unhealthy_0272.jpg,1,0,1,Unhealthy only
test,unhealthy_0273.jpg,1,0,1,Unhealthy only
test,unhealthy_0274.jpg,1,0,1,Unhealthy only
test,unhealthy_0275.jpg,1,0,1,Unhealthy only
test,unhealthy_0276.jpg,1,0,1,Unhealthy only
test,unhealthy_0277.jpg,1,0,1,Unhealthy only
test,unhealthy_0278.jpg,1,0,1,Unhealthy only
test,unhealthy_0279.jpg,1,0,1,Unhealthy only
test,unhealthy_0280.jpg,1,0,1,Unhealthy only
test,unhealthy_0281.jpg,1,0,1,Unhealthy only
test,unhealthy_0282.jpg,1,0,1,Unhealthy only
test,unhealthy_0283.jpg,1,0,1,Unhealthy only
test,unhealthy_0284.jpg,1,0,1,Unhealthy only
test,unhealthy_0285.jpg,1,0,1,Unhealthy only
test,unhealthy_0286.jpg,1,0,1,Unhealthy only
test,unhealthy_0287.jpg,1,0,1,Unhealthy only
test,unhealthy_0288.jpg,1,0,1,Unhealthy only
test,unhealthy_0289.jpg,1,0,1,Unhealthy only
test,unhealthy_0290.jpg,1,0,1,Unhealthy only
test,unhealthy_0291.jpg,1,0,1,Unhealthy only
test,unhealthy_0292.jpg,1,0,1,Unhealthy only
test,unhealthy_0293.jpg,1,0,1,Unhealthy only
test,unhealthy_0294.jpg,1,0,1,Unhealthy only
test,unhealthy_0295.jpg,1,0,1,Unhealthy only
test,unhealthy_0296.jpg,1,0,1,Unhealthy only
test,unhealthy_0297.jpg,1,0,1,Unhealthy only
test,unhealthy_0298.jpg,1,0,1,Unhealthy only
test,unhealthy_0299.jpg,1,0,1,Unhealthy only
test,unhealthy_0300.jpg,1,0,1,Unhealthy only
test,unhealthy_0301.jpg,1,0,1,Unhealthy only
test,unhealthy_0302.jpg,1,0,1,Unhealthy only
test,unhealthy_0303.jpg,1,0,1,Unhealthy only
test,unhealthy_0304.jpg,1,0,1,Unhealthy only
test,unhealthy_0305.jpg,1,0,1,Unhealthy only
test,unhealthy_0306.jpg,1,0,1,Unhealthy only
test,unhealthy_0307.jpg,1,0,1,Unhealthy only
test,unhealthy_0308.jpg,1,0,1,Unhealthy only
test,unhealthy_0309.jpg,1,0,1,Unhealthy only
test,unhealthy_0310.jpg,1,0,1,Unhealthy only
test,unhealthy_0311.jpg,1,0,1,Unhealthy only
test,unhealthy_0312.jpg,1,0,1,Unhealthy only
test,unhealthy_0313.jpg,1,0,1,Unhealthy only
test,unhealthy_0314.jpg,1,0,1,Unhealthy only
test,unhealthy_0315.jpg,1,0,1,Unhealthy only
test,unhealthy_0316.jpg,1,0,1,Unhealthy only
test,unhealthy_0317.jpg,1,0,1,Unhealthy only
test,unhealthy_0318.jpg,1,0,1,Unhealthy only
test,unhealthy_0319.jpg,1,0,1,Unhealthy only
test,unhealthy_0320.jpg,1,0,1,Unhealthy only
test,unhealthy_0321.jpg,1,0,1,Unhealthy only
test,unhealthy_0322.jpg,1,0,1,Unhealthy only
test,unhealthy_0323.jpg,1,0,1,Unhealthy only
test,unhealthy_0361.jpg,3,0,3,Unhealthy only
test,unhealthy_0362.jpg,2,0,2,Unhealthy only
test,unhealthy_0363.jpg,2,0,2,Unhealthy only
test,unhealthy_0370.jpg,4,1,3,Mixed
test,unhealthy_0371.jpg,4,1,3,Mixed
test,unhealthy_0372.jpg,2,0,2,Unhealthy only
test,unhealthy_0373.jpg,2,0,2,Unhealthy only
test,unhealthy_0374.jpg,3,0,3,Unhealthy only
test,unhealthy_0378.jpg,2,0,2,Unhealthy only
test,unhealthy_0379.jpg,2,0,2,Unhealthy only
test,unhealthy_0380.jpg,3,0,3,Unhealthy only
test,unhealthy_0383.jpg,3,1,2,Mixed
test,unhealthy_0384.jpg,3,1,2,Mixed
test,unhealthy_0385.jpg,2,0,2,Unhealthy only
test,unhealthy_0386.jpg,2,0,2,Unhealthy only
test,unhealthy_0389.jpg,2,0,2,Unhealthy only
test,unhealthy_0390.jpg,2,0,2,Unhealthy only
test,unhealthy_0391.jpg,3,0,3,Unhealthy only
test,unhealthy_0392.jpg,3,0,3,Unhealthy only
test,unhealthy_0395.jpg,4,0,4,Unhealthy only
test,unhealthy_0396.jpg,3,0,3,Unhealthy only
test,unhealthy_0403.jpg,3,0,3,Unhealthy only
test,unhealthy_0404.jpg,3,0,3,Unhealthy only
test,unhealthy_0405.jpg,3,0,3,Unhealthy only
test,unhealthy_0406.jpg,3,0,3,Unhealthy only
test,unhealthy_0407.jpg,2,0,2,Unhealthy only
test,unhealthy_0408.jpg,2,0,2,Unhealthy only
test,unhealthy_0411.jpg,2,0,2,Unhealthy only
test,unhealthy_0412.jpg,2,0,2,Unhealthy only
test,unhealthy_0423.jpg,3,0,3,Unhealthy only
test,unhealthy_0424.jpg,4,0,4,Unhealthy only
test,unhealthy_0425.jpg,3,0,3,Unhealthy only
test,unhealthy_0426.jpg,3,0,3,Unhealthy only
test,unhealthy_0427.jpg,2,0,2,Unhealthy only
test,unhealthy_0428.jpg,2,0,2,Unhealthy only
test,unhealthy_0429.jpg,2,0,2,Unhealthy only
test,unhealthy_0430.jpg,2,0,2,Unhealthy only
test,unhealthy_0431.jpg,2,0,2,Unhealthy only
test,unhealthy_0432.jpg,2,0,2,Unhealthy only
test,unhealthy_0433.jpg,3,0,3,Unhealthy only
test,unhealthy_0434.jpg,2,0,2,Unhealthy only
test,unhealthy_0435.jpg,2,0,2,Unhealthy only
test,unhealthy_0436.jpg,1,0,1,Unhealthy only
test,unhealthy_0437.jpg,2,0,2,Unhealthy only
test,unhealthy_0438.jpg,2,0,2,Unhealthy only
test,unhealthy_0439.jpg,1,0,1,Unhealthy only
test,unhealthy_0440.jpg,2,0,2,Unhealthy only
test,unhealthy_0474.jpg,2,0,2,Unhealthy only
test,unhealthy_0490.jpg,4,0,4,Unhealthy only
test,unhealthy_0493.jpg,5,0,5,Unhealthy only
test,unhealthy_0506.jpg,8,0,8,Unhealthy only
test,unhealthy_0511.jpg,3,0,3,Unhealthy only
test,unhealthy_0553.jpg,7,0,7,Unhealthy only
test,unhealthy_0555.jpg,9,2,7,Mixed
test,unhealthy_0575.jpg,7,1,6,Mixed
test,unhealthy_0579.jpg,11,2,9,Mixed
test,unhealthy_0589.jpg,15,0,15,Unhealthy only
test,unhealthy_0591.jpg,13,0,13,Unhealthy only
test,unhealthy_0593.jpg,6,0,6,Unhealthy only
test,unhealthy_0594.jpg,7,0,7,Unhealthy only
test,unhealthy_0617.jpg,10,0,10,Unhealthy only
test,unhealthy_0621.jpg,5,0,5,Unhealthy only
test,unhealthy_0630.jpg,2,0,2,Unhealthy only
test,unhealthy_0634.jpg,5,0,5,Unhealthy only
test,unhealthy_0641.jpg,4,0,4,Unhealthy only
test,unhealthy_0642.jpg,4,0,4,Unhealthy only
test,unhealthy_0651.jpg,3,0,3,Unhealthy only
test,unhealthy_0652.jpg,4,0,4,Unhealthy only
test,unhealthy_0654.jpg,3,0,3,Unhealthy only
test,unhealthy_0667.jpg,1,0,1,Unhealthy only
test,unhealthy_0684.jpg,3,0,3,Unhealthy only
test,unhealthy_0689.jpg,3,0,3,Unhealthy only
test,unhealthy_0690.jpg,3,0,3,Unhealthy only
test,unhealthy_0693.jpg,3,0,3,Unhealthy only
test,unhealthy_0696.jpg,3,0,3,Unhealthy only
test,unhealthy_0698.jpg,4,0,4,Unhealthy only
test,unhealthy_0700.jpg,4,0,4,Unhealthy only
test,unhealthy_0736.jpg,3,0,3,Unhealthy only
test,unhealthy_0743.jpg,6,1,5,Mixed
test,unhealthy_0747.jpg,3,0,3,Unhealthy only
test,unhealthy_0754.jpg,1,0,1,Unhealthy only
test,unhealthy_0759.jpg,4,0,4,Unhealthy only
test,unhealthy_0769.jpg,2,0,2,Unhealthy only
test,unhealthy_0770.jpg,2,0,2,Unhealthy only
test,unhealthy_0771.jpg,4,0,4,Unhealthy only
test,unhealthy_0774.jpg,3,1,2,Mixed
test,unhealthy_0778.jpg,3,0,3,Unhealthy only
test,unhealthy_0783.jpg,3,0,3,Unhealthy only
test,unhealthy_0784.jpg,4,0,4,Unhealthy only
test,unhealthy_0787.jpg,4,0,4,Unhealthy only
test,unhealthy_0788.jpg,5,0,5,Unhealthy only
test,unhealthy_0789.jpg,3,0,3,Unhealthy only
test,unhealthy_0796.jpg,4,0,4,Unhealthy only
test,unhealthy_0800.jpg,3,0,3,Unhealthy only
test,unhealthy_0802.jpg,4,1,3,Mixed
test,unhealthy_0812.jpg,4,1,3,Mixed
test,unhealthy_0818.jpg,3,0,3,Unhealthy only
test,unhealthy_0820.jpg,3,0,3,Unhealthy only
test,unhealthy_0823.jpg,6,0,6,Unhealthy only
test,unhealthy_0827.jpg,3,0,3,Unhealthy only
test,unhealthy_0831.jpg,3,1,2,Mixed
test,unhealthy_0835.jpg,3,0,3,Unhealthy only
test,unhealthy_0840.jpg,3,0,3,Unhealthy only
test,unhealthy_0849.jpg,2,0,2,Unhealthy only
test,unhealthy_0853.jpg,1,0,1,Unhealthy only
test,unhealthy_0854.jpg,3,0,3,Unhealthy only
test,unhealthy_0861.jpg,6,0,6,Unhealthy only
test,unhealthy_0865.jpg,3,0,3,Unhealthy only
test,unhealthy_0869.jpg,3,0,3,Unhealthy only
test,unhealthy_0875.jpg,4,0,4,Unhealthy only
test,unhealthy_0876.jpg,4,0,4,Unhealthy only
test,unhealthy_0881.jpg,3,0,3,Unhealthy only
test,unhealthy_0883.jpg,3,0,3,Unhealthy only
test,unhealthy_0889.jpg,3,0,3,Unhealthy only
test,unhealthy_0893.jpg,4,0,4,Unhealthy only
test,unhealthy_0895.jpg,4,0,4,Unhealthy only
test,unhealthy_0896.jpg,2,1,1,Mixed
test,unhealthy_0910.jpg,3,0,3,Unhealthy only
test,unhealthy_0913.jpg,2,0,2,Unhealthy only
test,unhealthy_0921.jpg,3,0,3,Unhealthy only
test,unhealthy_0935.jpg,2,0,2,Unhealthy only
test,unhealthy_0937.jpg,2,0,2,Unhealthy only
test,unhealthy_0953.jpg,3,0,3,Unhealthy only
test,unhealthy_0962.jpg,3,0,3,Unhealthy only
test,unhealthy_0965.jpg,4,2,2,Mixed
test,unhealthy_0998.jpg,3,0,3,Unhealthy only
test,unhealthy_1002.jpg,3,0,3,Unhealthy only
test,unhealthy_1006.jpg,4,0,4,Unhealthy only
test,unhealthy_1014.jpg,2,0,2,Unhealthy only
test,unhealthy_1019.jpg,2,1,1,Mixed
test,unhealthy_1051.jpg,2,0,2,Unhealthy only
test,unhealthy_1405.jpg,2,0,2,Unhealthy only
test,unhealthy_1431.jpg,1,0,1,Unhealthy only
test,unhealthy_1432.jpg,1,0,1,Unhealthy only
test,unhealthy_1433.jpg,1,0,1,Unhealthy only
