split,stem,image_file,label_file,status
train,classes,,classes.txt,missing_image
train,healthy_0001,healthy_0001.jpg,healthy_0001.txt,matched
train,healthy_0002,healthy_0002.jpg,healthy_0002.txt,matched
train,healthy_0003,healthy_0003.jpg,healthy_0003.txt,matched
train,healthy_0004,healthy_0004.jpg,healthy_0004.txt,matched
train,healthy_0005,healthy_0005.jpg,healthy_0005.txt,matched
train,healthy_0006,healthy_0006.jpg,healthy_0006.txt,matched
train,healthy_0007,healthy_0007.jpg,healthy_0007.txt,matched
train,healthy_0008,healthy_0008.jpg,healthy_0008.txt,matched
train,healthy_0009,healthy_0009.jpg,healthy_0009.txt,matched
train,healthy_0010,healthy_0010.jpg,healthy_0010.txt,matched
train,healthy_0011,healthy_0011.jpg,healthy_0011.txt,matched
train,healthy_0012,healthy_0012.jpg,healthy_0012.txt,matched
train,healthy_0013,healthy_0013.jpg,healthy_0013.txt,matched
train,healthy_0014,healthy_0014.jpg,healthy_0014.txt,matched
train,healthy_0015,healthy_0015.jpg,healthy_0015.txt,matched
train,healthy_0016,healthy_0016.jpg,healthy_0016.txt,matched
train,healthy_0017,healthy_0017.jpg,healthy_0017.txt,matched
train,healthy_0018,healthy_0018.jpg,healthy_0018.txt,matched
train,healthy_0019,healthy_0019.jpg,healthy_0019.txt,matched
train,healthy_0020,healthy_0020.jpg,healthy_0020.txt,matched
train,healthy_0021,healthy_0021.jpg,healthy_0021.txt,matched
train,healthy_0022,healthy_0022.jpg,healthy_0022.txt,matched
train,healthy_0023,healthy_0023.jpg,healthy_0023.txt,matched
train,healthy_0024,healthy_0024.jpg,healthy_0024.txt,matched
train,healthy_0025,healthy_0025.jpg,healthy_0025.txt,matched
train,healthy_0026,healthy_0026.jpg,healthy_0026.txt,matched
train,healthy_0027,healthy_0027.jpg,healthy_0027.txt,matched
train,healthy_0028,healthy_0028.jpg,healthy_0028.txt,matched
train,healthy_0029,healthy_0029.jpg,healthy_0029.txt,matched
train,healthy_0030,healthy_0030.jpg,healthy_0030.txt,matched
train,healthy_0031,healthy_0031.jpg,healthy_0031.txt,matched
train,healthy_0032,healthy_0032.jpg,healthy_0032.txt,matched
train,healthy_0033,healthy_0033.jpg,healthy_0033.txt,matched
train,healthy_0034,healthy_0034.jpg,healthy_0034.txt,matched
train,healthy_0035,healthy_0035.jpg,healthy_0035.txt,matched
train,healthy_0036,healthy_0036.jpg,healthy_0036.txt,matched
train,healthy_0037,healthy_0037.jpg,healthy_0037.txt,matched
train,healthy_0038,healthy_0038.jpg,healthy_0038.txt,matched
train,healthy_0039,healthy_0039.jpg,healthy_0039.txt,matched
train,healthy_0040,healthy_0040.jpg,healthy_0040.txt,matched
train,healthy_0041,healthy_0041.jpg,healthy_0041.txt,matched
train,healthy_0042,healthy_0042.jpg,healthy_0042.txt,matched
train,healthy_0043,healthy_0043.jpg,healthy_0043.txt,matched
train,healthy_0044,healthy_0044.jpg,healthy_0044.txt,matched
train,healthy_0045,healthy_0045.jpg,healthy_0045.txt,matched
train,healthy_0046,healthy_0046.jpg,healthy_0046.txt,matched
train,healthy_0047,healthy_0047.jpg,healthy_0047.txt,matched
train,healthy_0048,healthy_0048.jpg,healthy_0048.txt,matched
train,healthy_0049,healthy_0049.jpg,healthy_0049.txt,matched
train,healthy_0050,healthy_0050.jpg,healthy_0050.txt,matched
train,healthy_0051,healthy_0051.jpg,healthy_0051.txt,matched
train,healthy_0052,healthy_0052.jpg,healthy_0052.txt,matched
train,healthy_0053,healthy_0053.jpg,healthy_0053.txt,matched
train,healthy_0054,healthy_0054.jpg,healthy_0054.txt,matched
train,healthy_0055,healthy_0055.jpg,healthy_0055.txt,matched
train,healthy_0056,healthy_0056.jpg,healthy_0056.txt,matched
train,healthy_0057,healthy_0057.jpg,healthy_0057.txt,matched
train,healthy_0058,healthy_0058.jpg,healthy_0058.txt,matched
train,healthy_0059,healthy_0059.jpg,healthy_0059.txt,matched
train,healthy_0060,healthy_0060.jpg,healthy_0060.txt,matched
train,healthy_0061,healthy_0061.jpg,healthy_0061.txt,matched
train,healthy_0062,healthy_0062.jpg,healthy_0062.txt,matched
train,healthy_0063,healthy_0063.jpg,healthy_0063.txt,matched
train,healthy_0064,healthy_0064.jpg,healthy_0064.txt,matched
train,healthy_0065,healthy_0065.jpg,healthy_0065.txt,matched
train,healthy_0066,healthy_0066.jpg,healthy_0066.txt,matched
train,healthy_0067,healthy_0067.jpg,healthy_0067.txt,matched
train,healthy_0068,healthy_0068.jpg,healthy_0068.txt,matched
train,healthy_0069,healthy_0069.jpg,healthy_0069.txt,matched
train,healthy_0070,healthy_0070.jpg,healthy_0070.txt,matched
train,healthy_0071,healthy_0071.jpg,healthy_0071.txt,matched
train,healthy_0072,healthy_0072.jpg,healthy_0072.txt,matched
train,healthy_0073,healthy_0073.jpg,healthy_0073.txt,matched
train,healthy_0074,healthy_0074.jpg,healthy_0074.txt,matched
train,healthy_0075,healthy_0075.jpg,healthy_0075.txt,matched
train,healthy_0076,healthy_0076.jpg,healthy_0076.txt,matched
train,healthy_0077,healthy_0077.jpg,healthy_0077.txt,matched
train,healthy_0078,healthy_0078.jpg,healthy_0078.txt,matched
train,healthy_0079,healthy_0079.jpg,healthy_0079.txt,matched
train,healthy_0080,healthy_0080.jpg,healthy_0080.txt,matched
train,healthy_0081,healthy_0081.jpg,healthy_0081.txt,matched
train,healthy_0082,healthy_0082.jpg,healthy_0082.txt,matched
train,healthy_0083,healthy_0083.jpg,healthy_0083.txt,matched
train,healthy_0084,healthy_0084.jpg,healthy_0084.txt,matched
train,healthy_0085,healthy_0085.jpg,healthy_0085.txt,matched
train,healthy_0086,healthy_0086.jpg,healthy_0086.txt,matched
train,healthy_0087,healthy_0087.jpg,healthy_0087.txt,matched
train,healthy_0088,healthy_0088.jpg,healthy_0088.txt,matched
train,healthy_0089,healthy_0089.jpg,healthy_0089.txt,matched
train,healthy_0090,healthy_0090.jpg,healthy_0090.txt,matched
train,healthy_0091,healthy_0091.jpg,healthy_0091.txt,matched
train,healthy_0092,healthy_0092.jpg,healthy_0092.txt,matched
train,healthy_0093,healthy_0093.jpg,healthy_0093.txt,matched
train,healthy_0094,healthy_0094.jpg,healthy_0094.txt,matched
train,healthy_0095,healthy_0095.jpg,healthy_0095.txt,matched
train,healthy_0096,healthy_0096.jpg,healthy_0096.txt,matched
train,healthy_0139,healthy_0139.jpg,healthy_0139.txt,matched
train,healthy_0140,healthy_0140.jpg,healthy_0140.txt,matched
train,healthy_0141,healthy_0141.jpg,healthy_0141.txt,matched
train,healthy_0142,healthy_0142.jpg,healthy_0142.txt,matched
train,healthy_0143,healthy_0143.jpg,healthy_0143.txt,matched
train,healthy_0144,healthy_0144.jpg,healthy_0144.txt,matched
train,healthy_0145,healthy_0145.jpg,healthy_0145.txt,matched
train,healthy_0146,healthy_0146.jpg,healthy_0146.txt,matched
train,healthy_0147,healthy_0147.jpg,healthy_0147.txt,matched
train,healthy_0148,healthy_0148.jpg,healthy_0148.txt,matched
train,healthy_0149,healthy_0149.jpg,healthy_0149.txt,matched
train,healthy_0150,healthy_0150.jpg,healthy_0150.txt,matched
train,healthy_0151,healthy_0151.jpg,healthy_0151.txt,matched
train,healthy_0152,healthy_0152.jpg,healthy_0152.txt,matched
train,healthy_0153,healthy_0153.jpg,healthy_0153.txt,matched
train,healthy_0154,healthy_0154.jpg,healthy_0154.txt,matched
train,healthy_0155,healthy_0155.jpg,healthy_0155.txt,matched
train,healthy_0156,healthy_0156.jpg,healthy_0156.txt,matched
train,healthy_0157,healthy_0157.jpg,healthy_0157.txt,matched
train,healthy_0158,healthy_0158.jpg,healthy_0158.txt,matched
train,healthy_0159,healthy_0159.jpg,healthy_0159.txt,matched
train,healthy_0160,healthy_0160.jpg,healthy_0160.txt,matched
train,healthy_0161,healthy_0161.jpg,healthy_0161.txt,matched
train,healthy_0162,healthy_0162.jpg,healthy_0162.txt,matched
train,healthy_0163,healthy_0163.jpg,healthy_0163.txt,matched
train,healthy_0164,healthy_0164.jpg,healthy_0164.txt,matched
train,healthy_0165,healthy_0165.jpg,healthy_0165.txt,matched
train,healthy_0166,healthy_0166.jpg,healthy_0166.txt,matched
train,healthy_0167,healthy_0167.jpg,healthy_0167.txt,matched
train,healthy_0168,healthy_0168.jpg,healthy_0168.txt,matched
train,healthy_0169,healthy_0169.jpg,healthy_0169.txt,matched
train,healthy_0170,healthy_0170.jpg,healthy_0170.txt,matched
train,healthy_0171,healthy_0171.jpg,healthy_0171.txt,matched
train,healthy_0172,healthy_0172.jpg,healthy_0172.txt,matched
train,healthy_0173,healthy_0173.jpg,healthy_0173.txt,matched
train,healthy_0174,healthy_0174.jpg,healthy_0174.txt,matched
train,healthy_0175,healthy_0175.jpg,healthy_0175.txt,matched
train,healthy_0176,healthy_0176.jpg,healthy_0176.txt,matched
train,healthy_0177,healthy_0177.jpg,healthy_0177.txt,matched
train,healthy_0178,healthy_0178.jpg,healthy_0178.txt,matched
train,healthy_0179,healthy_0179.jpg,healthy_0179.txt,matched
train,healthy_0180,healthy_0180.jpg,healthy_0180.txt,matched
train,healthy_0181,healthy_0181.jpg,healthy_0181.txt,matched
train,healthy_0182,healthy_0182.jpg,healthy_0182.txt,matched
train,healthy_0183,healthy_0183.jpg,healthy_0183.txt,matched
train,healthy_0184,healthy_0184.jpg,healthy_0184.txt,matched
train,healthy_0185,healthy_0185.jpg,healthy_0185.txt,matched
train,healthy_0186,healthy_0186.jpg,healthy_0186.txt,matched
train,healthy_0187,healthy_0187.jpg,healthy_0187.txt,matched
train,healthy_0188,healthy_0188.jpg,healthy_0188.txt,matched
train,healthy_0189,healthy_0189.jpg,healthy_0189.txt,matched
train,healthy_0190,healthy_0190.jpg,healthy_0190.txt,matched
train,healthy_0191,healthy_0191.jpg,healthy_0191.txt,matched
train,healthy_0192,healthy_0192.jpg,healthy_0192.txt,matched
train,healthy_0193,healthy_0193.jpg,healthy_0193.txt,matched
train,healthy_0194,healthy_0194.jpg,healthy_0194.txt,matched
train,healthy_0195,healthy_0195.jpg,healthy_0195.txt,matched
train,healthy_0196,healthy_0196.jpg,healthy_0196.txt,matched
train,healthy_0197,healthy_0197.jpg,healthy_0197.txt,matched
train,healthy_0198,healthy_0198.jpg,healthy_0198.txt,matched
train,healthy_0199,healthy_0199.jpg,healthy_0199.txt,matched
train,healthy_0200,healthy_0200.jpg,healthy_0200.txt,matched
train,healthy_0201,healthy_0201.jpg,healthy_0201.txt,matched
train,healthy_0202,healthy_0202.jpg,healthy_0202.txt,matched
train,healthy_0203,healthy_0203.jpg,healthy_0203.txt,matched
train,healthy_0204,healthy_0204.jpg,healthy_0204.txt,matched
train,healthy_0205,healthy_0205.jpg,healthy_0205.txt,matched
train,healthy_0206,healthy_0206.jpg,healthy_0206.txt,matched
train,healthy_0207,healthy_0207.jpg,healthy_0207.txt,matched
train,healthy_0208,healthy_0208.jpg,healthy_0208.txt,matched
train,healthy_0209,healthy_0209.jpg,healthy_0209.txt,matched
train,healthy_0210,healthy_0210.jpg,healthy_0210.txt,matched
train,healthy_0211,healthy_0211.jpg,healthy_0211.txt,matched
train,healthy_0212,healthy_0212.jpg,healthy_0212.txt,matched
train,healthy_0213,healthy_0213.jpg,healthy_0213.txt,matched
train,healthy_0214,healthy_0214.jpg,healthy_0214.txt,matched
train,healthy_0215,healthy_0215.jpg,healthy_0215.txt,matched
train,healthy_0216,healthy_0216.jpg,healthy_0216.txt,matched
train,healthy_0217,healthy_0217.jpg,healthy_0217.txt,matched
train,healthy_0218,healthy_0218.jpg,healthy_0218.txt,matched
train,healthy_0219,healthy_0219.jpg,healthy_0219.txt,matched
train,healthy_0220,healthy_0220.jpg,healthy_0220.txt,matched
train,healthy_0221,healthy_0221.jpg,healthy_0221.txt,matched
train,healthy_0222,healthy_0222.jpg,healthy_0222.txt,matched
train,healthy_0223,healthy_0223.jpg,healthy_0223.txt,matched
train,healthy_0224,healthy_0224.jpg,healthy_0224.txt,matched
train,healthy_0225,healthy_0225.jpg,healthy_0225.txt,matched
train,healthy_0226,healthy_0226.jpg,healthy_0226.txt,matched
train,healthy_0227,healthy_0227.jpg,healthy_0227.txt,matched
train,healthy_0228,healthy_0228.jpg,healthy_0228.txt,matched
train,healthy_0229,healthy_0229.jpg,healthy_0229.txt,matched
train,healthy_0230,healthy_0230.jpg,healthy_0230.txt,matched
train,healthy_0231,healthy_0231.jpg,healthy_0231.txt,matched
train,healthy_0232,healthy_0232.jpg,healthy_0232.txt,matched
train,healthy_0233,healthy_0233.jpg,healthy_0233.txt,matched
train,healthy_0234,healthy_0234.jpg,healthy_0234.txt,matched
train,healthy_0235,healthy_0235.jpg,healthy_0235.txt,matched
train,healthy_0236,healthy_0236.jpg,healthy_0236.txt,matched
train,healthy_0237,healthy_0237.jpg,healthy_0237.txt,matched
train,healthy_0238,healthy_0238.jpg,healthy_0238.txt,matched
train,healthy_0239,healthy_0239.jpg,healthy_0239.txt,matched
train,healthy_0240,healthy_0240.jpg,healthy_0240.txt,matched
train,healthy_0241,healthy_0241.jpg,healthy_0241.txt,matched
train,healthy_0242,healthy_0242.jpg,healthy_0242.txt,matched
train,healthy_0243,healthy_0243.jpg,healthy_0243.txt,matched
train,healthy_0244,healthy_0244.jpg,healthy_0244.txt,matched
train,healthy_0245,healthy_0245.jpg,healthy_0245.txt,matched
train,healthy_0246,healthy_0246.jpg,healthy_0246.txt,matched
train,healthy_0247,healthy_0247.jpg,healthy_0247.txt,matched
train,healthy_0248,healthy_0248.jpg,healthy_0248.txt,matched
train,healthy_0249,healthy_0249.jpg,healthy_0249.txt,matched
train,healthy_0250,healthy_0250.jpg,healthy_0250.txt,matched
train,healthy_0251,healthy_0251.jpg,healthy_0251.txt,matched
train,healthy_0252,healthy_0252.jpg,healthy_0252.txt,matched
train,healthy_0253,healthy_0253.jpg,healthy_0253.txt,matched
train,healthy_0254,healthy_0254.jpg,healthy_0254.txt,matched
train,healthy_0255,healthy_0255.jpg,healthy_0255.txt,matched
train,healthy_0256,healthy_0256.jpg,healthy_0256.txt,matched
train,healthy_0257,healthy_0257.jpg,healthy_0257.txt,matched
train,healthy_0258,healthy_0258.jpg,healthy_0258.txt,matched
train,healthy_0259,healthy_0259.jpg,healthy_0259.txt,matched
train,healthy_0260,healthy_0260.jpg,healthy_0260.txt,matched
train,healthy_0261,healthy_0261.jpg,healthy_0261.txt,matched
train,healthy_0262,healthy_0262.jpg,healthy_0262.txt,matched
train,healthy_0263,healthy_0263.jpg,healthy_0263.txt,matched
train,healthy_0264,healthy_0264.jpg,healthy_0264.txt,matched
train,healthy_0265,healthy_0265.jpg,healthy_0265.txt,matched
train,healthy_0266,healthy_0266.jpg,healthy_0266.txt,matched
train,healthy_0267,healthy_0267.jpg,healthy_0267.txt,matched
train,healthy_0268,healthy_0268.jpg,healthy_0268.txt,matched
train,healthy_0269,healthy_0269.jpg,healthy_0269.txt,matched
train,healthy_0270,healthy_0270.jpg,healthy_0270.txt,matched
train,healthy_0271,healthy_0271.jpg,healthy_0271.txt,matched
train,healthy_0272,healthy_0272.jpg,healthy_0272.txt,matched
train,healthy_0273,healthy_0273.jpg,healthy_0273.txt,matched
train,healthy_0274,healthy_0274.jpg,healthy_0274.txt,matched
train,healthy_0275,healthy_0275.jpg,healthy_0275.txt,matched
train,healthy_0276,healthy_0276.jpg,healthy_0276.txt,matched
train,healthy_0277,healthy_0277.jpg,healthy_0277.txt,matched
train,healthy_0278,healthy_0278.jpg,healthy_0278.txt,matched
train,healthy_0279,healthy_0279.jpg,healthy_0279.txt,matched
train,healthy_0280,healthy_0280.jpg,healthy_0280.txt,matched
train,healthy_0281,healthy_0281.jpg,healthy_0281.txt,matched
train,healthy_0282,healthy_0282.jpg,healthy_0282.txt,matched
train,healthy_0283,healthy_0283.jpg,healthy_0283.txt,matched
train,healthy_0284,healthy_0284.jpg,healthy_0284.txt,matched
train,healthy_0285,healthy_0285.jpg,healthy_0285.txt,matched
train,healthy_0286,healthy_0286.jpg,healthy_0286.txt,matched
train,healthy_0287,healthy_0287.jpg,healthy_0287.txt,matched
train,healthy_0288,healthy_0288.jpg,healthy_0288.txt,matched
train,healthy_0289,healthy_0289.jpg,healthy_0289.txt,matched
train,healthy_0290,healthy_0290.jpg,healthy_0290.txt,matched
train,healthy_0291,healthy_0291.jpg,healthy_0291.txt,matched
train,healthy_0292,healthy_0292.jpg,healthy_0292.txt,matched
train,healthy_0293,healthy_0293.jpg,healthy_0293.txt,matched
train,healthy_0294,healthy_0294.jpg,healthy_0294.txt,matched
train,healthy_0295,healthy_0295.jpg,healthy_0295.txt,matched
train,healthy_0296,healthy_0296.jpg,healthy_0296.txt,matched
train,healthy_0297,healthy_0297.jpg,healthy_0297.txt,matched
train,healthy_0298,healthy_0298.jpg,healthy_0298.txt,matched
train,healthy_0299,healthy_0299.jpg,healthy_0299.txt,matched
train,healthy_0300,healthy_0300.jpg,healthy_0300.txt,matched
train,healthy_0301,healthy_0301.jpg,healthy_0301.txt,matched
train,healthy_0302,healthy_0302.jpg,healthy_0302.txt,matched
train,healthy_0303,healthy_0303.jpg,healthy_0303.txt,matched
train,healthy_0304,healthy_0304.jpg,healthy_0304.txt,matched
train,healthy_0305,healthy_0305.jpg,healthy_0305.txt,matched
train,healthy_0306,healthy_0306.jpg,healthy_0306.txt,matched
train,healthy_0307,healthy_0307.jpg,healthy_0307.txt,matched
train,healthy_0308,healthy_0308.jpg,healthy_0308.txt,matched
train,healthy_0309,healthy_0309.jpg,healthy_0309.txt,matched
train,healthy_0310,healthy_0310.jpg,healthy_0310.txt,matched
train,healthy_0311,healthy_0311.jpg,healthy_0311.txt,matched
train,healthy_0312,healthy_0312.jpg,healthy_0312.txt,matched
train,healthy_0313,healthy_0313.jpg,healthy_0313.txt,matched
train,healthy_0314,healthy_0314.jpg,healthy_0314.txt,matched
train,healthy_0315,healthy_0315.jpg,healthy_0315.txt,matched
train,healthy_0316,healthy_0316.jpg,healthy_0316.txt,matched
train,healthy_0317,healthy_0317.jpg,healthy_0317.txt,matched
train,healthy_0318,healthy_0318.jpg,healthy_0318.txt,matched
train,healthy_0319,healthy_0319.jpg,healthy_0319.txt,matched
train,healthy_0320,healthy_0320.jpg,healthy_0320.txt,matched
train,healthy_0321,healthy_0321.jpg,healthy_0321.txt,matched
train,healthy_0322,healthy_0322.jpg,healthy_0322.txt,matched
train,healthy_0323,healthy_0323.jpg,healthy_0323.txt,matched
train,healthy_0324,healthy_0324.jpg,healthy_0324.txt,matched
train,healthy_0325,healthy_0325.jpg,healthy_0325.txt,matched
train,healthy_0326,healthy_0326.jpg,healthy_0326.txt,matched
train,healthy_0327,healthy_0327.jpg,healthy_0327.txt,matched
train,healthy_0328,healthy_0328.jpg,healthy_0328.txt,matched
train,healthy_0329,healthy_0329.jpg,healthy_0329.txt,matched
train,healthy_0330,healthy_0330.jpg,healthy_0330.txt,matched
train,healthy_0331,healthy_0331.jpg,healthy_0331.txt,matched
train,healthy_0332,healthy_0332.jpg,healthy_0332.txt,matched
train,healthy_0333,healthy_0333.jpg,healthy_0333.txt,matched
train,healthy_0334,healthy_0334.jpg,healthy_0334.txt,matched
train,healthy_0335,healthy_0335.jpg,healthy_0335.txt,matched
train,healthy_0336,healthy_0336.jpg,healthy_0336.txt,matched
train,healthy_0337,healthy_0337.jpg,healthy_0337.txt,matched
train,healthy_0338,healthy_0338.jpg,healthy_0338.txt,matched
train,healthy_0339,healthy_0339.jpg,healthy_0339.txt,matched
train,healthy_0340,healthy_0340.jpg,healthy_0340.txt,matched
train,healthy_0341,healthy_0341.jpg,healthy_0341.txt,matched
train,healthy_0342,healthy_0342.jpg,healthy_0342.txt,matched
train,healthy_0343,healthy_0343.jpg,healthy_0343.txt,matched
train,healthy_0344,healthy_0344.jpg,healthy_0344.txt,matched
train,healthy_0345,healthy_0345.jpg,healthy_0345.txt,matched
train,healthy_0346,healthy_0346.jpg,healthy_0346.txt,matched
train,healthy_0347,healthy_0347.jpg,healthy_0347.txt,matched
train,healthy_0348,healthy_0348.jpg,healthy_0348.txt,matched
train,healthy_0349,healthy_0349.jpg,healthy_0349.txt,matched
train,healthy_0350,healthy_0350.jpg,healthy_0350.txt,matched
train,healthy_0351,healthy_0351.jpg,healthy_0351.txt,matched
train,healthy_0444,healthy_0444.jpg,healthy_0444.txt,matched
train,healthy_0446,healthy_0446.jpg,healthy_0446.txt,matched
train,healthy_0447,healthy_0447.jpg,healthy_0447.txt,matched
train,healthy_0448,healthy_0448.jpg,healthy_0448.txt,matched
train,healthy_0449,healthy_0449.jpg,healthy_0449.txt,matched
train,healthy_0452,healthy_0452.jpg,healthy_0452.txt,matched
train,healthy_0453,healthy_0453.jpg,,missing_label
train,healthy_0454,healthy_0454.jpg,healthy_0454.txt,matched
train,healthy_0457,healthy_0457.jpg,healthy_0457.txt,matched
train,healthy_0458,healthy_0458.jpg,healthy_0458.txt,matched
train,healthy_0459,healthy_0459.jpg,healthy_0459.txt,matched
train,healthy_0462,healthy_0462.jpg,healthy_0462.txt,matched
train,healthy_0463,healthy_0463.jpg,healthy_0463.txt,matched
train,healthy_0465,healthy_0465.jpg,healthy_0465.txt,matched
train,healthy_0466,healthy_0466.jpg,healthy_0466.txt,matched
train,healthy_0471,healthy_0471.jpg,healthy_0471.txt,matched
train,healthy_0472,healthy_0472.jpg,healthy_0472.txt,matched
train,healthy_0473,healthy_0473.jpg,healthy_0473.txt,matched
train,healthy_0474,healthy_0474.jpg,healthy_0474.txt,matched
train,healthy_0476,healthy_0476.jpg,healthy_0476.txt,matched
train,healthy_0477,healthy_0477.jpg,healthy_0477.txt,matched
train,healthy_0478,healthy_0478.jpg,healthy_0478.txt,matched
train,healthy_0479,healthy_0479.jpg,healthy_0479.txt,matched
train,healthy_0480,healthy_0480.jpg,healthy_0480.txt,matched
train,healthy_0481,healthy_0481.jpg,healthy_0481.txt,matched
train,healthy_0482,healthy_0482.jpg,healthy_0482.txt,matched
train,healthy_0485,healthy_0485.jpg,healthy_0485.txt,matched
train,healthy_0486,healthy_0486.jpg,healthy_0486.txt,matched
train,healthy_0487,healthy_0487.jpg,healthy_0487.txt,matched
train,healthy_0489,healthy_0489.jpg,healthy_0489.txt,matched
train,healthy_0490,healthy_0490.jpg,healthy_0490.txt,matched
train,healthy_0491,healthy_0491.jpg,healthy_0491.txt,matched
train,healthy_0492,healthy_0492.jpg,healthy_0492.txt,matched
train,healthy_0495,healthy_0495.jpg,healthy_0495.txt,matched
train,healthy_0497,healthy_0497.jpg,healthy_0497.txt,matched
train,healthy_0498,healthy_0498.jpg,healthy_0498.txt,matched
train,healthy_0504,healthy_0504.jpg,healthy_0504.txt,matched
train,healthy_0505,healthy_0505.jpg,healthy_0505.txt,matched
train,healthy_0506,healthy_0506.jpg,healthy_0506.txt,matched
train,healthy_0507,healthy_0507.jpg,healthy_0507.txt,matched
train,healthy_0508,healthy_0508.jpg,healthy_0508.txt,matched
train,healthy_0509,healthy_0509.jpg,healthy_0509.txt,matched
train,healthy_0510,healthy_0510.jpg,healthy_0510.txt,matched
train,healthy_0512,healthy_0512.jpg,healthy_0512.txt,matched
train,healthy_0513,healthy_0513.jpg,healthy_0513.txt,matched
train,healthy_0514,healthy_0514.jpg,healthy_0514.txt,matched
train,healthy_0516,healthy_0516.jpg,healthy_0516.txt,matched
train,healthy_0517,healthy_0517.jpg,healthy_0517.txt,matched
train,healthy_0520,healthy_0520.jpg,healthy_0520.txt,matched
train,healthy_0521,healthy_0521.jpg,healthy_0521.txt,matched
train,healthy_0522,healthy_0522.jpg,healthy_0522.txt,matched
train,healthy_0523,healthy_0523.jpg,healthy_0523.txt,matched
train,healthy_0524,healthy_0524.jpg,healthy_0524.txt,matched
train,healthy_0525,healthy_0525.jpg,healthy_0525.txt,matched
train,healthy_0526,healthy_0526.jpg,healthy_0526.txt,matched
train,healthy_0527,healthy_0527.jpg,healthy_0527.txt,matched
train,healthy_0528,healthy_0528.jpg,healthy_0528.txt,matched
train,healthy_0529,healthy_0529.jpg,healthy_0529.txt,matched
train,healthy_0533,healthy_0533.jpg,healthy_0533.txt,matched
train,healthy_0534,healthy_0534.jpg,healthy_0534.txt,matched
train,healthy_0538,healthy_0538.jpg,healthy_0538.txt,matched
train,healthy_0539,healthy_0539.jpg,healthy_0539.txt,matched
train,healthy_0542,healthy_0542.jpg,healthy_0542.txt,matched
train,healthy_0543,healthy_0543.jpg,healthy_0543.txt,matched
train,healthy_0544,healthy_0544.jpg,healthy_0544.txt,matched
train,healthy_0545,healthy_0545.jpg,healthy_0545.txt,matched
train,healthy_0546,healthy_0546.jpg,healthy_0546.txt,matched
train,healthy_0547,healthy_0547.jpg,healthy_0547.txt,matched
train,healthy_0548,healthy_0548.jpg,healthy_0548.txt,matched
train,healthy_0549,healthy_0549.jpg,healthy_0549.txt,matched
train,healthy_0550,healthy_0550.jpg,healthy_0550.txt,matched
train,healthy_0553,healthy_0553.jpg,healthy_0553.txt,matched
train,healthy_0554,healthy_0554.jpg,healthy_0554.txt,matched
train,healthy_0555,healthy_0555.jpg,healthy_0555.txt,matched
train,healthy_0556,healthy_0556.jpg,healthy_0556.txt,matched
train,healthy_0557,healthy_0557.jpg,healthy_0557.txt,matched
train,healthy_0559,healthy_0559.jpg,healthy_0559.txt,matched
train,healthy_0562,healthy_0562.jpg,healthy_0562.txt,matched
train,healthy_0563,healthy_0563.jpg,healthy_0563.txt,matched
train,healthy_0564,healthy_0564.jpg,healthy_0564.txt,matched
train,healthy_0565,healthy_0565.jpg,healthy_0565.txt,matched
train,healthy_0566,healthy_0566.jpg,healthy_0566.txt,matched
train,healthy_0567,healthy_0567.jpg,healthy_0567.txt,matched
train,healthy_0568,healthy_0568.jpg,healthy_0568.txt,matched
train,healthy_0570,healthy_0570.jpg,healthy_0570.txt,matched
train,healthy_0571,healthy_0571.jpg,healthy_0571.txt,matched
train,healthy_0572,healthy_0572.jpg,healthy_0572.txt,matched
train,healthy_0574,healthy_0574.jpg,healthy_0574.txt,matched
train,healthy_0575,healthy_0575.jpg,healthy_0575.txt,matched
train,healthy_0576,healthy_0576.jpg,healthy_0576.txt,matched
train,healthy_0577,healthy_0577.jpg,healthy_0577.txt,matched
train,healthy_0578,healthy_0578.jpg,healthy_0578.txt,matched
train,healthy_0579,healthy_0579.jpg,healthy_0579.txt,matched
train,healthy_0580,healthy_0580.jpg,healthy_0580.txt,matched
train,healthy_0582,healthy_0582.jpg,healthy_0582.txt,matched
train,healthy_0586,healthy_0586.jpg,healthy_0586.txt,matched
train,healthy_0588,healthy_0588.jpg,healthy_0588.txt,matched
train,healthy_0589,healthy_0589.jpg,healthy_0589.txt,matched
train,healthy_0590,healthy_0590.jpg,healthy_0590.txt,matched
train,healthy_0592,healthy_0592.jpg,healthy_0592.txt,matched
train,healthy_0593,healthy_0593.jpg,healthy_0593.txt,matched
train,healthy_0595,healthy_0595.jpg,healthy_0595.txt,matched
train,healthy_0596,healthy_0596.jpg,healthy_0596.txt,matched
train,healthy_0597,healthy_0597.jpg,healthy_0597.txt,matched
train,healthy_0599,healthy_0599.jpg,healthy_0599.txt,matched
train,healthy_0600,healthy_0600.jpg,healthy_0600.txt,matched
train,healthy_0601,healthy_0601.jpg,healthy_0601.txt,matched
train,healthy_0603,healthy_0603.jpg,healthy_0603.txt,matched
train,healthy_0605,healthy_0605.jpg,healthy_0605.txt,matched
train,healthy_0607,healthy_0607.jpg,healthy_0607.txt,matched
train,healthy_0608,healthy_0608.jpg,healthy_0608.txt,matched
train,healthy_0609,healthy_0609.jpg,healthy_0609.txt,matched
train,healthy_0611,healthy_0611.jpg,healthy_0611.txt,matched
train,healthy_0612,healthy_0612.jpg,healthy_0612.txt,matched
train,healthy_0614,healthy_0614.jpg,healthy_0614.txt,matched
train,healthy_0615,healthy_0615.jpg,healthy_0615.txt,matched
train,healthy_0616,healthy_0616.jpg,healthy_0616.txt,matched
train,healthy_0617,healthy_0617.jpg,healthy_0617.txt,matched
train,healthy_0618,healthy_0618.jpg,healthy_0618.txt,matched
train,healthy_0619,healthy_0619.jpg,healthy_0619.txt,matched
train,healthy_0620,healthy_0620.jpg,healthy_0620.txt,matched
train,healthy_0621,healthy_0621.jpg,healthy_0621.txt,matched
train,healthy_0625,healthy_0625.jpg,healthy_0625.txt,matched
train,healthy_0626,healthy_0626.jpg,healthy_0626.txt,matched
train,healthy_0628,healthy_0628.jpg,healthy_0628.txt,matched
train,healthy_0629,healthy_0629.jpg,healthy_0629.txt,matched
train,healthy_0631,healthy_0631.jpg,healthy_0631.txt,matched
train,healthy_0632,healthy_0632.jpg,healthy_0632.txt,matched
train,healthy_0633,healthy_0633.jpg,healthy_0633.txt,matched
train,healthy_0634,healthy_0634.jpg,healthy_0634.txt,matched
train,healthy_0635,healthy_0635.jpg,healthy_0635.txt,matched
train,healthy_0636,healthy_0636.jpg,healthy_0636.txt,matched
train,healthy_0637,healthy_0637.jpg,healthy_0637.txt,matched
train,healthy_0640,healthy_0640.jpg,healthy_0640.txt,matched
train,healthy_0641,healthy_0641.jpg,healthy_0641.txt,matched
train,healthy_0642,healthy_0642.jpg,healthy_0642.txt,matched
train,healthy_0643,healthy_0643.jpg,healthy_0643.txt,matched
train,healthy_0644,healthy_0644.jpg,healthy_0644.txt,matched
train,healthy_0645,healthy_0645.jpg,healthy_0645.txt,matched
train,healthy_0646,healthy_0646.jpg,healthy_0646.txt,matched
train,healthy_0647,healthy_0647.jpg,healthy_0647.txt,matched
train,healthy_0648,healthy_0648.jpg,healthy_0648.txt,matched
train,healthy_0649,healthy_0649.jpg,healthy_0649.txt,matched
train,healthy_0652,healthy_0652.jpg,healthy_0652.txt,matched
train,healthy_0653,healthy_0653.jpg,healthy_0653.txt,matched
train,healthy_0654,healthy_0654.jpg,healthy_0654.txt,matched
train,healthy_0655,healthy_0655.jpg,healthy_0655.txt,matched
train,healthy_0658,healthy_0658.jpg,healthy_0658.txt,matched
train,healthy_0659,healthy_0659.jpg,healthy_0659.txt,matched
train,healthy_0661,healthy_0661.jpg,healthy_0661.txt,matched
train,healthy_0662,healthy_0662.jpg,healthy_0662.txt,matched
train,healthy_0663,healthy_0663.jpg,healthy_0663.txt,matched
train,healthy_0665,healthy_0665.jpg,healthy_0665.txt,matched
train,healthy_0667,healthy_0667.jpg,healthy_0667.txt,matched
train,healthy_0668,healthy_0668.jpg,healthy_0668.txt,matched
train,healthy_0669,healthy_0669.jpg,healthy_0669.txt,matched
train,healthy_0670,healthy_0670.jpg,healthy_0670.txt,matched
train,healthy_0672,healthy_0672.jpg,healthy_0672.txt,matched
train,healthy_0673,healthy_0673.jpg,healthy_0673.txt,matched
train,healthy_0674,healthy_0674.jpg,healthy_0674.txt,matched
train,healthy_0675,healthy_0675.jpg,healthy_0675.txt,matched
train,healthy_0677,healthy_0677.jpg,healthy_0677.txt,matched
train,healthy_0678,healthy_0678.jpg,healthy_0678.txt,matched
train,healthy_0679,healthy_0679.jpg,healthy_0679.txt,matched
train,healthy_0680,healthy_0680.jpg,healthy_0680.txt,matched
train,healthy_0682,healthy_0682.jpg,healthy_0682.txt,matched
train,healthy_0683,healthy_0683.jpg,healthy_0683.txt,matched
train,healthy_0684,healthy_0684.jpg,healthy_0684.txt,matched
train,healthy_0685,healthy_0685.jpg,healthy_0685.txt,matched
train,healthy_0686,healthy_0686.jpg,healthy_0686.txt,matched
train,healthy_0687,healthy_0687.jpg,healthy_0687.txt,matched
train,healthy_0688,healthy_0688.jpg,healthy_0688.txt,matched
train,healthy_0689,healthy_0689.jpg,healthy_0689.txt,matched
train,healthy_0690,healthy_0690.jpg,healthy_0690.txt,matched
train,healthy_0691,healthy_0691.jpg,healthy_0691.txt,matched
train,healthy_0692,healthy_0692.jpg,healthy_0692.txt,matched
train,healthy_0694,healthy_0694.jpg,healthy_0694.txt,matched
train,healthy_0698,healthy_0698.jpg,healthy_0698.txt,matched
train,healthy_0699,healthy_0699.jpg,healthy_0699.txt,matched
train,healthy_0701,healthy_0701.jpg,healthy_0701.txt,matched
train,healthy_0702,healthy_0702.jpg,healthy_0702.txt,matched
train,healthy_0705,healthy_0705.jpg,healthy_0705.txt,matched
train,healthy_0706,healthy_0706.jpg,healthy_0706.txt,matched
train,healthy_0707,healthy_0707.jpg,healthy_0707.txt,matched
train,healthy_0708,healthy_0708.jpg,healthy_0708.txt,matched
train,healthy_0710,healthy_0710.jpg,healthy_0710.txt,matched
train,healthy_0711,healthy_0711.jpg,healthy_0711.txt,matched
train,healthy_0713,healthy_0713.jpg,healthy_0713.txt,matched
train,healthy_0714,healthy_0714.jpg,healthy_0714.txt,matched
train,healthy_0717,healthy_0717.jpg,healthy_0717.txt,matched
train,healthy_0718,healthy_0718.jpg,healthy_0718.txt,matched
train,healthy_0719,healthy_0719.jpg,healthy_0719.txt,matched
train,healthy_0721,healthy_0721.jpg,healthy_0721.txt,matched
train,healthy_0722,healthy_0722.jpg,healthy_0722.txt,matched
train,healthy_0723,healthy_0723.jpg,healthy_0723.txt,matched
train,healthy_0724,healthy_0724.jpg,healthy_0724.txt,matched
train,healthy_0726,healthy_0726.jpg,healthy_0726.txt,matched
train,healthy_0727,healthy_0727.jpg,healthy_0727.txt,matched
train,healthy_0729,healthy_0729.jpg,healthy_0729.txt,matched
train,healthy_0731,healthy_0731.jpg,healthy_0731.txt,matched
train,healthy_0732,healthy_0732.jpg,healthy_0732.txt,matched
train,healthy_0733,healthy_0733.jpg,healthy_0733.txt,matched
train,healthy_0735,healthy_0735.jpg,healthy_0735.txt,matched
train,healthy_0737,healthy_0737.jpg,healthy_0737.txt,matched
train,healthy_0738,healthy_0738.jpg,healthy_0738.txt,matched
train,healthy_0740,healthy_0740.jpg,healthy_0740.txt,matched
train,healthy_0742,healthy_0742.jpg,healthy_0742.txt,matched
train,healthy_0743,healthy_0743.jpg,healthy_0743.txt,matched
train,healthy_0744,healthy_0744.jpg,healthy_0744.txt,matched
train,healthy_0746,healthy_0746.jpg,healthy_0746.txt,matched
train,healthy_0747,healthy_0747.jpg,healthy_0747.txt,matched
train,healthy_0748,healthy_0748.jpg,healthy_0748.txt,matched
train,healthy_0749,healthy_0749.jpg,healthy_0749.txt,matched
train,healthy_0750,healthy_0750.jpg,healthy_0750.txt,matched
train,healthy_0751,healthy_0751.jpg,healthy_0751.txt,matched
train,healthy_0752,healthy_0752.jpg,healthy_0752.txt,matched
train,healthy_0754,healthy_0754.jpg,healthy_0754.txt,matched
train,healthy_0756,healthy_0756.jpg,healthy_0756.txt,matched
train,healthy_0758,healthy_0758.jpg,healthy_0758.txt,matched
train,healthy_0759,healthy_0759.jpg,healthy_0759.txt,matched
train,healthy_0760,healthy_0760.jpg,healthy_0760.txt,matched
train,healthy_0761,healthy_0761.jpg,healthy_0761.txt,matched
train,healthy_0762,healthy_0762.jpg,healthy_0762.txt,matched
train,healthy_0763,healthy_0763.jpg,healthy_0763.txt,matched
train,healthy_0764,healthy_0764.jpg,healthy_0764.txt,matched
train,healthy_0765,healthy_0765.jpg,healthy_0765.txt,matched
train,healthy_0767,healthy_0767.jpg,healthy_0767.txt,matched
train,healthy_0770,healthy_0770.jpg,healthy_0770.txt,matched
train,healthy_0771,healthy_0771.jpg,healthy_0771.txt,matched
train,healthy_0772,healthy_0772.jpg,healthy_0772.txt,matched
train,healthy_0773,healthy_0773.jpg,healthy_0773.txt,matched
train,healthy_0775,healthy_0775.jpg,healthy_0775.txt,matched
train,healthy_0777,healthy_0777.jpg,healthy_0777.txt,matched
train,healthy_0783,healthy_0783.jpg,healthy_0783.txt,matched
train,healthy_0784,healthy_0784.jpg,healthy_0784.txt,matched
train,healthy_0785,healthy_0785.jpg,healthy_0785.txt,matched
train,healthy_0786,healthy_0786.jpg,healthy_0786.txt,matched
train,healthy_0787,healthy_0787.jpg,healthy_0787.txt,matched
train,healthy_0788,healthy_0788.jpg,healthy_0788.txt,matched
train,healthy_0791,healthy_0791.jpg,healthy_0791.txt,matched
train,healthy_0792,healthy_0792.jpg,healthy_0792.txt,matched
train,healthy_0793,healthy_0793.jpg,healthy_0793.txt,matched
train,healthy_0794,healthy_0794.jpg,healthy_0794.txt,matched
train,healthy_0795,healthy_0795.jpg,healthy_0795.txt,matched
train,healthy_0797,healthy_0797.jpg,healthy_0797.txt,matched
train,healthy_0799,healthy_0799.jpg,healthy_0799.txt,matched
train,healthy_0800,healthy_0800.jpg,healthy_0800.txt,matched
train,healthy_0801,healthy_0801.jpg,healthy_0801.txt,matched
train,healthy_0805,healthy_0805.jpg,healthy_0805.txt,matched
train,healthy_0806,healthy_0806.jpg,healthy_0806.txt,matched
train,healthy_0807,healthy_0807.jpg,healthy_0807.txt,matched
train,healthy_0809,healthy_0809.jpg,healthy_0809.txt,matched
train,healthy_0810,healthy_0810.jpg,healthy_0810.txt,matched
train,healthy_0811,healthy_0811.jpg,healthy_0811.txt,matched
train,healthy_0814,healthy_0814.jpg,healthy_0814.txt,matched
train,healthy_0815,healthy_0815.jpg,healthy_0815.txt,matched
train,healthy_0816,healthy_0816.jpg,healthy_0816.txt,matched
train,healthy_0819,healthy_0819.jpg,healthy_0819.txt,matched
train,healthy_0820,healthy_0820.jpg,healthy_0820.txt,matched
train,healthy_0822,healthy_0822.jpg,healthy_0822.txt,matched
train,healthy_0824,healthy_0824.jpg,healthy_0824.txt,matched
train,healthy_0825,healthy_0825.jpg,healthy_0825.txt,matched
train,healthy_0827,healthy_0827.jpg,healthy_0827.txt,matched
train,healthy_0828,healthy_0828.jpg,healthy_0828.txt,matched
train,healthy_0829,healthy_0829.jpg,healthy_0829.txt,matched
train,healthy_0831,healthy_0831.jpg,healthy_0831.txt,matched
train,healthy_0833,healthy_0833.jpg,healthy_0833.txt,matched
train,healthy_0834,healthy_0834.jpg,healthy_0834.txt,matched
train,healthy_0835,healthy_0835.jpg,healthy_0835.txt,matched
train,healthy_0838,healthy_0838.jpg,healthy_0838.txt,matched
train,healthy_0839,healthy_0839.jpg,healthy_0839.txt,matched
train,healthy_0841,healthy_0841.jpg,healthy_0841.txt,matched
train,healthy_0842,healthy_0842.jpg,,missing_label
train,healthy_0843,healthy_0843.jpg,healthy_0843.txt,matched
train,healthy_0844,healthy_0844.jpg,healthy_0844.txt,matched
train,healthy_0845,healthy_0845.jpg,healthy_0845.txt,matched
train,healthy_0846,healthy_0846.jpg,healthy_0846.txt,matched
train,healthy_0847,healthy_0847.jpg,healthy_0847.txt,matched
train,healthy_0848,healthy_0848.jpg,healthy_0848.txt,matched
train,healthy_0849,healthy_0849.jpg,healthy_0849.txt,matched
train,healthy_0852,healthy_0852.jpg,healthy_0852.txt,matched
train,healthy_0853,healthy_0853.jpg,healthy_0853.txt,matched
train,healthy_0854,healthy_0854.jpg,healthy_0854.txt,matched
train,healthy_0856,healthy_0856.jpg,healthy_0856.txt,matched
train,healthy_0857,healthy_0857.jpg,healthy_0857.txt,matched
train,healthy_0858,healthy_0858.jpg,healthy_0858.txt,matched
train,healthy_0859,healthy_0859.jpg,healthy_0859.txt,matched
train,healthy_0860,healthy_0860.jpg,healthy_0860.txt,matched
train,healthy_0861,healthy_0861.jpg,healthy_0861.txt,matched
train,healthy_0862,healthy_0862.jpg,healthy_0862.txt,matched
train,healthy_0863,healthy_0863.jpg,healthy_0863.txt,matched
train,healthy_0864,healthy_0864.jpg,healthy_0864.txt,matched
train,healthy_0866,healthy_0866.jpg,healthy_0866.txt,matched
train,healthy_0867,healthy_0867.jpg,healthy_0867.txt,matched
train,healthy_0869,healthy_0869.jpg,healthy_0869.txt,matched
train,healthy_0871,healthy_0871.jpg,healthy_0871.txt,matched
train,healthy_0873,healthy_0873.jpg,healthy_0873.txt,matched
train,healthy_0877,healthy_0877.jpg,healthy_0877.txt,matched
train,healthy_0879,healthy_0879.jpg,healthy_0879.txt,matched
train,healthy_0880,healthy_0880.jpg,healthy_0880.txt,matched
train,healthy_0881,healthy_0881.jpg,healthy_0881.txt,matched
train,healthy_0882,healthy_0882.jpg,healthy_0882.txt,matched
train,healthy_0883,healthy_0883.jpg,healthy_0883.txt,matched
train,healthy_0885,healthy_0885.jpg,healthy_0885.txt,matched
train,healthy_0886,healthy_0886.jpg,healthy_0886.txt,matched
train,healthy_0887,healthy_0887.jpg,healthy_0887.txt,matched
train,healthy_0888,healthy_0888.jpg,healthy_0888.txt,matched
train,healthy_0889,healthy_0889.jpg,healthy_0889.txt,matched
train,healthy_0890,healthy_0890.jpg,healthy_0890.txt,matched
train,healthy_0892,healthy_0892.jpg,healthy_0892.txt,matched
train,healthy_0893,healthy_0893.jpg,healthy_0893.txt,matched
train,healthy_0894,healthy_0894.jpg,healthy_0894.txt,matched
train,healthy_0895,healthy_0895.jpg,healthy_0895.txt,matched
train,healthy_0896,healthy_0896.jpg,healthy_0896.txt,matched
train,healthy_0897,healthy_0897.jpg,healthy_0897.txt,matched
train,healthy_0898,healthy_0898.jpg,healthy_0898.txt,matched
train,healthy_0899,healthy_0899.jpg,healthy_0899.txt,matched
train,healthy_0900,healthy_0900.jpg,healthy_0900.txt,matched
train,healthy_0901,healthy_0901.jpg,healthy_0901.txt,matched
train,healthy_0902,healthy_0902.jpg,healthy_0902.txt,matched
train,healthy_0903,healthy_0903.jpg,healthy_0903.txt,matched
train,healthy_0904,healthy_0904.jpg,healthy_0904.txt,matched
train,healthy_0906,healthy_0906.jpg,healthy_0906.txt,matched
train,healthy_0907,healthy_0907.jpg,healthy_0907.txt,matched
train,healthy_0908,healthy_0908.jpg,healthy_0908.txt,matched
train,healthy_0909,healthy_0909.jpg,healthy_0909.txt,matched
train,healthy_0910,healthy_0910.jpg,healthy_0910.txt,matched
train,healthy_0911,healthy_0911.jpg,healthy_0911.txt,matched
train,healthy_0913,healthy_0913.jpg,healthy_0913.txt,matched
train,healthy_0915,healthy_0915.jpg,healthy_0915.txt,matched
train,healthy_0916,healthy_0916.jpg,healthy_0916.txt,matched
train,healthy_0917,healthy_0917.jpg,healthy_0917.txt,matched
train,healthy_0918,healthy_0918.jpg,healthy_0918.txt,matched
train,healthy_0919,healthy_0919.jpg,healthy_0919.txt,matched
train,healthy_0920,healthy_0920.jpg,healthy_0920.txt,matched
train,healthy_0921,healthy_0921.jpg,healthy_0921.txt,matched
train,healthy_0922,healthy_0922.jpg,healthy_0922.txt,matched
train,healthy_0924,healthy_0924.jpg,healthy_0924.txt,matched
train,healthy_0927,healthy_0927.jpg,healthy_0927.txt,matched
train,healthy_0928,healthy_0928.jpg,healthy_0928.txt,matched
train,healthy_0930,healthy_0930.jpg,healthy_0930.txt,matched
train,healthy_0931,healthy_0931.jpg,healthy_0931.txt,matched
train,healthy_0935,healthy_0935.jpg,healthy_0935.txt,matched
train,healthy_0936,healthy_0936.jpg,healthy_0936.txt,matched
train,healthy_0938,healthy_0938.jpg,healthy_0938.txt,matched
train,healthy_0940,healthy_0940.jpg,healthy_0940.txt,matched
train,healthy_0941,healthy_0941.jpg,healthy_0941.txt,matched
train,healthy_0945,healthy_0945.jpg,healthy_0945.txt,matched
train,healthy_0946,healthy_0946.jpg,healthy_0946.txt,matched
train,healthy_0948,healthy_0948.jpg,healthy_0948.txt,matched
train,healthy_0949,healthy_0949.jpg,healthy_0949.txt,matched
train,healthy_0950,healthy_0950.jpg,healthy_0950.txt,matched
train,healthy_0952,healthy_0952.jpg,healthy_0952.txt,matched
train,healthy_0953,healthy_0953.jpg,healthy_0953.txt,matched
train,healthy_0956,healthy_0956.jpg,healthy_0956.txt,matched
train,healthy_0958,healthy_0958.jpg,healthy_0958.txt,matched
train,healthy_0960,healthy_0960.jpg,healthy_0960.txt,matched
train,healthy_0963,healthy_0963.jpg,healthy_0963.txt,matched
train,healthy_0964,healthy_0964.jpg,healthy_0964.txt,matched
train,healthy_0965,healthy_0965.jpg,healthy_0965.txt,matched
train,healthy_0967,healthy_0967.jpg,healthy_0967.txt,matched
train,healthy_0968,healthy_0968.jpg,healthy_0968.txt,matched
train,healthy_0969,healthy_0969.jpg,healthy_0969.txt,matched
train,healthy_0970,healthy_0970.jpg,healthy_0970.txt,matched
train,healthy_0971,healthy_0971.jpg,healthy_0971.txt,matched
train,healthy_0973,healthy_0973.jpg,healthy_0973.txt,matched
train,healthy_0974,healthy_0974.jpg,healthy_0974.txt,matched
train,healthy_0975,healthy_0975.jpg,healthy_0975.txt,matched
train,healthy_0976,healthy_0976.jpg,healthy_0976.txt,matched
train,healthy_0977,healthy_0977.jpg,healthy_0977.txt,matched
train,healthy_0981,healthy_0981.jpg,healthy_0981.txt,matched
train,healthy_0984,healthy_0984.jpg,healthy_0984.txt,matched
train,healthy_0986,healthy_0986.jpg,healthy_0986.txt,matched
train,healthy_0987,healthy_0987.jpg,healthy_0987.txt,matched
train,healthy_0988,healthy_0988.jpg,healthy_0988.txt,matched
train,healthy_0989,healthy_0989.jpg,healthy_0989.txt,matched
train,healthy_0991,healthy_0991.jpg,healthy_0991.txt,matched
train,healthy_0992,healthy_0992.jpg,healthy_0992.txt,matched
train,healthy_0994,healthy_0994.jpg,healthy_0994.txt,matched
train,healthy_0995,healthy_0995.jpg,healthy_0995.txt,matched
train,healthy_0996,healthy_0996.jpg,healthy_0996.txt,matched
train,healthy_0997,healthy_0997.jpg,healthy_0997.txt,matched
train,healthy_0998,healthy_0998.jpg,healthy_0998.txt,matched
train,healthy_0999,healthy_0999.jpg,healthy_0999.txt,matched
train,healthy_1000,healthy_1000.jpg,healthy_1000.txt,matched
train,healthy_1002,healthy_1002.jpg,healthy_1002.txt,matched
train,healthy_1003,healthy_1003.jpg,healthy_1003.txt,matched
train,healthy_1006,healthy_1006.jpg,healthy_1006.txt,matched
train,healthy_1007,healthy_1007.jpg,healthy_1007.txt,matched
train,healthy_1008,healthy_1008.jpg,healthy_1008.txt,matched
train,healthy_1010,healthy_1010.jpg,healthy_1010.txt,matched
train,healthy_1011,healthy_1011.jpg,healthy_1011.txt,matched
train,healthy_1012,healthy_1012.jpg,healthy_1012.txt,matched
train,healthy_1013,healthy_1013.jpg,healthy_1013.txt,matched
train,healthy_1015,healthy_1015.jpg,healthy_1015.txt,matched
train,healthy_1016,healthy_1016.jpg,healthy_1016.txt,matched
train,healthy_1017,healthy_1017.jpg,healthy_1017.txt,matched
train,healthy_1018,healthy_1018.jpg,healthy_1018.txt,matched
train,healthy_1019,healthy_1019.jpg,healthy_1019.txt,matched
train,healthy_1020,healthy_1020.jpg,healthy_1020.txt,matched
train,healthy_1021,healthy_1021.jpg,healthy_1021.txt,matched
train,healthy_1022,healthy_1022.jpg,healthy_1022.txt,matched
train,healthy_1024,healthy_1024.jpg,healthy_1024.txt,matched
train,healthy_1025,healthy_1025.jpg,healthy_1025.txt,matched
train,healthy_1026,healthy_1026.jpg,healthy_1026.txt,matched
train,healthy_1027,healthy_1027.jpg,healthy_1027.txt,matched
train,healthy_1029,healthy_1029.jpg,healthy_1029.txt,matched
train,healthy_1030,healthy_1030.jpg,healthy_1030.txt,matched
train,healthy_1033,healthy_1033.jpg,healthy_1033.txt,matched
train,healthy_1034,healthy_1034.jpg,healthy_1034.txt,matched
train,healthy_1035,healthy_1035.jpg,healthy_1035.txt,matched
train,healthy_1036,healthy_1036.jpg,healthy_1036.txt,matched
train,healthy_1037,healthy_1037.jpg,healthy_1037.txt,matched
train,healthy_1038,healthy_1038.jpg,healthy_1038.txt,matched
train,healthy_1039,healthy_1039.jpg,healthy_1039.txt,matched
train,healthy_1042,healthy_1042.jpg,healthy_1042.txt,matched
train,healthy_1043,healthy_1043.jpg,healthy_1043.txt,matched
train,healthy_1044,healthy_1044.jpg,healthy_1044.txt,matched
train,healthy_1045,healthy_1045.jpg,healthy_1045.txt,matched
train,healthy_1046,healthy_1046.jpg,healthy_1046.txt,matched
train,healthy_1047,healthy_1047.jpg,healthy_1047.txt,matched
train,healthy_1048,healthy_1048.jpg,healthy_1048.txt,matched
train,healthy_1049,healthy_1049.jpg,,missing_label
train,healthy_1050,healthy_1050.jpg,healthy_1050.txt,matched
train,healthy_1052,healthy_1052.jpg,healthy_1052.txt,matched
train,healthy_1054,healthy_1054.jpg,healthy_1054.txt,matched
train,healthy_1056,healthy_1056.jpg,healthy_1056.txt,matched
train,healthy_1058,healthy_1058.jpg,healthy_1058.txt,matched
train,healthy_1059,healthy_1059.jpg,healthy_1059.txt,matched
train,healthy_1060,healthy_1060.jpg,healthy_1060.txt,matched
train,healthy_1062,healthy_1062.jpg,healthy_1062.txt,matched
train,healthy_1063,healthy_1063.jpg,healthy_1063.txt,matched
train,healthy_1064,healthy_1064.jpg,healthy_1064.txt,matched
train,healthy_1065,healthy_1065.jpg,healthy_1065.txt,matched
train,healthy_1066,healthy_1066.jpg,healthy_1066.txt,matched
train,healthy_1067,healthy_1067.jpg,healthy_1067.txt,matched
train,healthy_1068,healthy_1068.jpg,healthy_1068.txt,matched
train,healthy_1069,healthy_1069.jpg,healthy_1069.txt,matched
train,healthy_1070,healthy_1070.jpg,healthy_1070.txt,matched
train,healthy_1071,healthy_1071.jpg,healthy_1071.txt,matched
train,healthy_1073,healthy_1073.jpg,healthy_1073.txt,matched
train,healthy_1074,healthy_1074.jpg,healthy_1074.txt,matched
train,healthy_1075,healthy_1075.jpg,healthy_1075.txt,matched
train,healthy_1077,healthy_1077.jpg,healthy_1077.txt,matched
train,healthy_1078,healthy_1078.jpg,healthy_1078.txt,matched
train,healthy_1081,healthy_1081.jpg,healthy_1081.txt,matched
train,healthy_1083,healthy_1083.jpg,healthy_1083.txt,matched
train,healthy_1084,healthy_1084.jpg,healthy_1084.txt,matched
train,healthy_1085,healthy_1085.jpg,healthy_1085.txt,matched
train,healthy_1086,healthy_1086.jpg,healthy_1086.txt,matched
train,healthy_1087,healthy_1087.jpg,healthy_1087.txt,matched
train,healthy_1089,healthy_1089.jpg,healthy_1089.txt,matched
train,healthy_1090,healthy_1090.jpg,healthy_1090.txt,matched
train,healthy_1092,healthy_1092.jpg,healthy_1092.txt,matched
train,healthy_1093,healthy_1093.jpg,healthy_1093.txt,matched
train,healthy_1094,healthy_1094.jpg,healthy_1094.txt,matched
train,healthy_1095,healthy_1095.jpg,healthy_1095.txt,matched
train,healthy_1100,healthy_1100.jpg,healthy_1100.txt,matched
train,healthy_1101,healthy_1101.jpg,healthy_1101.txt,matched
train,healthy_1102,healthy_1102.jpg,healthy_1102.txt,matched
train,healthy_1104,healthy_1104.jpg,healthy_1104.txt,matched
train,healthy_1105,healthy_1105.jpg,healthy_1105.txt,matched
train,healthy_1106,healthy_1106.jpg,healthy_1106.txt,matched
train,healthy_1107,healthy_1107.jpg,healthy_1107.txt,matched
train,healthy_1108,healthy_1108.jpg,healthy_1108.txt,matched
train,healthy_1109,healthy_1109.jpg,healthy_1109.txt,matched
train,healthy_1110,healthy_1110.jpg,healthy_1110.txt,matched
train,healthy_1111,healthy_1111.jpg,healthy_1111.txt,matched
train,healthy_1112,healthy_1112.jpg,healthy_1112.txt,matched
train,healthy_1113,healthy_1113.jpg,healthy_1113.txt,matched
train,healthy_1115,healthy_1115.jpg,healthy_1115.txt,matched
train,healthy_1116,healthy_1116.jpg,healthy_1116.txt,matched
train,healthy_1118,healthy_1118.jpg,healthy_1118.txt,matched
train,healthy_1120,healthy_1120.jpg,healthy_1120.txt,matched
train,healthy_1121,healthy_1121.jpg,healthy_1121.txt,matched
train,healthy_1122,healthy_1122.jpg,healthy_1122.txt,matched
train,healthy_1123,healthy_1123.jpg,healthy_1123.txt,matched
train,healthy_1124,healthy_1124.jpg,healthy_1124.txt,matched
train,healthy_1125,healthy_1125.jpg,healthy_1125.txt,matched
train,healthy_1126,healthy_1126.jpg,healthy_1126.txt,matched
train,healthy_1127,healthy_1127.jpg,healthy_1127.txt,matched
train,healthy_1128,healthy_1128.jpg,healthy_1128.txt,matched
train,healthy_1129,healthy_1129.jpg,healthy_1129.txt,matched
train,healthy_1130,healthy_1130.jpg,healthy_1130.txt,matched
train,healthy_1131,healthy_1131.jpg,healthy_1131.txt,matched
train,healthy_1132,healthy_1132.jpg,healthy_1132.txt,matched
train,healthy_1133,healthy_1133.jpg,healthy_1133.txt,matched
train,healthy_1134,healthy_1134.jpg,healthy_1134.txt,matched
train,healthy_1135,healthy_1135.jpg,healthy_1135.txt,matched
train,healthy_1136,healthy_1136.jpg,healthy_1136.txt,matched
train,healthy_1137,healthy_1137.jpg,healthy_1137.txt,matched
train,healthy_1139,healthy_1139.jpg,healthy_1139.txt,matched
train,healthy_1140,healthy_1140.jpg,healthy_1140.txt,matched
train,healthy_1143,healthy_1143.jpg,healthy_1143.txt,matched
train,healthy_1144,healthy_1144.jpg,healthy_1144.txt,matched
train,healthy_1145,healthy_1145.jpg,healthy_1145.txt,matched
train,healthy_1146,healthy_1146.jpg,healthy_1146.txt,matched
train,healthy_1148,healthy_1148.jpg,healthy_1148.txt,matched
train,healthy_1150,healthy_1150.jpg,healthy_1150.txt,matched
train,healthy_1151,healthy_1151.jpg,healthy_1151.txt,matched
train,healthy_1152,healthy_1152.jpg,healthy_1152.txt,matched
train,healthy_1153,healthy_1153.jpg,healthy_1153.txt,matched
train,healthy_1155,healthy_1155.jpg,healthy_1155.txt,matched
train,healthy_1156,healthy_1156.jpg,healthy_1156.txt,matched
train,healthy_1158,healthy_1158.jpg,healthy_1158.txt,matched
train,healthy_1159,healthy_1159.jpg,healthy_1159.txt,matched
train,healthy_1161,healthy_1161.jpg,healthy_1161.txt,matched
train,healthy_1162,healthy_1162.jpg,healthy_1162.txt,matched
train,healthy_1163,healthy_1163.jpg,healthy_1163.txt,matched
train,healthy_1164,healthy_1164.jpg,healthy_1164.txt,matched
train,healthy_1165,healthy_1165.jpg,healthy_1165.txt,matched
train,healthy_1166,healthy_1166.jpg,healthy_1166.txt,matched
train,healthy_1167,healthy_1167.jpg,healthy_1167.txt,matched
train,healthy_1169,healthy_1169.jpg,healthy_1169.txt,matched
train,healthy_1170,healthy_1170.jpg,healthy_1170.txt,matched
train,healthy_1174,healthy_1174.jpg,healthy_1174.txt,matched
train,healthy_1175,healthy_1175.jpg,healthy_1175.txt,matched
train,healthy_1176,healthy_1176.jpg,healthy_1176.txt,matched
train,healthy_1177,healthy_1177.jpg,healthy_1177.txt,matched
train,healthy_1180,healthy_1180.jpg,healthy_1180.txt,matched
train,healthy_1181,healthy_1181.jpg,healthy_1181.txt,matched
train,healthy_1183,healthy_1183.jpg,healthy_1183.txt,matched
train,healthy_1184,healthy_1184.jpg,healthy_1184.txt,matched
train,healthy_1185,healthy_1185.jpg,healthy_1185.txt,matched
train,healthy_1186,healthy_1186.jpg,healthy_1186.txt,matched
train,healthy_1189,healthy_1189.jpg,healthy_1189.txt,matched
train,healthy_1190,healthy_1190.jpg,healthy_1190.txt,matched
train,healthy_1191,healthy_1191.jpg,healthy_1191.txt,matched
train,healthy_1192,healthy_1192.jpg,healthy_1192.txt,matched
train,healthy_1193,healthy_1193.jpg,healthy_1193.txt,matched
train,healthy_1194,healthy_1194.jpg,healthy_1194.txt,matched
train,healthy_1196,healthy_1196.jpg,healthy_1196.txt,matched
train,healthy_1197,healthy_1197.jpg,healthy_1197.txt,matched
train,healthy_1198,healthy_1198.jpg,healthy_1198.txt,matched
train,healthy_1199,healthy_1199.jpg,healthy_1199.txt,matched
train,healthy_1200,healthy_1200.jpg,healthy_1200.txt,matched
train,healthy_1201,healthy_1201.jpg,healthy_1201.txt,matched
train,healthy_1202,healthy_1202.jpg,healthy_1202.txt,matched
train,healthy_1203,healthy_1203.jpg,healthy_1203.txt,matched
train,healthy_1204,healthy_1204.jpg,healthy_1204.txt,matched
train,healthy_1205,healthy_1205.jpg,healthy_1205.txt,matched
train,healthy_1207,healthy_1207.jpg,healthy_1207.txt,matched
train,healthy_1208,healthy_1208.jpg,healthy_1208.txt,matched
train,healthy_1210,healthy_1210.jpg,healthy_1210.txt,matched
train,healthy_1211,healthy_1211.jpg,healthy_1211.txt,matched
train,healthy_1212,healthy_1212.jpg,healthy_1212.txt,matched
train,healthy_1213,healthy_1213.jpg,healthy_1213.txt,matched
train,healthy_1215,healthy_1215.jpg,healthy_1215.txt,matched
train,healthy_1216,healthy_1216.jpg,healthy_1216.txt,matched
train,healthy_1217,healthy_1217.jpg,healthy_1217.txt,matched
train,healthy_1218,healthy_1218.jpg,healthy_1218.txt,matched
train,healthy_1219,healthy_1219.jpg,healthy_1219.txt,matched
train,healthy_1222,healthy_1222.jpg,healthy_1222.txt,matched
train,healthy_1223,healthy_1223.jpg,healthy_1223.txt,matched
train,healthy_1224,healthy_1224.jpg,healthy_1224.txt,matched
train,healthy_1225,healthy_1225.jpg,healthy_1225.txt,matched
train,healthy_1227,healthy_1227.jpg,healthy_1227.txt,matched
train,healthy_1229,healthy_1229.jpg,healthy_1229.txt,matched
train,healthy_1231,healthy_1231.jpg,healthy_1231.txt,matched
train,healthy_1232,healthy_1232.jpg,healthy_1232.txt,matched
train,healthy_1233,healthy_1233.jpg,healthy_1233.txt,matched
train,healthy_1234,healthy_1234.jpg,healthy_1234.txt,matched
train,healthy_1235,healthy_1235.jpg,healthy_1235.txt,matched
train,healthy_1236,healthy_1236.jpg,healthy_1236.txt,matched
train,healthy_1237,healthy_1237.jpg,healthy_1237.txt,matched
train,healthy_1238,healthy_1238.jpg,healthy_1238.txt,matched
train,healthy_1239,healthy_1239.jpg,healthy_1239.txt,matched
train,healthy_1240,healthy_1240.jpg,healthy_1240.txt,matched
train,healthy_1241,healthy_1241.jpg,healthy_1241.txt,matched
train,healthy_1243,healthy_1243.jpg,healthy_1243.txt,matched
train,healthy_1244,healthy_1244.jpg,healthy_1244.txt,matched
train,healthy_1245,healthy_1245.jpg,healthy_1245.txt,matched
train,healthy_1246,healthy_1246.jpg,healthy_1246.txt,matched
train,healthy_1247,healthy_1247.jpg,healthy_1247.txt,matched
train,healthy_1248,healthy_1248.jpg,healthy_1248.txt,matched
train,healthy_1249,healthy_1249.jpg,healthy_1249.txt,matched
train,healthy_1251,healthy_1251.jpg,healthy_1251.txt,matched
train,healthy_1253,healthy_1253.jpg,healthy_1253.txt,matched
train,healthy_1254,healthy_1254.jpg,healthy_1254.txt,matched
train,healthy_1256,healthy_1256.jpg,healthy_1256.txt,matched
train,healthy_1257,healthy_1257.jpg,healthy_1257.txt,matched
train,healthy_1259,healthy_1259.jpg,healthy_1259.txt,matched
train,healthy_1262,healthy_1262.jpg,healthy_1262.txt,matched
train,healthy_1264,healthy_1264.jpg,healthy_1264.txt,matched
train,healthy_1265,healthy_1265.jpg,healthy_1265.txt,matched
train,healthy_1266,healthy_1266.jpg,healthy_1266.txt,matched
train,healthy_1268,healthy_1268.jpg,healthy_1268.txt,matched
train,healthy_1270,healthy_1270.jpg,healthy_1270.txt,matched
train,healthy_1271,healthy_1271.jpg,healthy_1271.txt,matched
train,healthy_1272,healthy_1272.jpg,healthy_1272.txt,matched
train,healthy_1273,healthy_1273.jpg,healthy_1273.txt,matched
train,healthy_1276,healthy_1276.jpg,healthy_1276.txt,matched
train,healthy_1277,healthy_1277.jpg,healthy_1277.txt,matched
train,healthy_1280,healthy_1280.jpg,healthy_1280.txt,matched
train,healthy_1281,healthy_1281.jpg,healthy_1281.txt,matched
train,healthy_1282,healthy_1282.jpg,healthy_1282.txt,matched
train,healthy_1284,healthy_1284.jpg,healthy_1284.txt,matched
train,healthy_1285,healthy_1285.jpg,healthy_1285.txt,matched
train,healthy_1286,healthy_1286.jpg,healthy_1286.txt,matched
train,healthy_1287,healthy_1287.jpg,healthy_1287.txt,matched
train,healthy_1288,healthy_1288.jpg,healthy_1288.txt,matched
train,healthy_1291,healthy_1291.jpg,healthy_1291.txt,matched
train,healthy_1292,healthy_1292.jpg,healthy_1292.txt,matched
train,healthy_1294,healthy_1294.jpg,healthy_1294.txt,matched
train,healthy_1295,healthy_1295.jpg,healthy_1295.txt,matched
train,healthy_1296,healthy_1296.jpg,healthy_1296.txt,matched
train,healthy_1297,healthy_1297.jpg,healthy_1297.txt,matched
train,healthy_1298,healthy_1298.jpg,healthy_1298.txt,matched
train,healthy_1299,healthy_1299.jpg,healthy_1299.txt,matched
train,healthy_1303,healthy_1303.jpg,healthy_1303.txt,matched
train,healthy_1305,healthy_1305.jpg,healthy_1305.txt,matched
train,healthy_1306,healthy_1306.jpg,healthy_1306.txt,matched
train,healthy_1307,healthy_1307.jpg,healthy_1307.txt,matched
train,healthy_1310,healthy_1310.jpg,healthy_1310.txt,matched
train,healthy_1311,healthy_1311.jpg,healthy_1311.txt,matched
train,healthy_1314,healthy_1314.jpg,healthy_1314.txt,matched
train,healthy_1315,healthy_1315.jpg,healthy_1315.txt,matched
train,healthy_1316,healthy_1316.jpg,healthy_1316.txt,matched
train,healthy_1319,healthy_1319.jpg,healthy_1319.txt,matched
train,healthy_1320,healthy_1320.jpg,healthy_1320.txt,matched
train,healthy_1321,healthy_1321.jpg,healthy_1321.txt,matched
train,healthy_1322,healthy_1322.jpg,healthy_1322.txt,matched
train,healthy_1324,healthy_1324.jpg,healthy_1324.txt,matched
train,healthy_1329,healthy_1329.jpg,healthy_1329.txt,matched
train,healthy_1330,healthy_1330.jpg,healthy_1330.txt,matched
train,healthy_1331,healthy_1331.jpg,healthy_1331.txt,matched
train,healthy_1333,healthy_1333.jpg,healthy_1333.txt,matched
train,healthy_1334,healthy_1334.jpg,healthy_1334.txt,matched
train,healthy_1335,healthy_1335.jpg,healthy_1335.txt,matched
train,healthy_1336,healthy_1336.jpg,healthy_1336.txt,matched
train,healthy_1338,healthy_1338.jpg,healthy_1338.txt,matched
train,healthy_1339,healthy_1339.jpg,healthy_1339.txt,matched
train,healthy_1340,healthy_1340.jpg,healthy_1340.txt,matched
train,healthy_1341,healthy_1341.jpg,healthy_1341.txt,matched
train,healthy_1344,healthy_1344.jpg,healthy_1344.txt,matched
train,healthy_1345,healthy_1345.jpg,healthy_1345.txt,matched
train,healthy_1346,healthy_1346.jpg,healthy_1346.txt,matched
train,healthy_1347,healthy_1347.jpg,healthy_1347.txt,matched
train,healthy_1348,healthy_1348.jpg,healthy_1348.txt,matched
train,healthy_1349,healthy_1349.jpg,healthy_1349.txt,matched
train,healthy_1350,healthy_1350.jpg,healthy_1350.txt,matched
train,healthy_1351,healthy_1351.jpg,healthy_1351.txt,matched
train,healthy_1353,healthy_1353.jpg,healthy_1353.txt,matched
train,healthy_1354,healthy_1354.jpg,healthy_1354.txt,matched
train,healthy_1356,healthy_1356.jpg,healthy_1356.txt,matched
train,healthy_1357,healthy_1357.jpg,healthy_1357.txt,matched
train,healthy_1359,healthy_1359.jpg,healthy_1359.txt,matched
train,healthy_1361,healthy_1361.jpg,healthy_1361.txt,matched
train,healthy_1362,healthy_1362.jpg,healthy_1362.txt,matched
train,healthy_1364,healthy_1364.jpg,healthy_1364.txt,matched
train,healthy_1365,healthy_1365.jpg,healthy_1365.txt,matched
train,healthy_1366,healthy_1366.jpg,healthy_1366.txt,matched
train,healthy_1367,healthy_1367.jpg,healthy_1367.txt,matched
train,healthy_1368,healthy_1368.jpg,healthy_1368.txt,matched
train,healthy_1369,healthy_1369.jpg,healthy_1369.txt,matched
train,healthy_1370,healthy_1370.jpg,healthy_1370.txt,matched
train,healthy_1372,healthy_1372.jpg,healthy_1372.txt,matched
train,healthy_1373,healthy_1373.jpg,healthy_1373.txt,matched
train,healthy_1375,healthy_1375.jpg,healthy_1375.txt,matched
train,healthy_1376,healthy_1376.jpg,healthy_1376.txt,matched
train,healthy_1381,healthy_1381.jpg,healthy_1381.txt,matched
train,healthy_1383,healthy_1383.jpg,healthy_1383.txt,matched
train,healthy_1384,healthy_1384.jpg,healthy_1384.txt,matched
train,healthy_1386,healthy_1386.jpg,healthy_1386.txt,matched
train,healthy_1387,healthy_1387.jpg,healthy_1387.txt,matched
train,healthy_1388,healthy_1388.jpg,healthy_1388.txt,matched
train,healthy_1391,healthy_1391.jpg,healthy_1391.txt,matched
train,healthy_1392,healthy_1392.jpg,healthy_1392.txt,matched
train,healthy_1393,healthy_1393.jpg,healthy_1393.txt,matched
train,healthy_1395,healthy_1395.jpg,healthy_1395.txt,matched
train,healthy_1396,healthy_1396.jpg,healthy_1396.txt,matched
train,healthy_1397,healthy_1397.jpg,healthy_1397.txt,matched
train,healthy_1400,healthy_1400.jpg,healthy_1400.txt,matched
train,healthy_1403,healthy_1403.jpg,healthy_1403.txt,matched
train,healthy_1406,healthy_1406.jpg,healthy_1406.txt,matched
train,healthy_1408,healthy_1408.jpg,healthy_1408.txt,matched
train,healthy_1409,healthy_1409.jpg,healthy_1409.txt,matched
train,unhealthy_0001,unhealthy_0001.jpg,unhealthy_0001.txt,matched
train,unhealthy_0002,unhealthy_0002.jpg,unhealthy_0002.txt,matched
train,unhealthy_0003,unhealthy_0003.jpg,unhealthy_0003.txt,matched
train,unhealthy_0004,unhealthy_0004.jpg,unhealthy_0004.txt,matched
train,unhealthy_0005,unhealthy_0005.jpg,unhealthy_0005.txt,matched
train,unhealthy_0006,unhealthy_0006.jpg,unhealthy_0006.txt,matched
train,unhealthy_0007,unhealthy_0007.jpg,unhealthy_0007.txt,matched
train,unhealthy_0008,unhealthy_0008.jpg,unhealthy_0008.txt,matched
train,unhealthy_0009,unhealthy_0009.jpg,unhealthy_0009.txt,matched
train,unhealthy_0010,unhealthy_0010.jpg,unhealthy_0010.txt,matched
train,unhealthy_0011,unhealthy_0011.jpg,unhealthy_0011.txt,matched
train,unhealthy_0012,unhealthy_0012.jpg,unhealthy_0012.txt,matched
train,unhealthy_0013,unhealthy_0013.jpg,unhealthy_0013.txt,matched
train,unhealthy_0014,unhealthy_0014.jpg,unhealthy_0014.txt,matched
train,unhealthy_0015,unhealthy_0015.jpg,unhealthy_0015.txt,matched
train,unhealthy_0016,unhealthy_0016.jpg,unhealthy_0016.txt,matched
train,unhealthy_0017,unhealthy_0017.jpg,unhealthy_0017.txt,matched
train,unhealthy_0018,unhealthy_0018.jpg,unhealthy_0018.txt,matched
train,unhealthy_0019,unhealthy_0019.jpg,unhealthy_0019.txt,matched
train,unhealthy_0020,unhealthy_0020.jpg,unhealthy_0020.txt,matched
train,unhealthy_0021,unhealthy_0021.jpg,unhealthy_0021.txt,matched
train,unhealthy_0022,unhealthy_0022.jpg,unhealthy_0022.txt,matched
train,unhealthy_0023,unhealthy_0023.jpg,unhealthy_0023.txt,matched
train,unhealthy_0024,unhealthy_0024.jpg,unhealthy_0024.txt,matched
train,unhealthy_0025,unhealthy_0025.jpg,unhealthy_0025.txt,matched
train,unhealthy_0026,unhealthy_0026.jpg,unhealthy_0026.txt,matched
train,unhealthy_0027,unhealthy_0027.jpg,unhealthy_0027.txt,matched
train,unhealthy_0028,unhealthy_0028.jpg,unhealthy_0028.txt,matched
train,unhealthy_0029,unhealthy_0029.jpg,unhealthy_0029.txt,matched
train,unhealthy_0030,unhealthy_0030.jpg,unhealthy_0030.txt,matched
train,unhealthy_0031,unhealthy_0031.jpg,unhealthy_0031.txt,matched
train,unhealthy_0032,unhealthy_0032.jpg,unhealthy_0032.txt,matched
train,unhealthy_0033,unhealthy_0033.jpg,unhealthy_0033.txt,matched
train,unhealthy_0034,unhealthy_0034.jpg,unhealthy_0034.txt,matched
train,unhealthy_0035,unhealthy_0035.jpg,unhealthy_0035.txt,matched
train,unhealthy_0036,unhealthy_0036.jpg,unhealthy_0036.txt,matched
train,unhealthy_0037,unhealthy_0037.jpg,unhealthy_0037.txt,matched
train,unhealthy_0038,unhealthy_0038.jpg,unhealthy_0038.txt,matched
train,unhealthy_0039,unhealthy_0039.jpg,unhealthy_0039.txt,matched
train,unhealthy_0040,unhealthy_0040.jpg,unhealthy_0040.txt,matched
train,unhealthy_0041,unhealthy_0041.jpg,unhealthy_0041.txt,matched
train,unhealthy_0042,unhealthy_0042.jpg,unhealthy_0042.txt,matched
train,unhealthy_0043,unhealthy_0043.jpg,unhealthy_0043.txt,matched
train,unhealthy_0044,unhealthy_0044.jpg,unhealthy_0044.txt,matched
train,unhealthy_0045,unhealthy_0045.jpg,unhealthy_0045.txt,matched
train,unhealthy_0046,unhealthy_0046.jpg,unhealthy_0046.txt,matched
train,unhealthy_0047,unhealthy_0047.jpg,unhealthy_0047.txt,matched
train,unhealthy_0048,unhealthy_0048.jpg,unhealthy_0048.txt,matched
train,unhealthy_0049,unhealthy_0049.jpg,unhealthy_0049.txt,matched
train,unhealthy_0050,unhealthy_0050.jpg,unhealthy_0050.txt,matched
train,unhealthy_0051,unhealthy_0051.jpg,unhealthy_0051.txt,matched
train,unhealthy_0052,unhealthy_0052.jpg,unhealthy_0052.txt,matched
train,unhealthy_0053,unhealthy_0053.jpg,unhealthy_0053.txt,matched
train,unhealthy_0054,unhealthy_0054.jpg,unhealthy_0054.txt,matched
train,unhealthy_0055,unhealthy_0055.jpg,unhealthy_0055.txt,matched
train,unhealthy_0056,unhealthy_0056.jpg,unhealthy_0056.txt,matched
train,unhealthy_0057,unhealthy_0057.jpg,unhealthy_0057.txt,matched
train,unhealthy_0058,unhealthy_0058.jpg,unhealthy_0058.txt,matched
train,unhealthy_0059,unhealthy_0059.jpg,unhealthy_0059.txt,matched
train,unhealthy_0060,unhealthy_0060.jpg,unhealthy_0060.txt,matched
train,unhealthy_0061,unhealthy_0061.jpg,unhealthy_0061.txt,matched
train,unhealthy_0062,unhealthy_0062.jpg,unhealthy_0062.txt,matched
train,unhealthy_0063,unhealthy_0063.jpg,unhealthy_0063.txt,matched
train,unhealthy_0064,unhealthy_0064.jpg,unhealthy_0064.txt,matched
train,unhealthy_0065,unhealthy_0065.jpg,unhealthy_0065.txt,matched
train,unhealthy_0066,unhealthy_0066.jpg,unhealthy_0066.txt,matched
train,unhealthy_0067,unhealthy_0067.jpg,unhealthy_0067.txt,matched
train,unhealthy_0068,unhealthy_0068.jpg,unhealthy_0068.txt,matched
train,unhealthy_0069,unhealthy_0069.jpg,unhealthy_0069.txt,matched
train,unhealthy_0070,unhealthy_0070.jpg,unhealthy_0070.txt,matched
train,unhealthy_0071,unhealthy_0071.jpg,unhealthy_0071.txt,matched
train,unhealthy_0072,unhealthy_0072.jpg,unhealthy_0072.txt,matched
train,unhealthy_0073,unhealthy_0073.jpg,unhealthy_0073.txt,matched
train,unhealthy_0074,unhealthy_0074.jpg,unhealthy_0074.txt,matched
train,unhealthy_0075,unhealthy_0075.jpg,unhealthy_0075.txt,matched
train,unhealthy_0076,unhealthy_0076.jpg,unhealthy_0076.txt,matched
train,unhealthy_0077,unhealthy_0077.jpg,unhealthy_0077.txt,matched
train,unhealthy_0078,unhealthy_0078.jpg,unhealthy_0078.txt,matched
train,unhealthy_0079,unhealthy_0079.jpg,unhealthy_0079.txt,matched
train,unhealthy_0080,unhealthy_0080.jpg,unhealthy_0080.txt,matched
train,unhealthy_0081,unhealthy_0081.jpg,unhealthy_0081.txt,matched
train,unhealthy_0082,unhealthy_0082.jpg,unhealthy_0082.txt,matched
train,unhealthy_0083,unhealthy_0083.jpg,unhealthy_0083.txt,matched
train,unhealthy_0084,unhealthy_0084.jpg,unhealthy_0084.txt,matched
train,unhealthy_0085,unhealthy_0085.jpg,unhealthy_0085.txt,matched
train,unhealthy_0086,unhealthy_0086.jpg,unhealthy_0086.txt,matched
train,unhealthy_0087,unhealthy_0087.jpg,unhealthy_0087.txt,matched
train,unhealthy_0088,unhealthy_0088.jpg,unhealthy_0088.txt,matched
train,unhealthy_0089,unhealthy_0089.jpg,unhealthy_0089.txt,matched
train,unhealthy_0090,unhealthy_0090.jpg,unhealthy_0090.txt,matched
train,unhealthy_0091,unhealthy_0091.jpg,unhealthy_0091.txt,matched
train,unhealthy_0092,unhealthy_0092.jpg,unhealthy_0092.txt,matched
train,unhealthy_0093,unhealthy_0093.jpg,unhealthy_0093.txt,matched
train,unhealthy_0094,unhealthy_0094.jpg,unhealthy_0094.txt,matched
train,unhealthy_0095,unhealthy_0095.jpg,unhealthy_0095.txt,matched
train,unhealthy_0096,unhealthy_0096.jpg,unhealthy_0096.txt,matched
train,unhealthy_0097,unhealthy_0097.jpg,unhealthy_0097.txt,matched
train,unhealthy_0098,unhealthy_0098.jpg,unhealthy_0098.txt,matched
train,unhealthy_0099,unhealthy_0099.jpg,unhealthy_0099.txt,matched
train,unhealthy_0100,unhealthy_0100.jpg,unhealthy_0100.txt,matched
train,unhealthy_0101,unhealthy_0101.jpg,unhealthy_0101.txt,matched
train,unhealthy_0102,unhealthy_0102.jpg,unhealthy_0102.txt,matched
train,unhealthy_0103,unhealthy_0103.jpg,unhealthy_0103.txt,matched
train,unhealthy_0104,unhealthy_0104.jpg,unhealthy_0104.txt,matched
train,unhealthy_0105,unhealthy_0105.jpg,unhealthy_0105.txt,matched
train,unhealthy_0106,unhealthy_0106.jpg,unhealthy_0106.txt,matched
train,unhealthy_0107,unhealthy_0107.jpg,unhealthy_0107.txt,matched
train,unhealthy_0108,unhealthy_0108.jpg,unhealthy_0108.txt,matched
train,unhealthy_0109,unhealthy_0109.jpg,unhealthy_0109.txt,matched
train,unhealthy_0110,unhealthy_0110.jpg,unhealthy_0110.txt,matched
train,unhealthy_0111,unhealthy_0111.jpg,unhealthy_0111.txt,matched
train,unhealthy_0112,unhealthy_0112.jpg,unhealthy_0112.txt,matched
train,unhealthy_0113,unhealthy_0113.jpg,unhealthy_0113.txt,matched
train,unhealthy_0114,unhealthy_0114.jpg,unhealthy_0114.txt,matched
train,unhealthy_0115,unhealthy_0115.jpg,unhealthy_0115.txt,matched
train,unhealthy_0116,unhealthy_0116.jpg,unhealthy_0116.txt,matched
train,unhealthy_0117,unhealthy_0117.jpg,unhealthy_0117.txt,matched
train,unhealthy_0118,unhealthy_0118.jpg,unhealthy_0118.txt,matched
train,unhealthy_0119,unhealthy_0119.jpg,unhealthy_0119.txt,matched
train,unhealthy_0120,unhealthy_0120.jpg,unhealthy_0120.txt,matched
train,unhealthy_0121,unhealthy_0121.jpg,unhealthy_0121.txt,matched
train,unhealthy_0122,unhealthy_0122.jpg,unhealthy_0122.txt,matched
train,unhealthy_0123,unhealthy_0123.jpg,unhealthy_0123.txt,matched
train,unhealthy_0124,unhealthy_0124.jpg,unhealthy_0124.txt,matched
train,unhealthy_0125,unhealthy_0125.jpg,unhealthy_0125.txt,matched
train,unhealthy_0126,unhealthy_0126.jpg,unhealthy_0126.txt,matched
train,unhealthy_0127,unhealthy_0127.jpg,unhealthy_0127.txt,matched
train,unhealthy_0128,unhealthy_0128.jpg,unhealthy_0128.txt,matched
train,unhealthy_0129,unhealthy_0129.jpg,unhealthy_0129.txt,matched
train,unhealthy_0130,unhealthy_0130.jpg,unhealthy_0130.txt,matched
train,unhealthy_0131,unhealthy_0131.jpg,unhealthy_0131.txt,matched
train,unhealthy_0132,unhealthy_0132.jpg,unhealthy_0132.txt,matched
train,unhealthy_0133,unhealthy_0133.jpg,unhealthy_0133.txt,matched
train,unhealthy_0134,unhealthy_0134.jpg,unhealthy_0134.txt,matched
train,unhealthy_0135,unhealthy_0135.jpg,unhealthy_0135.txt,matched
train,unhealthy_0136,unhealthy_0136.jpg,unhealthy_0136.txt,matched
train,unhealthy_0137,unhealthy_0137.jpg,unhealthy_0137.txt,matched
train,unhealthy_0138,unhealthy_0138.jpg,unhealthy_0138.txt,matched
train,unhealthy_0139,unhealthy_0139.jpg,unhealthy_0139.txt,matched
train,unhealthy_0140,unhealthy_0140.jpg,unhealthy_0140.txt,matched
train,unhealthy_0141,unhealthy_0141.jpg,unhealthy_0141.txt,matched
train,unhealthy_0142,unhealthy_0142.jpg,unhealthy_0142.txt,matched
train,unhealthy_0143,unhealthy_0143.jpg,unhealthy_0143.txt,matched
train,unhealthy_0144,unhealthy_0144.jpg,unhealthy_0144.txt,matched
train,unhealthy_0145,unhealthy_0145.jpg,unhealthy_0145.txt,matched
train,unhealthy_0146,unhealthy_0146.jpg,unhealthy_0146.txt,matched
train,unhealthy_0147,unhealthy_0147.jpg,unhealthy_0147.txt,matched
train,unhealthy_0148,unhealthy_0148.jpg,unhealthy_0148.txt,matched
train,unhealthy_0149,unhealthy_0149.jpg,unhealthy_0149.txt,matched
train,unhealthy_0150,unhealthy_0150.jpg,unhealthy_0150.txt,matched
train,unhealthy_0151,unhealthy_0151.jpg,unhealthy_0151.txt,matched
train,unhealthy_0152,unhealthy_0152.jpg,unhealthy_0152.txt,matched
train,unhealthy_0153,unhealthy_0153.jpg,unhealthy_0153.txt,matched
train,unhealthy_0154,unhealthy_0154.jpg,unhealthy_0154.txt,matched
train,unhealthy_0155,unhealthy_0155.jpg,unhealthy_0155.txt,matched
train,unhealthy_0156,unhealthy_0156.jpg,unhealthy_0156.txt,matched
train,unhealthy_0157,unhealthy_0157.jpg,unhealthy_0157.txt,matched
train,unhealthy_0158,unhealthy_0158.jpg,unhealthy_0158.txt,matched
train,unhealthy_0159,unhealthy_0159.jpg,unhealthy_0159.txt,matched
train,unhealthy_0160,unhealthy_0160.jpg,unhealthy_0160.txt,matched
train,unhealthy_0161,unhealthy_0161.jpg,unhealthy_0161.txt,matched
train,unhealthy_0162,unhealthy_0162.jpg,unhealthy_0162.txt,matched
train,unhealthy_0163,unhealthy_0163.jpg,unhealthy_0163.txt,matched
train,unhealthy_0164,unhealthy_0164.jpg,unhealthy_0164.txt,matched
train,unhealthy_0165,unhealthy_0165.jpg,unhealthy_0165.txt,matched
train,unhealthy_0166,unhealthy_0166.jpg,unhealthy_0166.txt,matched
train,unhealthy_0167,unhealthy_0167.jpg,unhealthy_0167.txt,matched
train,unhealthy_0168,unhealthy_0168.jpg,unhealthy_0168.txt,matched
train,unhealthy_0169,unhealthy_0169.jpg,unhealthy_0169.txt,matched
train,unhealthy_0170,unhealthy_0170.jpg,unhealthy_0170.txt,matched
train,unhealthy_0171,unhealthy_0171.jpg,unhealthy_0171.txt,matched
train,unhealthy_0172,unhealthy_0172.jpg,unhealthy_0172.txt,matched
train,unhealthy_0173,unhealthy_0173.jpg,unhealthy_0173.txt,matched
train,unhealthy_0174,unhealthy_0174.jpg,unhealthy_0174.txt,matched
train,unhealthy_0175,unhealthy_0175.jpg,unhealthy_0175.txt,matched
train,unhealthy_0176,unhealthy_0176.jpg,unhealthy_0176.txt,matched
train,unhealthy_0177,unhealthy_0177.jpg,unhealthy_0177.txt,matched
train,unhealthy_0178,unhealthy_0178.jpg,unhealthy_0178.txt,matched
train,unhealthy_0179,unhealthy_0179.jpg,unhealthy_0179.txt,matched
train,unhealthy_0180,unhealthy_0180.jpg,unhealthy_0180.txt,matched
train,unhealthy_0181,unhealthy_0181.jpg,unhealthy_0181.txt,matched
train,unhealthy_0182,unhealthy_0182.jpg,unhealthy_0182.txt,matched
train,unhealthy_0183,unhealthy_0183.jpg,unhealthy_0183.txt,matched
train,unhealthy_0184,unhealthy_0184.jpg,unhealthy_0184.txt,matched
train,unhealthy_0185,unhealthy_0185.jpg,unhealthy_0185.txt,matched
train,unhealthy_0186,unhealthy_0186.jpg,unhealthy_0186.txt,matched
train,unhealthy_0187,unhealthy_0187.jpg,unhealthy_0187.txt,matched
train,unhealthy_0188,unhealthy_0188.jpg,unhealthy_0188.txt,matched
train,unhealthy_0189,unhealthy_0189.jpg,unhealthy_0189.txt,matched
train,unhealthy_0190,unhealthy_0190.jpg,unhealthy_0190.txt,matched
train,unhealthy_0191,unhealthy_0191.jpg,unhealthy_0191.txt,matched
train,unhealthy_0192,unhealthy_0192.jpg,unhealthy_0192.txt,matched
train,unhealthy_0193,unhealthy_0193.jpg,unhealthy_0193.txt,matched
train,unhealthy_0194,unhealthy_0194.jpg,unhealthy_0194.txt,matched
train,unhealthy_0195,unhealthy_0195.jpg,unhealthy_0195.txt,matched
train,unhealthy_0196,unhealthy_0196.jpg,unhealthy_0196.txt,matched
train,unhealthy_0197,unhealthy_0197.jpg,unhealthy_0197.txt,matched
train,unhealthy_0198,unhealthy_0198.jpg,unhealthy_0198.txt,matched
train,unhealthy_0199,unhealthy_0199.jpg,unhealthy_0199.txt,matched
train,unhealthy_0200,unhealthy_0200.jpg,unhealthy_0200.txt,matched
train,unhealthy_0201,unhealthy_0201.jpg,unhealthy_0201.txt,matched
train,unhealthy_0202,unhealthy_0202.jpg,unhealthy_0202.txt,matched
train,unhealthy_0203,unhealthy_0203.jpg,unhealthy_0203.txt,matched
train,unhealthy_0204,unhealthy_0204.jpg,unhealthy_0204.txt,matched
train,unhealthy_0205,unhealthy_0205.jpg,unhealthy_0205.txt,matched
train,unhealthy_0206,unhealthy_0206.jpg,unhealthy_0206.txt,matched
train,unhealthy_0207,unhealthy_0207.jpg,unhealthy_0207.txt,matched
train,unhealthy_0208,unhealthy_0208.jpg,unhealthy_0208.txt,matched
train,unhealthy_0209,unhealthy_0209.jpg,unhealthy_0209.txt,matched
train,unhealthy_0210,unhealthy_0210.jpg,unhealthy_0210.txt,matched
train,unhealthy_0211,unhealthy_0211.jpg,unhealthy_0211.txt,matched
train,unhealthy_0212,unhealthy_0212.jpg,unhealthy_0212.txt,matched
train,unhealthy_0213,unhealthy_0213.jpg,unhealthy_0213.txt,matched
train,unhealthy_0214,unhealthy_0214.jpg,unhealthy_0214.txt,matched
train,unhealthy_0215,unhealthy_0215.jpg,unhealthy_0215.txt,matched
train,unhealthy_0216,unhealthy_0216.jpg,unhealthy_0216.txt,matched
train,unhealthy_0217,unhealthy_0217.jpg,unhealthy_0217.txt,matched
train,unhealthy_0218,unhealthy_0218.jpg,unhealthy_0218.txt,matched
train,unhealthy_0219,unhealthy_0219.jpg,unhealthy_0219.txt,matched
train,unhealthy_0220,unhealthy_0220.jpg,unhealthy_0220.txt,matched
train,unhealthy_0221,unhealthy_0221.jpg,unhealthy_0221.txt,matched
train,unhealthy_0222,unhealthy_0222.jpg,unhealthy_0222.txt,matched
train,unhealthy_0223,unhealthy_0223.jpg,unhealthy_0223.txt,matched
train,unhealthy_0224,unhealthy_0224.jpg,unhealthy_0224.txt,matched
train,unhealthy_0225,unhealthy_0225.jpg,unhealthy_0225.txt,matched
train,unhealthy_0226,unhealthy_0226.jpg,unhealthy_0226.txt,matched
train,unhealthy_0227,unhealthy_0227.jpg,unhealthy_0227.txt,matched
train,unhealthy_0228,unhealthy_0228.jpg,unhealthy_0228.txt,matched
train,unhealthy_0229,unhealthy_0229.jpg,unhealthy_0229.txt,matched
train,unhealthy_0230,unhealthy_0230.jpg,unhealthy_0230.txt,matched
train,unhealthy_0231,unhealthy_0231.jpg,unhealthy_0231.txt,matched
train,unhealthy_0232,unhealthy_0232.jpg,unhealthy_0232.txt,matched
train,unhealthy_0233,unhealthy_0233.jpg,unhealthy_0233.txt,matched
train,unhealthy_0234,unhealthy_0234.jpg,unhealthy_0234.txt,matched
train,unhealthy_0235,unhealthy_0235.jpg,unhealthy_0235.txt,matched
train,unhealthy_0236,unhealthy_0236.jpg,unhealthy_0236.txt,matched
train,unhealthy_0237,unhealthy_0237.jpg,unhealthy_0237.txt,matched
train,unhealthy_0238,unhealthy_0238.jpg,unhealthy_0238.txt,matched
train,unhealthy_0239,unhealthy_0239.jpg,unhealthy_0239.txt,matched
train,unhealthy_0240,unhealthy_0240.jpg,unhealthy_0240.txt,matched
train,unhealthy_0241,unhealthy_0241.jpg,unhealthy_0241.txt,matched
train,unhealthy_0242,unhealthy_0242.jpg,unhealthy_0242.txt,matched
train,unhealthy_0243,unhealthy_0243.jpg,unhealthy_0243.txt,matched
train,unhealthy_0244,unhealthy_0244.jpg,unhealthy_0244.txt,matched
train,unhealthy_0245,unhealthy_0245.jpg,unhealthy_0245.txt,matched
train,unhealthy_0246,unhealthy_0246.jpg,unhealthy_0246.txt,matched
train,unhealthy_0247,unhealthy_0247.jpg,unhealthy_0247.txt,matched
train,unhealthy_0248,unhealthy_0248.jpg,unhealthy_0248.txt,matched
train,unhealthy_0249,unhealthy_0249.jpg,unhealthy_0249.txt,matched
train,unhealthy_0250,unhealthy_0250.jpg,unhealthy_0250.txt,matched
train,unhealthy_0251,unhealthy_0251.jpg,unhealthy_0251.txt,matched
train,unhealthy_0361,unhealthy_0361.jpg,unhealthy_0361.txt,matched
train,unhealthy_0362,unhealthy_0362.jpg,unhealthy_0362.txt,matched
train,unhealthy_0363,unhealthy_0363.jpg,unhealthy_0363.txt,matched
train,unhealthy_0364,unhealthy_0364.jpg,unhealthy_0364.txt,matched
train,unhealthy_0365,unhealthy_0365.jpg,unhealthy_0365.txt,matched
train,unhealthy_0366,unhealthy_0366.jpg,unhealthy_0366.txt,matched
train,unhealthy_0367,unhealthy_0367.jpg,unhealthy_0367.txt,matched
train,unhealthy_0368,unhealthy_0368.jpg,unhealthy_0368.txt,matched
train,unhealthy_0369,unhealthy_0369.jpg,unhealthy_0369.txt,matched
train,unhealthy_0370,unhealthy_0370.jpg,unhealthy_0370.txt,matched
train,unhealthy_0371,unhealthy_0371.jpg,unhealthy_0371.txt,matched
train,unhealthy_0372,unhealthy_0372.jpg,unhealthy_0372.txt,matched
train,unhealthy_0373,unhealthy_0373.jpg,unhealthy_0373.txt,matched
train,unhealthy_0374,unhealthy_0374.jpg,unhealthy_0374.txt,matched
train,unhealthy_0375,unhealthy_0375.jpg,unhealthy_0375.txt,matched
train,unhealthy_0376,unhealthy_0376.jpg,unhealthy_0376.txt,matched
train,unhealthy_0377,unhealthy_0377.jpg,unhealthy_0377.txt,matched
train,unhealthy_0378,unhealthy_0378.jpg,unhealthy_0378.txt,matched
train,unhealthy_0379,unhealthy_0379.jpg,unhealthy_0379.txt,matched
train,unhealthy_0380,unhealthy_0380.jpg,unhealthy_0380.txt,matched
train,unhealthy_0381,unhealthy_0381.jpg,unhealthy_0381.txt,matched
train,unhealthy_0382,unhealthy_0382.jpg,unhealthy_0382.txt,matched
train,unhealthy_0383,unhealthy_0383.jpg,unhealthy_0383.txt,matched
train,unhealthy_0384,unhealthy_0384.jpg,unhealthy_0384.txt,matched
train,unhealthy_0385,unhealthy_0385.jpg,unhealthy_0385.txt,matched
train,unhealthy_0386,unhealthy_0386.jpg,unhealthy_0386.txt,matched
train,unhealthy_0387,unhealthy_0387.jpg,unhealthy_0387.txt,matched
train,unhealthy_0388,unhealthy_0388.jpg,unhealthy_0388.txt,matched
train,unhealthy_0389,unhealthy_0389.jpg,unhealthy_0389.txt,matched
train,unhealthy_0390,unhealthy_0390.jpg,unhealthy_0390.txt,matched
train,unhealthy_0391,unhealthy_0391.jpg,unhealthy_0391.txt,matched
train,unhealthy_0392,unhealthy_0392.jpg,unhealthy_0392.txt,matched
train,unhealthy_0393,unhealthy_0393.jpg,unhealthy_0393.txt,matched
train,unhealthy_0394,unhealthy_0394.jpg,unhealthy_0394.txt,matched
train,unhealthy_0395,unhealthy_0395.jpg,unhealthy_0395.txt,matched
train,unhealthy_0396,unhealthy_0396.jpg,unhealthy_0396.txt,matched
train,unhealthy_0397,unhealthy_0397.jpg,unhealthy_0397.txt,matched
train,unhealthy_0398,unhealthy_0398.jpg,unhealthy_0398.txt,matched
train,unhealthy_0399,unhealthy_0399.jpg,unhealthy_0399.txt,matched
train,unhealthy_0400,unhealthy_0400.jpg,unhealthy_0400.txt,matched
train,unhealthy_0401,unhealthy_0401.jpg,unhealthy_0401.txt,matched
train,unhealthy_0402,unhealthy_0402.jpg,unhealthy_0402.txt,matched
train,unhealthy_0403,unhealthy_0403.jpg,unhealthy_0403.txt,matched
train,unhealthy_0404,unhealthy_0404.jpg,unhealthy_0404.txt,matched
train,unhealthy_0405,unhealthy_0405.jpg,unhealthy_0405.txt,matched
train,unhealthy_0406,unhealthy_0406.jpg,unhealthy_0406.txt,matched
train,unhealthy_0407,unhealthy_0407.jpg,unhealthy_0407.txt,matched
train,unhealthy_0408,unhealthy_0408.jpg,unhealthy_0408.txt,matched
train,unhealthy_0409,unhealthy_0409.jpg,unhealthy_0409.txt,matched
train,unhealthy_0410,unhealthy_0410.jpg,unhealthy_0410.txt,matched
train,unhealthy_0411,unhealthy_0411.jpg,unhealthy_0411.txt,matched
train,unhealthy_0412,unhealthy_0412.jpg,unhealthy_0412.txt,matched
train,unhealthy_0413,unhealthy_0413.jpg,unhealthy_0413.txt,matched
train,unhealthy_0414,unhealthy_0414.jpg,unhealthy_0414.txt,matched
train,unhealthy_0415,unhealthy_0415.jpg,unhealthy_0415.txt,matched
train,unhealthy_0416,unhealthy_0416.jpg,unhealthy_0416.txt,matched
train,unhealthy_0417,unhealthy_0417.jpg,unhealthy_0417.txt,matched
train,unhealthy_0418,unhealthy_0418.jpg,unhealthy_0418.txt,matched
train,unhealthy_0419,unhealthy_0419.jpg,unhealthy_0419.txt,matched
train,unhealthy_0420,unhealthy_0420.jpg,unhealthy_0420.txt,matched
train,unhealthy_0421,unhealthy_0421.jpg,unhealthy_0421.txt,matched
train,unhealthy_0422,unhealthy_0422.jpg,unhealthy_0422.txt,matched
train,unhealthy_0452,unhealthy_0452.jpg,,missing_label
train,unhealthy_0453,unhealthy_0453.jpg,,missing_label
train,unhealthy_0455,unhealthy_0455.jpg,,missing_label
train,unhealthy_0456,unhealthy_0456.jpg,,missing_label
train,unhealthy_0457,unhealthy_0457.jpg,,missing_label
train,unhealthy_0458,unhealthy_0458.jpg,,missing_label
train,unhealthy_0459,unhealthy_0459.jpg,,missing_label
train,unhealthy_0460,unhealthy_0460.jpg,,missing_label
train,unhealthy_0461,unhealthy_0461.jpg,,missing_label
train,unhealthy_0462,unhealthy_0462.jpg,,missing_label
train,unhealthy_0464,unhealthy_0464.jpg,,missing_label
train,unhealthy_0467,unhealthy_0467.jpg,,missing_label
train,unhealthy_0468,unhealthy_0468.jpg,,missing_label
train,unhealthy_0469,unhealthy_0469.jpg,,missing_label
train,unhealthy_0471,unhealthy_0471.jpg,,missing_label
train,unhealthy_0472,unhealthy_0472.jpg,,missing_label
train,unhealthy_0473,unhealthy_0473.jpg,,missing_label
train,unhealthy_0475,unhealthy_0475.jpg,,missing_label
train,unhealthy_0477,unhealthy_0477.jpg,,missing_label
train,unhealthy_0479,unhealthy_0479.jpg,,missing_label
train,unhealthy_0480,unhealthy_0480.jpg,,missing_label
train,unhealthy_0481,unhealthy_0481.jpg,,missing_label
train,unhealthy_0482,unhealthy_0482.jpg,,missing_label
train,unhealthy_0483,unhealthy_0483.jpg,,missing_label
train,unhealthy_0484,unhealthy_0484.jpg,,missing_label
train,unhealthy_0485,unhealthy_0485.jpg,,missing_label
train,unhealthy_0487,unhealthy_0487.jpg,,missing_label
train,unhealthy_0488,unhealthy_0488.jpg,,missing_label
train,unhealthy_0489,unhealthy_0489.jpg,,missing_label
train,unhealthy_0491,unhealthy_0491.jpg,,missing_label
train,unhealthy_0492,unhealthy_0492.jpg,,missing_label
train,unhealthy_0494,unhealthy_0494.jpg,,missing_label
train,unhealthy_0495,unhealthy_0495.jpg,,missing_label
train,unhealthy_0496,unhealthy_0496.jpg,,missing_label
train,unhealthy_0498,unhealthy_0498.jpg,,missing_label
train,unhealthy_0501,unhealthy_0501.jpg,,missing_label
train,unhealthy_0502,unhealthy_0502.jpg,,missing_label
train,unhealthy_0503,unhealthy_0503.jpg,,missing_label
train,unhealthy_0504,unhealthy_0504.jpg,,missing_label
train,unhealthy_0507,unhealthy_0507.jpg,,missing_label
train,unhealthy_0508,unhealthy_0508.jpg,,missing_label
train,unhealthy_0509,unhealthy_0509.jpg,,missing_label
train,unhealthy_0510,unhealthy_0510.jpg,,missing_label
train,unhealthy_0512,unhealthy_0512.jpg,,missing_label
train,unhealthy_0513,unhealthy_0513.jpg,,missing_label
train,unhealthy_0515,unhealthy_0515.jpg,,missing_label
train,unhealthy_0516,unhealthy_0516.jpg,,missing_label
train,unhealthy_0517,unhealthy_0517.jpg,,missing_label
train,unhealthy_0519,unhealthy_0519.jpg,,missing_label
train,unhealthy_0520,unhealthy_0520.jpg,,missing_label
train,unhealthy_0521,unhealthy_0521.jpg,,missing_label
train,unhealthy_0523,unhealthy_0523.jpg,,missing_label
train,unhealthy_0525,unhealthy_0525.jpg,,missing_label
train,unhealthy_0527,unhealthy_0527.jpg,,missing_label
train,unhealthy_0528,unhealthy_0528.jpg,,missing_label
train,unhealthy_0529,unhealthy_0529.jpg,,missing_label
train,unhealthy_0530,unhealthy_0530.jpg,,missing_label
train,unhealthy_0532,unhealthy_0532.jpg,,missing_label
train,unhealthy_0533,unhealthy_0533.jpg,,missing_label
train,unhealthy_0534,unhealthy_0534.jpg,,missing_label
train,unhealthy_0535,unhealthy_0535.jpg,,missing_label
train,unhealthy_0536,unhealthy_0536.jpg,,missing_label
train,unhealthy_0538,unhealthy_0538.jpg,,missing_label
train,unhealthy_0539,unhealthy_0539.jpg,,missing_label
train,unhealthy_0540,unhealthy_0540.jpg,,missing_label
train,unhealthy_0541,unhealthy_0541.jpg,,missing_label
train,unhealthy_0542,unhealthy_0542.jpg,,missing_label
train,unhealthy_0543,unhealthy_0543.jpg,,missing_label
train,unhealthy_0544,unhealthy_0544.jpg,,missing_label
train,unhealthy_0545,unhealthy_0545.jpg,,missing_label
train,unhealthy_0546,unhealthy_0546.jpg,,missing_label
train,unhealthy_0547,unhealthy_0547.jpg,,missing_label
train,unhealthy_0549,unhealthy_0549.jpg,,missing_label
train,unhealthy_0551,unhealthy_0551.jpg,,missing_label
train,unhealthy_0552,unhealthy_0552.jpg,,missing_label
train,unhealthy_0556,unhealthy_0556.jpg,,missing_label
train,unhealthy_0557,unhealthy_0557.jpg,,missing_label
train,unhealthy_0558,unhealthy_0558.jpg,,missing_label
train,unhealthy_0560,unhealthy_0560.jpg,,missing_label
train,unhealthy_0561,unhealthy_0561.jpg,,missing_label
train,unhealthy_0562,unhealthy_0562.jpg,,missing_label
train,unhealthy_0563,unhealthy_0563.jpg,,missing_label
train,unhealthy_0566,unhealthy_0566.jpg,,missing_label
train,unhealthy_0568,unhealthy_0568.jpg,,missing_label
train,unhealthy_0570,unhealthy_0570.jpg,,missing_label
train,unhealthy_0571,unhealthy_0571.jpg,,missing_label
train,unhealthy_0572,unhealthy_0572.jpg,,missing_label
train,unhealthy_0576,unhealthy_0576.jpg,,missing_label
train,unhealthy_0577,unhealthy_0577.jpg,,missing_label
train,unhealthy_0578,unhealthy_0578.jpg,,missing_label
train,unhealthy_0580,unhealthy_0580.jpg,,missing_label
train,unhealthy_0581,unhealthy_0581.jpg,,missing_label
train,unhealthy_0582,unhealthy_0582.jpg,,missing_label
train,unhealthy_0583,unhealthy_0583.jpg,,missing_label
train,unhealthy_0584,unhealthy_0584.jpg,,missing_label
train,unhealthy_0585,unhealthy_0585.jpg,,missing_label
train,unhealthy_0586,unhealthy_0586.jpg,,missing_label
train,unhealthy_0587,unhealthy_0587.jpg,,missing_label
train,unhealthy_0590,unhealthy_0590.jpg,,missing_label
train,unhealthy_0592,unhealthy_0592.jpg,,missing_label
train,unhealthy_0595,unhealthy_0595.jpg,,missing_label
train,unhealthy_0596,unhealthy_0596.jpg,,missing_label
train,unhealthy_0597,unhealthy_0597.jpg,,missing_label
train,unhealthy_0598,unhealthy_0598.jpg,,missing_label
train,unhealthy_0599,unhealthy_0599.jpg,,missing_label
train,unhealthy_0600,unhealthy_0600.jpg,,missing_label
train,unhealthy_0601,unhealthy_0601.jpg,,missing_label
train,unhealthy_0602,unhealthy_0602.jpg,,missing_label
train,unhealthy_0603,unhealthy_0603.jpg,,missing_label
train,unhealthy_0604,unhealthy_0604.jpg,,missing_label
train,unhealthy_0605,unhealthy_0605.jpg,,missing_label
train,unhealthy_0606,unhealthy_0606.jpg,,missing_label
train,unhealthy_0607,unhealthy_0607.jpg,,missing_label
train,unhealthy_0608,unhealthy_0608.jpg,,missing_label
train,unhealthy_0610,unhealthy_0610.jpg,,missing_label
train,unhealthy_0611,unhealthy_0611.jpg,,missing_label
train,unhealthy_0612,unhealthy_0612.jpg,,missing_label
train,unhealthy_0614,unhealthy_0614.jpg,,missing_label
train,unhealthy_0620,unhealthy_0620.jpg,,missing_label
train,unhealthy_0622,unhealthy_0622.jpg,,missing_label
train,unhealthy_0624,unhealthy_0624.jpg,,missing_label
train,unhealthy_0625,unhealthy_0625.jpg,,missing_label
train,unhealthy_0626,unhealthy_0626.jpg,,missing_label
train,unhealthy_0627,unhealthy_0627.jpg,,missing_label
train,unhealthy_0628,unhealthy_0628.jpg,,missing_label
train,unhealthy_0629,unhealthy_0629.jpg,,missing_label
train,unhealthy_0631,unhealthy_0631.jpg,,missing_label
train,unhealthy_0632,unhealthy_0632.jpg,,missing_label
train,unhealthy_0633,unhealthy_0633.jpg,,missing_label
train,unhealthy_0635,unhealthy_0635.jpg,,missing_label
train,unhealthy_0638,unhealthy_0638.jpg,,missing_label
train,unhealthy_0639,unhealthy_0639.jpg,,missing_label
train,unhealthy_0640,unhealthy_0640.jpg,,missing_label
train,unhealthy_0643,unhealthy_0643.jpg,,missing_label
train,unhealthy_0644,unhealthy_0644.jpg,,missing_label
train,unhealthy_0645,unhealthy_0645.jpg,,missing_label
train,unhealthy_0646,unhealthy_0646.jpg,,missing_label
train,unhealthy_0647,unhealthy_0647.jpg,,missing_label
train,unhealthy_0648,unhealthy_0648.jpg,,missing_label
train,unhealthy_0649,unhealthy_0649.jpg,,missing_label
train,unhealthy_0650,unhealthy_0650.jpg,,missing_label
train,unhealthy_0653,unhealthy_0653.jpg,,missing_label
train,unhealthy_0657,unhealthy_0657.jpg,,missing_label
train,unhealthy_0658,unhealthy_0658.jpg,,missing_label
train,unhealthy_0662,unhealthy_0662.jpg,,missing_label
train,unhealthy_0663,unhealthy_0663.jpg,,missing_label
train,unhealthy_0664,unhealthy_0664.jpg,,missing_label
train,unhealthy_0665,unhealthy_0665.jpg,,missing_label
train,unhealthy_0668,unhealthy_0668.jpg,,missing_label
train,unhealthy_0669,unhealthy_0669.jpg,,missing_label
train,unhealthy_0670,unhealthy_0670.jpg,,missing_label
train,unhealthy_0671,unhealthy_0671.jpg,,missing_label
train,unhealthy_0673,unhealthy_0673.jpg,,missing_label
train,unhealthy_0674,unhealthy_0674.jpg,,missing_label
train,unhealthy_0675,unhealthy_0675.jpg,,missing_label
train,unhealthy_0676,unhealthy_0676.jpg,,missing_label
train,unhealthy_0677,unhealthy_0677.jpg,,missing_label
train,unhealthy_0678,unhealthy_0678.jpg,,missing_label
train,unhealthy_0679,unhealthy_0679.jpg,,missing_label
train,unhealthy_0680,unhealthy_0680.jpg,,missing_label
train,unhealthy_0682,unhealthy_0682.jpg,,missing_label
train,unhealthy_0683,unhealthy_0683.jpg,,missing_label
train,unhealthy_0685,unhealthy_0685.jpg,,missing_label
train,unhealthy_0686,unhealthy_0686.jpg,,missing_label
train,unhealthy_0687,unhealthy_0687.jpg,,missing_label
train,unhealthy_0688,unhealthy_0688.jpg,,missing_label
train,unhealthy_0691,unhealthy_0691.jpg,unhealthy_0691.txt,matched
train,unhealthy_0692,unhealthy_0692.jpg,,missing_label
train,unhealthy_0694,unhealthy_0694.jpg,,missing_label
train,unhealthy_0695,unhealthy_0695.jpg,,missing_label
train,unhealthy_0696,unhealthy_0696.jpg,,missing_label
train,unhealthy_0697,unhealthy_0697.jpg,,missing_label
train,unhealthy_0699,unhealthy_0699.jpg,,missing_label
train,unhealthy_0702,unhealthy_0702.jpg,,missing_label
train,unhealthy_0703,unhealthy_0703.jpg,,missing_label
train,unhealthy_0705,unhealthy_0705.jpg,,missing_label
train,unhealthy_0706,unhealthy_0706.jpg,,missing_label
train,unhealthy_0708,unhealthy_0708.jpg,,missing_label
train,unhealthy_0709,unhealthy_0709.jpg,,missing_label
train,unhealthy_0711,unhealthy_0711.jpg,,missing_label
train,unhealthy_0712,unhealthy_0712.jpg,,missing_label
train,unhealthy_0713,unhealthy_0713.jpg,,missing_label
train,unhealthy_0714,unhealthy_0714.jpg,,missing_label
train,unhealthy_0715,unhealthy_0715.jpg,,missing_label
train,unhealthy_0716,unhealthy_0716.jpg,,missing_label
train,unhealthy_0717,unhealthy_0717.jpg,,missing_label
train,unhealthy_0718,unhealthy_0718.jpg,,missing_label
train,unhealthy_0719,unhealthy_0719.jpg,,missing_label
train,unhealthy_0720,unhealthy_0720.jpg,,missing_label
train,unhealthy_0721,unhealthy_0721.jpg,,missing_label
train,unhealthy_0722,unhealthy_0722.jpg,,missing_label
train,unhealthy_0723,unhealthy_0723.jpg,,missing_label
train,unhealthy_0725,unhealthy_0725.jpg,,missing_label
train,unhealthy_0726,unhealthy_0726.jpg,,missing_label
train,unhealthy_0727,unhealthy_0727.jpg,,missing_label
train,unhealthy_0728,unhealthy_0728.jpg,,missing_label
train,unhealthy_0730,unhealthy_0730.jpg,,missing_label
train,unhealthy_0732,unhealthy_0732.jpg,,missing_label
train,unhealthy_0733,unhealthy_0733.jpg,,missing_label
train,unhealthy_0734,unhealthy_0734.jpg,,missing_label
train,unhealthy_0735,unhealthy_0735.jpg,,missing_label
train,unhealthy_0737,unhealthy_0737.jpg,,missing_label
train,unhealthy_0738,unhealthy_0738.jpg,,missing_label
train,unhealthy_0740,unhealthy_0740.jpg,,missing_label
train,unhealthy_0741,unhealthy_0741.jpg,,missing_label
train,unhealthy_0742,unhealthy_0742.jpg,,missing_label
train,unhealthy_0744,unhealthy_0744.jpg,,missing_label
train,unhealthy_0745,unhealthy_0745.jpg,,missing_label
train,unhealthy_0746,unhealthy_0746.jpg,,missing_label
train,unhealthy_0749,unhealthy_0749.jpg,,missing_label
train,unhealthy_0750,unhealthy_0750.jpg,,missing_label
train,unhealthy_0751,unhealthy_0751.jpg,,missing_label
train,unhealthy_0752,unhealthy_0752.jpg,,missing_label
train,unhealthy_0753,unhealthy_0753.jpg,,missing_label
train,unhealthy_0755,unhealthy_0755.jpg,,missing_label
train,unhealthy_0756,unhealthy_0756.jpg,,missing_label
train,unhealthy_0758,unhealthy_0758.jpg,,missing_label
train,unhealthy_0761,unhealthy_0761.jpg,,missing_label
train,unhealthy_0762,unhealthy_0762.jpg,,missing_label
train,unhealthy_0763,unhealthy_0763.jpg,,missing_label
train,unhealthy_0764,unhealthy_0764.jpg,,missing_label
train,unhealthy_0765,unhealthy_0765.jpg,,missing_label
train,unhealthy_0766,unhealthy_0766.jpg,,missing_label
train,unhealthy_0767,unhealthy_0767.jpg,,missing_label
train,unhealthy_0773,unhealthy_0773.jpg,,missing_label
train,unhealthy_0774,unhealthy_0774.jpg,,missing_label
train,unhealthy_0775,unhealthy_0775.jpg,,missing_label
train,unhealthy_0776,unhealthy_0776.jpg,,missing_label
train,unhealthy_0779,unhealthy_0779.jpg,,missing_label
train,unhealthy_0780,unhealthy_0780.jpg,,missing_label
train,unhealthy_0781,unhealthy_0781.jpg,,missing_label
train,unhealthy_0782,unhealthy_0782.jpg,,missing_label
train,unhealthy_0785,unhealthy_0785.jpg,,missing_label
train,unhealthy_0786,unhealthy_0786.jpg,,missing_label
train,unhealthy_0790,unhealthy_0790.jpg,,missing_label
train,unhealthy_0791,unhealthy_0791.jpg,,missing_label
train,unhealthy_0792,unhealthy_0792.jpg,,missing_label
train,unhealthy_0793,unhealthy_0793.jpg,,missing_label
train,unhealthy_0794,unhealthy_0794.jpg,,missing_label
train,unhealthy_0795,unhealthy_0795.jpg,,missing_label
train,unhealthy_0797,unhealthy_0797.jpg,,missing_label
train,unhealthy_0798,unhealthy_0798.jpg,,missing_label
train,unhealthy_0799,unhealthy_0799.jpg,,missing_label
train,unhealthy_0801,unhealthy_0801.jpg,,missing_label
train,unhealthy_0803,unhealthy_0803.jpg,,missing_label
train,unhealthy_0804,unhealthy_0804.jpg,,missing_label
train,unhealthy_0806,unhealthy_0806.jpg,,missing_label
train,unhealthy_0807,unhealthy_0807.jpg,,missing_label
train,unhealthy_0808,unhealthy_0808.jpg,,missing_label
train,unhealthy_0809,unhealthy_0809.jpg,,missing_label
train,unhealthy_0810,unhealthy_0810.jpg,,missing_label
train,unhealthy_0813,unhealthy_0813.jpg,,missing_label
train,unhealthy_0814,unhealthy_0814.jpg,,missing_label
train,unhealthy_0815,unhealthy_0815.jpg,,missing_label
train,unhealthy_0816,unhealthy_0816.jpg,,missing_label
train,unhealthy_0817,unhealthy_0817.jpg,,missing_label
train,unhealthy_0819,unhealthy_0819.jpg,,missing_label
train,unhealthy_0821,unhealthy_0821.jpg,,missing_label
train,unhealthy_0822,unhealthy_0822.jpg,,missing_label
train,unhealthy_0824,unhealthy_0824.jpg,,missing_label
train,unhealthy_0826,unhealthy_0826.jpg,,missing_label
train,unhealthy_0828,unhealthy_0828.jpg,,missing_label
train,unhealthy_0829,unhealthy_0829.jpg,,missing_label
train,unhealthy_0830,unhealthy_0830.jpg,,missing_label
train,unhealthy_0832,unhealthy_0832.jpg,,missing_label
train,unhealthy_0833,unhealthy_0833.jpg,,missing_label
train,unhealthy_0836,unhealthy_0836.jpg,,missing_label
train,unhealthy_0837,unhealthy_0837.jpg,,missing_label
train,unhealthy_0839,unhealthy_0839.jpg,,missing_label
train,unhealthy_0841,unhealthy_0841.jpg,,missing_label
train,unhealthy_0842,unhealthy_0842.jpg,,missing_label
train,unhealthy_0843,unhealthy_0843.jpg,,missing_label
train,unhealthy_0844,unhealthy_0844.jpg,,missing_label
train,unhealthy_0845,unhealthy_0845.jpg,,missing_label
train,unhealthy_0846,unhealthy_0846.jpg,unhealthy_0846.txt,matched
train,unhealthy_0847,unhealthy_0847.jpg,unhealthy_0847.txt,matched
train,unhealthy_0848,unhealthy_0848.jpg,unhealthy_0848.txt,matched
train,unhealthy_0850,unhealthy_0850.jpg,unhealthy_0850.txt,matched
train,unhealthy_0851,unhealthy_0851.jpg,unhealthy_0851.txt,matched
train,unhealthy_0852,unhealthy_0852.jpg,unhealthy_0852.txt,matched
train,unhealthy_0855,unhealthy_0855.jpg,unhealthy_0855.txt,matched
train,unhealthy_0856,unhealthy_0856.jpg,unhealthy_0856.txt,matched
train,unhealthy_0857,unhealthy_0857.jpg,unhealthy_0857.txt,matched
train,unhealthy_0858,unhealthy_0858.jpg,unhealthy_0858.txt,matched
train,unhealthy_0859,unhealthy_0859.jpg,unhealthy_0859.txt,matched
train,unhealthy_0860,unhealthy_0860.jpg,unhealthy_0860.txt,matched
train,unhealthy_0862,unhealthy_0862.jpg,unhealthy_0862.txt,matched
train,unhealthy_0863,unhealthy_0863.jpg,unhealthy_0863.txt,matched
train,unhealthy_0864,unhealthy_0864.jpg,unhealthy_0864.txt,matched
train,unhealthy_0866,unhealthy_0866.jpg,unhealthy_0866.txt,matched
train,unhealthy_0870,unhealthy_0870.jpg,unhealthy_0870.txt,matched
train,unhealthy_0871,unhealthy_0871.jpg,unhealthy_0871.txt,matched
train,unhealthy_0872,unhealthy_0872.jpg,unhealthy_0872.txt,matched
train,unhealthy_0873,unhealthy_0873.jpg,unhealthy_0873.txt,matched
train,unhealthy_0874,unhealthy_0874.jpg,unhealthy_0874.txt,matched
train,unhealthy_0877,unhealthy_0877.jpg,unhealthy_0877.txt,matched
train,unhealthy_0878,unhealthy_0878.jpg,unhealthy_0878.txt,matched
train,unhealthy_0879,unhealthy_0879.jpg,unhealthy_0879.txt,matched
train,unhealthy_0880,unhealthy_0880.jpg,unhealthy_0880.txt,matched
train,unhealthy_0882,unhealthy_0882.jpg,unhealthy_0882.txt,matched
train,unhealthy_0885,unhealthy_0885.jpg,unhealthy_0885.txt,matched
train,unhealthy_0887,unhealthy_0887.jpg,unhealthy_0887.txt,matched
train,unhealthy_0890,unhealthy_0890.jpg,unhealthy_0890.txt,matched
train,unhealthy_0891,unhealthy_0891.jpg,unhealthy_0891.txt,matched
train,unhealthy_0892,unhealthy_0892.jpg,unhealthy_0892.txt,matched
train,unhealthy_0894,unhealthy_0894.jpg,unhealthy_0894.txt,matched
train,unhealthy_0898,unhealthy_0898.jpg,unhealthy_0898.txt,matched
train,unhealthy_0900,unhealthy_0900.jpg,unhealthy_0900.txt,matched
train,unhealthy_0901,unhealthy_0901.jpg,unhealthy_0901.txt,matched
train,unhealthy_0902,unhealthy_0902.jpg,unhealthy_0902.txt,matched
train,unhealthy_0903,unhealthy_0903.jpg,unhealthy_0903.txt,matched
train,unhealthy_0904,unhealthy_0904.jpg,unhealthy_0904.txt,matched
train,unhealthy_0906,unhealthy_0906.jpg,unhealthy_0906.txt,matched
train,unhealthy_0907,unhealthy_0907.jpg,unhealthy_0907.txt,matched
train,unhealthy_0908,unhealthy_0908.jpg,unhealthy_0908.txt,matched
train,unhealthy_0909,unhealthy_0909.jpg,unhealthy_0909.txt,matched
train,unhealthy_0911,unhealthy_0911.jpg,unhealthy_0911.txt,matched
train,unhealthy_0912,unhealthy_0912.jpg,unhealthy_0912.txt,matched
train,unhealthy_0914,unhealthy_0914.jpg,unhealthy_0914.txt,matched
train,unhealthy_0915,unhealthy_0915.jpg,unhealthy_0915.txt,matched
train,unhealthy_0916,unhealthy_0916.jpg,unhealthy_0916.txt,matched
train,unhealthy_0917,unhealthy_0917.jpg,unhealthy_0917.txt,matched
train,unhealthy_0919,unhealthy_0919.jpg,unhealthy_0919.txt,matched
train,unhealthy_0920,unhealthy_0920.jpg,unhealthy_0920.txt,matched
train,unhealthy_0923,unhealthy_0923.jpg,unhealthy_0923.txt,matched
train,unhealthy_0924,unhealthy_0924.jpg,unhealthy_0924.txt,matched
train,unhealthy_0925,unhealthy_0925.jpg,unhealthy_0925.txt,matched
train,unhealthy_0926,unhealthy_0926.jpg,unhealthy_0926.txt,matched
train,unhealthy_0927,unhealthy_0927.jpg,unhealthy_0927.txt,matched
train,unhealthy_0928,unhealthy_0928.jpg,unhealthy_0928.txt,matched
train,unhealthy_0929,unhealthy_0929.jpg,unhealthy_0929.txt,matched
train,unhealthy_0930,unhealthy_0930.jpg,unhealthy_0930.txt,matched
train,unhealthy_0931,unhealthy_0931.jpg,unhealthy_0931.txt,matched
train,unhealthy_0932,unhealthy_0932.jpg,unhealthy_0932.txt,matched
train,unhealthy_0933,unhealthy_0933.jpg,unhealthy_0933.txt,matched
train,unhealthy_0936,unhealthy_0936.jpg,unhealthy_0936.txt,matched
train,unhealthy_0938,unhealthy_0938.jpg,unhealthy_0938.txt,matched
train,unhealthy_0939,unhealthy_0939.jpg,unhealthy_0939.txt,matched
train,unhealthy_0941,unhealthy_0941.jpg,unhealthy_0941.txt,matched
train,unhealthy_0943,unhealthy_0943.jpg,unhealthy_0943.txt,matched
train,unhealthy_0944,unhealthy_0944.jpg,unhealthy_0944.txt,matched
train,unhealthy_0945,unhealthy_0945.jpg,unhealthy_0945.txt,matched
train,unhealthy_0946,unhealthy_0946.jpg,unhealthy_0946.txt,matched
train,unhealthy_0947,unhealthy_0947.jpg,unhealthy_0947.txt,matched
train,unhealthy_0948,unhealthy_0948.jpg,unhealthy_0948.txt,matched
train,unhealthy_0950,unhealthy_0950.jpg,unhealthy_0950.txt,matched
train,unhealthy_0951,unhealthy_0951.jpg,unhealthy_0951.txt,matched
train,unhealthy_0952,unhealthy_0952.jpg,unhealthy_0952.txt,matched
train,unhealthy_0954,unhealthy_0954.jpg,unhealthy_0954.txt,matched
train,unhealthy_0955,unhealthy_0955.jpg,unhealthy_0955.txt,matched
train,unhealthy_0957,unhealthy_0957.jpg,unhealthy_0957.txt,matched
train,unhealthy_0958,unhealthy_0958.jpg,unhealthy_0958.txt,matched
train,unhealthy_0959,unhealthy_0959.jpg,unhealthy_0959.txt,matched
train,unhealthy_0960,unhealthy_0960.jpg,unhealthy_0960.txt,matched
train,unhealthy_0961,unhealthy_0961.jpg,unhealthy_0961.txt,matched
train,unhealthy_0963,unhealthy_0963.jpg,unhealthy_0963.txt,matched
train,unhealthy_0966,unhealthy_0966.jpg,unhealthy_0966.txt,matched
train,unhealthy_0968,unhealthy_0968.jpg,unhealthy_0968.txt,matched
train,unhealthy_0969,unhealthy_0969.jpg,unhealthy_0969.txt,matched
train,unhealthy_0970,unhealthy_0970.jpg,unhealthy_0970.txt,matched
train,unhealthy_0971,unhealthy_0971.jpg,unhealthy_0971.txt,matched
train,unhealthy_0972,unhealthy_0972.jpg,unhealthy_0972.txt,matched
train,unhealthy_0973,unhealthy_0973.jpg,unhealthy_0973.txt,matched
train,unhealthy_0974,unhealthy_0974.jpg,unhealthy_0974.txt,matched
train,unhealthy_0975,unhealthy_0975.jpg,unhealthy_0975.txt,matched
train,unhealthy_0976,unhealthy_0976.jpg,unhealthy_0976.txt,matched
train,unhealthy_0977,unhealthy_0977.jpg,unhealthy_0977.txt,matched
train,unhealthy_0980,unhealthy_0980.jpg,unhealthy_0980.txt,matched
train,unhealthy_0981,unhealthy_0981.jpg,unhealthy_0981.txt,matched
train,unhealthy_0982,unhealthy_0982.jpg,unhealthy_0982.txt,matched
train,unhealthy_0983,unhealthy_0983.jpg,unhealthy_0983.txt,matched
train,unhealthy_0984,unhealthy_0984.jpg,unhealthy_0984.txt,matched
train,unhealthy_0985,unhealthy_0985.jpg,unhealthy_0985.txt,matched
train,unhealthy_0986,unhealthy_0986.jpg,unhealthy_0986.txt,matched
train,unhealthy_0987,unhealthy_0987.jpg,unhealthy_0987.txt,matched
train,unhealthy_0989,unhealthy_0989.jpg,unhealthy_0989.txt,matched
train,unhealthy_0991,unhealthy_0991.jpg,unhealthy_0991.txt,matched
train,unhealthy_0992,unhealthy_0992.jpg,unhealthy_0992.txt,matched
train,unhealthy_0993,unhealthy_0993.jpg,unhealthy_0993.txt,matched
train,unhealthy_0995,unhealthy_0995.jpg,unhealthy_0995.txt,matched
train,unhealthy_0996,unhealthy_0996.jpg,unhealthy_0996.txt,matched
train,unhealthy_0997,unhealthy_0997.jpg,unhealthy_0997.txt,matched
train,unhealthy_0999,unhealthy_0999.jpg,unhealthy_0999.txt,matched
train,unhealthy_1000,unhealthy_1000.jpg,unhealthy_1000.txt,matched
train,unhealthy_1003,unhealthy_1003.jpg,unhealthy_1003.txt,matched
train,unhealthy_1004,unhealthy_1004.jpg,unhealthy_1004.txt,matched
train,unhealthy_1005,unhealthy_1005.jpg,unhealthy_1005.txt,matched
train,unhealthy_1007,unhealthy_1007.jpg,unhealthy_1007.txt,matched
train,unhealthy_1008,unhealthy_1008.jpg,unhealthy_1008.txt,matched
train,unhealthy_1009,unhealthy_1009.jpg,unhealthy_1009.txt,matched
train,unhealthy_1010,unhealthy_1010.jpg,unhealthy_1010.txt,matched
train,unhealthy_1011,unhealthy_1011.jpg,unhealthy_1011.txt,matched
train,unhealthy_1012,unhealthy_1012.jpg,unhealthy_1012.txt,matched
train,unhealthy_1013,unhealthy_1013.jpg,unhealthy_1013.txt,matched
train,unhealthy_1016,unhealthy_1016.jpg,unhealthy_1016.txt,matched
train,unhealthy_1017,unhealthy_1017.jpg,unhealthy_1017.txt,matched
train,unhealthy_1018,unhealthy_1018.jpg,unhealthy_1018.txt,matched
train,unhealthy_1020,unhealthy_1020.jpg,unhealthy_1020.txt,matched
train,unhealthy_1021,unhealthy_1021.jpg,unhealthy_1021.txt,matched
val,classes,,classes.txt,missing_image
val,healthy_0097,healthy_0097.jpg,healthy_0097.txt,matched
val,healthy_0098,healthy_0098.jpg,healthy_0098.txt,matched
val,healthy_0099,healthy_0099.jpg,healthy_0099.txt,matched
val,healthy_0100,healthy_0100.jpg,healthy_0100.txt,matched
val,healthy_0101,healthy_0101.jpg,healthy_0101.txt,matched
val,healthy_0102,healthy_0102.jpg,healthy_0102.txt,matched
val,healthy_0103,healthy_0103.jpg,healthy_0103.txt,matched
val,healthy_0104,healthy_0104.jpg,healthy_0104.txt,matched
val,healthy_0105,healthy_0105.jpg,healthy_0105.txt,matched
val,healthy_0106,healthy_0106.jpg,healthy_0106.txt,matched
val,healthy_0107,healthy_0107.jpg,healthy_0107.txt,matched
val,healthy_0108,healthy_0108.jpg,healthy_0108.txt,matched
val,healthy_0109,healthy_0109.jpg,healthy_0109.txt,matched
val,healthy_0110,healthy_0110.jpg,healthy_0110.txt,matched
val,healthy_0111,healthy_0111.jpg,healthy_0111.txt,matched
val,healthy_0112,healthy_0112.jpg,healthy_0112.txt,matched
val,healthy_0113,healthy_0113.jpg,healthy_0113.txt,matched
val,healthy_0114,healthy_0114.jpg,healthy_0114.txt,matched
val,healthy_0115,healthy_0115.jpg,healthy_0115.txt,matched
val,healthy_0116,healthy_0116.jpg,healthy_0116.txt,matched
val,healthy_0117,healthy_0117.jpg,healthy_0117.txt,matched
val,healthy_0118,healthy_0118.jpg,healthy_0118.txt,matched
val,healthy_0119,healthy_0119.jpg,healthy_0119.txt,matched
val,healthy_0120,healthy_0120.jpg,healthy_0120.txt,matched
val,healthy_0121,healthy_0121.jpg,healthy_0121.txt,matched
val,healthy_0122,healthy_0122.jpg,healthy_0122.txt,matched
val,healthy_0123,healthy_0123.jpg,healthy_0123.txt,matched
val,healthy_0124,healthy_0124.jpg,healthy_0124.txt,matched
val,healthy_0352,healthy_0352.jpg,healthy_0352.txt,matched
val,healthy_0353,healthy_0353.jpg,healthy_0353.txt,matched
val,healthy_0354,healthy_0354.jpg,healthy_0354.txt,matched
val,healthy_0355,healthy_0355.jpg,healthy_0355.txt,matched
val,healthy_0356,healthy_0356.jpg,healthy_0356.txt,matched
val,healthy_0357,healthy_0357.jpg,healthy_0357.txt,matched
val,healthy_0358,healthy_0358.jpg,healthy_0358.txt,matched
val,healthy_0359,healthy_0359.jpg,healthy_0359.txt,matched
val,healthy_0360,healthy_0360.jpg,healthy_0360.txt,matched
val,healthy_0361,healthy_0361.jpg,healthy_0361.txt,matched
val,healthy_0362,healthy_0362.jpg,healthy_0362.txt,matched
val,healthy_0363,healthy_0363.jpg,healthy_0363.txt,matched
val,healthy_0364,healthy_0364.jpg,healthy_0364.txt,matched
val,healthy_0365,healthy_0365.jpg,healthy_0365.txt,matched
val,healthy_0366,healthy_0366.jpg,healthy_0366.txt,matched
val,healthy_0367,healthy_0367.jpg,healthy_0367.txt,matched
val,healthy_0368,healthy_0368.jpg,healthy_0368.txt,matched
val,healthy_0369,healthy_0369.jpg,healthy_0369.txt,matched
val,healthy_0370,healthy_0370.jpg,healthy_0370.txt,matched
val,healthy_0371,healthy_0371.jpg,healthy_0371.txt,matched
val,healthy_0372,healthy_0372.jpg,healthy_0372.txt,matched
val,healthy_0373,healthy_0373.jpg,healthy_0373.txt,matched
val,healthy_0374,healthy_0374.jpg,healthy_0374.txt,matched
val,healthy_0375,healthy_0375.jpg,healthy_0375.txt,matched
val,healthy_0376,healthy_0376.jpg,healthy_0376.txt,matched
val,healthy_0377,healthy_0377.jpg,healthy_0377.txt,matched
val,healthy_0378,healthy_0378.jpg,healthy_0378.txt,matched
val,healthy_0379,healthy_0379.jpg,healthy_0379.txt,matched
val,healthy_0380,healthy_0380.jpg,healthy_0380.txt,matched
val,healthy_0381,healthy_0381.jpg,healthy_0381.txt,matched
val,healthy_0382,healthy_0382.jpg,healthy_0382.txt,matched
val,healthy_0383,healthy_0383.jpg,healthy_0383.txt,matched
val,healthy_0384,healthy_0384.jpg,healthy_0384.txt,matched
val,healthy_0385,healthy_0385.jpg,healthy_0385.txt,matched
val,healthy_0386,healthy_0386.jpg,healthy_0386.txt,matched
val,healthy_0387,healthy_0387.jpg,healthy_0387.txt,matched
val,healthy_0388,healthy_0388.jpg,healthy_0388.txt,matched
val,healthy_0389,healthy_0389.jpg,healthy_0389.txt,matched
val,healthy_0390,healthy_0390.jpg,healthy_0390.txt,matched
val,healthy_0391,healthy_0391.jpg,healthy_0391.txt,matched
val,healthy_0392,healthy_0392.jpg,healthy_0392.txt,matched
val,healthy_0393,healthy_0393.jpg,healthy_0393.txt,matched
val,healthy_0394,healthy_0394.jpg,healthy_0394.txt,matched
val,healthy_0395,healthy_0395.jpg,healthy_0395.txt,matched
val,healthy_0396,healthy_0396.jpg,healthy_0396.txt,matched
val,healthy_0397,healthy_0397.jpg,healthy_0397.txt,matched
val,healthy_0398,healthy_0398.jpg,healthy_0398.txt,matched
val,healthy_0399,healthy_0399.jpg,healthy_0399.txt,matched
val,healthy_0400,healthy_0400.jpg,healthy_0400.txt,matched
val,healthy_0401,healthy_0401.jpg,healthy_0401.txt,matched
val,healthy_0402,healthy_0402.jpg,healthy_0402.txt,matched
val,healthy_0403,healthy_0403.jpg,healthy_0403.txt,matched
val,healthy_0404,healthy_0404.jpg,healthy_0404.txt,matched
val,healthy_0405,healthy_0405.jpg,healthy_0405.txt,matched
val,healthy_0406,healthy_0406.jpg,healthy_0406.txt,matched
val,healthy_0407,healthy_0407.jpg,healthy_0407.txt,matched
val,healthy_0408,healthy_0408.jpg,healthy_0408.txt,matched
val,healthy_0409,healthy_0409.jpg,healthy_0409.txt,matched
val,healthy_0410,healthy_0410.jpg,healthy_0410.txt,matched
val,healthy_0411,healthy_0411.jpg,healthy_0411.txt,matched
val,healthy_0412,healthy_0412.jpg,healthy_0412.txt,matched
val,healthy_0445,healthy_0445.jpg,healthy_0445.txt,matched
val,healthy_0455,healthy_0455.jpg,healthy_0455.txt,matched
val,healthy_0461,healthy_0461.jpg,healthy_0461.txt,matched
val,healthy_0464,healthy_0464.jpg,healthy_0464.txt,matched
val,healthy_0468,healthy_0468.jpg,healthy_0468.txt,matched
val,healthy_0469,healthy_0469.jpg,healthy_0469.txt,matched
val,healthy_0470,healthy_0470.jpg,healthy_0470.txt,matched
val,healthy_0475,healthy_0475.jpg,healthy_0475.txt,matched
val,healthy_0483,healthy_0483.jpg,healthy_0483.txt,matched
val,healthy_0484,healthy_0484.jpg,healthy_0484.txt,matched
val,healthy_0493,healthy_0493.jpg,healthy_0493.txt,matched
val,healthy_0502,healthy_0502.jpg,healthy_0502.txt,matched
val,healthy_0511,healthy_0511.jpg,healthy_0511.txt,matched
val,healthy_0518,healthy_0518.jpg,healthy_0518.txt,matched
val,healthy_0519,healthy_0519.jpg,healthy_0519.txt,matched
val,healthy_0530,healthy_0530.jpg,healthy_0530.txt,matched
val,healthy_0531,healthy_0531.jpg,healthy_0531.txt,matched
val,healthy_0532,healthy_0532.jpg,healthy_0532.txt,matched
val,healthy_0535,healthy_0535.jpg,healthy_0535.txt,matched
val,healthy_0536,healthy_0536.jpg,healthy_0536.txt,matched
val,healthy_0537,healthy_0537.jpg,healthy_0537.txt,matched
val,healthy_0540,healthy_0540.jpg,healthy_0540.txt,matched
val,healthy_0541,healthy_0541.jpg,healthy_0541.txt,matched
val,healthy_0552,healthy_0552.jpg,healthy_0552.txt,matched
val,healthy_0560,healthy_0560.jpg,healthy_0560.txt,matched
val,healthy_0561,healthy_0561.jpg,healthy_0561.txt,matched
val,healthy_0581,healthy_0581.jpg,healthy_0581.txt,matched
val,healthy_0585,healthy_0585.jpg,healthy_0585.txt,matched
val,healthy_0591,healthy_0591.jpg,healthy_0591.txt,matched
val,healthy_0602,healthy_0602.jpg,healthy_0602.txt,matched
val,healthy_0604,healthy_0604.jpg,healthy_0604.txt,matched
val,healthy_0606,healthy_0606.jpg,healthy_0606.txt,matched
val,healthy_0613,healthy_0613.jpg,healthy_0613.txt,matched
val,healthy_0622,healthy_0622.jpg,healthy_0622.txt,matched
val,healthy_0624,healthy_0624.jpg,healthy_0624.txt,matched
val,healthy_0630,healthy_0630.jpg,healthy_0630.txt,matched
val,healthy_0638,healthy_0638.jpg,healthy_0638.txt,matched
val,healthy_0639,healthy_0639.jpg,healthy_0639.txt,matched
val,healthy_0650,healthy_0650.jpg,healthy_0650.txt,matched
val,healthy_0651,healthy_0651.jpg,healthy_0651.txt,matched
val,healthy_0656,healthy_0656.jpg,healthy_0656.txt,matched
val,healthy_0657,healthy_0657.jpg,healthy_0657.txt,matched
val,healthy_0664,healthy_0664.jpg,healthy_0664.txt,matched
val,healthy_0666,healthy_0666.jpg,healthy_0666.txt,matched
val,healthy_0671,healthy_0671.jpg,healthy_0671.txt,matched
val,healthy_0676,healthy_0676.jpg,healthy_0676.txt,matched
val,healthy_0681,healthy_0681.jpg,healthy_0681.txt,matched
val,healthy_0693,healthy_0693.jpg,healthy_0693.txt,matched
val,healthy_0695,healthy_0695.jpg,healthy_0695.txt,matched
val,healthy_0696,healthy_0696.jpg,healthy_0696.txt,matched
val,healthy_0697,healthy_0697.jpg,healthy_0697.txt,matched
val,healthy_0700,healthy_0700.jpg,healthy_0700.txt,matched
val,healthy_0703,healthy_0703.jpg,healthy_0703.txt,matched
val,healthy_0709,healthy_0709.jpg,healthy_0709.txt,matched
val,healthy_0712,healthy_0712.jpg,healthy_0712.txt,matched
val,healthy_0716,healthy_0716.jpg,healthy_0716.txt,matched
val,healthy_0720,healthy_0720.jpg,healthy_0720.txt,matched
val,healthy_0725,healthy_0725.jpg,healthy_0725.txt,matched
val,healthy_0728,healthy_0728.jpg,healthy_0728.txt,matched
val,healthy_0730,healthy_0730.jpg,healthy_0730.txt,matched
val,healthy_0745,healthy_0745.jpg,healthy_0745.txt,matched
val,healthy_0757,healthy_0757.jpg,healthy_0757.txt,matched
val,healthy_0766,healthy_0766.jpg,healthy_0766.txt,matched
val,healthy_0768,healthy_0768.jpg,healthy_0768.txt,matched
val,healthy_0769,healthy_0769.jpg,healthy_0769.txt,matched
val,healthy_0774,healthy_0774.jpg,healthy_0774.txt,matched
val,healthy_0776,healthy_0776.jpg,healthy_0776.txt,matched
val,healthy_0778,healthy_0778.jpg,healthy_0778.txt,matched
val,healthy_0779,healthy_0779.jpg,healthy_0779.txt,matched
val,healthy_0781,healthy_0781.jpg,healthy_0781.txt,matched
val,healthy_0782,healthy_0782.jpg,healthy_0782.txt,matched
val,healthy_0796,healthy_0796.jpg,healthy_0796.txt,matched
val,healthy_0802,healthy_0802.jpg,healthy_0802.txt,matched
val,healthy_0817,healthy_0817.jpg,healthy_0817.txt,matched
val,healthy_0818,healthy_0818.jpg,healthy_0818.txt,matched
val,healthy_0821,healthy_0821.jpg,healthy_0821.txt,matched
val,healthy_0826,healthy_0826.jpg,healthy_0826.txt,matched
val,healthy_0830,healthy_0830.jpg,healthy_0830.txt,matched
val,healthy_0832,healthy_0832.jpg,healthy_0832.txt,matched
val,healthy_0837,healthy_0837.jpg,healthy_0837.txt,matched
val,healthy_0840,healthy_0840.jpg,healthy_0840.txt,matched
val,healthy_0850,healthy_0850.jpg,healthy_0850.txt,matched
val,healthy_0855,healthy_0855.jpg,healthy_0855.txt,matched
val,healthy_0865,healthy_0865.jpg,healthy_0865.txt,matched
val,healthy_0870,healthy_0870.jpg,healthy_0870.txt,matched
val,healthy_0874,healthy_0874.jpg,healthy_0874.txt,matched
val,healthy_0876,healthy_0876.jpg,healthy_0876.txt,matched
val,healthy_0878,healthy_0878.jpg,healthy_0878.txt,matched
val,healthy_0884,healthy_0884.jpg,healthy_0884.txt,matched
val,healthy_0891,healthy_0891.jpg,healthy_0891.txt,matched
val,healthy_0914,healthy_0914.jpg,healthy_0914.txt,matched
val,healthy_0923,healthy_0923.jpg,healthy_0923.txt,matched
val,healthy_0925,healthy_0925.jpg,healthy_0925.txt,matched
val,healthy_0926,healthy_0926.jpg,healthy_0926.txt,matched
val,healthy_0933,healthy_0933.jpg,healthy_0933.txt,matched
val,healthy_0939,healthy_0939.jpg,healthy_0939.txt,matched
val,healthy_0943,healthy_0943.jpg,healthy_0943.txt,matched
val,healthy_0944,healthy_0944.jpg,healthy_0944.txt,matched
val,healthy_0951,healthy_0951.jpg,healthy_0951.txt,matched
val,healthy_0954,healthy_0954.jpg,healthy_0954.txt,matched
val,healthy_0955,healthy_0955.jpg,healthy_0955.txt,matched
val,healthy_0957,healthy_0957.jpg,healthy_0957.txt,matched
val,healthy_0961,healthy_0961.jpg,healthy_0961.txt,matched
val,healthy_0962,healthy_0962.jpg,healthy_0962.txt,matched
val,healthy_0966,healthy_0966.jpg,healthy_0966.txt,matched
val,healthy_0972,healthy_0972.jpg,healthy_0972.txt,matched
val,healthy_0978,healthy_0978.jpg,healthy_0978.txt,matched
val,healthy_0980,healthy_0980.jpg,healthy_0980.txt,matched
val,healthy_0982,healthy_0982.jpg,healthy_0982.txt,matched
val,healthy_0983,healthy_0983.jpg,healthy_0983.txt,matched
val,healthy_0985,healthy_0985.jpg,healthy_0985.txt,matched
val,healthy_1001,healthy_1001.jpg,healthy_1001.txt,matched
val,healthy_1004,healthy_1004.jpg,healthy_1004.txt,matched
val,healthy_1014,healthy_1014.jpg,healthy_1014.txt,matched
val,healthy_1023,healthy_1023.jpg,healthy_1023.txt,matched
val,healthy_1028,healthy_1028.jpg,healthy_1028.txt,matched
val,healthy_1031,healthy_1031.jpg,healthy_1031.txt,matched
val,healthy_1032,healthy_1032.jpg,healthy_1032.txt,matched
val,healthy_1040,healthy_1040.jpg,healthy_1040.txt,matched
val,healthy_1041,healthy_1041.jpg,healthy_1041.txt,matched
val,healthy_1051,healthy_1051.jpg,healthy_1051.txt,matched
val,healthy_1055,healthy_1055.jpg,healthy_1055.txt,matched
val,healthy_1072,healthy_1072.jpg,healthy_1072.txt,matched
val,healthy_1080,healthy_1080.jpg,healthy_1080.txt,matched
val,healthy_1088,healthy_1088.jpg,healthy_1088.txt,matched
val,healthy_1091,healthy_1091.jpg,healthy_1091.txt,matched
val,healthy_1097,healthy_1097.jpg,healthy_1097.txt,matched
val,healthy_1099,healthy_1099.jpg,healthy_1099.txt,matched
val,healthy_1103,healthy_1103.jpg,healthy_1103.txt,matched
val,healthy_1114,healthy_1114.jpg,healthy_1114.txt,matched
val,healthy_1117,healthy_1117.jpg,healthy_1117.txt,matched
val,healthy_1119,healthy_1119.jpg,healthy_1119.txt,matched
val,healthy_1142,healthy_1142.jpg,healthy_1142.txt,matched
val,healthy_1147,healthy_1147.jpg,healthy_1147.txt,matched
val,healthy_1149,healthy_1149.jpg,healthy_1149.txt,matched
val,healthy_1154,healthy_1154.jpg,healthy_1154.txt,matched
val,healthy_1157,healthy_1157.jpg,healthy_1157.txt,matched
val,healthy_1160,healthy_1160.jpg,healthy_1160.txt,matched
val,healthy_1171,healthy_1171.jpg,healthy_1171.txt,matched
val,healthy_1172,healthy_1172.jpg,healthy_1172.txt,matched
val,healthy_1178,healthy_1178.jpg,healthy_1178.txt,matched
val,healthy_1182,healthy_1182.jpg,healthy_1182.txt,matched
val,healthy_1187,healthy_1187.jpg,healthy_1187.txt,matched
val,healthy_1188,healthy_1188.jpg,healthy_1188.txt,matched
val,healthy_1195,healthy_1195.jpg,healthy_1195.txt,matched
val,healthy_1206,healthy_1206.jpg,healthy_1206.txt,matched
val,healthy_1209,healthy_1209.jpg,healthy_1209.txt,matched
val,healthy_1214,healthy_1214.jpg,healthy_1214.txt,matched
val,healthy_1220,healthy_1220.jpg,healthy_1220.txt,matched
val,healthy_1221,healthy_1221.jpg,healthy_1221.txt,matched
val,healthy_1228,healthy_1228.jpg,healthy_1228.txt,matched
val,healthy_1230,healthy_1230.jpg,healthy_1230.txt,matched
val,healthy_1242,healthy_1242.jpg,healthy_1242.txt,matched
val,healthy_1250,healthy_1250.jpg,healthy_1250.txt,matched
val,healthy_1252,healthy_1252.jpg,healthy_1252.txt,matched
val,healthy_1255,healthy_1255.jpg,healthy_1255.txt,matched
val,healthy_1260,healthy_1260.jpg,healthy_1260.txt,matched
val,healthy_1261,healthy_1261.jpg,healthy_1261.txt,matched
val,healthy_1263,healthy_1263.jpg,healthy_1263.txt,matched
val,healthy_1269,healthy_1269.jpg,healthy_1269.txt,matched
val,healthy_1275,healthy_1275.jpg,healthy_1275.txt,matched
val,healthy_1278,healthy_1278.jpg,healthy_1278.txt,matched
val,healthy_1279,healthy_1279.jpg,healthy_1279.txt,matched
val,healthy_1289,healthy_1289.jpg,healthy_1289.txt,matched
val,healthy_1290,healthy_1290.jpg,healthy_1290.txt,matched
val,healthy_1293,healthy_1293.jpg,healthy_1293.txt,matched
val,healthy_1301,healthy_1301.jpg,healthy_1301.txt,matched
val,healthy_1302,healthy_1302.jpg,healthy_1302.txt,matched
val,healthy_1304,healthy_1304.jpg,healthy_1304.txt,matched
val,healthy_1308,healthy_1308.jpg,healthy_1308.txt,matched
val,healthy_1309,healthy_1309.jpg,healthy_1309.txt,matched
val,healthy_1317,healthy_1317.jpg,healthy_1317.txt,matched
val,healthy_1318,healthy_1318.jpg,healthy_1318.txt,matched
val,healthy_1323,healthy_1323.jpg,healthy_1323.txt,matched
val,healthy_1326,healthy_1326.jpg,healthy_1326.txt,matched
val,healthy_1328,healthy_1328.jpg,healthy_1328.txt,matched
val,healthy_1332,healthy_1332.jpg,healthy_1332.txt,matched
val,healthy_1337,healthy_1337.jpg,healthy_1337.txt,matched
val,healthy_1343,healthy_1343.jpg,healthy_1343.txt,matched
val,healthy_1355,healthy_1355.jpg,healthy_1355.txt,matched
val,healthy_1358,healthy_1358.jpg,healthy_1358.txt,matched
val,healthy_1360,healthy_1360.jpg,healthy_1360.txt,matched
val,healthy_1378,healthy_1378.jpg,healthy_1378.txt,matched
val,healthy_1379,healthy_1379.jpg,healthy_1379.txt,matched
val,healthy_1380,healthy_1380.jpg,healthy_1380.txt,matched
val,healthy_1385,healthy_1385.jpg,healthy_1385.txt,matched
val,healthy_1389,healthy_1389.jpg,healthy_1389.txt,matched
val,healthy_1390,healthy_1390.jpg,healthy_1390.txt,matched
val,healthy_1398,healthy_1398.jpg,healthy_1398.txt,matched
val,healthy_1405,healthy_1405.jpg,healthy_1405.txt,matched
val,healthy_1407,healthy_1407.jpg,healthy_1407.txt,matched
val,healthy_1410,healthy_1410.jpg,healthy_1410.txt,matched
val,healthy_1411,healthy_1411.jpg,healthy_1411.txt,matched
val,unhealthy_0252,unhealthy_0252.jpg,unhealthy_0252.txt,matched
val,unhealthy_0253,unhealthy_0253.jpg,unhealthy_0253.txt,matched
val,unhealthy_0254,unhealthy_0254.jpg,unhealthy_0254.txt,matched
val,unhealthy_0255,unhealthy_0255.jpg,unhealthy_0255.txt,matched
val,unhealthy_0256,unhealthy_0256.jpg,unhealthy_0256.txt,matched
val,unhealthy_0257,unhealthy_0257.jpg,unhealthy_0257.txt,matched
val,unhealthy_0258,unhealthy_0258.jpg,unhealthy_0258.txt,matched
val,unhealthy_0259,unhealthy_0259.jpg,unhealthy_0259.txt,matched
val,unhealthy_0260,unhealthy_0260.jpg,unhealthy_0260.txt,matched
val,unhealthy_0261,unhealthy_0261.jpg,unhealthy_0261.txt,matched
val,unhealthy_0262,unhealthy_0262.jpg,unhealthy_0262.txt,matched
val,unhealthy_0263,unhealthy_0263.jpg,unhealthy_0263.txt,matched
val,unhealthy_0264,unhealthy_0264.jpg,unhealthy_0264.txt,matched
val,unhealthy_0265,unhealthy_0265.jpg,unhealthy_0265.txt,matched
val,unhealthy_0266,unhealthy_0266.jpg,unhealthy_0266.txt,matched
val,unhealthy_0267,unhealthy_0267.jpg,unhealthy_0267.txt,matched
val,unhealthy_0268,unhealthy_0268.jpg,unhealthy_0268.txt,matched
val,unhealthy_0269,unhealthy_0269.jpg,unhealthy_0269.txt,matched
val,unhealthy_0270,unhealthy_0270.jpg,unhealthy_0270.txt,matched
val,unhealthy_0271,unhealthy_0271.jpg,unhealthy_0271.txt,matched
val,unhealthy_0272,unhealthy_0272.jpg,unhealthy_0272.txt,matched
val,unhealthy_0273,unhealthy_0273.jpg,unhealthy_0273.txt,matched
val,unhealthy_0274,unhealthy_0274.jpg,unhealthy_0274.txt,matched
val,unhealthy_0275,unhealthy_0275.jpg,unhealthy_0275.txt,matched
val,unhealthy_0276,unhealthy_0276.jpg,unhealthy_0276.txt,matched
val,unhealthy_0277,unhealthy_0277.jpg,unhealthy_0277.txt,matched
val,unhealthy_0278,unhealthy_0278.jpg,unhealthy_0278.txt,matched
val,unhealthy_0279,unhealthy_0279.jpg,unhealthy_0279.txt,matched
val,unhealthy_0280,unhealthy_0280.jpg,unhealthy_0280.txt,matched
val,unhealthy_0281,unhealthy_0281.jpg,unhealthy_0281.txt,matched
val,unhealthy_0282,unhealthy_0282.jpg,unhealthy_0282.txt,matched
val,unhealthy_0283,unhealthy_0283.jpg,unhealthy_0283.txt,matched
val,unhealthy_0284,unhealthy_0284.jpg,unhealthy_0284.txt,matched
val,unhealthy_0285,unhealthy_0285.jpg,unhealthy_0285.txt,matched
val,unhealthy_0286,unhealthy_0286.jpg,unhealthy_0286.txt,matched
val,unhealthy_0287,unhealthy_0287.jpg,unhealthy_0287.txt,matched
val,unhealthy_0288,unhealthy_0288.jpg,unhealthy_0288.txt,matched
val,unhealthy_0289,unhealthy_0289.jpg,unhealthy_0289.txt,matched
val,unhealthy_0290,unhealthy_0290.jpg,unhealthy_0290.txt,matched
val,unhealthy_0291,unhealthy_0291.jpg,unhealthy_0291.txt,matched
val,unhealthy_0292,unhealthy_0292.jpg,unhealthy_0292.txt,matched
val,unhealthy_0293,unhealthy_0293.jpg,unhealthy_0293.txt,matched
val,unhealthy_0294,unhealthy_0294.jpg,unhealthy_0294.txt,matched
val,unhealthy_0295,unhealthy_0295.jpg,unhealthy_0295.txt,matched
val,unhealthy_0296,unhealthy_0296.jpg,unhealthy_0296.txt,matched
val,unhealthy_0297,unhealthy_0297.jpg,unhealthy_0297.txt,matched
val,unhealthy_0298,unhealthy_0298.jpg,unhealthy_0298.txt,matched
val,unhealthy_0299,unhealthy_0299.jpg,unhealthy_0299.txt,matched
val,unhealthy_0300,unhealthy_0300.jpg,unhealthy_0300.txt,matched
val,unhealthy_0301,unhealthy_0301.jpg,unhealthy_0301.txt,matched
val,unhealthy_0302,unhealthy_0302.jpg,unhealthy_0302.txt,matched
val,unhealthy_0303,unhealthy_0303.jpg,unhealthy_0303.txt,matched
val,unhealthy_0304,unhealthy_0304.jpg,unhealthy_0304.txt,matched
val,unhealthy_0305,unhealthy_0305.jpg,unhealthy_0305.txt,matched
val,unhealthy_0306,unhealthy_0306.jpg,unhealthy_0306.txt,matched
val,unhealthy_0307,unhealthy_0307.jpg,unhealthy_0307.txt,matched
val,unhealthy_0308,unhealthy_0308.jpg,unhealthy_0308.txt,matched
val,unhealthy_0309,unhealthy_0309.jpg,unhealthy_0309.txt,matched
val,unhealthy_0310,unhealthy_0310.jpg,unhealthy_0310.txt,matched
val,unhealthy_0311,unhealthy_0311.jpg,unhealthy_0311.txt,matched
val,unhealthy_0312,unhealthy_0312.jpg,unhealthy_0312.txt,matched
val,unhealthy_0313,unhealthy_0313.jpg,unhealthy_0313.txt,matched
val,unhealthy_0314,unhealthy_0314.jpg,unhealthy_0314.txt,matched
val,unhealthy_0315,unhealthy_0315.jpg,unhealthy_0315.txt,matched
val,unhealthy_0316,unhealthy_0316.jpg,unhealthy_0316.txt,matched
val,unhealthy_0317,unhealthy_0317.jpg,unhealthy_0317.txt,matched
val,unhealthy_0318,unhealthy_0318.jpg,unhealthy_0318.txt,matched
val,unhealthy_0319,unhealthy_0319.jpg,unhealthy_0319.txt,matched
val,unhealthy_0320,unhealthy_0320.jpg,unhealthy_0320.txt,matched
val,unhealthy_0321,unhealthy_0321.jpg,unhealthy_0321.txt,matched
val,unhealthy_0322,unhealthy_0322.jpg,unhealthy_0322.txt,matched
val,unhealthy_0323,unhealthy_0323.jpg,unhealthy_0323.txt,matched
val,unhealthy_0423,unhealthy_0423.jpg,unhealthy_0423.txt,matched
val,unhealthy_0424,unhealthy_0424.jpg,unhealthy_0424.txt,matched
val,unhealthy_0425,unhealthy_0425.jpg,unhealthy_0425.txt,matched
val,unhealthy_0426,unhealthy_0426.jpg,unhealthy_0426.txt,matched
val,unhealthy_0427,unhealthy_0427.jpg,unhealthy_0427.txt,matched
val,unhealthy_0428,unhealthy_0428.jpg,unhealthy_0428.txt,matched
val,unhealthy_0429,unhealthy_0429.jpg,unhealthy_0429.txt,matched
val,unhealthy_0430,unhealthy_0430.jpg,unhealthy_0430.txt,matched
val,unhealthy_0431,unhealthy_0431.jpg,unhealthy_0431.txt,matched
val,unhealthy_0432,unhealthy_0432.jpg,unhealthy_0432.txt,matched
val,unhealthy_0433,unhealthy_0433.jpg,unhealthy_0433.txt,matched
val,unhealthy_0434,unhealthy_0434.jpg,unhealthy_0434.txt,matched
val,unhealthy_0435,unhealthy_0435.jpg,unhealthy_0435.txt,matched
val,unhealthy_0436,unhealthy_0436.jpg,unhealthy_0436.txt,matched
val,unhealthy_0437,unhealthy_0437.jpg,unhealthy_0437.txt,matched
val,unhealthy_0438,unhealthy_0438.jpg,unhealthy_0438.txt,matched
val,unhealthy_0439,unhealthy_0439.jpg,unhealthy_0439.txt,matched
val,unhealthy_0440,unhealthy_0440.jpg,unhealthy_0440.txt,matched
val,unhealthy_0451,unhealthy_0451.jpg,unhealthy_0451.txt,matched
val,unhealthy_0454,unhealthy_0454.jpg,unhealthy_0454.txt,matched
val,unhealthy_0463,unhealthy_0463.jpg,unhealthy_0463.txt,matched
val,unhealthy_0465,unhealthy_0465.jpg,unhealthy_0465.txt,matched
val,unhealthy_0470,unhealthy_0470.jpg,unhealthy_0470.txt,matched
val,unhealthy_0474,unhealthy_0474.jpg,unhealthy_0474.txt,matched
val,unhealthy_0490,unhealthy_0490.jpg,unhealthy_0490.txt,matched
val,unhealthy_0493,unhealthy_0493.jpg,unhealthy_0493.txt,matched
val,unhealthy_0505,unhealthy_0505.jpg,unhealthy_0505.txt,matched
val,unhealthy_0506,unhealthy_0506.jpg,unhealthy_0506.txt,matched
val,unhealthy_0511,unhealthy_0511.jpg,unhealthy_0511.txt,matched
val,unhealthy_0518,unhealthy_0518.jpg,unhealthy_0518.txt,matched
val,unhealthy_0524,unhealthy_0524.jpg,unhealthy_0524.txt,matched
val,unhealthy_0526,unhealthy_0526.jpg,unhealthy_0526.txt,matched
val,unhealthy_0531,unhealthy_0531.jpg,unhealthy_0531.txt,matched
val,unhealthy_0548,unhealthy_0548.jpg,unhealthy_0548.txt,matched
val,unhealthy_0550,unhealthy_0550.jpg,unhealthy_0550.txt,matched
val,unhealthy_0553,unhealthy_0553.jpg,unhealthy_0553.txt,matched
val,unhealthy_0555,unhealthy_0555.jpg,unhealthy_0555.txt,matched
val,unhealthy_0564,unhealthy_0564.jpg,unhealthy_0564.txt,matched
val,unhealthy_0567,unhealthy_0567.jpg,unhealthy_0567.txt,matched
val,unhealthy_0573,unhealthy_0573.jpg,unhealthy_0573.txt,matched
val,unhealthy_0574,unhealthy_0574.jpg,unhealthy_0574.txt,matched
val,unhealthy_0575,unhealthy_0575.jpg,unhealthy_0575.txt,matched
val,unhealthy_0579,unhealthy_0579.jpg,unhealthy_0579.txt,matched
val,unhealthy_0589,unhealthy_0589.jpg,unhealthy_0589.txt,matched
val,unhealthy_0591,unhealthy_0591.jpg,unhealthy_0591.txt,matched
val,unhealthy_0593,unhealthy_0593.jpg,unhealthy_0593.txt,matched
val,unhealthy_0594,unhealthy_0594.jpg,unhealthy_0594.txt,matched
val,unhealthy_0609,unhealthy_0609.jpg,unhealthy_0609.txt,matched
val,unhealthy_0613,unhealthy_0613.jpg,unhealthy_0613.txt,matched
val,unhealthy_0615,unhealthy_0615.jpg,unhealthy_0615.txt,matched
val,unhealthy_0617,unhealthy_0617.jpg,unhealthy_0617.txt,matched
val,unhealthy_0619,unhealthy_0619.jpg,unhealthy_0619.txt,matched
val,unhealthy_0621,unhealthy_0621.jpg,unhealthy_0621.txt,matched
val,unhealthy_0630,unhealthy_0630.jpg,unhealthy_0630.txt,matched
val,unhealthy_0634,unhealthy_0634.jpg,unhealthy_0634.txt,matched
val,unhealthy_0641,unhealthy_0641.jpg,unhealthy_0641.txt,matched
val,unhealthy_0642,unhealthy_0642.jpg,unhealthy_0642.txt,matched
val,unhealthy_0651,unhealthy_0651.jpg,unhealthy_0651.txt,matched
val,unhealthy_0652,unhealthy_0652.jpg,unhealthy_0652.txt,matched
val,unhealthy_0654,unhealthy_0654.jpg,unhealthy_0654.txt,matched
val,unhealthy_0660,unhealthy_0660.jpg,unhealthy_0660.txt,matched
val,unhealthy_0667,unhealthy_0667.jpg,unhealthy_0667.txt,matched
val,unhealthy_0684,unhealthy_0684.jpg,unhealthy_0684.txt,matched
val,unhealthy_0689,unhealthy_0689.jpg,unhealthy_0689.txt,matched
val,unhealthy_0690,unhealthy_0690.jpg,unhealthy_0690.txt,matched
val,unhealthy_0693,unhealthy_0693.jpg,unhealthy_0693.txt,matched
val,unhealthy_0698,unhealthy_0698.jpg,unhealthy_0698.txt,matched
val,unhealthy_0700,unhealthy_0700.jpg,unhealthy_0700.txt,matched
val,unhealthy_0707,unhealthy_0707.jpg,unhealthy_0707.txt,matched
val,unhealthy_0736,unhealthy_0736.jpg,unhealthy_0736.txt,matched
val,unhealthy_0739,unhealthy_0739.jpg,unhealthy_0739.txt,matched
val,unhealthy_0743,unhealthy_0743.jpg,unhealthy_0743.txt,matched
val,unhealthy_0747,unhealthy_0747.jpg,unhealthy_0747.txt,matched
val,unhealthy_0754,unhealthy_0754.jpg,unhealthy_0754.txt,matched
val,unhealthy_0759,unhealthy_0759.jpg,unhealthy_0759.txt,matched
val,unhealthy_0769,unhealthy_0769.jpg,unhealthy_0769.txt,matched
val,unhealthy_0770,unhealthy_0770.jpg,unhealthy_0770.txt,matched
val,unhealthy_0771,unhealthy_0771.jpg,unhealthy_0771.txt,matched
val,unhealthy_0778,unhealthy_0778.jpg,unhealthy_0778.txt,matched
val,unhealthy_0783,unhealthy_0783.jpg,unhealthy_0783.txt,matched
val,unhealthy_0784,unhealthy_0784.jpg,unhealthy_0784.txt,matched
val,unhealthy_0787,unhealthy_0787.jpg,unhealthy_0787.txt,matched
val,unhealthy_0788,unhealthy_0788.jpg,unhealthy_0788.txt,matched
val,unhealthy_0789,unhealthy_0789.jpg,unhealthy_0789.txt,matched
val,unhealthy_0796,unhealthy_0796.jpg,unhealthy_0796.txt,matched
val,unhealthy_0800,unhealthy_0800.jpg,unhealthy_0800.txt,matched
val,unhealthy_0802,unhealthy_0802.jpg,unhealthy_0802.txt,matched
val,unhealthy_0811,unhealthy_0811.jpg,unhealthy_0811.txt,matched
val,unhealthy_0812,unhealthy_0812.jpg,unhealthy_0812.txt,matched
val,unhealthy_0818,unhealthy_0818.jpg,unhealthy_0818.txt,matched
val,unhealthy_0820,unhealthy_0820.jpg,unhealthy_0820.txt,matched
val,unhealthy_0823,unhealthy_0823.jpg,unhealthy_0823.txt,matched
val,unhealthy_0827,unhealthy_0827.jpg,unhealthy_0827.txt,matched
val,unhealthy_0831,unhealthy_0831.jpg,unhealthy_0831.txt,matched
val,unhealthy_0835,unhealthy_0835.jpg,unhealthy_0835.txt,matched
val,unhealthy_0840,unhealthy_0840.jpg,unhealthy_0840.txt,matched
val,unhealthy_0849,unhealthy_0849.jpg,unhealthy_0849.txt,matched
val,unhealthy_0853,unhealthy_0853.jpg,unhealthy_0853.txt,matched
val,unhealthy_0854,unhealthy_0854.jpg,unhealthy_0854.txt,matched
val,unhealthy_0861,unhealthy_0861.jpg,unhealthy_0861.txt,matched
val,unhealthy_0865,unhealthy_0865.jpg,unhealthy_0865.txt,matched
val,unhealthy_0867,unhealthy_0867.jpg,unhealthy_0867.txt,matched
val,unhealthy_0868,unhealthy_0868.jpg,unhealthy_0868.txt,matched
val,unhealthy_0869,unhealthy_0869.jpg,unhealthy_0869.txt,matched
val,unhealthy_0875,unhealthy_0875.jpg,unhealthy_0875.txt,matched
val,unhealthy_0876,unhealthy_0876.jpg,unhealthy_0876.txt,matched
val,unhealthy_0881,unhealthy_0881.jpg,unhealthy_0881.txt,matched
val,unhealthy_0883,unhealthy_0883.jpg,unhealthy_0883.txt,matched
val,unhealthy_0889,unhealthy_0889.jpg,unhealthy_0889.txt,matched
val,unhealthy_0893,unhealthy_0893.jpg,unhealthy_0893.txt,matched
val,unhealthy_0895,unhealthy_0895.jpg,unhealthy_0895.txt,matched
val,unhealthy_0896,unhealthy_0896.jpg,unhealthy_0896.txt,matched
val,unhealthy_0897,unhealthy_0897.jpg,unhealthy_0897.txt,matched
val,unhealthy_0899,unhealthy_0899.jpg,unhealthy_0899.txt,matched
val,unhealthy_0905,unhealthy_0905.jpg,unhealthy_0905.txt,matched
val,unhealthy_0910,unhealthy_0910.jpg,unhealthy_0910.txt,matched
val,unhealthy_0913,unhealthy_0913.jpg,unhealthy_0913.txt,matched
val,unhealthy_0918,unhealthy_0918.jpg,unhealthy_0918.txt,matched
val,unhealthy_0921,unhealthy_0921.jpg,unhealthy_0921.txt,matched
val,unhealthy_0935,unhealthy_0935.jpg,unhealthy_0935.txt,matched
val,unhealthy_0937,unhealthy_0937.jpg,unhealthy_0937.txt,matched
val,unhealthy_0949,unhealthy_0949.jpg,unhealthy_0949.txt,matched
val,unhealthy_0953,unhealthy_0953.jpg,unhealthy_0953.txt,matched
val,unhealthy_0962,unhealthy_0962.jpg,unhealthy_0962.txt,matched
val,unhealthy_0965,unhealthy_0965.jpg,unhealthy_0965.txt,matched
val,unhealthy_0967,unhealthy_0967.jpg,unhealthy_0967.txt,matched
val,unhealthy_0998,unhealthy_0998.jpg,unhealthy_0998.txt,matched
val,unhealthy_1002,unhealthy_1002.jpg,unhealthy_1002.txt,matched
val,unhealthy_1006,unhealthy_1006.jpg,unhealthy_1006.txt,matched
val,unhealthy_1014,unhealthy_1014.jpg,unhealthy_1014.txt,matched
val,unhealthy_1015,unhealthy_1015.jpg,unhealthy_1015.txt,matched
val,unhealthy_1019,unhealthy_1019.jpg,unhealthy_1019.txt,matched
test,classes,,classes.txt,missing_image
test,healthy_0125,healthy_0125.jpg,healthy_0125.txt,matched
test,healthy_0126,healthy_0126.jpg,healthy_0126.txt,matched
test,healthy_0127,healthy_0127.jpg,healthy_0127.txt,matched
test,healthy_0128,healthy_0128.jpg,healthy_0128.txt,matched
test,healthy_0129,healthy_0129.jpg,healthy_0129.txt,matched
test,healthy_0130,healthy_0130.jpg,healthy_0130.txt,matched
test,healthy_0131,healthy_0131.jpg,healthy_0131.txt,matched
test,healthy_0132,healthy_0132.jpg,healthy_0132.txt,matched
test,healthy_0133,healthy_0133.jpg,healthy_0133.txt,matched
test,healthy_0134,healthy_0134.jpg,healthy_0134.txt,matched
test,healthy_0135,healthy_0135.jpg,healthy_0135.txt,matched
test,healthy_0136,healthy_0136.jpg,healthy_0136.txt,matched
test,healthy_0137,healthy_0137.jpg,healthy_0137.txt,matched
test,healthy_0138,healthy_0138.jpg,healthy_0138.txt,matched
test,healthy_0413,healthy_0413.jpg,healthy_0413.txt,matched
test,healthy_0414,healthy_0414.jpg,healthy_0414.txt,matched
test,healthy_0415,healthy_0415.jpg,healthy_0415.txt,matched
test,healthy_0416,healthy_0416.jpg,healthy_0416.txt,matched
test,healthy_0417,healthy_0417.jpg,healthy_0417.txt,matched
test,healthy_0418,healthy_0418.jpg,healthy_0418.txt,matched
test,healthy_0419,healthy_0419.jpg,healthy_0419.txt,matched
test,healthy_0420,healthy_0420.jpg,healthy_0420.txt,matched
test,healthy_0421,healthy_0421.jpg,healthy_0421.txt,matched
test,healthy_0422,healthy_0422.jpg,healthy_0422.txt,matched
test,healthy_0423,healthy_0423.jpg,healthy_0423.txt,matched
test,healthy_0424,healthy_0424.jpg,healthy_0424.txt,matched
test,healthy_0425,healthy_0425.jpg,healthy_0425.txt,matched
test,healthy_0426,healthy_0426.jpg,healthy_0426.txt,matched
test,healthy_0427,healthy_0427.jpg,healthy_0427.txt,matched
test,healthy_0428,healthy_0428.jpg,healthy_0428.txt,matched
test,healthy_0429,healthy_0429.jpg,healthy_0429.txt,matched
test,healthy_0430,healthy_0430.jpg,healthy_0430.txt,matched
test,healthy_0431,healthy_0431.jpg,healthy_0431.txt,matched
test,healthy_0432,healthy_0432.jpg,healthy_0432.txt,matched
test,healthy_0433,healthy_0433.jpg,healthy_0433.txt,matched
test,healthy_0434,healthy_0434.jpg,healthy_0434.txt,matched
test,healthy_0435,healthy_0435.jpg,healthy_0435.txt,matched
test,healthy_0436,healthy_0436.jpg,healthy_0436.txt,matched
test,healthy_0437,healthy_0437.jpg,healthy_0437.txt,matched
test,healthy_0438,healthy_0438.jpg,healthy_0438.txt,matched
test,healthy_0439,healthy_0439.jpg,healthy_0439.txt,matched
test,healthy_0440,healthy_0440.jpg,healthy_0440.txt,matched
test,healthy_0441,healthy_0441.jpg,healthy_0441.txt,matched
test,healthy_0442,healthy_0442.jpg,healthy_0442.txt,matched
test,healthy_0443,healthy_0443.jpg,healthy_0443.txt,matched
test,healthy_0450,healthy_0450.jpg,healthy_0450.txt,matched
test,healthy_0451,healthy_0451.jpg,healthy_0451.txt,matched
test,healthy_0456,healthy_0456.jpg,healthy_0456.txt,matched
test,healthy_0460,healthy_0460.jpg,healthy_0460.txt,matched
test,healthy_0467,healthy_0467.jpg,healthy_0467.txt,matched
test,healthy_0488,healthy_0488.jpg,healthy_0488.txt,matched
test,healthy_0494,healthy_0494.jpg,healthy_0494.txt,matched
test,healthy_0496,healthy_0496.jpg,healthy_0496.txt,matched
test,healthy_0499,healthy_0499.jpg,healthy_0499.txt,matched
test,healthy_0500,healthy_0500.jpg,healthy_0500.txt,matched
test,healthy_0501,healthy_0501.jpg,healthy_0501.txt,matched
test,healthy_0503,healthy_0503.jpg,healthy_0503.txt,matched
test,healthy_0515,healthy_0515.jpg,healthy_0515.txt,matched
test,healthy_0551,healthy_0551.jpg,healthy_0551.txt,matched
test,healthy_0558,healthy_0558.jpg,healthy_0558.txt,matched
test,healthy_0569,healthy_0569.jpg,healthy_0569.txt,matched
test,healthy_0573,healthy_0573.jpg,healthy_0573.txt,matched
test,healthy_0583,healthy_0583.jpg,healthy_0583.txt,matched
test,healthy_0584,healthy_0584.jpg,healthy_0584.txt,matched
test,healthy_0587,healthy_0587.jpg,healthy_0587.txt,matched
test,healthy_0594,healthy_0594.jpg,healthy_0594.txt,matched
test,healthy_0598,healthy_0598.jpg,healthy_0598.txt,matched
test,healthy_0610,healthy_0610.jpg,healthy_0610.txt,matched
test,healthy_0623,healthy_0623.jpg,healthy_0623.txt,matched
test,healthy_0627,healthy_0627.jpg,healthy_0627.txt,matched
test,healthy_0660,healthy_0660.jpg,healthy_0660.txt,matched
test,healthy_0704,healthy_0704.jpg,healthy_0704.txt,matched
test,healthy_0715,healthy_0715.jpg,healthy_0715.txt,matched
test,healthy_0734,healthy_0734.jpg,healthy_0734.txt,matched
test,healthy_0736,healthy_0736.jpg,healthy_0736.txt,matched
test,healthy_0739,healthy_0739.jpg,healthy_0739.txt,matched
test,healthy_0741,healthy_0741.jpg,healthy_0741.txt,matched
test,healthy_0753,healthy_0753.jpg,healthy_0753.txt,matched
test,healthy_0755,healthy_0755.jpg,healthy_0755.txt,matched
test,healthy_0780,healthy_0780.jpg,healthy_0780.txt,matched
test,healthy_0789,healthy_0789.jpg,healthy_0789.txt,matched
test,healthy_0790,healthy_0790.jpg,healthy_0790.txt,matched
test,healthy_0798,healthy_0798.jpg,healthy_0798.txt,matched
test,healthy_0803,healthy_0803.jpg,healthy_0803.txt,matched
test,healthy_0804,healthy_0804.jpg,healthy_0804.txt,matched
test,healthy_0808,healthy_0808.jpg,healthy_0808.txt,matched
test,healthy_0812,healthy_0812.jpg,healthy_0812.txt,matched
test,healthy_0813,healthy_0813.jpg,healthy_0813.txt,matched
test,healthy_0823,healthy_0823.jpg,healthy_0823.txt,matched
test,healthy_0836,healthy_0836.jpg,healthy_0836.txt,matched
test,healthy_0851,healthy_0851.jpg,healthy_0851.txt,matched
test,healthy_0868,healthy_0868.jpg,healthy_0868.txt,matched
test,healthy_0872,healthy_0872.jpg,healthy_0872.txt,matched
test,healthy_0875,healthy_0875.jpg,healthy_0875.txt,matched
test,healthy_0905,healthy_0905.jpg,healthy_0905.txt,matched
test,healthy_0912,healthy_0912.jpg,healthy_0912.txt,matched
test,healthy_0929,healthy_0929.jpg,healthy_0929.txt,matched
test,healthy_0932,healthy_0932.jpg,healthy_0932.txt,matched
test,healthy_0934,healthy_0934.jpg,healthy_0934.txt,matched
test,healthy_0937,healthy_0937.jpg,healthy_0937.txt,matched
test,healthy_0942,healthy_0942.jpg,healthy_0942.txt,matched
test,healthy_0947,healthy_0947.jpg,healthy_0947.txt,matched
test,healthy_0959,healthy_0959.jpg,healthy_0959.txt,matched
test,healthy_0979,healthy_0979.jpg,healthy_0979.txt,matched
test,healthy_0990,healthy_0990.jpg,healthy_0990.txt,matched
test,healthy_0993,healthy_0993.jpg,healthy_0993.txt,matched
test,healthy_1005,healthy_1005.jpg,healthy_1005.txt,matched
test,healthy_1009,healthy_1009.jpg,healthy_1009.txt,matched
test,healthy_1053,healthy_1053.jpg,healthy_1053.txt,matched
test,healthy_1057,healthy_1057.jpg,healthy_1057.txt,matched
test,healthy_1061,healthy_1061.jpg,healthy_1061.txt,matched
test,healthy_1076,healthy_1076.jpg,healthy_1076.txt,matched
test,healthy_1079,healthy_1079.jpg,healthy_1079.txt,matched
test,healthy_1082,healthy_1082.jpg,healthy_1082.txt,matched
test,healthy_1096,healthy_1096.jpg,healthy_1096.txt,matched
test,healthy_1098,healthy_1098.jpg,healthy_1098.txt,matched
test,healthy_1138,healthy_1138.jpg,healthy_1138.txt,matched
test,healthy_1141,healthy_1141.jpg,healthy_1141.txt,matched
test,healthy_1168,healthy_1168.jpg,healthy_1168.txt,matched
test,healthy_1173,healthy_1173.jpg,healthy_1173.txt,matched
test,healthy_1179,healthy_1179.jpg,healthy_1179.txt,matched
test,healthy_1226,healthy_1226.jpg,healthy_1226.txt,matched
test,healthy_1258,healthy_1258.jpg,healthy_1258.txt,matched
test,healthy_1267,healthy_1267.jpg,healthy_1267.txt,matched
test,healthy_1274,healthy_1274.jpg,healthy_1274.txt,matched
test,healthy_1283,healthy_1283.jpg,healthy_1283.txt,matched
test,healthy_1300,healthy_1300.jpg,healthy_1300.txt,matched
test,healthy_1312,healthy_1312.jpg,healthy_1312.txt,matched
test,healthy_1313,healthy_1313.jpg,healthy_1313.txt,matched
test,healthy_1325,healthy_1325.jpg,healthy_1325.txt,matched
test,healthy_1327,healthy_1327.jpg,healthy_1327.txt,matched
test,healthy_1342,healthy_1342.jpg,healthy_1342.txt,matched
test,healthy_1352,healthy_1352.jpg,healthy_1352.txt,matched
test,healthy_1363,healthy_1363.jpg,healthy_1363.txt,matched
test,healthy_1371,healthy_1371.jpg,healthy_1371.txt,matched
test,healthy_1374,healthy_1374.jpg,healthy_1374.txt,matched
test,healthy_1377,healthy_1377.jpg,healthy_1377.txt,matched
test,healthy_1382,healthy_1382.jpg,healthy_1382.txt,matched
test,healthy_1394,healthy_1394.jpg,healthy_1394.txt,matched
test,healthy_1399,healthy_1399.jpg,healthy_1399.txt,matched
test,healthy_1401,healthy_1401.jpg,healthy_1401.txt,matched
test,healthy_1402,healthy_1402.jpg,healthy_1402.txt,matched
test,healthy_1404,healthy_1404.jpg,healthy_1404.txt,matched
test,unhealthy_0324,unhealthy_0324.jpg,unhealthy_0324.txt,matched
test,unhealthy_0325,unhealthy_0325.jpg,unhealthy_0325.txt,matched
test,unhealthy_0326,unhealthy_0326.jpg,unhealthy_0326.txt,matched
test,unhealthy_0327,unhealthy_0327.jpg,unhealthy_0327.txt,matched
test,unhealthy_0328,unhealthy_0328.jpg,unhealthy_0328.txt,matched
test,unhealthy_0329,unhealthy_0329.jpg,unhealthy_0329.txt,matched
test,unhealthy_0330,unhealthy_0330.jpg,unhealthy_0330.txt,matched
test,unhealthy_0331,unhealthy_0331.jpg,unhealthy_0331.txt,matched
test,unhealthy_0332,unhealthy_0332.jpg,unhealthy_0332.txt,matched
test,unhealthy_0333,unhealthy_0333.jpg,unhealthy_0333.txt,matched
test,unhealthy_0334,unhealthy_0334.jpg,unhealthy_0334.txt,matched
test,unhealthy_0335,unhealthy_0335.jpg,unhealthy_0335.txt,matched
test,unhealthy_0336,unhealthy_0336.jpg,unhealthy_0336.txt,matched
test,unhealthy_0337,unhealthy_0337.jpg,unhealthy_0337.txt,matched
test,unhealthy_0338,unhealthy_0338.jpg,unhealthy_0338.txt,matched
test,unhealthy_0339,unhealthy_0339.jpg,unhealthy_0339.txt,matched
test,unhealthy_0340,unhealthy_0340.jpg,unhealthy_0340.txt,matched
test,unhealthy_0341,unhealthy_0341.jpg,unhealthy_0341.txt,matched
test,unhealthy_0342,unhealthy_0342.jpg,unhealthy_0342.txt,matched
test,unhealthy_0343,unhealthy_0343.jpg,unhealthy_0343.txt,matched
test,unhealthy_0344,unhealthy_0344.jpg,unhealthy_0344.txt,matched
test,unhealthy_0345,unhealthy_0345.jpg,unhealthy_0345.txt,matched
test,unhealthy_0346,unhealthy_0346.jpg,unhealthy_0346.txt,matched
test,unhealthy_0347,unhealthy_0347.jpg,unhealthy_0347.txt,matched
test,unhealthy_0348,unhealthy_0348.jpg,unhealthy_0348.txt,matched
test,unhealthy_0349,unhealthy_0349.jpg,unhealthy_0349.txt,matched
test,unhealthy_0350,unhealthy_0350.jpg,unhealthy_0350.txt,matched
test,unhealthy_0351,unhealthy_0351.jpg,unhealthy_0351.txt,matched
test,unhealthy_0352,unhealthy_0352.jpg,unhealthy_0352.txt,matched
test,unhealthy_0353,unhealthy_0353.jpg,unhealthy_0353.txt,matched
test,unhealthy_0354,unhealthy_0354.jpg,unhealthy_0354.txt,matched
test,unhealthy_0355,unhealthy_0355.jpg,unhealthy_0355.txt,matched
test,unhealthy_0356,unhealthy_0356.jpg,unhealthy_0356.txt,matched
test,unhealthy_0357,unhealthy_0357.jpg,unhealthy_0357.txt,matched
test,unhealthy_0358,unhealthy_0358.jpg,unhealthy_0358.txt,matched
test,unhealthy_0359,unhealthy_0359.jpg,unhealthy_0359.txt,matched
test,unhealthy_0360,unhealthy_0360.jpg,unhealthy_0360.txt,matched
test,unhealthy_0441,unhealthy_0441.jpg,unhealthy_0441.txt,matched
test,unhealthy_0442,unhealthy_0442.jpg,unhealthy_0442.txt,matched
test,unhealthy_0443,unhealthy_0443.jpg,unhealthy_0443.txt,matched
test,unhealthy_0444,unhealthy_0444.jpg,unhealthy_0444.txt,matched
test,unhealthy_0445,unhealthy_0445.jpg,unhealthy_0445.txt,matched
test,unhealthy_0446,unhealthy_0446.jpg,unhealthy_0446.txt,matched
test,unhealthy_0447,unhealthy_0447.jpg,unhealthy_0447.txt,matched
test,unhealthy_0448,unhealthy_0448.jpg,unhealthy_0448.txt,matched
test,unhealthy_0449,unhealthy_0449.jpg,unhealthy_0449.txt,matched
test,unhealthy_0450,unhealthy_0450.jpg,unhealthy_0450.txt,matched
test,unhealthy_0466,unhealthy_0466.jpg,unhealthy_0466.txt,matched
test,unhealthy_0476,unhealthy_0476.jpg,unhealthy_0476.txt,matched
test,unhealthy_0478,unhealthy_0478.jpg,unhealthy_0478.txt,matched
test,unhealthy_0486,unhealthy_0486.jpg,unhealthy_0486.txt,matched
test,unhealthy_0497,unhealthy_0497.jpg,unhealthy_0497.txt,matched
test,unhealthy_0499,unhealthy_0499.jpg,unhealthy_0499.txt,matched
test,unhealthy_0500,unhealthy_0500.jpg,unhealthy_0500.txt,matched
test,unhealthy_0514,unhealthy_0514.jpg,unhealthy_0514.txt,matched
test,unhealthy_0522,unhealthy_0522.jpg,unhealthy_0522.txt,matched
test,unhealthy_0537,unhealthy_0537.jpg,unhealthy_0537.txt,matched
test,unhealthy_0554,unhealthy_0554.jpg,unhealthy_0554.txt,matched
test,unhealthy_0559,unhealthy_0559.jpg,unhealthy_0559.txt,matched
test,unhealthy_0565,unhealthy_0565.jpg,unhealthy_0565.txt,matched
test,unhealthy_0569,unhealthy_0569.jpg,unhealthy_0569.txt,matched
test,unhealthy_0588,unhealthy_0588.jpg,unhealthy_0588.txt,matched
test,unhealthy_0616,unhealthy_0616.jpg,unhealthy_0616.txt,matched
test,unhealthy_0618,unhealthy_0618.jpg,unhealthy_0618.txt,matched
test,unhealthy_0623,unhealthy_0623.jpg,unhealthy_0623.txt,matched
test,unhealthy_0636,unhealthy_0636.jpg,unhealthy_0636.txt,matched
test,unhealthy_0637,unhealthy_0637.jpg,unhealthy_0637.txt,matched
test,unhealthy_0655,unhealthy_0655.jpg,unhealthy_0655.txt,matched
test,unhealthy_0656,unhealthy_0656.jpg,unhealthy_0656.txt,matched
test,unhealthy_0659,unhealthy_0659.jpg,unhealthy_0659.txt,matched
test,unhealthy_0661,unhealthy_0661.jpg,unhealthy_0661.txt,matched
test,unhealthy_0666,unhealthy_0666.jpg,unhealthy_0666.txt,matched
test,unhealthy_0672,unhealthy_0672.jpg,unhealthy_0672.txt,matched
test,unhealthy_0681,unhealthy_0681.jpg,unhealthy_0681.txt,matched
test,unhealthy_0701,unhealthy_0701.jpg,unhealthy_0701.txt,matched
test,unhealthy_0704,unhealthy_0704.jpg,unhealthy_0704.txt,matched
test,unhealthy_0710,unhealthy_0710.jpg,unhealthy_0710.txt,matched
test,unhealthy_0724,unhealthy_0724.jpg,unhealthy_0724.txt,matched
test,unhealthy_0729,unhealthy_0729.jpg,unhealthy_0729.txt,matched
test,unhealthy_0731,unhealthy_0731.jpg,unhealthy_0731.txt,matched
test,unhealthy_0748,unhealthy_0748.jpg,unhealthy_0748.txt,matched
test,unhealthy_0757,unhealthy_0757.jpg,unhealthy_0757.txt,matched
test,unhealthy_0760,unhealthy_0760.jpg,unhealthy_0760.txt,matched
test,unhealthy_0768,unhealthy_0768.jpg,unhealthy_0768.txt,matched
test,unhealthy_0772,unhealthy_0772.jpg,unhealthy_0772.txt,matched
test,unhealthy_0777,unhealthy_0777.jpg,unhealthy_0777.txt,matched
test,unhealthy_0805,unhealthy_0805.jpg,unhealthy_0805.txt,matched
test,unhealthy_0825,unhealthy_0825.jpg,unhealthy_0825.txt,matched
test,unhealthy_0834,unhealthy_0834.jpg,unhealthy_0834.txt,matched
test,unhealthy_0838,unhealthy_0838.jpg,unhealthy_0838.txt,matched
test,unhealthy_0884,unhealthy_0884.jpg,unhealthy_0884.txt,matched
test,unhealthy_0886,unhealthy_0886.jpg,unhealthy_0886.txt,matched
test,unhealthy_0888,unhealthy_0888.jpg,unhealthy_0888.txt,matched
test,unhealthy_0922,unhealthy_0922.jpg,unhealthy_0922.txt,matched
test,unhealthy_0934,unhealthy_0934.jpg,unhealthy_0934.txt,matched
test,unhealthy_0940,unhealthy_0940.jpg,unhealthy_0940.txt,matched
test,unhealthy_0942,unhealthy_0942.jpg,unhealthy_0942.txt,matched
test,unhealthy_0956,unhealthy_0956.jpg,unhealthy_0956.txt,matched
test,unhealthy_0964,unhealthy_0964.jpg,unhealthy_0964.txt,matched
test,unhealthy_0978,unhealthy_0978.jpg,unhealthy_0978.txt,matched
test,unhealthy_0979,unhealthy_0979.jpg,unhealthy_0979.txt,matched
test,unhealthy_0988,unhealthy_0988.jpg,unhealthy_0988.txt,matched
test,unhealthy_0990,unhealthy_0990.jpg,unhealthy_0990.txt,matched
test,unhealthy_0994,unhealthy_0994.jpg,unhealthy_0994.txt,matched
test,unhealthy_1001,unhealthy_1001.jpg,unhealthy_1001.txt,matched
