original_path,archive_path,bytes,sha256
README.md,archive/development/README.md,26216,118eb4026486eac6e05dbdd154f5a9430d7d928a83c33e437612b11e7ecd63f3
requirements.txt,archive/development/requirements.txt,55,435d2fb43d41cfdde9824ef5b6014f029f8dc11588ffbbd5a3dcb6bcf6d1024d
scripts/__pycache__/analyze_test_predictions.cpython-314.pyc,archive/development/scripts/__pycache__/analyze_test_predictions.cpython-314.pyc,64262,cb0cac23bef1b9a35cf6582c070e62e2cf964f6d14add3117f2f44fbdbc70648
scripts/__pycache__/predict.cpython-314.pyc,archive/development/scripts/__pycache__/predict.cpython-314.pyc,4438,da7cd72edf3eeba33c38bf9af3c9107e22b03cc425cc8527f481c56838b9907d
scripts/__pycache__/split_dataset01.cpython-314.pyc,archive/development/scripts/__pycache__/split_dataset01.cpython-314.pyc,9633,8bacb8d82b0929ce113846e3a53a5f8571263bf30aa7398e57e0cc1a534bb4f9
scripts/__pycache__/validate_yolo_dataset.cpython-314.pyc,archive/development/scripts/__pycache__/validate_yolo_dataset.cpython-314.pyc,16136,5e8b913c5ef6af81f075c60276db407094fe9f523791a26b64ed6aa5b397715d
scripts/analyze_test_predictions.py,archive/development/scripts/analyze_test_predictions.py,62727,76fa467efbb5185948a9486aef97cc72c7a121c9826de3afc0b7ef0b8ba162c0
scripts/copy_mismatches.py,archive/development/scripts/copy_mismatches.py,2366,3ab61cbbab4bee41138f5e335f07c1028d967905f804115e45ae1463c0241415
scripts/count_damage.py,archive/development/scripts/count_damage.py,60,063c86fae1b161fe1147cf6abc414239fcc69881268e27de1782ff0917f858bc
scripts/evaluate.py,archive/development/scripts/evaluate.py,446,c8c448353085936ff6dbaf2755be5582ea506e75b3abfeab44b04907d1089480
scripts/family.pl,archive/development/scripts/family.pl,963,45acf907362469b9d3f67be600d2cec968576b848a7cb1d68088fdbceda788c9
scripts/organize_mismatch_folders.py,archive/development/scripts/organize_mismatch_folders.py,898,17f61deabbb052f9abac768b1875ca8bd81fbfd935870a87e343395b58c735d5
scripts/parse_test_log.py,archive/development/scripts/parse_test_log.py,3293,d2ac396dc10ef5506374d50b352b08c32c5178733c3ac39739065eab57d1ab58
scripts/predict.py,archive/development/scripts/predict.py,2413,9da5de5a68ce2ef8401497cc6c9b13668dd76e3174162ab30348c3db05066406
scripts/rename_images.py,archive/development/scripts/rename_images.py,1271,cbbadb3d1ee0c98801ca19fc67c8474fa2ad36cd761c82d90a634a2f77ee5ac7
scripts/rename_mismatch_files.py,archive/development/scripts/rename_mismatch_files.py,1321,555e495aa005cba20e4270df27524b80e2e9351133aa40c68228780093364ece
scripts/rename_misnamed_dataset.py,archive/development/scripts/rename_misnamed_dataset.py,5398,e1f7996170bc88f6007ea7b899c12e32ffb40dd7385441797676ff04a1c835b3
scripts/resize_images.py,archive/development/scripts/resize_images.py,1264,2ee78e1a7fe003108bbc1f02a57fb55c7acd58897ca632826028dd94e38f7089
scripts/resize_images01.py,archive/development/scripts/resize_images01.py,2000,c7e1e50107e6e665b25c29e7ee66e4139299b10a07ab3e9384e38fd6b69524b9
scripts/split_dataset.py,archive/development/scripts/split_dataset.py,2033,e47345b7eb283ff29dc091b4113acdb49b23d988d7e09d9d209b1dff2f7f3457
scripts/split_dataset01.py,archive/development/scripts/split_dataset01.py,5184,3604f5444895014820a49ffdc7cd80bbeb18b9a10274cabe31e0c856df571ca8
scripts/sync_resized_images.py,archive/development/scripts/sync_resized_images.py,2157,997e024ed6276be477672e8aef7f67daff26845da6b3788c02990320be868f69
scripts/test_evaluate.py,archive/development/scripts/test_evaluate.py,394,a729c8d0269b7351c4092e10e487cd5f6ff0ef5f7638107eda480737e74ec302
scripts/test_predictions_log.txt,archive/development/scripts/test_predictions_log.txt,57329,80a726aef6122cc1ece65a47ba8b2e362c250b26061d40a7eb6e2214ba4f83db
scripts/train_yolo.py,archive/development/scripts/train_yolo.py,311,4cc9b1e4772b3c2cbff876e3b77d2e55445eb9b25fa7bf73a51e8ce92cc4d31f
scripts/validate_yolo_dataset.py,archive/development/scripts/validate_yolo_dataset.py,9018,dcd4a737644f8d021c71d355b0154569ec19390085da02cafe7cc69c345bcc73
scripts/webcam_detection.py,archive/development/scripts/webcam_detection.py,65,56dfbae3dc8c460007363c7d9919a2e038950ce29cb547693ceca98105cf06fe
notebooks/bitol_dataset_eda.ipynb,archive/development/notebooks/bitol_dataset_eda.ipynb,144195,e0997ffb1f12c172c6f113ac13898b6f3d90ceb2f4e106daa643c1d2b8ea930d
notebooks/check_image_label_pairs.ipynb,archive/development/notebooks/check_image_label_pairs.ipynb,12282,243e3608978e2ce3dc3f89f700ce3343efb82340805a70c44518e858e8b2f00c
notebooks/count_banana_annotations.ipynb,archive/development/notebooks/count_banana_annotations.ipynb,8728,2b951b546ec3533e71836f20ca543494f36e335993b662f38772af613fdf5668
notebooks/dataset_image_counts.ipynb,archive/development/notebooks/dataset_image_counts.ipynb,55115,a4fbef322b79610a04b822a177c8e5ea83c632faadf70e70a029ddb31dd38ea4
notebooks/dataset_report.txt,archive/development/notebooks/dataset_report.txt,5308,5bc849abf50fd8169224e3fac2ab03db057c02a3fda54236a866a0f136dc5e38
notebooks/experiments.ipynb,archive/development/notebooks/experiments.ipynb,19907,78a836e8cea1f215e87948ddc4b1a7f6aba27e152ac73227bee6a1f07a36e0bb
notebooks/image_label_pair_report.csv,archive/development/notebooks/image_label_pair_report.csv,154578,6ff7fd62927cd82f87218ebb164823b74da785edddde3608bbb47dfa713ba58a
notebooks/paper_class_samples_with_annotations.ipynb,archive/development/notebooks/paper_class_samples_with_annotations.ipynb,2216171,eaac95ac88fc649707ef61f4bcd580125d765fc4836881ccb20e3b65133d18f2
notebooks/runs/detect/predict/healthy_0125.jpg,archive/development/notebooks/runs/detect/predict/healthy_0125.jpg,237918,6b4c2dc99d13dae5371ee4836ef4171b55fc3335dc36e5285edb37beb89529b9
notebooks/runs/detect/predict/healthy_0126.jpg,archive/development/notebooks/runs/detect/predict/healthy_0126.jpg,304329,692096077471f5dec740ad9eba1287319c0951bf825426e7c71119f1fa1cb4f9
notebooks/runs/detect/predict/healthy_0127.jpg,archive/development/notebooks/runs/detect/predict/healthy_0127.jpg,269617,a5a30c0b891da86ae947b592c5684df5346f2ec98390bcd1133e54613963478f
notebooks/runs/detect/predict/healthy_0128.jpg,archive/development/notebooks/runs/detect/predict/healthy_0128.jpg,346849,5a9b3995e28f11c0e7a98f12e77730737cecf5b092aa8cb52b2afb4c474b06f0
notebooks/runs/detect/predict/healthy_0129.jpg,archive/development/notebooks/runs/detect/predict/healthy_0129.jpg,259020,106b6eb5eaa07d28bb1f73f07cc82b7c4db3de457d103eaea6b8223a3df7e3d7
notebooks/runs/detect/predict/healthy_0130.jpg,archive/development/notebooks/runs/detect/predict/healthy_0130.jpg,237276,1ce563bffa4d51e366460afb3e12eb1cbe0915f170590fd742a432173efd93b8
notebooks/runs/detect/predict/healthy_0131.jpg,archive/development/notebooks/runs/detect/predict/healthy_0131.jpg,302079,ece2aeb4ce65ea9986c466cacb67d15acac6810fc21ca613681a9bb94e7f8705
notebooks/runs/detect/predict/healthy_0132.jpg,archive/development/notebooks/runs/detect/predict/healthy_0132.jpg,280426,7f9310ce4df4e744e9357514be7b443e3f83cf5fb4af50be99dcaca2e6063703
notebooks/runs/detect/predict/healthy_0133.jpg,archive/development/notebooks/runs/detect/predict/healthy_0133.jpg,255712,92c300073d8e0c183a29511cb8ed6f714e97fcb370b3ddf4091088d13ab45d46
notebooks/runs/detect/predict/healthy_0134.jpg,archive/development/notebooks/runs/detect/predict/healthy_0134.jpg,253369,16288381feab24be8bc6df1da64b8ed4c8105a902457ef98d36afe0517a96e7d
notebooks/runs/detect/predict/healthy_0135.jpg,archive/development/notebooks/runs/detect/predict/healthy_0135.jpg,262483,ba671f37805ed746518773e30dadaae53f559fcd79f0fef9cb5c1a4a760dd9ab
notebooks/runs/detect/predict/healthy_0136.jpg,archive/development/notebooks/runs/detect/predict/healthy_0136.jpg,233950,90be129ea829877e91e7bb877c68ea2b07b25cb917daef4a939a5800d7979785
notebooks/runs/detect/predict/healthy_0137.jpg,archive/development/notebooks/runs/detect/predict/healthy_0137.jpg,255590,dbad80d73939300f428cca74bc78dc94d09c45b47dfe78b8b0b61e676fc8194f
notebooks/runs/detect/predict/healthy_0138.jpg,archive/development/notebooks/runs/detect/predict/healthy_0138.jpg,236314,01901ba662ba3d673c2aebaafdb00b9b9067cd46bae1ae484629c8149f7fb1a7
notebooks/runs/detect/predict/unhealthy_0324.jpg,archive/development/notebooks/runs/detect/predict/unhealthy_0324.jpg,543765,2dd977008a5ad0eabffc9ca6ad5fd38b87dcdc2fb2d05c50d29df53a85957073
notebooks/runs/detect/predict/unhealthy_0325.jpg,archive/development/notebooks/runs/detect/predict/unhealthy_0325.jpg,455939,7baf4f1940e98f5f8cde69adca2f48eae8903ca4b6c25007c97a0c125e742827
notebooks/runs/detect/predict/unhealthy_0326.jpg,archive/development/notebooks/runs/detect/predict/unhealthy_0326.jpg,441274,5c1c146a5be989f3de9840069aa232fa4d608f9b807f89ba762f948df448652f
notebooks/runs/detect/predict/unhealthy_0327.jpg,archive/development/notebooks/runs/detect/predict/unhealthy_0327.jpg,462510,1e26dea64f6b2b8b73c8a9c061f3636d99c33a67f773cca1def120fbedbc36a9
notebooks/runs/detect/predict/unhealthy_0328.jpg,archive/development/notebooks/runs/detect/predict/unhealthy_0328.jpg,474073,2a88aca3a05cfff2c64fdd550f984ff14c32fe084846f50138e66abe66573994
notebooks/runs/detect/predict/unhealthy_0329.jpg,archive/development/notebooks/runs/detect/predict/unhealthy_0329.jpg,437892,11d22ccf0fc6c84238adb5f2a8588d50fb53613e9b0a612081bf294c6a2c40dc
notebooks/runs/detect/predict/unhealthy_0330.jpg,archive/development/notebooks/runs/detect/predict/unhealthy_0330.jpg,414066,ee38c6ba33729d3fce1f3e77a3e94965cc79fd394d810e7c981613bd0f2bf0e1
notebooks/runs/detect/predict/unhealthy_0331.jpg,archive/development/notebooks/runs/detect/predict/unhealthy_0331.jpg,410850,c451fadc981be06a9a5b84478f11c805e67b50705338cbd170b4184aa3e78829
notebooks/runs/detect/predict/unhealthy_0332.jpg,archive/development/notebooks/runs/detect/predict/unhealthy_0332.jpg,402794,88e0fb47235f11f98b6c25f91159af49c2234186665f4a50c934d5207c4095e4
notebooks/runs/detect/predict/unhealthy_0333.jpg,archive/development/notebooks/runs/detect/predict/unhealthy_0333.jpg,460650,43078dc6ff61d92cb032fd999d634d86ea33eaf90ea0c3b834f31391d47edcba
notebooks/runs/detect/predict/unhealthy_0334.jpg,archive/development/notebooks/runs/detect/predict/unhealthy_0334.jpg,556195,4126fba5987dd2c84af32b39784b538d57386c11d92d4b50bd06d10d21471690
notebooks/runs/detect/predict/unhealthy_0335.jpg,archive/development/notebooks/runs/detect/predict/unhealthy_0335.jpg,543182,ecdbade644d6c86faf118bd5b67d0bc5e2f2894f8f4d562c75c31e6a7c377293
notebooks/runs/detect/predict/unhealthy_0336.jpg,archive/development/notebooks/runs/detect/predict/unhealthy_0336.jpg,489106,de844ad9770fd2a9a7ee176260fcc702f77cf3f9d7cdaf266f7d46868f03698f
notebooks/runs/detect/predict/unhealthy_0337.jpg,archive/development/notebooks/runs/detect/predict/unhealthy_0337.jpg,400477,06777df53731094e0fc9f9fd43ec6c8dd0e1aa24d27bf445f56bcdb6be1dfa00
notebooks/runs/detect/predict/unhealthy_0338.jpg,archive/development/notebooks/runs/detect/predict/unhealthy_0338.jpg,419122,74a456ff77e6e33e4dfe53e886b7e918d945ade63cca6fcd62f5514eca4f4011
notebooks/runs/detect/predict/unhealthy_0339.jpg,archive/development/notebooks/runs/detect/predict/unhealthy_0339.jpg,410307,0f2346c47c5004b4c31b0dc5038998cc6847e280c71a3abd22d0d807a170e631
notebooks/runs/detect/predict/unhealthy_0340.jpg,archive/development/notebooks/runs/detect/predict/unhealthy_0340.jpg,416961,b82a49a1c5079e18ae8863fb3d4464b67cda323398ec960e406c2266e737370e
notebooks/runs/detect/predict/unhealthy_0341.jpg,archive/development/notebooks/runs/detect/predict/unhealthy_0341.jpg,395651,eb093a876218a99cf757a48131b828dae129a16bede215818ae656e6651df58a
notebooks/runs/detect/predict/unhealthy_0342.jpg,archive/development/notebooks/runs/detect/predict/unhealthy_0342.jpg,374864,f4c0db25b44cb7b72b5a7c20f13e40e628eff5b5a8602df7c9ebdc03b3d50995
notebooks/runs/detect/predict/unhealthy_0343.jpg,archive/development/notebooks/runs/detect/predict/unhealthy_0343.jpg,427291,13f1ddb2664097edfa06845cc43b0523afc10c2d37adb66b2aef1bd597119a09
notebooks/runs/detect/predict/unhealthy_0344.jpg,archive/development/notebooks/runs/detect/predict/unhealthy_0344.jpg,428387,ac2e48cefd529670ee0ff6ff835dc55f7f6d8b995e8c5dec5640e570190c0c9f
notebooks/runs/detect/predict/unhealthy_0345.jpg,archive/development/notebooks/runs/detect/predict/unhealthy_0345.jpg,403479,873bd0638d5c243b1e730687ccd0b617db75d873d2818f9b1766a281ca4ef69e
notebooks/runs/detect/predict/unhealthy_0346.jpg,archive/development/notebooks/runs/detect/predict/unhealthy_0346.jpg,410526,2b7a23935ea0d0c8eef2d40e3160316364a87617516b7f8b5e129d3ace440174
notebooks/runs/detect/predict/unhealthy_0347.jpg,archive/development/notebooks/runs/detect/predict/unhealthy_0347.jpg,351277,4ec1d6c06a4d6b000843059ebf2886b5f05c34034d50a0b30b5ad6cd69acc9ec
notebooks/runs/detect/predict/unhealthy_0348.jpg,archive/development/notebooks/runs/detect/predict/unhealthy_0348.jpg,444443,c5301b7a838ce05680c7076cd1e595d458ca7507c5478bed09f7477748663e11
notebooks/runs/detect/predict/unhealthy_0349.jpg,archive/development/notebooks/runs/detect/predict/unhealthy_0349.jpg,275897,78ade505cff6f7c46da555732c7e8f804ac1a85bd0fb8454998316aeaa4b0ec4
notebooks/runs/detect/predict/unhealthy_0350.jpg,archive/development/notebooks/runs/detect/predict/unhealthy_0350.jpg,298323,a08d3e9f18b129a5638a4b241932112ddaa7aba26b4161ea39741e884039216d
notebooks/runs/detect/predict/unhealthy_0351.jpg,archive/development/notebooks/runs/detect/predict/unhealthy_0351.jpg,236015,0eff849ccd3fd84eabdd6c9c8c119bf64233618354cdb320eba383d930f337db
notebooks/runs/detect/predict/unhealthy_0352.jpg,archive/development/notebooks/runs/detect/predict/unhealthy_0352.jpg,229404,b713cdaf268a837bde5ec7372b7d134e9a3a968acd4bc106f928588ec90907df
notebooks/runs/detect/predict/unhealthy_0353.jpg,archive/development/notebooks/runs/detect/predict/unhealthy_0353.jpg,324190,c359784315a816dbed166031e12e0eefbaf7bfb71e0a0cf2b58bcc3be0437795
notebooks/runs/detect/predict/unhealthy_0354.jpg,archive/development/notebooks/runs/detect/predict/unhealthy_0354.jpg,265354,f472f9acb918823c45fcb9095537432676a1e6ab92604677a604bc3add2f530b
notebooks/runs/detect/predict/unhealthy_0355.jpg,archive/development/notebooks/runs/detect/predict/unhealthy_0355.jpg,288581,2f1eb1f6d05ec6f136a50b77637288d6cd8d5814f4c241bd03ec3d12af913ff5
notebooks/runs/detect/predict/unhealthy_0356.jpg,archive/development/notebooks/runs/detect/predict/unhealthy_0356.jpg,274281,f4846d0bae049871bd2c02b00773483f5e11006a9ae9d5a8cc8f0b744f6241a9
notebooks/runs/detect/predict/unhealthy_0357.jpg,archive/development/notebooks/runs/detect/predict/unhealthy_0357.jpg,283775,1da7a9e62596146b3e6fc36a583eeeac50ece4d956659e0843293d1ef8976b19
notebooks/runs/detect/predict/unhealthy_0358.jpg,archive/development/notebooks/runs/detect/predict/unhealthy_0358.jpg,259339,34a6d9397f7f31d8c906c504dd7e1b337e542c81c06ce5f7a89648f8897b41cb
notebooks/runs/detect/predict/unhealthy_0359.jpg,archive/development/notebooks/runs/detect/predict/unhealthy_0359.jpg,407189,d61288e1a7ac6ee3204fe57a303e2d317963a9607eebbd0a366df3b570c9f073
notebooks/runs/detect/predict/unhealthy_0360.jpg,archive/development/notebooks/runs/detect/predict/unhealthy_0360.jpg,320313,cd975ca1f0d107488869d7d3687178bc257e6c0684bee60dcb7d3e62ee78090b
notebooks/runs/detect/predict-2/healthy_0125.jpg,archive/development/notebooks/runs/detect/predict-2/healthy_0125.jpg,237918,6b4c2dc99d13dae5371ee4836ef4171b55fc3335dc36e5285edb37beb89529b9
notebooks/runs/detect/predict-2/healthy_0126.jpg,archive/development/notebooks/runs/detect/predict-2/healthy_0126.jpg,304329,692096077471f5dec740ad9eba1287319c0951bf825426e7c71119f1fa1cb4f9
notebooks/runs/detect/predict-2/healthy_0127.jpg,archive/development/notebooks/runs/detect/predict-2/healthy_0127.jpg,269617,a5a30c0b891da86ae947b592c5684df5346f2ec98390bcd1133e54613963478f
notebooks/runs/detect/predict-2/healthy_0128.jpg,archive/development/notebooks/runs/detect/predict-2/healthy_0128.jpg,346849,5a9b3995e28f11c0e7a98f12e77730737cecf5b092aa8cb52b2afb4c474b06f0
notebooks/runs/detect/predict-2/healthy_0129.jpg,archive/development/notebooks/runs/detect/predict-2/healthy_0129.jpg,259020,106b6eb5eaa07d28bb1f73f07cc82b7c4db3de457d103eaea6b8223a3df7e3d7
notebooks/runs/detect/predict-2/healthy_0130.jpg,archive/development/notebooks/runs/detect/predict-2/healthy_0130.jpg,237276,1ce563bffa4d51e366460afb3e12eb1cbe0915f170590fd742a432173efd93b8
notebooks/runs/detect/predict-2/healthy_0131.jpg,archive/development/notebooks/runs/detect/predict-2/healthy_0131.jpg,302079,ece2aeb4ce65ea9986c466cacb67d15acac6810fc21ca613681a9bb94e7f8705
notebooks/runs/detect/predict-2/healthy_0132.jpg,archive/development/notebooks/runs/detect/predict-2/healthy_0132.jpg,280426,7f9310ce4df4e744e9357514be7b443e3f83cf5fb4af50be99dcaca2e6063703
notebooks/runs/detect/predict-2/healthy_0133.jpg,archive/development/notebooks/runs/detect/predict-2/healthy_0133.jpg,255712,92c300073d8e0c183a29511cb8ed6f714e97fcb370b3ddf4091088d13ab45d46
notebooks/runs/detect/predict-2/healthy_0134.jpg,archive/development/notebooks/runs/detect/predict-2/healthy_0134.jpg,253369,16288381feab24be8bc6df1da64b8ed4c8105a902457ef98d36afe0517a96e7d
notebooks/runs/detect/predict-2/healthy_0135.jpg,archive/development/notebooks/runs/detect/predict-2/healthy_0135.jpg,262483,ba671f37805ed746518773e30dadaae53f559fcd79f0fef9cb5c1a4a760dd9ab
notebooks/runs/detect/predict-2/healthy_0136.jpg,archive/development/notebooks/runs/detect/predict-2/healthy_0136.jpg,233950,90be129ea829877e91e7bb877c68ea2b07b25cb917daef4a939a5800d7979785
notebooks/runs/detect/predict-2/healthy_0137.jpg,archive/development/notebooks/runs/detect/predict-2/healthy_0137.jpg,255590,dbad80d73939300f428cca74bc78dc94d09c45b47dfe78b8b0b61e676fc8194f
notebooks/runs/detect/predict-2/healthy_0138.jpg,archive/development/notebooks/runs/detect/predict-2/healthy_0138.jpg,236314,01901ba662ba3d673c2aebaafdb00b9b9067cd46bae1ae484629c8149f7fb1a7
notebooks/runs/detect/predict-2/unhealthy_0324.jpg,archive/development/notebooks/runs/detect/predict-2/unhealthy_0324.jpg,543765,2dd977008a5ad0eabffc9ca6ad5fd38b87dcdc2fb2d05c50d29df53a85957073
notebooks/runs/detect/predict-2/unhealthy_0325.jpg,archive/development/notebooks/runs/detect/predict-2/unhealthy_0325.jpg,455939,7baf4f1940e98f5f8cde69adca2f48eae8903ca4b6c25007c97a0c125e742827
notebooks/runs/detect/predict-2/unhealthy_0326.jpg,archive/development/notebooks/runs/detect/predict-2/unhealthy_0326.jpg,441274,5c1c146a5be989f3de9840069aa232fa4d608f9b807f89ba762f948df448652f
notebooks/runs/detect/predict-2/unhealthy_0327.jpg,archive/development/notebooks/runs/detect/predict-2/unhealthy_0327.jpg,462510,1e26dea64f6b2b8b73c8a9c061f3636d99c33a67f773cca1def120fbedbc36a9
notebooks/runs/detect/predict-2/unhealthy_0328.jpg,archive/development/notebooks/runs/detect/predict-2/unhealthy_0328.jpg,474073,2a88aca3a05cfff2c64fdd550f984ff14c32fe084846f50138e66abe66573994
notebooks/runs/detect/predict-2/unhealthy_0329.jpg,archive/development/notebooks/runs/detect/predict-2/unhealthy_0329.jpg,437892,11d22ccf0fc6c84238adb5f2a8588d50fb53613e9b0a612081bf294c6a2c40dc
notebooks/runs/detect/predict-2/unhealthy_0330.jpg,archive/development/notebooks/runs/detect/predict-2/unhealthy_0330.jpg,414066,ee38c6ba33729d3fce1f3e77a3e94965cc79fd394d810e7c981613bd0f2bf0e1
notebooks/runs/detect/predict-2/unhealthy_0331.jpg,archive/development/notebooks/runs/detect/predict-2/unhealthy_0331.jpg,410850,c451fadc981be06a9a5b84478f11c805e67b50705338cbd170b4184aa3e78829
notebooks/runs/detect/predict-2/unhealthy_0332.jpg,archive/development/notebooks/runs/detect/predict-2/unhealthy_0332.jpg,402794,88e0fb47235f11f98b6c25f91159af49c2234186665f4a50c934d5207c4095e4
notebooks/runs/detect/predict-2/unhealthy_0333.jpg,archive/development/notebooks/runs/detect/predict-2/unhealthy_0333.jpg,460650,43078dc6ff61d92cb032fd999d634d86ea33eaf90ea0c3b834f31391d47edcba
notebooks/runs/detect/predict-2/unhealthy_0334.jpg,archive/development/notebooks/runs/detect/predict-2/unhealthy_0334.jpg,556195,4126fba5987dd2c84af32b39784b538d57386c11d92d4b50bd06d10d21471690
notebooks/runs/detect/predict-2/unhealthy_0335.jpg,archive/development/notebooks/runs/detect/predict-2/unhealthy_0335.jpg,543182,ecdbade644d6c86faf118bd5b67d0bc5e2f2894f8f4d562c75c31e6a7c377293
notebooks/runs/detect/predict-2/unhealthy_0336.jpg,archive/development/notebooks/runs/detect/predict-2/unhealthy_0336.jpg,489106,de844ad9770fd2a9a7ee176260fcc702f77cf3f9d7cdaf266f7d46868f03698f
notebooks/runs/detect/predict-2/unhealthy_0337.jpg,archive/development/notebooks/runs/detect/predict-2/unhealthy_0337.jpg,400477,06777df53731094e0fc9f9fd43ec6c8dd0e1aa24d27bf445f56bcdb6be1dfa00
notebooks/runs/detect/predict-2/unhealthy_0338.jpg,archive/development/notebooks/runs/detect/predict-2/unhealthy_0338.jpg,419122,74a456ff77e6e33e4dfe53e886b7e918d945ade63cca6fcd62f5514eca4f4011
notebooks/runs/detect/predict-2/unhealthy_0339.jpg,archive/development/notebooks/runs/detect/predict-2/unhealthy_0339.jpg,410307,0f2346c47c5004b4c31b0dc5038998cc6847e280c71a3abd22d0d807a170e631
notebooks/runs/detect/predict-2/unhealthy_0340.jpg,archive/development/notebooks/runs/detect/predict-2/unhealthy_0340.jpg,416961,b82a49a1c5079e18ae8863fb3d4464b67cda323398ec960e406c2266e737370e
notebooks/runs/detect/predict-2/unhealthy_0341.jpg,archive/development/notebooks/runs/detect/predict-2/unhealthy_0341.jpg,395651,eb093a876218a99cf757a48131b828dae129a16bede215818ae656e6651df58a
notebooks/runs/detect/predict-2/unhealthy_0342.jpg,archive/development/notebooks/runs/detect/predict-2/unhealthy_0342.jpg,374864,f4c0db25b44cb7b72b5a7c20f13e40e628eff5b5a8602df7c9ebdc03b3d50995
notebooks/runs/detect/predict-2/unhealthy_0343.jpg,archive/development/notebooks/runs/detect/predict-2/unhealthy_0343.jpg,427291,13f1ddb2664097edfa06845cc43b0523afc10c2d37adb66b2aef1bd597119a09
notebooks/runs/detect/predict-2/unhealthy_0344.jpg,archive/development/notebooks/runs/detect/predict-2/unhealthy_0344.jpg,428387,ac2e48cefd529670ee0ff6ff835dc55f7f6d8b995e8c5dec5640e570190c0c9f
notebooks/runs/detect/predict-2/unhealthy_0345.jpg,archive/development/notebooks/runs/detect/predict-2/unhealthy_0345.jpg,403479,873bd0638d5c243b1e730687ccd0b617db75d873d2818f9b1766a281ca4ef69e
notebooks/runs/detect/predict-2/unhealthy_0346.jpg,archive/development/notebooks/runs/detect/predict-2/unhealthy_0346.jpg,410526,2b7a23935ea0d0c8eef2d40e3160316364a87617516b7f8b5e129d3ace440174
notebooks/runs/detect/predict-2/unhealthy_0347.jpg,archive/development/notebooks/runs/detect/predict-2/unhealthy_0347.jpg,351277,4ec1d6c06a4d6b000843059ebf2886b5f05c34034d50a0b30b5ad6cd69acc9ec
notebooks/runs/detect/predict-2/unhealthy_0348.jpg,archive/development/notebooks/runs/detect/predict-2/unhealthy_0348.jpg,444443,c5301b7a838ce05680c7076cd1e595d458ca7507c5478bed09f7477748663e11
notebooks/runs/detect/predict-2/unhealthy_0349.jpg,archive/development/notebooks/runs/detect/predict-2/unhealthy_0349.jpg,275897,78ade505cff6f7c46da555732c7e8f804ac1a85bd0fb8454998316aeaa4b0ec4
notebooks/runs/detect/predict-2/unhealthy_0350.jpg,archive/development/notebooks/runs/detect/predict-2/unhealthy_0350.jpg,298323,a08d3e9f18b129a5638a4b241932112ddaa7aba26b4161ea39741e884039216d
notebooks/runs/detect/predict-2/unhealthy_0351.jpg,archive/development/notebooks/runs/detect/predict-2/unhealthy_0351.jpg,236015,0eff849ccd3fd84eabdd6c9c8c119bf64233618354cdb320eba383d930f337db
notebooks/runs/detect/predict-2/unhealthy_0352.jpg,archive/development/notebooks/runs/detect/predict-2/unhealthy_0352.jpg,229404,b713cdaf268a837bde5ec7372b7d134e9a3a968acd4bc106f928588ec90907df
notebooks/runs/detect/predict-2/unhealthy_0353.jpg,archive/development/notebooks/runs/detect/predict-2/unhealthy_0353.jpg,324190,c359784315a816dbed166031e12e0eefbaf7bfb71e0a0cf2b58bcc3be0437795
notebooks/runs/detect/predict-2/unhealthy_0354.jpg,archive/development/notebooks/runs/detect/predict-2/unhealthy_0354.jpg,265354,f472f9acb918823c45fcb9095537432676a1e6ab92604677a604bc3add2f530b
notebooks/runs/detect/predict-2/unhealthy_0355.jpg,archive/development/notebooks/runs/detect/predict-2/unhealthy_0355.jpg,288581,2f1eb1f6d05ec6f136a50b77637288d6cd8d5814f4c241bd03ec3d12af913ff5
notebooks/runs/detect/predict-2/unhealthy_0356.jpg,archive/development/notebooks/runs/detect/predict-2/unhealthy_0356.jpg,274281,f4846d0bae049871bd2c02b00773483f5e11006a9ae9d5a8cc8f0b744f6241a9
notebooks/runs/detect/predict-2/unhealthy_0357.jpg,archive/development/notebooks/runs/detect/predict-2/unhealthy_0357.jpg,283775,1da7a9e62596146b3e6fc36a583eeeac50ece4d956659e0843293d1ef8976b19
notebooks/runs/detect/predict-2/unhealthy_0358.jpg,archive/development/notebooks/runs/detect/predict-2/unhealthy_0358.jpg,259339,34a6d9397f7f31d8c906c504dd7e1b337e542c81c06ce5f7a89648f8897b41cb
notebooks/runs/detect/predict-2/unhealthy_0359.jpg,archive/development/notebooks/runs/detect/predict-2/unhealthy_0359.jpg,407189,d61288e1a7ac6ee3204fe57a303e2d317963a9607eebbd0a366df3b570c9f073
notebooks/runs/detect/predict-2/unhealthy_0360.jpg,archive/development/notebooks/runs/detect/predict-2/unhealthy_0360.jpg,320313,cd975ca1f0d107488869d7d3687178bc257e6c0684bee60dcb7d3e62ee78090b
notebooks/runs/detect/val/BoxF1_curve.png,archive/development/notebooks/runs/detect/val/BoxF1_curve.png,146240,cece9a68a505cc134157db2d75556e78192fd9504e669663d5610a5cb6128c62
notebooks/runs/detect/val/BoxPR_curve.png,archive/development/notebooks/runs/detect/val/BoxPR_curve.png,95652,8c613e1ff3e47d065cc0688435505ba3a5bb19cd46c9279cac210c72386149c8
notebooks/runs/detect/val/BoxP_curve.png,archive/development/notebooks/runs/detect/val/BoxP_curve.png,132474,df0a156ebc555d5ca4c2ef2657e2f7157fc904b95a7d807ebe6f5ddae65c767e
notebooks/runs/detect/val/BoxR_curve.png,archive/development/notebooks/runs/detect/val/BoxR_curve.png,134698,fc6e19162e2c8dd99d86cda6636330eefc74b8a0e5365021988b6b7406c68f0b
notebooks/runs/detect/val/confusion_matrix.png,archive/development/notebooks/runs/detect/val/confusion_matrix.png,101301,9f6553a6a6d7dd353250b95aade9040047121b455f341811aae68c1b43378975
notebooks/runs/detect/val/confusion_matrix_normalized.png,archive/development/notebooks/runs/detect/val/confusion_matrix_normalized.png,116922,3650f1c8e311075b543d9d45d5869dc50699b45b92f17bf73d02ccde3434ec77
notebooks/runs/detect/val/val_batch0_labels.jpg,archive/development/notebooks/runs/detect/val/val_batch0_labels.jpg,667131,131191ed6639e9cec7258fbdf29c74b040df88c0103e8ece91e12b8d060f0bf3
notebooks/runs/detect/val/val_batch0_pred.jpg,archive/development/notebooks/runs/detect/val/val_batch0_pred.jpg,674407,930f9b1c1f896693444149e9f1bfd63aa7df137e9859de455fc58a2e95ccf4a7
notebooks/runs/detect/val/val_batch1_labels.jpg,archive/development/notebooks/runs/detect/val/val_batch1_labels.jpg,865797,75d930d52a7a8a5c470f3210de48e8b1903b0af03dcec2d64a7fdd9f0d05202b
notebooks/runs/detect/val/val_batch1_pred.jpg,archive/development/notebooks/runs/detect/val/val_batch1_pred.jpg,866919,0673c106a91734baf070e8d7e799f1f39c464564ec94f72de825003681ee8b03
notebooks/runs/detect/val/val_batch2_labels.jpg,archive/development/notebooks/runs/detect/val/val_batch2_labels.jpg,712562,83497482749f05f5f9fd2c900a383b6e96a6e5ec4ba74a64343e503ba9b80688
notebooks/runs/detect/val/val_batch2_pred.jpg,archive/development/notebooks/runs/detect/val/val_batch2_pred.jpg,727398,81e24d4ccbbe610f8baa67d82bfb3534374fcf9d066b7a162a1836118b3571b4
notebooks/runs/detect/val-2/BoxF1_curve.png,archive/development/notebooks/runs/detect/val-2/BoxF1_curve.png,146240,cece9a68a505cc134157db2d75556e78192fd9504e669663d5610a5cb6128c62
notebooks/runs/detect/val-2/BoxPR_curve.png,archive/development/notebooks/runs/detect/val-2/BoxPR_curve.png,95652,8c613e1ff3e47d065cc0688435505ba3a5bb19cd46c9279cac210c72386149c8
notebooks/runs/detect/val-2/BoxP_curve.png,archive/development/notebooks/runs/detect/val-2/BoxP_curve.png,132474,df0a156ebc555d5ca4c2ef2657e2f7157fc904b95a7d807ebe6f5ddae65c767e
notebooks/runs/detect/val-2/BoxR_curve.png,archive/development/notebooks/runs/detect/val-2/BoxR_curve.png,134698,fc6e19162e2c8dd99d86cda6636330eefc74b8a0e5365021988b6b7406c68f0b
notebooks/runs/detect/val-2/confusion_matrix.png,archive/development/notebooks/runs/detect/val-2/confusion_matrix.png,101301,9f6553a6a6d7dd353250b95aade9040047121b455f341811aae68c1b43378975
notebooks/runs/detect/val-2/confusion_matrix_normalized.png,archive/development/notebooks/runs/detect/val-2/confusion_matrix_normalized.png,116922,3650f1c8e311075b543d9d45d5869dc50699b45b92f17bf73d02ccde3434ec77
notebooks/runs/detect/val-2/val_batch0_labels.jpg,archive/development/notebooks/runs/detect/val-2/val_batch0_labels.jpg,667131,131191ed6639e9cec7258fbdf29c74b040df88c0103e8ece91e12b8d060f0bf3
notebooks/runs/detect/val-2/val_batch0_pred.jpg,archive/development/notebooks/runs/detect/val-2/val_batch0_pred.jpg,674407,930f9b1c1f896693444149e9f1bfd63aa7df137e9859de455fc58a2e95ccf4a7
notebooks/runs/detect/val-2/val_batch1_labels.jpg,archive/development/notebooks/runs/detect/val-2/val_batch1_labels.jpg,865797,75d930d52a7a8a5c470f3210de48e8b1903b0af03dcec2d64a7fdd9f0d05202b
notebooks/runs/detect/val-2/val_batch1_pred.jpg,archive/development/notebooks/runs/detect/val-2/val_batch1_pred.jpg,866919,0673c106a91734baf070e8d7e799f1f39c464564ec94f72de825003681ee8b03
notebooks/runs/detect/val-2/val_batch2_labels.jpg,archive/development/notebooks/runs/detect/val-2/val_batch2_labels.jpg,712562,83497482749f05f5f9fd2c900a383b6e96a6e5ec4ba74a64343e503ba9b80688
notebooks/runs/detect/val-2/val_batch2_pred.jpg,archive/development/notebooks/runs/detect/val-2/val_batch2_pred.jpg,727398,81e24d4ccbbe610f8baa67d82bfb3534374fcf9d066b7a162a1836118b3571b4
runs/detect/models/trained/bitol_yolov8/BoxF1_curve.png,archive/development/runs/detect/models/trained/bitol_yolov8/BoxF1_curve.png,140937,4165456f79eb15a5de47b3d50827475f88414d8db9a116e00535fd12d5e71498
runs/detect/models/trained/bitol_yolov8/BoxPR_curve.png,archive/development/runs/detect/models/trained/bitol_yolov8/BoxPR_curve.png,83897,d1ea3c4acf26bae6fa458c7b1e2c4033dfa6e13b1fb8528cdbb435d33da95b04
runs/detect/models/trained/bitol_yolov8/BoxP_curve.png,archive/development/runs/detect/models/trained/bitol_yolov8/BoxP_curve.png,113523,942cfa292a82fcfe7fdfb767ebffb0d4d69b8fa1898787d78a927235d38f9e82
runs/detect/models/trained/bitol_yolov8/BoxR_curve.png,archive/development/runs/detect/models/trained/bitol_yolov8/BoxR_curve.png,124734,46691f0ad63a5a285e6ca1109b7d32f527242ffd16770bca02a6c16ca36ada28
runs/detect/models/trained/bitol_yolov8/args.yaml,archive/development/runs/detect/models/trained/bitol_yolov8/args.yaml,1762,2b611f3ac09a547c723394260c6195ffb33b06b48c932b3ce85ce9a39619462e
runs/detect/models/trained/bitol_yolov8/confusion_matrix.png,archive/development/runs/detect/models/trained/bitol_yolov8/confusion_matrix.png,101067,90fe760390b2b6a5bf0126236a075fd1df2e8e54d159bf210b5a6313ed5746f4
runs/detect/models/trained/bitol_yolov8/confusion_matrix_normalized.png,archive/development/runs/detect/models/trained/bitol_yolov8/confusion_matrix_normalized.png,104201,632d15da2f8796d777bce2bc89cfe851ac4450c0080cc259427fd636991a0e83
runs/detect/models/trained/bitol_yolov8/labels.jpg,archive/development/runs/detect/models/trained/bitol_yolov8/labels.jpg,220816,0eaff8d9b7be988db7eae82d8abf1a3ac2065e0caff4f9146a2fd7a2cce6de06
runs/detect/models/trained/bitol_yolov8/results.csv,archive/development/runs/detect/models/trained/bitol_yolov8/results.csv,6463,829ff3a266612f1fe702ef0a164b4bbceff9f9858ea33f41061cf55910dfd5dc
runs/detect/models/trained/bitol_yolov8/results.png,archive/development/runs/detect/models/trained/bitol_yolov8/results.png,293538,f79eb518d70220d5f9f88f03e35007aa99af9708431120756efd17d325c909dd
runs/detect/models/trained/bitol_yolov8/train_batch0.jpg,archive/development/runs/detect/models/trained/bitol_yolov8/train_batch0.jpg,632664,106b5dcdf4a5c1c2009afebe40429ec7da42126c96837cb5365ec29e73063d3c
runs/detect/models/trained/bitol_yolov8/train_batch1.jpg,archive/development/runs/detect/models/trained/bitol_yolov8/train_batch1.jpg,426961,5b15aaa4df8473d836cfe3a7c95b9e52f68e1066964fdd9433c1740ccf783736
runs/detect/models/trained/bitol_yolov8/train_batch2.jpg,archive/development/runs/detect/models/trained/bitol_yolov8/train_batch2.jpg,547778,7aa13386dcc57fea7c70018d72968d1600b56b3be3511006454814dde9b59fb5
runs/detect/models/trained/bitol_yolov8/train_batch3480.jpg,archive/development/runs/detect/models/trained/bitol_yolov8/train_batch3480.jpg,432398,0fb3dbc85d41392678c38fec2887d3f9faa00e98cfb2b2749c94a96be5826a5f
runs/detect/models/trained/bitol_yolov8/train_batch3481.jpg,archive/development/runs/detect/models/trained/bitol_yolov8/train_batch3481.jpg,312731,7d7730bf0d9110b91733f8dc8565cc23362cbdc6a11b2a1988c2d42aaa229031
runs/detect/models/trained/bitol_yolov8/train_batch3482.jpg,archive/development/runs/detect/models/trained/bitol_yolov8/train_batch3482.jpg,387386,1b1951557a90c0c9df3b251b662322fa6cec7c36c99cfc4051fe3b885a19e9ac
runs/detect/models/trained/bitol_yolov8/val_batch0_labels.jpg,archive/development/runs/detect/models/trained/bitol_yolov8/val_batch0_labels.jpg,326356,fd9444345d33bfd0c270f7a6b44c13ff82ba971b5d24e362cf200d557dff2361
runs/detect/models/trained/bitol_yolov8/val_batch0_pred.jpg,archive/development/runs/detect/models/trained/bitol_yolov8/val_batch0_pred.jpg,340554,1ed53d94911ed69e5932b03ca4c0270e4d20ec826c5410e68884ab1c79170f3d
runs/detect/models/trained/bitol_yolov8/val_batch1_labels.jpg,archive/development/runs/detect/models/trained/bitol_yolov8/val_batch1_labels.jpg,406641,d8cce3e284aba4768da1930d3b39a5fc710d85efab296298e2078a074521fa82
runs/detect/models/trained/bitol_yolov8/val_batch1_pred.jpg,archive/development/runs/detect/models/trained/bitol_yolov8/val_batch1_pred.jpg,421541,165f5c2220e3f8569dad13cc9affbe94db1bcd8b30d8322b0075f23d17f56c63
runs/detect/models/trained/bitol_yolov8/val_batch2_labels.jpg,archive/development/runs/detect/models/trained/bitol_yolov8/val_batch2_labels.jpg,424642,b174704c7ccbc424ddc7e9ebc9e1c3a23a79ad9f02afe036a25e5fbe4b74c8f6
runs/detect/models/trained/bitol_yolov8/val_batch2_pred.jpg,archive/development/runs/detect/models/trained/bitol_yolov8/val_batch2_pred.jpg,432756,b5b8f8212bb241eb6a5a0e08791caaa35255d1364cbf716ffaac7703f9716210
runs/detect/models/trained/bitol_yolov8/weights/best.pt,archive/development/runs/detect/models/trained/bitol_yolov8/weights/best.pt,6332714,62b4d434b297327cef9fd8c176be36a9e099600184c20b055cfe17ecd4f57ec7
runs/detect/models/trained/bitol_yolov8/weights/last.pt,archive/development/runs/detect/models/trained/bitol_yolov8/weights/last.pt,6332714,700f1ee86f19a7f662ba3f936a941c37ef764576fbc9cf4cfa4a2df595ff544a
runs/detect/predict/healthy_0125.jpg,archive/development/runs/detect/predict/healthy_0125.jpg,256854,285f222622f5b8cc2d90a75a8b7fe56fda6202e1c54075e65b16d8ee65255a6d
runs/detect/predict/healthy_0126.jpg,archive/development/runs/detect/predict/healthy_0126.jpg,304329,692096077471f5dec740ad9eba1287319c0951bf825426e7c71119f1fa1cb4f9
runs/detect/predict/healthy_0127.jpg,archive/development/runs/detect/predict/healthy_0127.jpg,287245,7b211511ececfee58ec92afa0f34ca833153ec5beb5a7350afa23b394f73ea36
runs/detect/predict/healthy_0128.jpg,archive/development/runs/detect/predict/healthy_0128.jpg,364030,cf17288f6a1433850f87d05593b7a5a55761e805728be18a4e81372e53878aed
runs/detect/predict/healthy_0129.jpg,archive/development/runs/detect/predict/healthy_0129.jpg,275312,678f42f2bc8b1cd487c0743e667a2ba83b1ba3f602c5bde0da3dce10ecefe99f
runs/detect/predict/healthy_0130.jpg,archive/development/runs/detect/predict/healthy_0130.jpg,258301,0b201de050ea912f70c8d5e85815e4dcac043ae1ac184a44237b89083d52b3a8
runs/detect/predict/healthy_0131.jpg,archive/development/runs/detect/predict/healthy_0131.jpg,302079,ece2aeb4ce65ea9986c466cacb67d15acac6810fc21ca613681a9bb94e7f8705
runs/detect/predict/healthy_0132.jpg,archive/development/runs/detect/predict/healthy_0132.jpg,317952,956652b3284c47ec07fda6d1b9f6d4af79d0d4597771ccdfa24831719485f6c5
runs/detect/predict/healthy_0133.jpg,archive/development/runs/detect/predict/healthy_0133.jpg,277121,8bde2aa6de88b501c479d0e9ae6cb5c4a65cd4f2c1fdc62e5fa47f0a33e28626
runs/detect/predict/healthy_0134.jpg,archive/development/runs/detect/predict/healthy_0134.jpg,253369,16288381feab24be8bc6df1da64b8ed4c8105a902457ef98d36afe0517a96e7d
runs/detect/predict/healthy_0135.jpg,archive/development/runs/detect/predict/healthy_0135.jpg,262483,ba671f37805ed746518773e30dadaae53f559fcd79f0fef9cb5c1a4a760dd9ab
runs/detect/predict/healthy_0136.jpg,archive/development/runs/detect/predict/healthy_0136.jpg,244578,8c1c185ff836ff35848ebba1fdbdf0c8583a72b920ccd3fa24a05d26aa22ed0a
runs/detect/predict/healthy_0137.jpg,archive/development/runs/detect/predict/healthy_0137.jpg,274357,9c6e71e4175d47634cf9b71507edc036ead86adf6fc18c847fd4725ec38fdc65
runs/detect/predict/healthy_0138.jpg,archive/development/runs/detect/predict/healthy_0138.jpg,247372,973d7e540af75fcf81c33980606e2446636a7cbf09a51af3563748d6e7103177
runs/detect/predict/unhealthy_0324.jpg,archive/development/runs/detect/predict/unhealthy_0324.jpg,543765,2dd977008a5ad0eabffc9ca6ad5fd38b87dcdc2fb2d05c50d29df53a85957073
runs/detect/predict/unhealthy_0325.jpg,archive/development/runs/detect/predict/unhealthy_0325.jpg,455939,7baf4f1940e98f5f8cde69adca2f48eae8903ca4b6c25007c97a0c125e742827
runs/detect/predict/unhealthy_0326.jpg,archive/development/runs/detect/predict/unhealthy_0326.jpg,441274,5c1c146a5be989f3de9840069aa232fa4d608f9b807f89ba762f948df448652f
runs/detect/predict/unhealthy_0327.jpg,archive/development/runs/detect/predict/unhealthy_0327.jpg,462510,1e26dea64f6b2b8b73c8a9c061f3636d99c33a67f773cca1def120fbedbc36a9
runs/detect/predict/unhealthy_0328.jpg,archive/development/runs/detect/predict/unhealthy_0328.jpg,474073,2a88aca3a05cfff2c64fdd550f984ff14c32fe084846f50138e66abe66573994
runs/detect/predict/unhealthy_0329.jpg,archive/development/runs/detect/predict/unhealthy_0329.jpg,437892,11d22ccf0fc6c84238adb5f2a8588d50fb53613e9b0a612081bf294c6a2c40dc
runs/detect/predict/unhealthy_0330.jpg,archive/development/runs/detect/predict/unhealthy_0330.jpg,414066,ee38c6ba33729d3fce1f3e77a3e94965cc79fd394d810e7c981613bd0f2bf0e1
runs/detect/predict/unhealthy_0331.jpg,archive/development/runs/detect/predict/unhealthy_0331.jpg,410850,c451fadc981be06a9a5b84478f11c805e67b50705338cbd170b4184aa3e78829
runs/detect/predict/unhealthy_0332.jpg,archive/development/runs/detect/predict/unhealthy_0332.jpg,402794,88e0fb47235f11f98b6c25f91159af49c2234186665f4a50c934d5207c4095e4
runs/detect/predict/unhealthy_0333.jpg,archive/development/runs/detect/predict/unhealthy_0333.jpg,460650,43078dc6ff61d92cb032fd999d634d86ea33eaf90ea0c3b834f31391d47edcba
runs/detect/predict/unhealthy_0334.jpg,archive/development/runs/detect/predict/unhealthy_0334.jpg,556195,4126fba5987dd2c84af32b39784b538d57386c11d92d4b50bd06d10d21471690
runs/detect/predict/unhealthy_0335.jpg,archive/development/runs/detect/predict/unhealthy_0335.jpg,543182,ecdbade644d6c86faf118bd5b67d0bc5e2f2894f8f4d562c75c31e6a7c377293
runs/detect/predict/unhealthy_0336.jpg,archive/development/runs/detect/predict/unhealthy_0336.jpg,489106,de844ad9770fd2a9a7ee176260fcc702f77cf3f9d7cdaf266f7d46868f03698f
runs/detect/predict/unhealthy_0337.jpg,archive/development/runs/detect/predict/unhealthy_0337.jpg,400477,06777df53731094e0fc9f9fd43ec6c8dd0e1aa24d27bf445f56bcdb6be1dfa00
runs/detect/predict/unhealthy_0338.jpg,archive/development/runs/detect/predict/unhealthy_0338.jpg,419122,74a456ff77e6e33e4dfe53e886b7e918d945ade63cca6fcd62f5514eca4f4011
runs/detect/predict/unhealthy_0339.jpg,archive/development/runs/detect/predict/unhealthy_0339.jpg,410307,0f2346c47c5004b4c31b0dc5038998cc6847e280c71a3abd22d0d807a170e631
runs/detect/predict/unhealthy_0340.jpg,archive/development/runs/detect/predict/unhealthy_0340.jpg,416961,b82a49a1c5079e18ae8863fb3d4464b67cda323398ec960e406c2266e737370e
runs/detect/predict/unhealthy_0341.jpg,archive/development/runs/detect/predict/unhealthy_0341.jpg,395651,eb093a876218a99cf757a48131b828dae129a16bede215818ae656e6651df58a
runs/detect/predict/unhealthy_0342.jpg,archive/development/runs/detect/predict/unhealthy_0342.jpg,374864,f4c0db25b44cb7b72b5a7c20f13e40e628eff5b5a8602df7c9ebdc03b3d50995
runs/detect/predict/unhealthy_0343.jpg,archive/development/runs/detect/predict/unhealthy_0343.jpg,427291,13f1ddb2664097edfa06845cc43b0523afc10c2d37adb66b2aef1bd597119a09
runs/detect/predict/unhealthy_0344.jpg,archive/development/runs/detect/predict/unhealthy_0344.jpg,428387,ac2e48cefd529670ee0ff6ff835dc55f7f6d8b995e8c5dec5640e570190c0c9f
runs/detect/predict/unhealthy_0345.jpg,archive/development/runs/detect/predict/unhealthy_0345.jpg,403479,873bd0638d5c243b1e730687ccd0b617db75d873d2818f9b1766a281ca4ef69e
runs/detect/predict/unhealthy_0346.jpg,archive/development/runs/detect/predict/unhealthy_0346.jpg,414721,50ed80609c3c1474461338b418b1503b277404a7891f83a49c9ef992ae4b1133
runs/detect/predict/unhealthy_0347.jpg,archive/development/runs/detect/predict/unhealthy_0347.jpg,351277,4ec1d6c06a4d6b000843059ebf2886b5f05c34034d50a0b30b5ad6cd69acc9ec
runs/detect/predict/unhealthy_0348.jpg,archive/development/runs/detect/predict/unhealthy_0348.jpg,444443,c5301b7a838ce05680c7076cd1e595d458ca7507c5478bed09f7477748663e11
runs/detect/predict/unhealthy_0349.jpg,archive/development/runs/detect/predict/unhealthy_0349.jpg,288237,9dd2728a4989b4fbeb58ae9104d9dab48d5ee3744ae5e261900bbc6b79866d95
runs/detect/predict/unhealthy_0350.jpg,archive/development/runs/detect/predict/unhealthy_0350.jpg,298323,a08d3e9f18b129a5638a4b241932112ddaa7aba26b4161ea39741e884039216d
runs/detect/predict/unhealthy_0351.jpg,archive/development/runs/detect/predict/unhealthy_0351.jpg,253118,176c67bfcd703b4bbf2355d2ac01af81b97b5e4c82535573b3961d03afbac3b9
runs/detect/predict/unhealthy_0352.jpg,archive/development/runs/detect/predict/unhealthy_0352.jpg,250951,cb3b5c7ad3e1fbe18285cc3c4a0e497b9b7f64f06f4bcb6bcd1ef5045c02e3f8
runs/detect/predict/unhealthy_0353.jpg,archive/development/runs/detect/predict/unhealthy_0353.jpg,324190,c359784315a816dbed166031e12e0eefbaf7bfb71e0a0cf2b58bcc3be0437795
runs/detect/predict/unhealthy_0354.jpg,archive/development/runs/detect/predict/unhealthy_0354.jpg,287466,2a02671ccf769d0ae5d6740f54b725160bc7cde13af24fe0e4e12ff5d782d008
runs/detect/predict/unhealthy_0355.jpg,archive/development/runs/detect/predict/unhealthy_0355.jpg,294418,5d2661655495d240b48e6f39b7b6244c3f3e3421ae07073c0f46bd018f4603aa
runs/detect/predict/unhealthy_0356.jpg,archive/development/runs/detect/predict/unhealthy_0356.jpg,310144,51f671836871777206bb23f9e1c68d24d34d966f41e47a20d98cd426a028f810
runs/detect/predict/unhealthy_0357.jpg,archive/development/runs/detect/predict/unhealthy_0357.jpg,283775,1da7a9e62596146b3e6fc36a583eeeac50ece4d956659e0843293d1ef8976b19
runs/detect/predict/unhealthy_0358.jpg,archive/development/runs/detect/predict/unhealthy_0358.jpg,290520,8076408c376ab5c7e3f72b57c9ed3c5223561c3f86f7b6480e4f3bc91c455fa0
runs/detect/predict/unhealthy_0359.jpg,archive/development/runs/detect/predict/unhealthy_0359.jpg,407189,d61288e1a7ac6ee3204fe57a303e2d317963a9607eebbd0a366df3b570c9f073
runs/detect/predict/unhealthy_0360.jpg,archive/development/runs/detect/predict/unhealthy_0360.jpg,320313,cd975ca1f0d107488869d7d3687178bc257e6c0684bee60dcb7d3e62ee78090b
runs/detect/predict-2/healthy_0125.jpg,archive/development/runs/detect/predict-2/healthy_0125.jpg,237080,7557dc1544b58f37dbdc3b30376a9529aa71050baa7ba3115377ce06e36659a0
runs/detect/predict-2/healthy_0126.jpg,archive/development/runs/detect/predict-2/healthy_0126.jpg,303264,b2243884220be5847ba4e5d72064744cf253c644173fac2ee7c24c387dd02a18
runs/detect/predict-2/healthy_0127.jpg,archive/development/runs/detect/predict-2/healthy_0127.jpg,268785,0a545d8ed66a1cd2d9c175ef9a0bae9266cdaed47479e2b79ad1e9ab2199b910
runs/detect/predict-2/healthy_0128.jpg,archive/development/runs/detect/predict-2/healthy_0128.jpg,345586,0de33ad6b9f1dbe6ca6d493c49bed71fa6215b7c3d5e8e86da0d6fcd22260900
runs/detect/predict-2/healthy_0129.jpg,archive/development/runs/detect/predict-2/healthy_0129.jpg,258959,fd9ca7c05430a2f1f671437976e2c0d217067c24bc78a8aff77738cee335f155
runs/detect/predict-2/healthy_0130.jpg,archive/development/runs/detect/predict-2/healthy_0130.jpg,236708,30908edbf261db58bc684c48286ed9d94679d24fb57c62793403dd39daaaf7ad
runs/detect/predict-2/healthy_0131.jpg,archive/development/runs/detect/predict-2/healthy_0131.jpg,299648,0742c900f3ec7303bd04089eb1370c618de1004f3ffd435fba16a390803a6bcc
runs/detect/predict-2/healthy_0132.jpg,archive/development/runs/detect/predict-2/healthy_0132.jpg,279985,d5336ae56f39449e9d87eabf4a31bb03d86a2e7568f7fd842f4abb000548ad7e
runs/detect/predict-2/healthy_0133.jpg,archive/development/runs/detect/predict-2/healthy_0133.jpg,255573,4b93f47e77f8cd5615235d33b9ac0697e2dfc81d6a3f7261bb91a2ed7cdc10d7
runs/detect/predict-2/healthy_0134.jpg,archive/development/runs/detect/predict-2/healthy_0134.jpg,252474,8e548d78ed5d8678d3245c0b07b4565684e744a05b58e2f4937cde5cea402138
runs/detect/predict-2/healthy_0135.jpg,archive/development/runs/detect/predict-2/healthy_0135.jpg,262191,77add867b186be7d25cf7ad08048ac5b6aff95940201ead145eb6737a511a028
runs/detect/predict-2/healthy_0136.jpg,archive/development/runs/detect/predict-2/healthy_0136.jpg,233950,90be129ea829877e91e7bb877c68ea2b07b25cb917daef4a939a5800d7979785
runs/detect/predict-2/healthy_0137.jpg,archive/development/runs/detect/predict-2/healthy_0137.jpg,254786,f3e9a6c1b3db279426a50aac869d955cb1b736858e2d66298c8afc5a4e2c8a3d
runs/detect/predict-2/healthy_0138.jpg,archive/development/runs/detect/predict-2/healthy_0138.jpg,234754,d9524c6294da21fd22a7600845f812fdb52b38ca8b0b753fde91e1a3c8f0d3a1
runs/detect/predict-2/healthy_0413.jpg,archive/development/runs/detect/predict-2/healthy_0413.jpg,238170,e6b64fb4395847b866fefd10e4a5808ff0e3b9b3305fccd17e9d6bffb8a19ea1
runs/detect/predict-2/healthy_0414.jpg,archive/development/runs/detect/predict-2/healthy_0414.jpg,209397,68f7a0b9ef4f6fb72cc9e758a6d0792309e3cf252812065131d8a5db88cb8076
runs/detect/predict-2/healthy_0415.jpg,archive/development/runs/detect/predict-2/healthy_0415.jpg,331467,cc7560e2631c794e3f8a4a20177f2d2f7afa9bb42623ce7c8bd531266e36b527
runs/detect/predict-2/healthy_0416.jpg,archive/development/runs/detect/predict-2/healthy_0416.jpg,334021,500d38d65064a39187f91ec0a918e57ba244f5caffdcf35011ccfa4b0b1e1569
runs/detect/predict-2/healthy_0417.jpg,archive/development/runs/detect/predict-2/healthy_0417.jpg,274793,1af6bd622c32f25955e8f7ade1ee37f83e499cf7c6d33570877412b0bf64147f
runs/detect/predict-2/healthy_0418.jpg,archive/development/runs/detect/predict-2/healthy_0418.jpg,306129,4cda6a18e4deeff00286daf349a4634a9a714b0c87c3794ee2537ae79f0c0aba
runs/detect/predict-2/healthy_0419.jpg,archive/development/runs/detect/predict-2/healthy_0419.jpg,345681,a4aa64f73bb8c70fbe9bdd26fab7c76857c417206ab033660fe3d2dd2b9ae6fc
runs/detect/predict-2/healthy_0420.jpg,archive/development/runs/detect/predict-2/healthy_0420.jpg,253674,ce4843350b103d273966f89c575cf85312648121498012bc8e819c147e01d89a
runs/detect/predict-2/healthy_0421.jpg,archive/development/runs/detect/predict-2/healthy_0421.jpg,297562,20b2ce0955a5de54ee0271cfe18c85eb9097d55af1c06a94f728bd42e08e7c4e
runs/detect/predict-2/healthy_0422.jpg,archive/development/runs/detect/predict-2/healthy_0422.jpg,199815,221f5d4bdbfb09b4c6c99520e051ec5d4bfd78df3c8f3582a67c37dc2c0473c5
runs/detect/predict-2/healthy_0423.jpg,archive/development/runs/detect/predict-2/healthy_0423.jpg,204540,6cf9dc4756a32d8434859db98f7ff216c9c28cb4b1f1cbb3a9181867ea1bc997
runs/detect/predict-2/healthy_0424.jpg,archive/development/runs/detect/predict-2/healthy_0424.jpg,249852,82c670979badc4d04beb8a1a129ab2a34fd25bfcdc4c0d2e2e6edd7584cfd02d
runs/detect/predict-2/healthy_0425.jpg,archive/development/runs/detect/predict-2/healthy_0425.jpg,264780,54fa7e867c064e4a5e9a9ad56b0db0cc398cb8ca40b7377334af93dcc06427fa
runs/detect/predict-2/healthy_0426.jpg,archive/development/runs/detect/predict-2/healthy_0426.jpg,253004,2e77eb4f27056da03d890127682af4f334196a58212dae9396bfe16195ea11d9
runs/detect/predict-2/healthy_0427.jpg,archive/development/runs/detect/predict-2/healthy_0427.jpg,194246,610615433c8a7c0925f64b65653f015d9ce55d05870d524748cce8995e3fc15c
runs/detect/predict-2/healthy_0428.jpg,archive/development/runs/detect/predict-2/healthy_0428.jpg,211245,4252fc0b7d9242f2df854d14a75b73c61c98b7809ab1dc70148e297a18bc1619
runs/detect/predict-2/healthy_0429.jpg,archive/development/runs/detect/predict-2/healthy_0429.jpg,202497,b86ae6f8b5c89a809f933b37639125883997204e1464b86595367967c36b5918
runs/detect/predict-2/healthy_0430.jpg,archive/development/runs/detect/predict-2/healthy_0430.jpg,330334,11ff7bdbcb64014ee4eb580a71aaf680712fa23f5d8d602d1770a7558da3f158
runs/detect/predict-2/healthy_0431.jpg,archive/development/runs/detect/predict-2/healthy_0431.jpg,283032,789f9d06f52eb76efa89199447a4a0ebecc52332e8942fbdafd1103f54e4339e
runs/detect/predict-2/healthy_0432.jpg,archive/development/runs/detect/predict-2/healthy_0432.jpg,274924,7c8dff0a5fc8f23e9d87fe65aaec2d335ff35693dec7f5cf87085f75b46edf0c
runs/detect/predict-2/healthy_0433.jpg,archive/development/runs/detect/predict-2/healthy_0433.jpg,272296,e551596c1f81509da62ad8a8d6e9c27c8f6d3b81cbff44ac962534149d462a75
runs/detect/predict-2/healthy_0434.jpg,archive/development/runs/detect/predict-2/healthy_0434.jpg,270905,bdadded92b67ee0eedc62cb447c54cec09753727c21a1bc78f07f52acb5787b4
runs/detect/predict-2/healthy_0435.jpg,archive/development/runs/detect/predict-2/healthy_0435.jpg,196518,4410754e3e501b2cb4b830c98b9f32224dda032eedb1820a1f44765f18908902
runs/detect/predict-2/healthy_0436.jpg,archive/development/runs/detect/predict-2/healthy_0436.jpg,238424,751d9c812f761585455a8f0140744e35904c3b95fc8f40ff53808c0cb5910fb5
runs/detect/predict-2/healthy_0437.jpg,archive/development/runs/detect/predict-2/healthy_0437.jpg,251858,9bc65c195fde159f2c46f970c7fa440ae6ba13fcb7d120618765114abb5042a8
runs/detect/predict-2/healthy_0438.jpg,archive/development/runs/detect/predict-2/healthy_0438.jpg,318720,7c8e6e9340a4017461dbfede5128ad70b9e12a7eb5514d301df5e7c2b88267a7
runs/detect/predict-2/healthy_0439.jpg,archive/development/runs/detect/predict-2/healthy_0439.jpg,272168,d8894910871b90e57fbceadd389a80dbc0aab99b43ea280e7d2aa8ece77fb69a
runs/detect/predict-2/healthy_0440.jpg,archive/development/runs/detect/predict-2/healthy_0440.jpg,243992,e74409d60ce22fdd25cdab088b4cfbf356cfcb1a140bc3adb110f937e6feb70f
runs/detect/predict-2/healthy_0441.jpg,archive/development/runs/detect/predict-2/healthy_0441.jpg,338912,e3681ff89704e3c08078c98639815d7bdf7d54e73c3a80065bff4ff8ea4d6858
runs/detect/predict-2/healthy_0442.jpg,archive/development/runs/detect/predict-2/healthy_0442.jpg,229795,efb5486b038f9832fc53d4e1ab3a7a832fc3d1fd37c45e51e80a904e9f6dc76e
runs/detect/predict-2/healthy_0443.jpg,archive/development/runs/detect/predict-2/healthy_0443.jpg,264177,fe78400c9329e2499fa2c4eacbdd275727266652a621fce25288259fe678a73b
runs/detect/predict-2/healthy_0450.jpg,archive/development/runs/detect/predict-2/healthy_0450.jpg,246224,c2e46abf923026193b40607500249b18c99349f11987c588ba858944aee3cb78
runs/detect/predict-2/healthy_0451.jpg,archive/development/runs/detect/predict-2/healthy_0451.jpg,269417,8b0020968ac40cd7e1841593d7382f9449c7645ec7c05f49124872b7a399faf6
runs/detect/predict-2/healthy_0456.jpg,archive/development/runs/detect/predict-2/healthy_0456.jpg,284642,48c50ac5e10caa5aaca14bdfae19a0e02b79dbb4f572fb0b1ffd14b186f0b86b
runs/detect/predict-2/healthy_0460.jpg,archive/development/runs/detect/predict-2/healthy_0460.jpg,270553,c1c0dd99f49d679a5796950199252f0c73b6566e538ebd76fff0a90e13bce4d6
runs/detect/predict-2/healthy_0467.jpg,archive/development/runs/detect/predict-2/healthy_0467.jpg,301625,b998914c8be1a7cff20824a6e557ef17038d443de4acba5268383b6a84319ba8
runs/detect/predict-2/healthy_0488.jpg,archive/development/runs/detect/predict-2/healthy_0488.jpg,323108,eab0af76101d524479ab6e3e81f718b09385e9a9467ed85b1349533dea1750ba
runs/detect/predict-2/healthy_0494.jpg,archive/development/runs/detect/predict-2/healthy_0494.jpg,311964,911c43563a882bba9517a527352ba4426cdc849eecde18eb489c57ac7b53404c
runs/detect/predict-2/healthy_0496.jpg,archive/development/runs/detect/predict-2/healthy_0496.jpg,424342,72f6ea4509d675478b523dc47fb0336bfdbf1efaa25de4d8d646910618e7c973
runs/detect/predict-2/healthy_0499.jpg,archive/development/runs/detect/predict-2/healthy_0499.jpg,277109,dd039186cf60c3704f4a97065ad64785119861a2123be8abeb1940d63f39117e
runs/detect/predict-2/healthy_0500.jpg,archive/development/runs/detect/predict-2/healthy_0500.jpg,240028,61e951b88d57dc35f09538015a7285fdd47af7afd6ac31a4767aae73c65f4b86
runs/detect/predict-2/healthy_0501.jpg,archive/development/runs/detect/predict-2/healthy_0501.jpg,236567,79882c5eecbb4d81373511617394d8f29957d85f6d2c7c1a5dc34f40b2dbe1a3
runs/detect/predict-2/healthy_0503.jpg,archive/development/runs/detect/predict-2/healthy_0503.jpg,299387,8246d97447e43d171dbe7497234505f83e68569e2896c17c7f58afacdba7746e
runs/detect/predict-2/healthy_0515.jpg,archive/development/runs/detect/predict-2/healthy_0515.jpg,225878,8b6b76cc367e984fd3c6e5e93ada76fbd4afc03e5d1cea3aeaa4c6d264fe248d
runs/detect/predict-2/healthy_0551.jpg,archive/development/runs/detect/predict-2/healthy_0551.jpg,324205,0b1963f32f9bdd18c5ec235001ab6cca89baf9b826ee97e89df8920e6f58762c
runs/detect/predict-2/healthy_0558.jpg,archive/development/runs/detect/predict-2/healthy_0558.jpg,245725,8ef5fb550ea024c50f4ea6cc6d5e73d5e3d8ad644a194bac49a47c00dc0925c5
runs/detect/predict-2/healthy_0569.jpg,archive/development/runs/detect/predict-2/healthy_0569.jpg,270746,a21a3729fc2a3f10d02bd74ccc6944c18defa796eda818336e94a2ffe7ce6ee2
runs/detect/predict-2/healthy_0573.jpg,archive/development/runs/detect/predict-2/healthy_0573.jpg,281051,7ef21657d3ddda13c33f984291ac5359c1491d1848dba83dace3472b1e5bb503
runs/detect/predict-2/healthy_0583.jpg,archive/development/runs/detect/predict-2/healthy_0583.jpg,239806,0cacc65051736d9239e6c8702bd326342b9e08b5998af9d116e7c714c687342d
runs/detect/predict-2/healthy_0584.jpg,archive/development/runs/detect/predict-2/healthy_0584.jpg,223173,ba2dacdb1efc528ced36c6a802991ee9a01884a9edf0a701a9871186cafc3930
runs/detect/predict-2/healthy_0587.jpg,archive/development/runs/detect/predict-2/healthy_0587.jpg,205230,09940acf6bcf3e372070f9eed106142ceecc821035751fb7b1b30137f5c4b5c5
runs/detect/predict-2/healthy_0594.jpg,archive/development/runs/detect/predict-2/healthy_0594.jpg,248109,4b452171a268ef532d93559781d87352fa89e336f892574da54c603814041633
runs/detect/predict-2/healthy_0598.jpg,archive/development/runs/detect/predict-2/healthy_0598.jpg,248925,c8c448db414fc6aee684c1f2111a82a46536768184f85226f38b0efc67ff1ae2
runs/detect/predict-2/healthy_0610.jpg,archive/development/runs/detect/predict-2/healthy_0610.jpg,296280,10e33e236ec1d485a598460b0d95dc89c059f4cd5b5bd7e7efeb70d47e4314f3
runs/detect/predict-2/healthy_0623.jpg,archive/development/runs/detect/predict-2/healthy_0623.jpg,211476,c16165af84ff2e227fc6072afaff807841d5c4f7f5a2549a9b9cc7d37be63fdb
runs/detect/predict-2/healthy_0627.jpg,archive/development/runs/detect/predict-2/healthy_0627.jpg,246149,930f2cc5a1d5a91a5d19d262345b3989567e57f58b035ff24708f7c84eb41f53
runs/detect/predict-2/healthy_0660.jpg,archive/development/runs/detect/predict-2/healthy_0660.jpg,273602,ce7efa0f82ab699c302214a99d3dbdfbb2e497d948ffe3910ffb333c0abf3cf5
runs/detect/predict-2/healthy_0704.jpg,archive/development/runs/detect/predict-2/healthy_0704.jpg,234116,593a304932083d84d6d3a0c0f87fe27d2c5f52a69eb787109f8f1e02f2b4ddaf
runs/detect/predict-2/unhealthy_0324.jpg,archive/development/runs/detect/predict-2/unhealthy_0324.jpg,543022,913479a2bca896095527c51794bf78654903fb25a82f914bb89cda7984a5652d
runs/detect/predict-2/unhealthy_0325.jpg,archive/development/runs/detect/predict-2/unhealthy_0325.jpg,455283,214826707d92f916ac25a85d9de7f9204da568a41230b6c910e80a2da57f769b
runs/detect/predict-2/unhealthy_0326.jpg,archive/development/runs/detect/predict-2/unhealthy_0326.jpg,441025,88b50ce685b3d0334e9d9f7a85405b81bc71186af8ecf4d267f3d3937930abec
runs/detect/predict-2/unhealthy_0327.jpg,archive/development/runs/detect/predict-2/unhealthy_0327.jpg,461692,9cd799205fcee495008d77eea99db947068f4f85c025f98505cb71391252fe4a
runs/detect/predict-2/unhealthy_0328.jpg,archive/development/runs/detect/predict-2/unhealthy_0328.jpg,473755,1c1d5e28bb5c66f6798b581ebbf0106932f19ed636478423469b218a0b6103a7
runs/detect/predict-2/unhealthy_0329.jpg,archive/development/runs/detect/predict-2/unhealthy_0329.jpg,437000,31787ef7b9017f7a0f6e1573997d57861db836723c912075bf4371152feb587f
runs/detect/predict-2/unhealthy_0330.jpg,archive/development/runs/detect/predict-2/unhealthy_0330.jpg,413354,97421447f218078f951afd49096f59e66839b523b338799fddaca22e940bb194
runs/detect/predict-2/unhealthy_0331.jpg,archive/development/runs/detect/predict-2/unhealthy_0331.jpg,410012,649f7acd5de055e037de1e49cce1f888565c09af3f79c6e0a2a94f0cde9f3bb3
runs/detect/predict-2/unhealthy_0332.jpg,archive/development/runs/detect/predict-2/unhealthy_0332.jpg,401933,4091fd131bb669ae248fd784c8b9a2fe5241302382f7401353b125d6080c4908
runs/detect/predict-2/unhealthy_0333.jpg,archive/development/runs/detect/predict-2/unhealthy_0333.jpg,459773,cc8a2524ed0b484efc095a9111a79e123356556f35f3913d1048e8f2117c9418
runs/detect/predict-2/unhealthy_0334.jpg,archive/development/runs/detect/predict-2/unhealthy_0334.jpg,556061,71ba13874281816f7b5a2f41760227cfa6d5d07df1e1f040b72e8972b504550e
runs/detect/predict-2/unhealthy_0335.jpg,archive/development/runs/detect/predict-2/unhealthy_0335.jpg,542639,25d24a4e6ac410ea50366dce3cef2091b2f0182b0e3ceb1080266ffa6c4006cf
runs/detect/predict-2/unhealthy_0336.jpg,archive/development/runs/detect/predict-2/unhealthy_0336.jpg,488488,e037fa83f2ca3ba17d5c6b31b6da8c9fda4c4c1d4d406b9a8a49512316536721
runs/detect/predict-2/unhealthy_0337.jpg,archive/development/runs/detect/predict-2/unhealthy_0337.jpg,399980,d4ea79815ac7f015a10572d72bbe5929e69d355707f709232b74d26c937f2c4b
runs/detect/predict-2/unhealthy_0338.jpg,archive/development/runs/detect/predict-2/unhealthy_0338.jpg,418519,545a14f16c9460694c1dd84c45ece37d593379a4ac76dc22d0341d6f69b4b53f
runs/detect/predict-2/unhealthy_0339.jpg,archive/development/runs/detect/predict-2/unhealthy_0339.jpg,409590,46efc7299a71fed5cd51a4ac1d6dc80c6d0f052119c0e49e98a1bfb5007d6d1e
runs/detect/predict-2/unhealthy_0340.jpg,archive/development/runs/detect/predict-2/unhealthy_0340.jpg,416766,9d615891f80c19984e1ef29df49725e9b6a0d48a68f248762d186beef88106eb
runs/detect/predict-2/unhealthy_0341.jpg,archive/development/runs/detect/predict-2/unhealthy_0341.jpg,394931,e58cd9a5d5314618560eae6bbf7a5cbef0f8f50eb354926760bf2da071c52f33
runs/detect/predict-2/unhealthy_0342.jpg,archive/development/runs/detect/predict-2/unhealthy_0342.jpg,374290,7f0841a9937eedce5dea291a898d0c64fc83a21c9e06e60fdc15204b035c2af6
runs/detect/predict-2/unhealthy_0343.jpg,archive/development/runs/detect/predict-2/unhealthy_0343.jpg,426649,67bc336516fcd7fb3cfb01d7064110fd1d7211cd9cb6020055daba5629101929
runs/detect/predict-2/unhealthy_0344.jpg,archive/development/runs/detect/predict-2/unhealthy_0344.jpg,427642,76a5b66a0a99bd1e87ce8f8f9c221f2ed671a31ab8054464258dfd6f409b9c9e
runs/detect/predict-2/unhealthy_0345.jpg,archive/development/runs/detect/predict-2/unhealthy_0345.jpg,402821,7e32418e207b4d0051beb0f974d92d79415ac874bb15a9fb0b11dbf1300d2b7f
runs/detect/predict-2/unhealthy_0346.jpg,archive/development/runs/detect/predict-2/unhealthy_0346.jpg,410094,aea6e0f72ce0a15f5e716418d507b54d29eafe3909a3ce517a513f8d62da2b7c
runs/detect/predict-2/unhealthy_0347.jpg,archive/development/runs/detect/predict-2/unhealthy_0347.jpg,350871,6cfaa12f68aa106aed63f00e15d15cf5333be105345d973df95af66ea5da8081
runs/detect/predict-2/unhealthy_0348.jpg,archive/development/runs/detect/predict-2/unhealthy_0348.jpg,444166,33237d6692e7ec3d3ae67d07dcb8a6a5013dd88736bd304f86155c55ecc1152e
runs/detect/predict-2/unhealthy_0349.jpg,archive/development/runs/detect/predict-2/unhealthy_0349.jpg,275151,c376f09c46f87cdb30fcb624f176046aa62f882300c74798bdcad2403be776b6
runs/detect/predict-2/unhealthy_0350.jpg,archive/development/runs/detect/predict-2/unhealthy_0350.jpg,296441,cdc645d89100fc63408fcc9d8cf2bb9f95c1d72dc1d73fa5e305ddd8b57b092c
runs/detect/predict-2/unhealthy_0351.jpg,archive/development/runs/detect/predict-2/unhealthy_0351.jpg,234958,18c4a7c000d5395f491fa8a57dc002d50b05064d5dd3e0610b3211b59ecc2a73
runs/detect/predict-2/unhealthy_0352.jpg,archive/development/runs/detect/predict-2/unhealthy_0352.jpg,228612,d6e0f3e1b2cb9346205d8329d7f953b865f426a155a2205ed7c1e763ed83ad82
runs/detect/predict-2/unhealthy_0353.jpg,archive/development/runs/detect/predict-2/unhealthy_0353.jpg,321894,c71be5cbf2116f0c3147d0c03d6492f697b0fb979a935fa0596c6945f0c7d971
runs/detect/predict-2/unhealthy_0354.jpg,archive/development/runs/detect/predict-2/unhealthy_0354.jpg,264966,cbfba48b87ce8f61d6463a7d14e2a79d42a7ef37fd38c6311996f50ac6e0e4c1
runs/detect/predict-2/unhealthy_0355.jpg,archive/development/runs/detect/predict-2/unhealthy_0355.jpg,287697,f024a504775e82fb134d172b5fae5434447be4632d816bc8899c0a96aec232af
runs/detect/predict-2/unhealthy_0356.jpg,archive/development/runs/detect/predict-2/unhealthy_0356.jpg,274281,f4846d0bae049871bd2c02b00773483f5e11006a9ae9d5a8cc8f0b744f6241a9
runs/detect/predict-2/unhealthy_0357.jpg,archive/development/runs/detect/predict-2/unhealthy_0357.jpg,282278,8fdf28dfa9f80c75dbef490e2aa8a3fcd8794bea14701c02c9b3b92d0ba720f5
runs/detect/predict-2/unhealthy_0358.jpg,archive/development/runs/detect/predict-2/unhealthy_0358.jpg,259339,34a6d9397f7f31d8c906c504dd7e1b337e542c81c06ce5f7a89648f8897b41cb
runs/detect/predict-2/unhealthy_0359.jpg,archive/development/runs/detect/predict-2/unhealthy_0359.jpg,405234,69639bcc50967abc0db3eb0d0eab7fd7c45134f9539bf6862bb3e57314b5daa8
runs/detect/predict-2/unhealthy_0360.jpg,archive/development/runs/detect/predict-2/unhealthy_0360.jpg,318706,53aa435bce84d528c468b19288c0d7cb598ad084c2d255e8c64adc3409c94e76
runs/detect/predict-2/unhealthy_0441.jpg,archive/development/runs/detect/predict-2/unhealthy_0441.jpg,273708,8bb9821bebd21ff3cac54db66e1f6677aeb0e45ae0ab1fbc9b6445918c44ead1
runs/detect/predict-2/unhealthy_0442.jpg,archive/development/runs/detect/predict-2/unhealthy_0442.jpg,236586,9d6eaa67be13b252c6e0fe2178bfb17ceaf3649a4a209ec30eb55ba51f68cdca
runs/detect/predict-2/unhealthy_0443.jpg,archive/development/runs/detect/predict-2/unhealthy_0443.jpg,236586,9d6eaa67be13b252c6e0fe2178bfb17ceaf3649a4a209ec30eb55ba51f68cdca
runs/detect/predict-2/unhealthy_0444.jpg,archive/development/runs/detect/predict-2/unhealthy_0444.jpg,274790,746ff83634780c89fa3177af16ebb01e78c9ea65a47747dcd284e22155cce479
runs/detect/predict-2/unhealthy_0445.jpg,archive/development/runs/detect/predict-2/unhealthy_0445.jpg,322236,98daa1695e8d6a1583a9b1b99ece92952ee5ab463fe45ea92f2d661d4078032a
runs/detect/predict-2/unhealthy_0446.jpg,archive/development/runs/detect/predict-2/unhealthy_0446.jpg,441397,39da8798687afe1a4b91376cd149ae6cb73963c28ca9e52b078de068de73bda0
runs/detect/predict-2/unhealthy_0447.jpg,archive/development/runs/detect/predict-2/unhealthy_0447.jpg,309706,2d7904e17f013cf9655387a9ea9a0cbaaeefeb5f5db32d7a7e930ea622e2ac81
runs/detect/predict-2/unhealthy_0448.jpg,archive/development/runs/detect/predict-2/unhealthy_0448.jpg,259830,5ac545ffc4c8d76760b505707ccc136d0edf8a0c3a5258d4ffaf7c135c50ffd2
runs/detect/predict-2/unhealthy_0449.jpg,archive/development/runs/detect/predict-2/unhealthy_0449.jpg,281928,e601a38e62ae8b2f1f3a994907c6d6785427cff26e45dc41bf7b305a45912794
runs/detect/predict-2/unhealthy_0450.jpg,archive/development/runs/detect/predict-2/unhealthy_0450.jpg,284804,f039502591206a1d282ff13ec980537caa391246e918553693096f55d5e71a07
runs/detect/predict-2/unhealthy_0466.jpg,archive/development/runs/detect/predict-2/unhealthy_0466.jpg,244871,1f260e5fd11f556005a808c12d398fa56c29fb6effab0d5f4fac248f6a5dd2df
runs/detect/predict-2/unhealthy_0476.jpg,archive/development/runs/detect/predict-2/unhealthy_0476.jpg,242460,a07ce8406d98d222b3068471b65ce8f37e4c6bad1e80d052bcb3cd2cbc404104
runs/detect/predict-2/unhealthy_0478.jpg,archive/development/runs/detect/predict-2/unhealthy_0478.jpg,239921,c20c7d24126a65b602d2de7528bbc41e202ad7eb42e1dbc6e117841e4902131e
runs/detect/predict-2/unhealthy_0486.jpg,archive/development/runs/detect/predict-2/unhealthy_0486.jpg,253435,57499a6359b7985c1e919a0ac2561cbd9ef4f9a896dcf98edf85fe0d8c2d205a
runs/detect/predict-2/unhealthy_0497.jpg,archive/development/runs/detect/predict-2/unhealthy_0497.jpg,269719,2f1aee16f4471d271a36ed75c883af564e08a5ef42607f855b5956b4afb22b0e
runs/detect/predict-2/unhealthy_0499.jpg,archive/development/runs/detect/predict-2/unhealthy_0499.jpg,253384,c48ff1cf563c34d1429ecf63e028c1391b41983400c94522e35162b83e385a1e
runs/detect/predict-2/unhealthy_0500.jpg,archive/development/runs/detect/predict-2/unhealthy_0500.jpg,255588,445bed6641b1718ce9df3de57a3f55888493feb76af5bfff286fcbeb2884fac1
runs/detect/predict-2/unhealthy_0514.jpg,archive/development/runs/detect/predict-2/unhealthy_0514.jpg,253548,d8457a6db085be0db6c53a28eb705fde91d606dc5dab7dbdd16b0001673b4508
runs/detect/predict-2/unhealthy_0522.jpg,archive/development/runs/detect/predict-2/unhealthy_0522.jpg,253071,a393d158cb51a3afef6f95d57192e0eaf6b84fa294e7e0b62457530849cb02d6
runs/detect/predict-2/unhealthy_0537.jpg,archive/development/runs/detect/predict-2/unhealthy_0537.jpg,227690,4913a4e233c718c2a43fab8716830249bf62756c0e7b5b22192b733fd610aab4
runs/detect/predict-2/unhealthy_0554.jpg,archive/development/runs/detect/predict-2/unhealthy_0554.jpg,294165,cf24a41082416a674aedc5766cad747064c11fa8b40e37de1cdfde05aeb683fc
runs/detect/predict-2/unhealthy_0559.jpg,archive/development/runs/detect/predict-2/unhealthy_0559.jpg,265284,442969ee4e7ab265dfe2670fc24eff70005aa631364f1054459f5caa658a6b5c
runs/detect/predict-2/unhealthy_0565.jpg,archive/development/runs/detect/predict-2/unhealthy_0565.jpg,317132,08421ff361704f68dc0b2b3ddf3f8ad189a8354b5ecc471f014d85830d102535
runs/detect/predict-2/unhealthy_0569.jpg,archive/development/runs/detect/predict-2/unhealthy_0569.jpg,288446,d3b62c4d4796135a5b274e42faca24e9b4bb27f399b34d6ba5fd1df8006df9b1
runs/detect/predict-2/unhealthy_0588.jpg,archive/development/runs/detect/predict-2/unhealthy_0588.jpg,291844,1f474c71bcb2b7688cda6fa643f6f0bbeca0d8efd80a6830f09f7cae6ad4ccea
runs/detect/predict-2/unhealthy_0616.jpg,archive/development/runs/detect/predict-2/unhealthy_0616.jpg,262955,963302a9deee5d5980cda9e826a671caca3416abab433f99204aa73360072f3f
runs/detect/predict-2/unhealthy_0618.jpg,archive/development/runs/detect/predict-2/unhealthy_0618.jpg,265824,f032f3e43e73671b31683154ea6c892347878da4bcd055d93e2137f60f551a69
runs/detect/predict-2/unhealthy_0623.jpg,archive/development/runs/detect/predict-2/unhealthy_0623.jpg,299663,dad6a98b37a82fd7dd784d6f353b50fa0ef4879218ff916c63455f734f8d2776
runs/detect/predict-2/unhealthy_0636.jpg,archive/development/runs/detect/predict-2/unhealthy_0636.jpg,287311,dc87e7fb12aef1a7c8da87f996c3eca5e1ff77270c4412b1b20ec8bc174ac2c5
runs/detect/predict-2/unhealthy_0637.jpg,archive/development/runs/detect/predict-2/unhealthy_0637.jpg,268234,09f7d96c771160f3d9a0210e2dd42278046454acdf41bea0274fc46869f54017
runs/detect/predict-3/healthy_0097.jpg,archive/development/runs/detect/predict-3/healthy_0097.jpg,189151,ba70d00192aaba94e58b59fa780048914f63eb9cabc68e73b0e68f0a37a04a6e
runs/detect/predict-3/healthy_0098.jpg,archive/development/runs/detect/predict-3/healthy_0098.jpg,188764,b180b681d71dcb875c7a7358773c1ced5398e5882dc2ff8b3ebbcf907793ce1b
runs/detect/predict-3/healthy_0099.jpg,archive/development/runs/detect/predict-3/healthy_0099.jpg,168570,2864e06e37f9371bbb90b364dca5c17fd3e18414ea167fe113a82c450e376ef0
runs/detect/predict-3/healthy_0100.jpg,archive/development/runs/detect/predict-3/healthy_0100.jpg,155581,80cd8bcb2551f0009b1eaf70297f91f8f6860373d287b82662b907d61c1cf955
runs/detect/predict-3/healthy_0102.jpg,archive/development/runs/detect/predict-3/healthy_0102.jpg,189613,0f52a824ad36fa74463404300de2516322da798c1028f88dc5bf04d83089aa7c
runs/detect/predict-3/healthy_0103.jpg,archive/development/runs/detect/predict-3/healthy_0103.jpg,202172,4508e3fe2bf4139495b0e4a6fab755ec2c0a0b4f92261a16029e4ee9fd8ebcc6
runs/detect/predict-3/healthy_0104.jpg,archive/development/runs/detect/predict-3/healthy_0104.jpg,182404,e470f519d72dceb850101cfc9bbd4e34ff7e8b53f56f5a0b97e2b02fe2f5d70e
runs/detect/predict-3/healthy_0105.jpg,archive/development/runs/detect/predict-3/healthy_0105.jpg,193494,a8f3dd3d3711198eeba4d5d417143300a1771954b0296ec04cdb9644dd42762d
runs/detect/predict-3/healthy_0106.jpg,archive/development/runs/detect/predict-3/healthy_0106.jpg,239707,2e7ea7f114ac95c0166e239f690084a51c31170d2cada337d7cf7020a96622ca
runs/detect/predict-3/healthy_0107.jpg,archive/development/runs/detect/predict-3/healthy_0107.jpg,214378,0d0cd7090e852e386e9f8639ea20835e717673b73c7f9d891b946092d63b1c27
runs/detect/predict-3/healthy_0108.jpg,archive/development/runs/detect/predict-3/healthy_0108.jpg,175846,900e47c5ce0be42cb88df26c5aa03eaf2adf8ed68d377447a314f4061388901e
runs/detect/predict-3/healthy_0109.jpg,archive/development/runs/detect/predict-3/healthy_0109.jpg,229220,ea1b4a7a1f6f8b3038150ecaec87443344e79c7c3f48b11230f2ebd1dacd1baf
runs/detect/predict-3/healthy_0110.jpg,archive/development/runs/detect/predict-3/healthy_0110.jpg,220700,53fdc43d09dc4b138dedd8b249b6ce561eba071f07cf34a87e81859df6f86012
runs/detect/predict-3/healthy_0111.jpg,archive/development/runs/detect/predict-3/healthy_0111.jpg,268411,a9d8ac728547b0ba64683af60762aac36c492fd6b5a0d53a1ce0ab2f6999c1f7
runs/detect/predict-3/healthy_0112.jpg,archive/development/runs/detect/predict-3/healthy_0112.jpg,252152,91debd3a317ee661a6b56a982b1d9c59d53a8eb3375aa4442facb589e228f1aa
runs/detect/predict-3/healthy_0113.jpg,archive/development/runs/detect/predict-3/healthy_0113.jpg,241670,9b799637842e1406a303dccc8a08c9fea639ddc58ba62b62621a8df04946444a
runs/detect/predict-3/healthy_0114.jpg,archive/development/runs/detect/predict-3/healthy_0114.jpg,260596,507087ab169c6317b5589f8a8c4590f0bc3577370f2cd45df18cabaaec855d60
runs/detect/predict-3/healthy_0115.jpg,archive/development/runs/detect/predict-3/healthy_0115.jpg,218849,d12a99f03210c32a0ffbbddf40ce8a89c6fd459b3e3051d1d03dd789589336f9
runs/detect/predict-3/healthy_0116.jpg,archive/development/runs/detect/predict-3/healthy_0116.jpg,267200,3878c5634a2a81307efd733f3ee5de51728519cbd7668f389be50ee942cec29c
runs/detect/predict-3/healthy_0117.jpg,archive/development/runs/detect/predict-3/healthy_0117.jpg,275045,c5232be3a31e863ea36d07b2dda641b49932631e4e74ac3248656b29f25f921e
runs/detect/predict-3/healthy_0118.jpg,archive/development/runs/detect/predict-3/healthy_0118.jpg,220730,88ba8b9392b89e156751863adbe7bea0579b1dd348c19cb76795d22710955ea6
runs/detect/predict-3/healthy_0119.jpg,archive/development/runs/detect/predict-3/healthy_0119.jpg,286720,f45197dc88a7a49972bf3980a63b2ad9cd2a024fc721aae2dc8ef99c1e75607a
runs/detect/predict-3/healthy_0120.jpg,archive/development/runs/detect/predict-3/healthy_0120.jpg,227970,4d22fb40577439477afd25585d7720dae42c3397a0c9162ff05174b5d475eac6
runs/detect/predict-3/healthy_0121.jpg,archive/development/runs/detect/predict-3/healthy_0121.jpg,291181,577cafc196509c097cac4baa0e4e9f4ea1999d2ae40ce9267fbc529ddc85aca5
runs/detect/predict-3/healthy_0122.jpg,archive/development/runs/detect/predict-3/healthy_0122.jpg,267766,cce61b1320b570d08c72f2bd3403c0073c36d5f9fa6817ad1e0021c487684f9b
runs/detect/predict-3/healthy_0123.jpg,archive/development/runs/detect/predict-3/healthy_0123.jpg,292352,1100a27a55c5ff654e32b1757e781ef3214822959dc6c02b893afb53367e32ed
runs/detect/predict-3/healthy_0124.jpg,archive/development/runs/detect/predict-3/healthy_0124.jpg,298841,d8ee4d58804ceb1d32117efc4c22526c7c6cc99a7502ed6d8650642b3a45f3c3
runs/detect/predict-3/healthy_0352.jpg,archive/development/runs/detect/predict-3/healthy_0352.jpg,205435,f2920840209cbf2aba1d53dcb1da44e6781705500f8b8a7d4f3358d7065c428a
runs/detect/predict-3/healthy_0353.jpg,archive/development/runs/detect/predict-3/healthy_0353.jpg,267049,3dc7bad1431d30b2938b96388b6804f8cf28fcb9a4cf8d560f199a920bf4b98e
runs/detect/predict-3/healthy_0354.jpg,archive/development/runs/detect/predict-3/healthy_0354.jpg,255110,eb8c3103ee7cbe0a2ea114143a641f017f889c42af12cc39506ebabb5dd28636
runs/detect/predict-3/healthy_0355.jpg,archive/development/runs/detect/predict-3/healthy_0355.jpg,255110,eb8c3103ee7cbe0a2ea114143a641f017f889c42af12cc39506ebabb5dd28636
runs/detect/predict-3/healthy_0356.jpg,archive/development/runs/detect/predict-3/healthy_0356.jpg,254980,2605ec86c316f60f3d641978689a9a2f8aff64d943ec996ce8e4781d9142d599
runs/detect/predict-3/healthy_0357.jpg,archive/development/runs/detect/predict-3/healthy_0357.jpg,254980,2605ec86c316f60f3d641978689a9a2f8aff64d943ec996ce8e4781d9142d599
runs/detect/predict-3/healthy_0358.jpg,archive/development/runs/detect/predict-3/healthy_0358.jpg,225610,a9d696662e986ccd0b7acf0ee45bf5edfadbdfbdca5a899327cb255efb9eb55d
runs/detect/predict-3/healthy_0359.jpg,archive/development/runs/detect/predict-3/healthy_0359.jpg,232870,682a1341c7ce91f5370cbe374cc4e56441f94c4efa71b90b9f0e2b4ca350ea47
runs/detect/predict-3/healthy_0360.jpg,archive/development/runs/detect/predict-3/healthy_0360.jpg,232870,682a1341c7ce91f5370cbe374cc4e56441f94c4efa71b90b9f0e2b4ca350ea47
runs/detect/predict-3/healthy_0364.jpg,archive/development/runs/detect/predict-3/healthy_0364.jpg,225543,fe6824a0a15d7f167a845520b7d78e3690044f907e97f627bbd9e5986e9d49dc
runs/detect/predict-3/healthy_0365.jpg,archive/development/runs/detect/predict-3/healthy_0365.jpg,225543,fe6824a0a15d7f167a845520b7d78e3690044f907e97f627bbd9e5986e9d49dc
runs/detect/predict-3/healthy_0366.jpg,archive/development/runs/detect/predict-3/healthy_0366.jpg,428550,8eb8b37e0b003ff1864970ea3ef89c8faafc44e794063c6159870f42ca9a7de8
runs/detect/predict-3/healthy_0367.jpg,archive/development/runs/detect/predict-3/healthy_0367.jpg,428550,8eb8b37e0b003ff1864970ea3ef89c8faafc44e794063c6159870f42ca9a7de8
runs/detect/predict-3/healthy_0368.jpg,archive/development/runs/detect/predict-3/healthy_0368.jpg,198940,f09b43e5b049ece8fb83a958c0443d56221252a49523df54757a993aeb364e58
runs/detect/predict-3/healthy_0369.jpg,archive/development/runs/detect/predict-3/healthy_0369.jpg,198940,f09b43e5b049ece8fb83a958c0443d56221252a49523df54757a993aeb364e58
runs/detect/predict-3/healthy_0375.jpg,archive/development/runs/detect/predict-3/healthy_0375.jpg,230272,581b2c193ccb063d02dc8694d645c0d9ad808b8cd4c83ba3a2ae89b61bfcaa1e
runs/detect/predict-3/healthy_0376.jpg,archive/development/runs/detect/predict-3/healthy_0376.jpg,211078,ac4be98db5757f832dad10ba082da420f4a46636042df542825e4f1ffe6094ad
runs/detect/predict-3/healthy_0377.jpg,archive/development/runs/detect/predict-3/healthy_0377.jpg,211078,ac4be98db5757f832dad10ba082da420f4a46636042df542825e4f1ffe6094ad
runs/detect/predict-3/healthy_0381.jpg,archive/development/runs/detect/predict-3/healthy_0381.jpg,222411,f4c8c675f1c22384503857f5d1699a00bbe8f4f438820b15b348169ea1eb04bf
runs/detect/predict-3/healthy_0382.jpg,archive/development/runs/detect/predict-3/healthy_0382.jpg,222411,f4c8c675f1c22384503857f5d1699a00bbe8f4f438820b15b348169ea1eb04bf
runs/detect/predict-3/healthy_0387.jpg,archive/development/runs/detect/predict-3/healthy_0387.jpg,175561,54efe453d60f8b71ecadd76f440304902d70aa1a6fa595db6edc10f35eb7fa1d
runs/detect/predict-3/healthy_0388.jpg,archive/development/runs/detect/predict-3/healthy_0388.jpg,175561,54efe453d60f8b71ecadd76f440304902d70aa1a6fa595db6edc10f35eb7fa1d
runs/detect/predict-3/healthy_0393.jpg,archive/development/runs/detect/predict-3/healthy_0393.jpg,320170,c67ff9406c03c95e2b6f21b04219a701a407d36bba2b85b88a96f19593bdab86
runs/detect/predict-3/healthy_0394.jpg,archive/development/runs/detect/predict-3/healthy_0394.jpg,302079,1de2e072125c214b8168fd2c8b9dcb4304bc50705b825c3b5ca762f7c8cd9772
runs/detect/predict-3/healthy_0397.jpg,archive/development/runs/detect/predict-3/healthy_0397.jpg,204166,0d3b07e69422700f303f639906b195a685a39e5f679086e620f920ab292a6ebc
runs/detect/predict-3/healthy_0398.jpg,archive/development/runs/detect/predict-3/healthy_0398.jpg,204166,0d3b07e69422700f303f639906b195a685a39e5f679086e620f920ab292a6ebc
runs/detect/predict-3/healthy_0399.jpg,archive/development/runs/detect/predict-3/healthy_0399.jpg,215296,0ca417f3dd945add7c1296e76f309d76e3a1adb268779b1da3606ef7488d2a81
runs/detect/predict-3/healthy_0400.jpg,archive/development/runs/detect/predict-3/healthy_0400.jpg,215296,0ca417f3dd945add7c1296e76f309d76e3a1adb268779b1da3606ef7488d2a81
runs/detect/predict-3/healthy_0401.jpg,archive/development/runs/detect/predict-3/healthy_0401.jpg,168728,869b9071c96a0c8df867444d6eee8dcd2272c0e50ca89dbdf874d2e5d9fe3d93
runs/detect/predict-3/healthy_0402.jpg,archive/development/runs/detect/predict-3/healthy_0402.jpg,168728,869b9071c96a0c8df867444d6eee8dcd2272c0e50ca89dbdf874d2e5d9fe3d93
runs/detect/predict-3/healthy_0409.jpg,archive/development/runs/detect/predict-3/healthy_0409.jpg,228447,c29925561d5ee326b56d4dec30cf274368a0ac0edf73bb37ce0fb5ff7c8aab82
runs/detect/predict-3/healthy_0410.jpg,archive/development/runs/detect/predict-3/healthy_0410.jpg,227404,afb79bc68b5ee14da22f91c99593e43104814c068e02652ae2f547a29435d2b5
runs/detect/predict-3/healthy_0445.jpg,archive/development/runs/detect/predict-3/healthy_0445.jpg,308169,5abd8f62540c9942d1abe69836fbbb3d145cec690a816fefd377cbdb213aa7eb
runs/detect/predict-3/healthy_0451.jpg,archive/development/runs/detect/predict-3/healthy_0451.jpg,265875,290b34493c2f9c21031bb0d26274f48322a3c94221d10098b966680db7809646
runs/detect/predict-3/healthy_0454.jpg,archive/development/runs/detect/predict-3/healthy_0454.jpg,289074,2c7a4affbd9f39bcc55535809fcb03b88b86d0a15e2aed61ef70bc9af780dfe7
runs/detect/predict-3/healthy_0455.jpg,archive/development/runs/detect/predict-3/healthy_0455.jpg,324378,684ac4e23da363d6ad454a08c7bfbace6a16a7f4cd294715da45cda692dc79bf
runs/detect/predict-3/healthy_0461.jpg,archive/development/runs/detect/predict-3/healthy_0461.jpg,322955,aad3d9db229de4a11cdbbccedea6bd1426fbf12542765acf1bfeb8b24f8089fa
runs/detect/predict-3/healthy_0463.jpg,archive/development/runs/detect/predict-3/healthy_0463.jpg,266523,6a2848befd01ca630d2c8e768a8573b10bcb27bbe2b0768739e713ef4764a108
runs/detect/predict-3/healthy_0464.jpg,archive/development/runs/detect/predict-3/healthy_0464.jpg,285420,7191f8b948bb738709ffef502bfe730e5d002593bde36e1cc871121213fdee9a
runs/detect/predict-3/healthy_0465.jpg,archive/development/runs/detect/predict-3/healthy_0465.jpg,215875,d2aaff6d69d93e1872e92d434baf3dbf15962b9fdfd7ba08de88af03c1363abf
runs/detect/predict-3/healthy_0468.jpg,archive/development/runs/detect/predict-3/healthy_0468.jpg,314005,cc746a2eee72e1285aa7f831c90356c3435a33882d4dd583bbd535d3b3bfdaf1
runs/detect/predict-3/healthy_0469.jpg,archive/development/runs/detect/predict-3/healthy_0469.jpg,303477,a8f3a9b067ceedec1d3950a12a0c35ad4db32dd8c1db4634b29995a2146a7b6f
runs/detect/predict-3/healthy_0470.jpg,archive/development/runs/detect/predict-3/healthy_0470.jpg,258338,483ce2328575eded7b4ed8d905ccf0fb488db5fe8251b59212611d3f32a94ec1
runs/detect/predict-3/healthy_0475.jpg,archive/development/runs/detect/predict-3/healthy_0475.jpg,364758,9247134d434347ab3a8829ef242f3b1922ce4fd4ea9e0a34775549335e68d42b
runs/detect/predict-3/healthy_0483.jpg,archive/development/runs/detect/predict-3/healthy_0483.jpg,307919,3c4c370f5311ef5b0a929799690a904bda2658e745158557db328ae8810ee0ac
runs/detect/predict-3/healthy_0484.jpg,archive/development/runs/detect/predict-3/healthy_0484.jpg,323653,6941adea51ffefb9035a4c6b31fad67c88faff16d086138917521249bad2dfb5
runs/detect/predict-3/healthy_0493.jpg,archive/development/runs/detect/predict-3/healthy_0493.jpg,289623,b2203403b0cb499f8e2577c54e14f1c3942bd90c2318a3765be0f7fdcf902ede
runs/detect/predict-3/healthy_0502.jpg,archive/development/runs/detect/predict-3/healthy_0502.jpg,224039,1d774de87f653d17b972991169d3870363ea030e24e0e19b2537891e579eddbd
runs/detect/predict-3/healthy_0505.jpg,archive/development/runs/detect/predict-3/healthy_0505.jpg,255032,73ec7cc56fb21d8062b8c53a035283366c08c7ced2c3350fb35880ba47291f23
runs/detect/predict-3/healthy_0511.jpg,archive/development/runs/detect/predict-3/healthy_0511.jpg,255293,2025fe600b9a0e990efac240b8c4d1eb342f59c640b3c667341a2402be8fb2c0
runs/detect/predict-3/healthy_0518.jpg,archive/development/runs/detect/predict-3/healthy_0518.jpg,209118,31fcc6f830b64eec1e7960ba0790177448487125d5bee19d65b90b85d763134f
runs/detect/predict-3/healthy_0519.jpg,archive/development/runs/detect/predict-3/healthy_0519.jpg,221362,da6ef4e6ebf4396f80d45e2fdfb79a8acf012735251e16fcafb7215d2e6f8176
runs/detect/predict-3/healthy_0524.jpg,archive/development/runs/detect/predict-3/healthy_0524.jpg,248728,3e55bec31f12d7c52d97e9b79980bc8af56cbcaceaac43612c23bc03ed4a0456
runs/detect/predict-3/healthy_0526.jpg,archive/development/runs/detect/predict-3/healthy_0526.jpg,251604,cc2a0603664ec08c2162d5fabf67bc4d015c8cf8e15b95ea83cdd5d88f9738b4
runs/detect/predict-3/healthy_0530.jpg,archive/development/runs/detect/predict-3/healthy_0530.jpg,246433,5569c3fad8d0fb43e3dc0fd7eeb0f595aed9312527b1c2bba900f6ea6f6b01f1
runs/detect/predict-3/healthy_0531.jpg,archive/development/runs/detect/predict-3/healthy_0531.jpg,230929,6bced6565fb55704db9428ce2446b3bdd684daa9fcb56fc02c2b7c9960ea2b1e
runs/detect/predict-3/healthy_0532.jpg,archive/development/runs/detect/predict-3/healthy_0532.jpg,256758,ced2ebac6d91eca71dc5e33c2dd63e7ef5029b65e71656d80f2a9ccbcd36e4af
runs/detect/predict-3/healthy_0535.jpg,archive/development/runs/detect/predict-3/healthy_0535.jpg,248068,050b2f0fbfd4e0109c133b8d231e0a6eee01457b32b7831b2af9b049521aac1b
runs/detect/predict-3/healthy_0536.jpg,archive/development/runs/detect/predict-3/healthy_0536.jpg,234965,d10a6e53d6caf16b085d1643d56dcf270ada69bb833d8a090be145f1e9bddcdb
runs/detect/predict-3/healthy_0537.jpg,archive/development/runs/detect/predict-3/healthy_0537.jpg,223403,4aa6b32ee73bd874090822594c0224e40c54a5e4095400a6941d8a09a28bdd05
runs/detect/predict-3/healthy_0540.jpg,archive/development/runs/detect/predict-3/healthy_0540.jpg,230785,5a69bdeeb64eacddc550c459643d0a31939462db284737c4ae92bf49c5f763f2
runs/detect/predict-3/healthy_0541.jpg,archive/development/runs/detect/predict-3/healthy_0541.jpg,297259,b41e5d979f73c294d49131261330a1ebd08315bdb4073958ffdc80707dee3fcb
runs/detect/predict-3/healthy_0548.jpg,archive/development/runs/detect/predict-3/healthy_0548.jpg,241939,e58c94c631ba34c3e50d34079331d91a80b5de71ea0ea44e1ade4e2d0224fcef
runs/detect/predict-3/healthy_0550.jpg,archive/development/runs/detect/predict-3/healthy_0550.jpg,259352,e9db88ff01b4ac556bbf60b16de2a011447e63c82557ee1ceaeb7afe0889a161
runs/detect/predict-3/healthy_0552.jpg,archive/development/runs/detect/predict-3/healthy_0552.jpg,246453,85319aaf024c676f9032a9c1ad5fd8cba21b8be206ed6bdf353e0d739345b7b5
runs/detect/predict-3/healthy_0560.jpg,archive/development/runs/detect/predict-3/healthy_0560.jpg,264023,23411ff642fd31e88df168ae4612fa575d6f7c1159a63063584de515f06232c8
runs/detect/predict-3/healthy_0561.jpg,archive/development/runs/detect/predict-3/healthy_0561.jpg,267490,24b9bae9ef04d82883235508b8eefda4dcc35f7acc791e7ff613ad01504b843d
runs/detect/predict-3/healthy_0564.jpg,archive/development/runs/detect/predict-3/healthy_0564.jpg,203775,8db8bee3a14d7eb21b9ecea3449fc7fcb2b825ad1c142de95df4a424745dcde9
runs/detect/predict-3/healthy_0567.jpg,archive/development/runs/detect/predict-3/healthy_0567.jpg,300150,c8614c0e5cc6a7a5ca5371ad17fa8e7e381683ec5fd9a2abe2629e4499bf42e3
runs/detect/predict-3/healthy_0573.jpg,archive/development/runs/detect/predict-3/healthy_0573.jpg,296656,43f8a3962dec48f781446afb1c541f502c9f5d77dfd68e85920e5e16cb534681
runs/detect/predict-3/healthy_0574.jpg,archive/development/runs/detect/predict-3/healthy_0574.jpg,296656,43f8a3962dec48f781446afb1c541f502c9f5d77dfd68e85920e5e16cb534681
runs/detect/predict-3/healthy_0581.jpg,archive/development/runs/detect/predict-3/healthy_0581.jpg,243041,0346f5800ec4556a7012c831e56f1b78f7db7d3aee7d11f04702eaf28d83d075
runs/detect/predict-3/healthy_0585.jpg,archive/development/runs/detect/predict-3/healthy_0585.jpg,264118,6feaf6d1bd17f7a0b240ca5686ddc1afdd8fb905476f685fe418cf17e70af6e7
runs/detect/predict-3/healthy_0591.jpg,archive/development/runs/detect/predict-3/healthy_0591.jpg,269684,817a8c1fa2593aa017ddf22c5e954788bb719b60b11023b5b6621298f1e457c8
runs/detect/predict-3/healthy_0602.jpg,archive/development/runs/detect/predict-3/healthy_0602.jpg,239507,8ea72d0b8e2fa8198bb5d78f818bb80b4a1c86361bd558518544aa36814ab927
runs/detect/predict-3/healthy_0604.jpg,archive/development/runs/detect/predict-3/healthy_0604.jpg,250678,208e49bcfe4d9af46ed6d6223375ed41c2bc78f4f37f5b72cc2b2e19e7683726
runs/detect/predict-3/healthy_0606.jpg,archive/development/runs/detect/predict-3/healthy_0606.jpg,269567,272c853d03e678ddc85b9e95e84b53aad918cda1bb28f3c1d479859254fa8201
runs/detect/predict-3/healthy_0609.jpg,archive/development/runs/detect/predict-3/healthy_0609.jpg,266342,09a4bea4422a7b0bbcd520ab5e9c7dda15a1aa21cbe756cd071d424f4a91a3d0
runs/detect/predict-3/healthy_0613.jpg,archive/development/runs/detect/predict-3/healthy_0613.jpg,239859,2758d90e372bc0da86b3528042ed0e03caea73f84d300996760a01e1b0b437e7
runs/detect/predict-3/healthy_0615.jpg,archive/development/runs/detect/predict-3/healthy_0615.jpg,297890,9d5ca5b7899f74c9e95c144d79b76fd2badc1d6fbe6352dfeb8ef835be245e8d
runs/detect/predict-3/healthy_0619.jpg,archive/development/runs/detect/predict-3/healthy_0619.jpg,272197,7f37b8ac579255889df908955c03bfa13bef2553702586966817a3a1235c0087
runs/detect/predict-3/healthy_0622.jpg,archive/development/runs/detect/predict-3/healthy_0622.jpg,217344,33e601665fab32baf4f58e3024f5947e5b7800c706a3ce0b7d80b7e0a43463fb
runs/detect/predict-3/healthy_0624.jpg,archive/development/runs/detect/predict-3/healthy_0624.jpg,178864,a4a3e75e976b345612f774f83e9b7b402cce5d41f86c390ed351f34312dac83e
runs/detect/predict-3/healthy_0630.jpg,archive/development/runs/detect/predict-3/healthy_0630.jpg,218095,8ec5c64468bf82f6f6c14be20eb18c4640d08b1065bc46b7a83d86831d403e05
runs/detect/predict-3/healthy_0638.jpg,archive/development/runs/detect/predict-3/healthy_0638.jpg,192017,aa70db48657ffc1354f28e95c838fda98994bef0cf3be985a96be81254bd6722
runs/detect/predict-3/healthy_0639.jpg,archive/development/runs/detect/predict-3/healthy_0639.jpg,165984,f06195d57d27b99b05231f1f1f368ed6486d850bac9db72cca6f173742b66476
runs/detect/predict-3/healthy_0650.jpg,archive/development/runs/detect/predict-3/healthy_0650.jpg,243192,35798cb2848888637a744d3a810888b9ff1ddcac141a894617bdeacea081432d
runs/detect/predict-3/healthy_0651.jpg,archive/development/runs/detect/predict-3/healthy_0651.jpg,172365,cf03bc595ab4966a8083e3a7c7d4d9015da520a934093d274f5f35d53dce9ffe
runs/detect/predict-3/healthy_0656.jpg,archive/development/runs/detect/predict-3/healthy_0656.jpg,279031,1400819a435d20c348e63079ee591ac0e7803622d1eb2e4b69b274b8c62949a5
runs/detect/predict-3/healthy_0657.jpg,archive/development/runs/detect/predict-3/healthy_0657.jpg,254332,1032ec178376847377da01aacdd1112ed516e70970ad8b9112d34068a025c541
runs/detect/predict-3/healthy_0660.jpg,archive/development/runs/detect/predict-3/healthy_0660.jpg,250030,6124baf7442bfd708858c372fac710b79de28a23366a4a41e4d3601551da20b1
runs/detect/predict-3/healthy_0664.jpg,archive/development/runs/detect/predict-3/healthy_0664.jpg,211130,b49c490ea249b5442ece34fb4155a75a0fb56dfda7e0312276bf04c0e305ac21
runs/detect/predict-3/healthy_0666.jpg,archive/development/runs/detect/predict-3/healthy_0666.jpg,295876,9f06604a38d4e3d18c6e2eaa25ea3b46c28bbba0f4f247b8bcf7df2a99b8a673
runs/detect/predict-3/healthy_0671.jpg,archive/development/runs/detect/predict-3/healthy_0671.jpg,204848,1c518082200ee7b738306131b1bc3b5d15b3617c36eb8b04421376659b14eb75
runs/detect/predict-3/healthy_0676.jpg,archive/development/runs/detect/predict-3/healthy_0676.jpg,214709,86e581e8ede764eab606e50c73aaf92cea60f57975f24f33a1a2d9dcfea32dfe
runs/detect/predict-3/healthy_0681.jpg,archive/development/runs/detect/predict-3/healthy_0681.jpg,226729,380a24ea4412b5bf1a181e7894deb39ae344a99060c5ec2f8f05a2959a112971
runs/detect/predict-3/healthy_0693.jpg,archive/development/runs/detect/predict-3/healthy_0693.jpg,229723,1357f13e8ff7ad23845c64a1e9d1b8496c554500d9ecfa63b7594926b5b68dc3
runs/detect/predict-3/healthy_0695.jpg,archive/development/runs/detect/predict-3/healthy_0695.jpg,252180,11672b4fd856deb9e70fbb9a8e777f7928cfa570dfcdce6b6ab465dd4d643867
runs/detect/predict-3/healthy_0697.jpg,archive/development/runs/detect/predict-3/healthy_0697.jpg,286921,c620fa49d162746730175262df405ed45da63cd449911507b44f009b69c39291
runs/detect/predict-3/healthy_0700.jpg,archive/development/runs/detect/predict-3/healthy_0700.jpg,283133,268852d64df526d73c029c57ded7c09ebb4d9ba4615a33f9d6df00573a1e4a2d
runs/detect/predict-3/healthy_0703.jpg,archive/development/runs/detect/predict-3/healthy_0703.jpg,222998,1a260a5d725d55fda623c8383fff35207eb19775936bfe278c5e6d000cef5c80
runs/detect/predict-3/healthy_0707.jpg,archive/development/runs/detect/predict-3/healthy_0707.jpg,321900,2cdf03f36c48aa8516f85463bf72e0e2c6febadf58579b4d49cb943c11c452d3
runs/detect/predict-3/healthy_0709.jpg,archive/development/runs/detect/predict-3/healthy_0709.jpg,270397,c0bbee03609280e4490b0650ee839f09a93c6d33a70780e7b47d62b1b4f94e7f
runs/detect/predict-3/healthy_0712.jpg,archive/development/runs/detect/predict-3/healthy_0712.jpg,251693,0c6cbc64a514427686974d1de6a9980c0d9f30787d2d57f7d3b59ec4c231b121
runs/detect/predict-3/healthy_0716.jpg,archive/development/runs/detect/predict-3/healthy_0716.jpg,261837,c8883fbc609f7705194f126607155e14bfd104cc603a15e650660dbf72876bed
runs/detect/predict-3/healthy_0720.jpg,archive/development/runs/detect/predict-3/healthy_0720.jpg,359407,25613a2df70699f46d82d71d6db0bbea31c3e90be7c8e8649202e470460c444f
runs/detect/predict-3/healthy_0725.jpg,archive/development/runs/detect/predict-3/healthy_0725.jpg,291732,f9dcaa5120c4bc0bef07e13b5681e0c5b92786208e957179e1313f1962235ad9
runs/detect/predict-3/healthy_0728.jpg,archive/development/runs/detect/predict-3/healthy_0728.jpg,321814,f67eee373cb3b523c3112476b55b5644fdffdcd2ba7ea640d23cc7f60705b7ee
runs/detect/predict-3/healthy_0730.jpg,archive/development/runs/detect/predict-3/healthy_0730.jpg,250408,f0e8e36e6989eacd67df94c5f6ec9d43c91fa13b78dfd9984013ef4dcc8df681
runs/detect/predict-3/healthy_0739.jpg,archive/development/runs/detect/predict-3/healthy_0739.jpg,213817,03044544773a28a24d9071f76449f17340a82ce5beb49f46f70d163f67da08c8
runs/detect/predict-3/healthy_0745.jpg,archive/development/runs/detect/predict-3/healthy_0745.jpg,242120,5a84b69f339a1e5906ada9633617e238c1db758570b8b65ee65be83b36396d8d
runs/detect/predict-3/healthy_0757.jpg,archive/development/runs/detect/predict-3/healthy_0757.jpg,318545,9fa509edc8cf2aabd2f579dd2903645b6e439604c2b048012610480a36f77712
runs/detect/predict-3/healthy_0766.jpg,archive/development/runs/detect/predict-3/healthy_0766.jpg,370430,1096090a753716b2e2cd0becde947376262460c41a4fd26693400cd6a6d19a42
runs/detect/predict-3/healthy_0768.jpg,archive/development/runs/detect/predict-3/healthy_0768.jpg,264378,c4b8ad28c54bf521973424686dd2e082e8c8a8aa1c5051530be7f8bed5d36f03
runs/detect/predict-3/healthy_0769.jpg,archive/development/runs/detect/predict-3/healthy_0769.jpg,280757,369739bc5bf1f1c04ae931c8d8f3dd90731ba6cc5d8203ecb02bdda734466213
runs/detect/predict-3/healthy_0776.jpg,archive/development/runs/detect/predict-3/healthy_0776.jpg,316649,4f3cf268db68ce10af0dc291e597d5b3bcb90d0049bccc6f92fb7bf4763f1c07
runs/detect/predict-3/healthy_0778.jpg,archive/development/runs/detect/predict-3/healthy_0778.jpg,293499,9a207e3e421d2c023f9534ad2fce6348283cc8d4c6b921cf45685e3966681e8d
runs/detect/predict-3/healthy_0779.jpg,archive/development/runs/detect/predict-3/healthy_0779.jpg,217052,ec1d181c2f9539f189e439b8078cfb9fa4da9a3f9ed354683db8a57240e81e2a
runs/detect/predict-3/healthy_0781.jpg,archive/development/runs/detect/predict-3/healthy_0781.jpg,321751,98abefd0bf49619d5b0a72eae3ce9c051412241b8d84bf1b2806d977f3b6f403
runs/detect/predict-3/healthy_0782.jpg,archive/development/runs/detect/predict-3/healthy_0782.jpg,351763,2576197b544cadc93a6efcc7227fb70ad5233ab2f7966f19350e1c749d8ec474
runs/detect/predict-3/healthy_0796.jpg,archive/development/runs/detect/predict-3/healthy_0796.jpg,257474,4f0d46da7ef1d36546a911570b4ef89179000ee8adbfc82f9f9179d1aeb55c59
runs/detect/predict-3/healthy_0802.jpg,archive/development/runs/detect/predict-3/healthy_0802.jpg,325940,201f293e08b748c00eb5c5a0f6f59eaa1c8fa72fa5ff8c2f2f5cae4347a7f8f6
runs/detect/predict-3/healthy_0811.jpg,archive/development/runs/detect/predict-3/healthy_0811.jpg,253872,f9e18e189c1b564bc80e77834fc6cbb805cc9b0c1399546724b57585cbd75245
runs/detect/predict-3/healthy_0817.jpg,archive/development/runs/detect/predict-3/healthy_0817.jpg,351980,5d835e3a5ff6c79da91b97b4244cb2ee2fa58cf2d7bf55e6e0d34eaba9f7f10f
runs/detect/predict-3/healthy_0818.jpg,archive/development/runs/detect/predict-3/healthy_0818.jpg,333253,b2bfe82b5e0bb1c917e635e3f828ac2db5943783c0d8ebef9750ea96f1f36f71
runs/detect/predict-3/healthy_0821.jpg,archive/development/runs/detect/predict-3/healthy_0821.jpg,272937,2398767a68e3a439a54de4ea80d08b4cf11341b9aaaae272dd71243d0efa66dd
runs/detect/predict-3/healthy_0826.jpg,archive/development/runs/detect/predict-3/healthy_0826.jpg,355316,69a295c6aa5e31b8bc97e67027f6953776ff5bdf95b03a9c00aaf07fc476ce7f
runs/detect/predict-3/healthy_0830.jpg,archive/development/runs/detect/predict-3/healthy_0830.jpg,303655,a89ced8e97586f8d27e89fa453ed3df55f53317f6ab711bed83988db04c22327
runs/detect/predict-3/healthy_0832.jpg,archive/development/runs/detect/predict-3/healthy_0832.jpg,448940,0b042ad7320746719b9302a2f9eeddfe777a3ddaae723b1fb47db514001ec269
runs/detect/predict-3/healthy_0837.jpg,archive/development/runs/detect/predict-3/healthy_0837.jpg,402507,94da0f520d360cd92262d51c341f1994502fcd67909a651ed01e54bea9106053
runs/detect/predict-3/healthy_0840.jpg,archive/development/runs/detect/predict-3/healthy_0840.jpg,296030,034eaf048cffddead2330a47b119e1124dcbb583abdf69d3c3fabdd99410e3f4
runs/detect/predict-3/healthy_0850.jpg,archive/development/runs/detect/predict-3/healthy_0850.jpg,311947,23b7f5678f3bceb5b37fd57712387666458188ed935bfa8a8e99fcd0d9f7e6ec
runs/detect/predict-3/healthy_0855.jpg,archive/development/runs/detect/predict-3/healthy_0855.jpg,233524,649e9d7402a25d19df9a22a256f88b6638ae528f9f9c2df25cd6fa4c326a9cd8
runs/detect/predict-3/healthy_0865.jpg,archive/development/runs/detect/predict-3/healthy_0865.jpg,326496,05811e1148142d4cab30ef7eb8d00c2e4a656d519d4c2393207502d3a0d7fa0b
runs/detect/predict-3/healthy_0867.jpg,archive/development/runs/detect/predict-3/healthy_0867.jpg,248664,583a522cb2c7ef56ec14e0d4c8efb921494ffca26d6ca3cb5f7d2863395aa8e0
runs/detect/predict-3/healthy_0868.jpg,archive/development/runs/detect/predict-3/healthy_0868.jpg,285154,a40f2996ce392e53f594609f641af6b64ac45b15bbe4a4e661d633a10f7819d2
runs/detect/predict-3/healthy_0870.jpg,archive/development/runs/detect/predict-3/healthy_0870.jpg,321647,12a3f0f320bf7dcb9c539760437a06830637343511fc7027d5cc9b0a75b3ee53
runs/detect/predict-3/healthy_0874.jpg,archive/development/runs/detect/predict-3/healthy_0874.jpg,362383,14b6f4735a9b77ce7a77aeb5d5eedb6b81aeba4bb4cd98505bfc8bd0b11cad35
runs/detect/predict-3/healthy_0876.jpg,archive/development/runs/detect/predict-3/healthy_0876.jpg,363096,03b88bdaf736d55f379630023c4f887f5313255caf5cd893719481366f9487b4
runs/detect/predict-3/healthy_0878.jpg,archive/development/runs/detect/predict-3/healthy_0878.jpg,372141,63f3da9a5d010c64b8fadb741f4e82ebb591dfb88a4b76d91d9f43d02cc809fb
runs/detect/predict-3/healthy_0884.jpg,archive/development/runs/detect/predict-3/healthy_0884.jpg,308765,18c7e958b2629cf7223be92603766d9b0686001e31b1fd8dbcc02bb82630c8dd
runs/detect/predict-3/healthy_0891.jpg,archive/development/runs/detect/predict-3/healthy_0891.jpg,234284,b51c8da6082ea489f0bdd3cc541c789f27286a14b21bb25742ef05ab92c04c9a
runs/detect/predict-3/healthy_0897.jpg,archive/development/runs/detect/predict-3/healthy_0897.jpg,313180,e92e93ebae10dfb6f55714f0e4c7e47ffcb0945c63ea6a5efa2799fd70c33a2f
runs/detect/predict-3/healthy_0899.jpg,archive/development/runs/detect/predict-3/healthy_0899.jpg,253800,eea910e73511377ad205b856fb47c7d2bf92d3af11cdb3da8d3ed57348fe49ca
runs/detect/predict-3/healthy_0905.jpg,archive/development/runs/detect/predict-3/healthy_0905.jpg,279440,e5420c975fcc28fbf38c310b2eaed12805539214d6d79147b7fc37be2944565c
runs/detect/predict-3/healthy_0914.jpg,archive/development/runs/detect/predict-3/healthy_0914.jpg,216705,391ef7f80c58fe69a036d3e633b1350e53933f356adea2cbd904c65f32ec67a9
runs/detect/predict-3/healthy_0918.jpg,archive/development/runs/detect/predict-3/healthy_0918.jpg,340800,b46f88def96f2b80989defec95873920e5ccdfffd1664ab8cfb8b996e092e746
runs/detect/predict-3/healthy_0923.jpg,archive/development/runs/detect/predict-3/healthy_0923.jpg,250353,f8763694a7e6703a6c9725f50e22ca7f27706bd168738ef8139a74cba4f2ce4d
runs/detect/predict-3/healthy_0925.jpg,archive/development/runs/detect/predict-3/healthy_0925.jpg,231169,0076d428146da305ab1f72e010e33ce410471bc5aeab9671e3dd3e636c38a73e
runs/detect/predict-3/healthy_0926.jpg,archive/development/runs/detect/predict-3/healthy_0926.jpg,234507,992baf5859277ae6cf687207ae849856f4600b19ad73fdba1393d9e6d6be3d57
runs/detect/predict-3/healthy_0933.jpg,archive/development/runs/detect/predict-3/healthy_0933.jpg,226393,8fdda5ce121d11261c8ea5877ce6d54554f6859f79bdac487c75998cdb9c8005
runs/detect/predict-3/healthy_0939.jpg,archive/development/runs/detect/predict-3/healthy_0939.jpg,200359,508d90e09a023634d6765b5810071ba725ce0ee85a7591d8338d882aaf346bd0
runs/detect/predict-3/healthy_0943.jpg,archive/development/runs/detect/predict-3/healthy_0943.jpg,174816,ed214674640296c1c1fe92c89d50c53dcb2e3ade6c3982ec34048642fedd646f
runs/detect/predict-3/healthy_0944.jpg,archive/development/runs/detect/predict-3/healthy_0944.jpg,170322,05752ef041588630a324c40fac095a46b72d7f06226e0adad9e92bb9a2d411e6
runs/detect/predict-3/healthy_0949.jpg,archive/development/runs/detect/predict-3/healthy_0949.jpg,263476,2679778d556b6296a868dd4434950a3822a8dead5f083742808f2857081d3e0f
runs/detect/predict-3/healthy_0951.jpg,archive/development/runs/detect/predict-3/healthy_0951.jpg,217428,428add893af480c6d16b6315d52ec88e3844bf484af1bc26901ad061aca3eb1e
runs/detect/predict-3/healthy_0954.jpg,archive/development/runs/detect/predict-3/healthy_0954.jpg,190252,f42d988d95dad4ca02dfa74f6c230ce51092948476a7ec3b5ae99b83c6ac7690
runs/detect/predict-3/healthy_0955.jpg,archive/development/runs/detect/predict-3/healthy_0955.jpg,207589,2c46c4d1a22ea5d8bc84e85b23ddc3fc28a23e903eeed902fe5b8215b198d962
runs/detect/predict-3/healthy_0957.jpg,archive/development/runs/detect/predict-3/healthy_0957.jpg,239789,0e3af806efa394cb90688e3dbf6702d80b7e62e6e74eaff95c1a90df86d95ada
runs/detect/predict-3/healthy_0961.jpg,archive/development/runs/detect/predict-3/healthy_0961.jpg,237139,4792bc50ad863b18dbfbfbb338c7ac74b31c4d1a0168900cda675a293e54b995
runs/detect/predict-3/healthy_0962.jpg,archive/development/runs/detect/predict-3/healthy_0962.jpg,239983,afc572ba1fe959004b2f07b6b0c1cab5efe689dc12444c62d553af56108b566e
runs/detect/predict-3/healthy_0966.jpg,archive/development/runs/detect/predict-3/healthy_0966.jpg,223750,a05bae1e042e6cb9aeb7ab98491530dabf31673761fe9ec6f4d4e39e26ca250a
runs/detect/predict-3/healthy_0967.jpg,archive/development/runs/detect/predict-3/healthy_0967.jpg,237773,8104edb0c679b6051c4e366195f6c3ef6adfb4d3396328fc03049edaacf88024
runs/detect/predict-3/healthy_0972.jpg,archive/development/runs/detect/predict-3/healthy_0972.jpg,205062,28ee1f6c9729844ddf2387ed7054f382ee8219c450feed06e7c1cb0cd11b3c13
runs/detect/predict-3/healthy_0978.jpg,archive/development/runs/detect/predict-3/healthy_0978.jpg,215004,8d027abb97ce226b36e9c33ba676f9b8e145eccba75940a90c9957fd95d79c5a
runs/detect/predict-3/healthy_0980.jpg,archive/development/runs/detect/predict-3/healthy_0980.jpg,260993,c53a5ca446d89d1e371fc518f06ba1b56a173cd2c262e51af3e028414ce033dc
runs/detect/predict-3/healthy_0982.jpg,archive/development/runs/detect/predict-3/healthy_0982.jpg,284371,4d36f3bf2724c7b7c514cd32d0e2a45c2ca9debcdc5b72957f97ddcfd6ad8db8
runs/detect/predict-3/healthy_0983.jpg,archive/development/runs/detect/predict-3/healthy_0983.jpg,287896,ec5dd5eb301f554ce23087b1fc8699237da349bd0f31e77ae10ab1df86244fa0
runs/detect/predict-3/healthy_0985.jpg,archive/development/runs/detect/predict-3/healthy_0985.jpg,291151,091cea21e233227072338beae931df321cf8450bd8f13e303e35d8cb0848116e
runs/detect/predict-3/healthy_1001.jpg,archive/development/runs/detect/predict-3/healthy_1001.jpg,233002,33edb04984bebba8bf6082fe16cc721dd772790702a7ef35d1384c2b3a177e27
runs/detect/predict-3/healthy_1004.jpg,archive/development/runs/detect/predict-3/healthy_1004.jpg,182235,06ffdf29d98b89bce2eb2e366d8111cc2b093a6e1a469bf4b6112fe2ce88c2e8
runs/detect/predict-3/healthy_1014.jpg,archive/development/runs/detect/predict-3/healthy_1014.jpg,196536,0e49f388ec74eba6ef62b7cb0558b9aea975054503b8393e256a05d681a3127f
runs/detect/predict-3/healthy_1015.jpg,archive/development/runs/detect/predict-3/healthy_1015.jpg,221474,8d022925e78a8b02199b9d0d40b1a817a33369fb7de05c736ec47f4fc805f580
runs/detect/predict-3/healthy_1023.jpg,archive/development/runs/detect/predict-3/healthy_1023.jpg,188965,c749576714c7ad5a0fc1688637a27d001b309656d0d205a12b1ceacba2851d2a
runs/detect/predict-3/healthy_1028.jpg,archive/development/runs/detect/predict-3/healthy_1028.jpg,315405,7b0cf008fe375575d62feb2331f98c178e07134c26e9d6024973181044ed859e
runs/detect/predict-3/healthy_1031.jpg,archive/development/runs/detect/predict-3/healthy_1031.jpg,238370,bd363d09d5ecbb8141b29910bd80ae13a7876b12e6a26e7ca89a149fadf7d762
runs/detect/predict-3/healthy_1032.jpg,archive/development/runs/detect/predict-3/healthy_1032.jpg,271027,c895854d3d8b7663fc62cb982d3526c84911a429fe1e4be33c9bcac69a52a494
runs/detect/predict-3/healthy_1040.jpg,archive/development/runs/detect/predict-3/healthy_1040.jpg,472909,a5d86c67186315001c2b46fb7cb6fdb74f64d9fb9e5ab98af731aeba0bded254
runs/detect/predict-3/healthy_1041.jpg,archive/development/runs/detect/predict-3/healthy_1041.jpg,472909,a5d86c67186315001c2b46fb7cb6fdb74f64d9fb9e5ab98af731aeba0bded254
runs/detect/predict-3/healthy_1055.jpg,archive/development/runs/detect/predict-3/healthy_1055.jpg,237228,a8102f6857d8f1b0ca95a581edccd28e652aa8b609028ffac1f0a2f3a81c018d
runs/detect/predict-3/healthy_1072.jpg,archive/development/runs/detect/predict-3/healthy_1072.jpg,256551,8f9e9a6bd9a8e8ad53f5e9487e237326230faccb3a659cccb0358989ba25d68f
runs/detect/predict-3/healthy_1080.jpg,archive/development/runs/detect/predict-3/healthy_1080.jpg,243486,fe271a1e9e1d6591f0353c95404ff083ddf12e8092c5982720adb1f0a7956d38
runs/detect/predict-3/healthy_1088.jpg,archive/development/runs/detect/predict-3/healthy_1088.jpg,289867,ded5592c8d11e0836d2607825bb0ee0ae43fc9af3984945721a56fb035ad17af
runs/detect/predict-3/healthy_1091.jpg,archive/development/runs/detect/predict-3/healthy_1091.jpg,430785,79e271ed80dcd2cea656e2714d50d007959d6c995687c8b774447c5685629570
runs/detect/predict-3/healthy_1097.jpg,archive/development/runs/detect/predict-3/healthy_1097.jpg,217593,805205f587eb383c2c30cb384c2b6665bcf31073882fa1be73f7cde943540629
runs/detect/predict-3/healthy_1099.jpg,archive/development/runs/detect/predict-3/healthy_1099.jpg,207757,f944c1dba4df2c099b926bea855994c18c8b062eac7d5e10af1eb6bab2ac5e5f
runs/detect/predict-3/healthy_1103.jpg,archive/development/runs/detect/predict-3/healthy_1103.jpg,260725,a7749d98d38f925156813627edc370c7209f80996c840ac5d30145c51499e853
runs/detect/predict-3/healthy_1114.jpg,archive/development/runs/detect/predict-3/healthy_1114.jpg,290674,46fd9926d35c2076b77dd192064a4b3744d601c6fce29efb40aa1d7bf210ea24
runs/detect/predict-3/healthy_1117.jpg,archive/development/runs/detect/predict-3/healthy_1117.jpg,491463,420a92db03f9334896cb5cf08147d32c5224f60c79c4778f3e885544e1eb735d
runs/detect/predict-3/healthy_1119.jpg,archive/development/runs/detect/predict-3/healthy_1119.jpg,204843,1691f06c128029b95fbb3a446de469caaef90ba0832a72168ba8b6309de7939e
runs/detect/predict-3/healthy_1142.jpg,archive/development/runs/detect/predict-3/healthy_1142.jpg,274181,f9b49178e43599156f493b36343449b0ebae9c76bb710deb2b462e9b02eba475
runs/detect/predict-3/healthy_1147.jpg,archive/development/runs/detect/predict-3/healthy_1147.jpg,287552,27695cbb10928b159946fefb2066f21c0665442b79170e5728b6773890640c1c
runs/detect/predict-3/healthy_1149.jpg,archive/development/runs/detect/predict-3/healthy_1149.jpg,307173,6d5be7e5f103039647859b94fae1180f4bcc0087dc842a66a823830aba2f7718
runs/detect/predict-3/healthy_1154.jpg,archive/development/runs/detect/predict-3/healthy_1154.jpg,353952,ba4617843737cf72a848f7e03ed411edeea05cb15052207b9a1426184067043b
runs/detect/predict-3/healthy_1157.jpg,archive/development/runs/detect/predict-3/healthy_1157.jpg,289163,d8feca2eaf12f95a4877d275eecfee1f68663782ac972c82e156f63635281fb9
runs/detect/predict-3/healthy_1160.jpg,archive/development/runs/detect/predict-3/healthy_1160.jpg,343154,145e61cc565d6b6a9d3d84374f57e661a3c1a4a09f2e1fff103f832bd821a931
runs/detect/predict-3/healthy_1171.jpg,archive/development/runs/detect/predict-3/healthy_1171.jpg,228787,33f98c44c388ea8454a68c6d2f995586cf8aa31b66893af62c260256aaddeac6
runs/detect/predict-3/healthy_1172.jpg,archive/development/runs/detect/predict-3/healthy_1172.jpg,223631,2342448b793c4ba37deabefda5981478d8cc03d53d7ed794e1e6bdbcaa6038ff
runs/detect/predict-3/healthy_1178.jpg,archive/development/runs/detect/predict-3/healthy_1178.jpg,247441,45ff640f1a3fa34ece8fb2417b9ff1d7a40b2ed2f2ea6f12901d47a9232a3f62
runs/detect/predict-3/healthy_1182.jpg,archive/development/runs/detect/predict-3/healthy_1182.jpg,243766,094a27cc8df6035e5c047de144630fc2e5713a3559c987c7fcc4a65e1ebe3a60
runs/detect/predict-3/healthy_1187.jpg,archive/development/runs/detect/predict-3/healthy_1187.jpg,217834,1febce4695e34fbac8bff9e8047359a17b8d641dbf305280549deae4202068b7
runs/detect/predict-3/healthy_1188.jpg,archive/development/runs/detect/predict-3/healthy_1188.jpg,284733,a5c3b4998336da462cecc8a089af28b324cb7462941ac90d383518ba5d20fdd9
runs/detect/predict-3/healthy_1195.jpg,archive/development/runs/detect/predict-3/healthy_1195.jpg,259175,0ef9dc47b73680616ef5a3245373a33111840fb0f379bd15eea20a0668f890e0
runs/detect/predict-3/healthy_1206.jpg,archive/development/runs/detect/predict-3/healthy_1206.jpg,266872,3da7eeb481063a7f3048941053d28a81508f7064569e5916635a79561b2260a8
runs/detect/predict-3/healthy_1209.jpg,archive/development/runs/detect/predict-3/healthy_1209.jpg,230023,aa15043685224039f088d1b5ab5a20b77ae15458060b50c6cdf3f8836d5b9d1b
runs/detect/predict-3/healthy_1214.jpg,archive/development/runs/detect/predict-3/healthy_1214.jpg,244575,53e9108fdb97999caa0b708445c074a16a7b117beb3463e7209504464d526ddd
runs/detect/predict-3/healthy_1220.jpg,archive/development/runs/detect/predict-3/healthy_1220.jpg,255293,dc4f82574c9f56a80e0561cb741241b68358b76032acb82d5e4c1bdcb2930cae
runs/detect/predict-3/healthy_1221.jpg,archive/development/runs/detect/predict-3/healthy_1221.jpg,255293,dc4f82574c9f56a80e0561cb741241b68358b76032acb82d5e4c1bdcb2930cae
runs/detect/predict-3/healthy_1228.jpg,archive/development/runs/detect/predict-3/healthy_1228.jpg,269808,a5f9aac7a700515f07d3d1a35a156aafc306b481d7642471782e529450932fac
runs/detect/predict-3/healthy_1230.jpg,archive/development/runs/detect/predict-3/healthy_1230.jpg,321130,7261a8bfe49f62be3f4b3284532689fecadb1bc8a5607d45313d87270c7b6be8
runs/detect/predict-3/healthy_1242.jpg,archive/development/runs/detect/predict-3/healthy_1242.jpg,213911,1d73b257dced79fe7098e3629c87e19f0d0680ab3875d6170344ad264cb3be09
runs/detect/predict-3/healthy_1250.jpg,archive/development/runs/detect/predict-3/healthy_1250.jpg,299945,5a34c6cb32a06c2785a0606a701a0b8a92f16375bbdf45bddbdfd625c6352b8c
runs/detect/predict-3/healthy_1252.jpg,archive/development/runs/detect/predict-3/healthy_1252.jpg,202749,dbc59d4f7d4dcb1215098249ea12949f2b7049dcacac22be927d0b6f9481f9f4
runs/detect/predict-3/healthy_1255.jpg,archive/development/runs/detect/predict-3/healthy_1255.jpg,196469,cad7c4018f5e9a5889206754777cab5100cd12f91efc5971dbb2c3fc25971d11
runs/detect/predict-3/healthy_1260.jpg,archive/development/runs/detect/predict-3/healthy_1260.jpg,301697,e0ddd1ba5c729324757f7fef3762d0fde46707e2b83166c67e72f75587537eae
runs/detect/predict-3/healthy_1261.jpg,archive/development/runs/detect/predict-3/healthy_1261.jpg,337419,03aaa12d758c62dd248629c9eca059db6c3bf46c69139ba47170fc553d2d187a
runs/detect/predict-3/healthy_1263.jpg,archive/development/runs/detect/predict-3/healthy_1263.jpg,261366,6fc3a80b5a9269fb16986c113bc5cad6af181b2d8984690f3ebfa279ebbea99b
runs/detect/predict-3/healthy_1269.jpg,archive/development/runs/detect/predict-3/healthy_1269.jpg,246272,608bc9dda22adffbf8d0d2ae44c30d29ee08f6995460303fff822300e505b43d
runs/detect/predict-3/healthy_1275.jpg,archive/development/runs/detect/predict-3/healthy_1275.jpg,265137,716dcea7ea78c0d3731ac0085ef4304149c526303418a88bd83fb53350c7737a
runs/detect/predict-3/healthy_1278.jpg,archive/development/runs/detect/predict-3/healthy_1278.jpg,230324,eee741649275f9f4c610a1d7ea69973174b4ae3f45cbf700b1413cda1e5b2308
runs/detect/predict-3/healthy_1279.jpg,archive/development/runs/detect/predict-3/healthy_1279.jpg,285292,c4f76e597a594a9e561f2786025ef9942a268e7e560aedce7bc87316893e6b68
runs/detect/predict-3/healthy_1289.jpg,archive/development/runs/detect/predict-3/healthy_1289.jpg,284626,ee92addb26881ed294d0e3b4546b367dd32a690e537fb9a12c5bcae96510e5a2
runs/detect/predict-3/healthy_1290.jpg,archive/development/runs/detect/predict-3/healthy_1290.jpg,275617,777b8164c0a5814f76bb2fe6fae35ebcd527a9b75cc411afadeeaf2b8d1741cf
runs/detect/predict-3/healthy_1293.jpg,archive/development/runs/detect/predict-3/healthy_1293.jpg,359514,42d732b9dcc548c6e697b3e5d0a8ed1491a25d4402f94b00ae0a47d22fbdd602
runs/detect/predict-3/healthy_1301.jpg,archive/development/runs/detect/predict-3/healthy_1301.jpg,237633,42ac379e5e110aa196390c3ae0a44819b3c80f9a1f64c80db5f4e60610d79282
runs/detect/predict-3/healthy_1302.jpg,archive/development/runs/detect/predict-3/healthy_1302.jpg,259294,1ec983d17a8f42d651df2e0c90f2544b7588120efff43cdd6ab08dd4a4316e61
runs/detect/predict-3/healthy_1304.jpg,archive/development/runs/detect/predict-3/healthy_1304.jpg,240312,0fb3100644f0044bd6ffb5151a860c88d9f054b9ac35b611074055aceee5fabe
runs/detect/predict-3/healthy_1308.jpg,archive/development/runs/detect/predict-3/healthy_1308.jpg,235028,adccd9db79d6dbbb1a984174f356fb5f26f84eb637d265999228552e8e296b91
runs/detect/predict-3/healthy_1309.jpg,archive/development/runs/detect/predict-3/healthy_1309.jpg,246061,91c9bb3fe278a3d5c16e8dee96771bb6bc1b0a2a4db5aaa61304a4c7d7587a01
runs/detect/predict-3/healthy_1317.jpg,archive/development/runs/detect/predict-3/healthy_1317.jpg,291406,3873949310fc103c4b55466e4589b7462e6f939f0a164cb485f0c5535150189e
runs/detect/predict-3/healthy_1318.jpg,archive/development/runs/detect/predict-3/healthy_1318.jpg,291406,3873949310fc103c4b55466e4589b7462e6f939f0a164cb485f0c5535150189e
runs/detect/predict-3/healthy_1323.jpg,archive/development/runs/detect/predict-3/healthy_1323.jpg,309157,e47da1e29e9209513a1e4b703bfb0ff84f824eb18987c16bd7df5c2b8874412b
runs/detect/predict-3/healthy_1326.jpg,archive/development/runs/detect/predict-3/healthy_1326.jpg,249522,b0f20209944bbf70e7379d02e6c941ef1e601985ab79ccc7f49d53a5c1989a78
runs/detect/predict-3/healthy_1328.jpg,archive/development/runs/detect/predict-3/healthy_1328.jpg,247517,437561440cfcf0133dac211ec6cce8421a8f0edf277be94b5c3e940dcb40d2e0
runs/detect/predict-3/healthy_1332.jpg,archive/development/runs/detect/predict-3/healthy_1332.jpg,240932,bd0d478bc9719198ca82202cad25402a50fccae0ba9a28beb835671004953120
runs/detect/predict-3/healthy_1337.jpg,archive/development/runs/detect/predict-3/healthy_1337.jpg,236157,b7291211a43601e0a100f299a2f753789acafdb8c70ecdb27c67f683ebc8f872
runs/detect/predict-3/healthy_1343.jpg,archive/development/runs/detect/predict-3/healthy_1343.jpg,196365,5bde61963cbb5de219a786170b6589f52be32cf53bc6ffcec79a3d17bb1f00c0
runs/detect/predict-3/healthy_1355.jpg,archive/development/runs/detect/predict-3/healthy_1355.jpg,266245,2075a5ae7b20f5a2b31c3384b44990351f27d9ddd4b0070491af98db6de6399f
runs/detect/predict-3/healthy_1358.jpg,archive/development/runs/detect/predict-3/healthy_1358.jpg,221744,c3053dccbeed6a48eeb25c8a5288b2c7141763c2030ca3db3e930aa0c8915b4b
runs/detect/predict-4/unhealthy_0743.jpg,archive/development/runs/detect/predict-4/unhealthy_0743.jpg,319178,85637e2e915904cfcdfe47257df5ab38acce67666313c2a7a3c44d3b3b5be801
runs/detect/val/BoxF1_curve.png,archive/development/runs/detect/val/BoxF1_curve.png,140952,3d6b1089fd9ecb111f833ac513b0563a3287a134a8679e01d1607425d05ef5a5
runs/detect/val/BoxPR_curve.png,archive/development/runs/detect/val/BoxPR_curve.png,83897,d1ea3c4acf26bae6fa458c7b1e2c4033dfa6e13b1fb8528cdbb435d33da95b04
runs/detect/val/BoxP_curve.png,archive/development/runs/detect/val/BoxP_curve.png,113519,a04975a049b65006631970d1ec9e54d4bee745b6a67e460cc27bbd7f93048c0b
runs/detect/val/BoxR_curve.png,archive/development/runs/detect/val/BoxR_curve.png,124733,f49a12764fb08bf3633d19b8f3dd027ab21e5e7368139bc58022e6f2caafef5d
runs/detect/val/confusion_matrix.png,archive/development/runs/detect/val/confusion_matrix.png,101067,90fe760390b2b6a5bf0126236a075fd1df2e8e54d159bf210b5a6313ed5746f4
runs/detect/val/confusion_matrix_normalized.png,archive/development/runs/detect/val/confusion_matrix_normalized.png,104201,632d15da2f8796d777bce2bc89cfe851ac4450c0080cc259427fd636991a0e83
runs/detect/val/val_batch0_labels.jpg,archive/development/runs/detect/val/val_batch0_labels.jpg,477283,8ff75436ce2de624c4c214d7f4540090bf68dde36831e25c94a8704ba3ed2d30
runs/detect/val/val_batch0_pred.jpg,archive/development/runs/detect/val/val_batch0_pred.jpg,501360,a8299201f0c416dae520e11e3ca683b0a1586841b9389fdff382eb1072c47a35
runs/detect/val/val_batch1_labels.jpg,archive/development/runs/detect/val/val_batch1_labels.jpg,637625,eae172da2e71bdda5ef66f19883151d96b67a751eae5310d6810a43663d8de18
runs/detect/val/val_batch1_pred.jpg,archive/development/runs/detect/val/val_batch1_pred.jpg,642880,ac5af6f5ddc08b13a2ff3b1a41663338652138ca6f51d9583f1d8fc56d73f68c
runs/detect/val/val_batch2_labels.jpg,archive/development/runs/detect/val/val_batch2_labels.jpg,829391,7a0412e42ee46b4aa2f2761f05c8af428338e5b96c8225d6b75df5b8180901d4
runs/detect/val/val_batch2_pred.jpg,archive/development/runs/detect/val/val_batch2_pred.jpg,830120,32998e347b28adbc22db8a8e940b0dcb9101d667b21f491174b44ccd93ba349a
runs/detect/val-2/BoxF1_curve.png,archive/development/runs/detect/val-2/BoxF1_curve.png,146240,cece9a68a505cc134157db2d75556e78192fd9504e669663d5610a5cb6128c62
runs/detect/val-2/BoxPR_curve.png,archive/development/runs/detect/val-2/BoxPR_curve.png,95652,8c613e1ff3e47d065cc0688435505ba3a5bb19cd46c9279cac210c72386149c8
runs/detect/val-2/BoxP_curve.png,archive/development/runs/detect/val-2/BoxP_curve.png,132474,df0a156ebc555d5ca4c2ef2657e2f7157fc904b95a7d807ebe6f5ddae65c767e
runs/detect/val-2/BoxR_curve.png,archive/development/runs/detect/val-2/BoxR_curve.png,134698,fc6e19162e2c8dd99d86cda6636330eefc74b8a0e5365021988b6b7406c68f0b
runs/detect/val-2/confusion_matrix.png,archive/development/runs/detect/val-2/confusion_matrix.png,101301,9f6553a6a6d7dd353250b95aade9040047121b455f341811aae68c1b43378975
runs/detect/val-2/confusion_matrix_normalized.png,archive/development/runs/detect/val-2/confusion_matrix_normalized.png,116922,3650f1c8e311075b543d9d45d5869dc50699b45b92f17bf73d02ccde3434ec77
runs/detect/val-2/val_batch0_labels.jpg,archive/development/runs/detect/val-2/val_batch0_labels.jpg,667131,131191ed6639e9cec7258fbdf29c74b040df88c0103e8ece91e12b8d060f0bf3
runs/detect/val-2/val_batch0_pred.jpg,archive/development/runs/detect/val-2/val_batch0_pred.jpg,674407,930f9b1c1f896693444149e9f1bfd63aa7df137e9859de455fc58a2e95ccf4a7
runs/detect/val-2/val_batch1_labels.jpg,archive/development/runs/detect/val-2/val_batch1_labels.jpg,865797,75d930d52a7a8a5c470f3210de48e8b1903b0af03dcec2d64a7fdd9f0d05202b
runs/detect/val-2/val_batch1_pred.jpg,archive/development/runs/detect/val-2/val_batch1_pred.jpg,866919,0673c106a91734baf070e8d7e799f1f39c464564ec94f72de825003681ee8b03
runs/detect/val-2/val_batch2_labels.jpg,archive/development/runs/detect/val-2/val_batch2_labels.jpg,712562,83497482749f05f5f9fd2c900a383b6e96a6e5ec4ba74a64343e503ba9b80688
runs/detect/val-2/val_batch2_pred.jpg,archive/development/runs/detect/val-2/val_batch2_pred.jpg,727398,81e24d4ccbbe610f8baa67d82bfb3534374fcf9d066b7a162a1836118b3571b4
runs/detect/val-3/BoxF1_curve.png,archive/development/runs/detect/val-3/BoxF1_curve.png,146240,cece9a68a505cc134157db2d75556e78192fd9504e669663d5610a5cb6128c62
runs/detect/val-3/BoxPR_curve.png,archive/development/runs/detect/val-3/BoxPR_curve.png,95652,8c613e1ff3e47d065cc0688435505ba3a5bb19cd46c9279cac210c72386149c8
runs/detect/val-3/BoxP_curve.png,archive/development/runs/detect/val-3/BoxP_curve.png,132474,df0a156ebc555d5ca4c2ef2657e2f7157fc904b95a7d807ebe6f5ddae65c767e
runs/detect/val-3/BoxR_curve.png,archive/development/runs/detect/val-3/BoxR_curve.png,134698,fc6e19162e2c8dd99d86cda6636330eefc74b8a0e5365021988b6b7406c68f0b
runs/detect/val-3/confusion_matrix.png,archive/development/runs/detect/val-3/confusion_matrix.png,101301,9f6553a6a6d7dd353250b95aade9040047121b455f341811aae68c1b43378975
runs/detect/val-3/confusion_matrix_normalized.png,archive/development/runs/detect/val-3/confusion_matrix_normalized.png,116922,3650f1c8e311075b543d9d45d5869dc50699b45b92f17bf73d02ccde3434ec77
runs/detect/val-3/val_batch0_labels.jpg,archive/development/runs/detect/val-3/val_batch0_labels.jpg,667131,131191ed6639e9cec7258fbdf29c74b040df88c0103e8ece91e12b8d060f0bf3
runs/detect/val-3/val_batch0_pred.jpg,archive/development/runs/detect/val-3/val_batch0_pred.jpg,674407,930f9b1c1f896693444149e9f1bfd63aa7df137e9859de455fc58a2e95ccf4a7
runs/detect/val-3/val_batch1_labels.jpg,archive/development/runs/detect/val-3/val_batch1_labels.jpg,865797,75d930d52a7a8a5c470f3210de48e8b1903b0af03dcec2d64a7fdd9f0d05202b
runs/detect/val-3/val_batch1_pred.jpg,archive/development/runs/detect/val-3/val_batch1_pred.jpg,866919,0673c106a91734baf070e8d7e799f1f39c464564ec94f72de825003681ee8b03
runs/detect/val-3/val_batch2_labels.jpg,archive/development/runs/detect/val-3/val_batch2_labels.jpg,712562,83497482749f05f5f9fd2c900a383b6e96a6e5ec4ba74a64343e503ba9b80688
runs/detect/val-3/val_batch2_pred.jpg,archive/development/runs/detect/val-3/val_batch2_pred.jpg,727398,81e24d4ccbbe610f8baa67d82bfb3534374fcf9d066b7a162a1836118b3571b4
runs/detect/val-4/BoxF1_curve.png,archive/development/runs/detect/val-4/BoxF1_curve.png,146240,cece9a68a505cc134157db2d75556e78192fd9504e669663d5610a5cb6128c62
runs/detect/val-4/BoxPR_curve.png,archive/development/runs/detect/val-4/BoxPR_curve.png,95652,8c613e1ff3e47d065cc0688435505ba3a5bb19cd46c9279cac210c72386149c8
runs/detect/val-4/BoxP_curve.png,archive/development/runs/detect/val-4/BoxP_curve.png,132474,df0a156ebc555d5ca4c2ef2657e2f7157fc904b95a7d807ebe6f5ddae65c767e
runs/detect/val-4/BoxR_curve.png,archive/development/runs/detect/val-4/BoxR_curve.png,134698,fc6e19162e2c8dd99d86cda6636330eefc74b8a0e5365021988b6b7406c68f0b
runs/detect/val-4/confusion_matrix.png,archive/development/runs/detect/val-4/confusion_matrix.png,101301,9f6553a6a6d7dd353250b95aade9040047121b455f341811aae68c1b43378975
runs/detect/val-4/confusion_matrix_normalized.png,archive/development/runs/detect/val-4/confusion_matrix_normalized.png,116922,3650f1c8e311075b543d9d45d5869dc50699b45b92f17bf73d02ccde3434ec77
runs/detect/val-4/val_batch0_labels.jpg,archive/development/runs/detect/val-4/val_batch0_labels.jpg,667131,131191ed6639e9cec7258fbdf29c74b040df88c0103e8ece91e12b8d060f0bf3
runs/detect/val-4/val_batch0_pred.jpg,archive/development/runs/detect/val-4/val_batch0_pred.jpg,674407,930f9b1c1f896693444149e9f1bfd63aa7df137e9859de455fc58a2e95ccf4a7
runs/detect/val-4/val_batch1_labels.jpg,archive/development/runs/detect/val-4/val_batch1_labels.jpg,865797,75d930d52a7a8a5c470f3210de48e8b1903b0af03dcec2d64a7fdd9f0d05202b
runs/detect/val-4/val_batch1_pred.jpg,archive/development/runs/detect/val-4/val_batch1_pred.jpg,866919,0673c106a91734baf070e8d7e799f1f39c464564ec94f72de825003681ee8b03
runs/detect/val-4/val_batch2_labels.jpg,archive/development/runs/detect/val-4/val_batch2_labels.jpg,712562,83497482749f05f5f9fd2c900a383b6e96a6e5ec4ba74a64343e503ba9b80688
runs/detect/val-4/val_batch2_pred.jpg,archive/development/runs/detect/val-4/val_batch2_pred.jpg,727398,81e24d4ccbbe610f8baa67d82bfb3534374fcf9d066b7a162a1836118b3571b4
runs/detect/val-5/BoxF1_curve.png,archive/development/runs/detect/val-5/BoxF1_curve.png,145968,cb343d42730092628b811793bc6f03ad68cc968dd8875def5d795198e1296592
runs/detect/val-5/BoxPR_curve.png,archive/development/runs/detect/val-5/BoxPR_curve.png,119127,62e015befda681cf3f00ee36bb4ae5c0d7e3b01d84574a8451237c49120bc90b
runs/detect/val-5/BoxP_curve.png,archive/development/runs/detect/val-5/BoxP_curve.png,158876,a53bda5527e3ca4a48be1b9ada3455a34f9f6ed8297bad5d0b2c2aacbb0a5a62
runs/detect/val-5/BoxR_curve.png,archive/development/runs/detect/val-5/BoxR_curve.png,139204,afb0763c8b6a7a3d4befac5908b24b3587bd542e01b19b257ca7398b3d03a745
runs/detect/val-5/confusion_matrix.png,archive/development/runs/detect/val-5/confusion_matrix.png,109116,144a46ef8edcddd9e01b3d2072d538de041479a1bc293beac4b7f78c5106d934
runs/detect/val-5/confusion_matrix_normalized.png,archive/development/runs/detect/val-5/confusion_matrix_normalized.png,121499,a89b909cefcb5bc66bfe00fad23d8c62b2a0ce660803922b0118c2fe425fe960
runs/detect/val-5/val_batch0_labels.jpg,archive/development/runs/detect/val-5/val_batch0_labels.jpg,607886,db6ead4919473a5c0aa8a5eb1e3da3605d11c77154f041dcf382b4c5130651c9
runs/detect/val-5/val_batch0_pred.jpg,archive/development/runs/detect/val-5/val_batch0_pred.jpg,619390,8c6031ce15f35bc4073163b338f5311e16fb3bae123bc4d4c52eac58c99bc3f1
runs/detect/val-5/val_batch1_labels.jpg,archive/development/runs/detect/val-5/val_batch1_labels.jpg,578082,b4df3953ae6e64e933de8475b1181ad6b4fac147829c41f210787ee2ff09e2c4
runs/detect/val-5/val_batch1_pred.jpg,archive/development/runs/detect/val-5/val_batch1_pred.jpg,588523,fee7b1ba208b8e8cae97ab7c481ca4c8cb862d76307dad76a933316b7e2d1cc6
runs/detect/val-5/val_batch2_labels.jpg,archive/development/runs/detect/val-5/val_batch2_labels.jpg,570898,a059e9efc20f7dbe7a416f42e66dbbb4ad55d2122e40cac5fb9af9ee44d0f2bc
runs/detect/val-5/val_batch2_pred.jpg,archive/development/runs/detect/val-5/val_batch2_pred.jpg,614072,f2911c70a7ad89d91595a3bd835e54e319ccf20f5fdcb8b01085d24bd6bbd4ca
runs/detect/val-6/val_batch0_labels.jpg,archive/development/runs/detect/val-6/val_batch0_labels.jpg,607886,db6ead4919473a5c0aa8a5eb1e3da3605d11c77154f041dcf382b4c5130651c9
runs/detect/val-6/val_batch0_pred.jpg,archive/development/runs/detect/val-6/val_batch0_pred.jpg,619390,8c6031ce15f35bc4073163b338f5311e16fb3bae123bc4d4c52eac58c99bc3f1
runs/detect/val-6/val_batch1_labels.jpg,archive/development/runs/detect/val-6/val_batch1_labels.jpg,578052,c53b8e8c53cefc5ecc2c467b12cae56096ae00f4fc864e59ffe3a2dafbe137a0
runs/detect/val-6/val_batch1_pred.jpg,archive/development/runs/detect/val-6/val_batch1_pred.jpg,588481,f2e0692ee919699d8080f194c80feee3b4833d9054377faeb595437a79575b0c
runs/detect/val-6/val_batch2_labels.jpg,archive/development/runs/detect/val-6/val_batch2_labels.jpg,554236,ddb074269fe5ff48be2b5b514f970554ff82acb472e15d330f234a1c8bbb5c71
runs/detect/val-6/val_batch2_pred.jpg,archive/development/runs/detect/val-6/val_batch2_pred.jpg,593733,013d7a206c0620ff72909f827eba278c8ac3c7dee1682e54b86d77c593229da5
runs/detect/val-7/BoxF1_curve.png,archive/development/runs/detect/val-7/BoxF1_curve.png,139392,c328d8ffcf9a818d99180bcc9c4ee797e889283a3503541c7819fd7a08bdbcd3
runs/detect/val-7/BoxPR_curve.png,archive/development/runs/detect/val-7/BoxPR_curve.png,148863,a44260d18752231204fe3a2767ad03eb083b84683b52a90dc370db4c8585ae00
runs/detect/val-7/BoxP_curve.png,archive/development/runs/detect/val-7/BoxP_curve.png,141050,3372ad05ab6f37fc85c8cb11de722db8c567bbb41eb67a59f19767fd0f11e704
runs/detect/val-7/BoxR_curve.png,archive/development/runs/detect/val-7/BoxR_curve.png,145274,1734956b2a69e67c48af1b2e5afa02ca5feca8fd487ab45ad5033a9fb57bb55a
runs/detect/val-7/confusion_matrix.png,archive/development/runs/detect/val-7/confusion_matrix.png,113427,2e2a6f0b976174b63ae8028b0d7db379ff742b55375a87cbeb6326a778134565
runs/detect/val-7/confusion_matrix_normalized.png,archive/development/runs/detect/val-7/confusion_matrix_normalized.png,123391,2976e3986146eea1254d2b2c825ce9adce2c9061f41cfe2220b34b67b63f7ed5
runs/detect/val-7/val_batch0_labels.jpg,archive/development/runs/detect/val-7/val_batch0_labels.jpg,492833,1a1485831857f68f3393cf763b98ad5bf167c54bf945630705bdd2d544993567
runs/detect/val-7/val_batch0_pred.jpg,archive/development/runs/detect/val-7/val_batch0_pred.jpg,502581,9904ecee7c09c58d6fdc6968afee773c7de46f1c98777f24cde99b2082c761f6
runs/detect/val-7/val_batch1_labels.jpg,archive/development/runs/detect/val-7/val_batch1_labels.jpg,690820,0c474cefb1c0b965de1efe849d64ae0e45e0d808e45db3fb74214ed57caef4ed
runs/detect/val-7/val_batch1_pred.jpg,archive/development/runs/detect/val-7/val_batch1_pred.jpg,700119,ac2fe13c744ae7c5934cca7d5998f310c8e7bbd9b6a3fc55aea8234f2c969a4b
runs/detect/val-7/val_batch2_labels.jpg,archive/development/runs/detect/val-7/val_batch2_labels.jpg,527646,9ec3a6d7f3d51c1e97f59f1fa31710245c5375e121dce42f88c6625d539fa3c5
runs/detect/val-7/val_batch2_pred.jpg,archive/development/runs/detect/val-7/val_batch2_pred.jpg,546561,d58ce0a4fb5f83c62bce904c03608205d3ad439837ad37ac5d9c0ade5bd8d0c7
resized_images/healthy/healthy_0001.jpg,archive/development/resized_images/healthy/healthy_0001.jpg,337468,6c8f3a0b70bf15618629fa591e15f2bf306483a8f8f63e2ca2bd020fdbc9b35a
resized_images/healthy/healthy_0002.jpg,archive/development/resized_images/healthy/healthy_0002.jpg,320912,6a546216c5845b68d23e3a46b4333a6864e759e89798bb6f29ebc503470e6f47
resized_images/healthy/healthy_0003.jpg,archive/development/resized_images/healthy/healthy_0003.jpg,320788,0ebeae81c234db3aff34433360cc7a515a84b4a590730202bf1ff6a1e67a4cf6
resized_images/healthy/healthy_0004.jpg,archive/development/resized_images/healthy/healthy_0004.jpg,354823,6348e88e88ad007357a98353f560204a1602fc3e10274c19538ac0928e9cecb7
resized_images/healthy/healthy_0005.jpg,archive/development/resized_images/healthy/healthy_0005.jpg,357938,04d27b30ba1f9bd3bc1a1f53fabf6aa905d9a1389f00973ee884fd5e19c5028f
resized_images/healthy/healthy_0006.jpg,archive/development/resized_images/healthy/healthy_0006.jpg,359846,61a2de8be8876258a8ba9ae8272461e58f4ebd3da31a7df9d6a47aef832888eb
resized_images/healthy/healthy_0007.jpg,archive/development/resized_images/healthy/healthy_0007.jpg,420914,9e110840222a9af08f19580ce82dd001fcece7d329f4311d5fe293b67690d448
resized_images/healthy/healthy_0008.jpg,archive/development/resized_images/healthy/healthy_0008.jpg,278409,1140dbea7dc35681ece9252b357f58986cceb01c8bf615acd1a05bcc9d96a706
resized_images/healthy/healthy_0009.jpg,archive/development/resized_images/healthy/healthy_0009.jpg,279680,c4870f2065d36eb6e5e1a800caaa6391cfa4c7990a36f40baebb4f6965fb59c7
resized_images/healthy/healthy_0010.jpg,archive/development/resized_images/healthy/healthy_0010.jpg,263104,17ddc864560437964fcb8c32a1c86be2c864037015f3a76c2c11b994ac01c804
resized_images/healthy/healthy_0011.jpg,archive/development/resized_images/healthy/healthy_0011.jpg,245390,15117fd8d9586adba4ba702b51771f37e33919837e82b6581a4ca52276032713
resized_images/healthy/healthy_0012.jpg,archive/development/resized_images/healthy/healthy_0012.jpg,232793,933fe7f3ec6d4e1cabc4518ed8ec0f9acc954515c2717611acc0c04f447e8e4f
resized_images/healthy/healthy_0013.jpg,archive/development/resized_images/healthy/healthy_0013.jpg,281479,8be9322df9b90c25a694dc54564f7bceb70939c3f6c02eea7306446d172bb661
resized_images/healthy/healthy_0014.jpg,archive/development/resized_images/healthy/healthy_0014.jpg,291249,66ea81c286a3ca497092b0be053023616d2cce379ef1cbc0836e8b9f32a62665
resized_images/healthy/healthy_0015.jpg,archive/development/resized_images/healthy/healthy_0015.jpg,277476,5dc7f649d302f4aea77f0d3703874068523019ac0b81fa6f4bd11cebec344c1b
resized_images/healthy/healthy_0016.jpg,archive/development/resized_images/healthy/healthy_0016.jpg,259001,64a0ddf621f564c24e1924dcbb0d574e176ee5dfdc7f8038adfa32af505d7aaf
resized_images/healthy/healthy_0017.jpg,archive/development/resized_images/healthy/healthy_0017.jpg,305673,bd82796b5a45d7e3e6a2a78bcb0eeaa27a514e320a5ac815347bc32d4e20a236
resized_images/healthy/healthy_0018.jpg,archive/development/resized_images/healthy/healthy_0018.jpg,315537,0e0093407df920c8e60d3e1397725a80607dfb78b63598c29e201684542d2a15
resized_images/healthy/healthy_0019.jpg,archive/development/resized_images/healthy/healthy_0019.jpg,336231,817e82540024ef5bdf437e4b0db2b867db204e06cc3570da619d7c2712fcfb15
resized_images/healthy/healthy_0020.jpg,archive/development/resized_images/healthy/healthy_0020.jpg,322467,7a7495db43c86c85a791ca48db86340c99b7369da5809d1393c45c7854bd3cb0
resized_images/healthy/healthy_0021.jpg,archive/development/resized_images/healthy/healthy_0021.jpg,268646,1cbaf7a6872bb1cc8ea4e765ed7464e98ad9cc4acbf2f24f893846f5a4632231
resized_images/healthy/healthy_0022.jpg,archive/development/resized_images/healthy/healthy_0022.jpg,340815,c57235c33d1624f2b09285cd3d7c8e0830e74aa5f17e9300ff9aeb0a4607eccb
resized_images/healthy/healthy_0023.jpg,archive/development/resized_images/healthy/healthy_0023.jpg,300496,5d3cb4d2cd3e4e0ffcaa5cca15e60938d7013f8fd072f32a820c3d829371c82b
resized_images/healthy/healthy_0024.jpg,archive/development/resized_images/healthy/healthy_0024.jpg,275240,cca089a919151e115beea63ebf1b78f53fc97c112749859cb36279fcd8f40bc6
resized_images/healthy/healthy_0025.jpg,archive/development/resized_images/healthy/healthy_0025.jpg,238822,bd0927ba6eca89d21dcc288d295e6d356c2345fc50243c11a872bf8d335ce295
resized_images/healthy/healthy_0026.jpg,archive/development/resized_images/healthy/healthy_0026.jpg,287035,0783962be345d7369bfbcbd57be77ee837d6a45d1c68e352014bae727e70ecd9
resized_images/healthy/healthy_0027.jpg,archive/development/resized_images/healthy/healthy_0027.jpg,375626,a5b47ecd39b233c1e86abb4275a980fc55056fab37c5b6ffc2b209d9f5c6304c
resized_images/healthy/healthy_0033.jpg,archive/development/resized_images/healthy/healthy_0033.jpg,304506,46ad233cdb1438b26df651e94de2981e1195d558b5cd152f2fd18aab2484ccf2
resized_images/healthy/healthy_0034.jpg,archive/development/resized_images/healthy/healthy_0034.jpg,249323,9ad22b09e8e33232a39cde63d5f4e1ea54023bb9ee292056c99f18bf6f81e841
resized_images/healthy/healthy_0035.jpg,archive/development/resized_images/healthy/healthy_0035.jpg,291860,7b5220f9d87ea6ef89891cfefa7f3b70e8ecfdb62c3ec71b2540bb6afdf69767
resized_images/healthy/healthy_0036.jpg,archive/development/resized_images/healthy/healthy_0036.jpg,249330,630d1f53cd78b882c1a09a32ba97d3d6db007758eef759c075cdac8843ce8194
resized_images/healthy/healthy_0037.jpg,archive/development/resized_images/healthy/healthy_0037.jpg,255872,dd8bc24b8c49a89ec36108989f81970274b83a9aaaaa3dee29a596605ecde79c
resized_images/healthy/healthy_0038.jpg,archive/development/resized_images/healthy/healthy_0038.jpg,273117,32a530e941ebd8a1aed80a76e4b16cc5ca576015e737caabe6c8791a1d970235
resized_images/healthy/healthy_0039.jpg,archive/development/resized_images/healthy/healthy_0039.jpg,282028,3641116b5b39d32d5fca53ec4a34082804f108fe8a8b65482dfa454b5a3d0220
resized_images/healthy/healthy_0042.jpg,archive/development/resized_images/healthy/healthy_0042.jpg,219562,d07f735ff6b31389b1133e4f074e767c6d65ea824d35a947ecdd26f52d2c5329
resized_images/healthy/healthy_0043.jpg,archive/development/resized_images/healthy/healthy_0043.jpg,218517,b674bca22ccc5751b634e0e0e9be9ce10a8290c717781d46207c40fad261621d
resized_images/healthy/healthy_0044.jpg,archive/development/resized_images/healthy/healthy_0044.jpg,267603,bb944c2bd965ee4357071a7e4a8bc38621ac9281f07eb48f3d4cadaa5eeb81ff
resized_images/healthy/healthy_0045.jpg,archive/development/resized_images/healthy/healthy_0045.jpg,238897,3e442818ae206065740fa922852f7fbe04a47b0f96d7a58da8b0ed4a4bc83692
resized_images/healthy/healthy_0046.jpg,archive/development/resized_images/healthy/healthy_0046.jpg,258619,e78c077122bd1566112a328eda075a90582365d5001e02e38ff1d2ccd1000937
resized_images/healthy/healthy_0047.jpg,archive/development/resized_images/healthy/healthy_0047.jpg,271573,75a752be3c10733e0fdb52f8c8f1b0b1ea3598285d95cf031c0c11f8a6e1e175
resized_images/healthy/healthy_0048.jpg,archive/development/resized_images/healthy/healthy_0048.jpg,279990,7eedc3c2e0a252da61fb83fae4ba1328730de790be55adb19c45b7c4b63f5827
resized_images/healthy/healthy_0049.jpg,archive/development/resized_images/healthy/healthy_0049.jpg,278920,29b72686ce86efa8a0e4e644f394accb034747c4c0415c0439cfbdb5f82314c3
resized_images/healthy/healthy_0050.jpg,archive/development/resized_images/healthy/healthy_0050.jpg,236870,f45a43a927a5c5cf4a1dc415715e208823b194e5f034efd6d16ec07983b05f4c
resized_images/healthy/healthy_0051.jpg,archive/development/resized_images/healthy/healthy_0051.jpg,262485,aa1800a4575717cb6a911b29943d29390c8db2f5eac861455ba67229263dde55
resized_images/healthy/healthy_0052.jpg,archive/development/resized_images/healthy/healthy_0052.jpg,274862,bd75b3af98c4ef90ab70bc7dc8eddface4bbe270f4372742165abe811fe7d295
resized_images/healthy/healthy_0053.jpg,archive/development/resized_images/healthy/healthy_0053.jpg,253457,7d558def482df14b2053399255fe4cc6a911533fb49b221960ace50e7befd16f
resized_images/healthy/healthy_0054.jpg,archive/development/resized_images/healthy/healthy_0054.jpg,238824,382808ed675bd820df5148a03a7a07008da5f73e5903a2ef531f2fac008941e5
resized_images/healthy/healthy_0055.jpg,archive/development/resized_images/healthy/healthy_0055.jpg,233930,dc28101c5a15249d3a3eccaaf206bf89c7eb39a1b5038d1ccadfcc2b1cf03336
resized_images/healthy/healthy_0056.jpg,archive/development/resized_images/healthy/healthy_0056.jpg,222931,5d240168abd45aa24a56d073186feacd94d1b2ae7360091561439fa008347c8e
resized_images/healthy/healthy_0057.jpg,archive/development/resized_images/healthy/healthy_0057.jpg,224316,220947ef6e9f42e5e76002d919711d6bc241cf4006a2ef27d7a002e99c035fcd
resized_images/healthy/healthy_0058.jpg,archive/development/resized_images/healthy/healthy_0058.jpg,259453,65069d8e05dd54ea4a53aadc286aa3682ac7108442af7e5dbd072ae1bb4af286
resized_images/healthy/healthy_0059.jpg,archive/development/resized_images/healthy/healthy_0059.jpg,257142,c7f9668cb2a33216c8398f60bd43fad57a9e2e7132eca8dbf01133c7dd179983
resized_images/healthy/healthy_0063.jpg,archive/development/resized_images/healthy/healthy_0063.jpg,273554,c5521b2e89ae42842cc19b2edf788dae70fe4addc18cdcb75ce30aa72a4d4df2
resized_images/healthy/healthy_0064.jpg,archive/development/resized_images/healthy/healthy_0064.jpg,532712,6e5ed4131de5c9a504c6135cf4d10ee48fec7f0a7a4da80f31de7e76033cb485
resized_images/healthy/healthy_0065.jpg,archive/development/resized_images/healthy/healthy_0065.jpg,656275,a49afda39321c02add4809964b83f7ba9c8ecf00b0312681a795dc6d2dea53c6
resized_images/healthy/healthy_0066.jpg,archive/development/resized_images/healthy/healthy_0066.jpg,536118,204336d180dcb06a5dba390f561b47886817d4c553e68a36c80532ff16d9f2dc
resized_images/healthy/healthy_0067.jpg,archive/development/resized_images/healthy/healthy_0067.jpg,397467,31752e96882d091c2dc2eafb5b16864e45a9e236f810e97a77e8350dd61d81ec
resized_images/healthy/healthy_0068.jpg,archive/development/resized_images/healthy/healthy_0068.jpg,383976,149fc6ce7fd083c5b9c5df300e209b602d6b6e5a80a6d5f51f8563c9a166910a
resized_images/healthy/healthy_0069.jpg,archive/development/resized_images/healthy/healthy_0069.jpg,341699,aecf6cc04563caccbeabc807e2086d7130ac4758a858fe38f8f46139d49e5949
resized_images/healthy/healthy_0070.jpg,archive/development/resized_images/healthy/healthy_0070.jpg,351209,f5b2b1c80ce058c2886ca51dbf24a580cc90df77e070d8bb95faa4620de35dd0
resized_images/healthy/healthy_0071.jpg,archive/development/resized_images/healthy/healthy_0071.jpg,341359,8046437a9fc367af3fc77ba47d2740492ff16756d53b6832a67aa1b3a4e41503
resized_images/healthy/healthy_0072.jpg,archive/development/resized_images/healthy/healthy_0072.jpg,315138,c35d43a5b41a1f98c9e0e8c0a5d04fa5ecbf02b5300b6ee911e0ccb54839ef25
resized_images/healthy/healthy_0073.jpg,archive/development/resized_images/healthy/healthy_0073.jpg,432293,a1b4411c351fac0fc06179e9aebcdc12b6037595a4a746865177cbe1858837d9
resized_images/healthy/healthy_0074.jpg,archive/development/resized_images/healthy/healthy_0074.jpg,392328,a9d21e7d446f3056f02127de8987c1ddc4df0a83c7f45cc95528f4ec97239003
resized_images/healthy/healthy_0075.jpg,archive/development/resized_images/healthy/healthy_0075.jpg,429514,765ecae3bc7f52053496b2fcb86429829f4d4150aa71a2c5a2fbe9ba5c234488
resized_images/healthy/healthy_0076.jpg,archive/development/resized_images/healthy/healthy_0076.jpg,444616,b7495f9684d4834a1449f22cc8798e5e4b072575e5340a5b7e17620d208626ad
resized_images/healthy/healthy_0077.jpg,archive/development/resized_images/healthy/healthy_0077.jpg,422083,b7c1eb7f64f93b102546d2066183e5bcb99ae6de017d009da9f3d13ef9e01382
resized_images/healthy/healthy_0078.jpg,archive/development/resized_images/healthy/healthy_0078.jpg,305620,1868a17cddd8076d76210819371500bb8b7a5c40646af8061a5ea0e922efc02b
resized_images/healthy/healthy_0079.jpg,archive/development/resized_images/healthy/healthy_0079.jpg,447781,4181972e1d8d739521b8ff3a3776d1601413b8758010c62c940bd936176994db
resized_images/healthy/healthy_0080.jpg,archive/development/resized_images/healthy/healthy_0080.jpg,374480,91de7d91457c689930938e8a970c32d4801e6dec333729fdcfd4b2ab04f60604
resized_images/healthy/healthy_0081.jpg,archive/development/resized_images/healthy/healthy_0081.jpg,337156,0653cb96b8cf4046a4f4f7499ea71924c88de3a22feca553c9c3c8890335671e
resized_images/healthy/healthy_0082.jpg,archive/development/resized_images/healthy/healthy_0082.jpg,447180,4896fb166bbeb8d17ea4efecb07978d8956018ae3e9c4a8644e6abb2e6ea80ed
resized_images/healthy/healthy_0083.jpg,archive/development/resized_images/healthy/healthy_0083.jpg,404039,ff4d8637044a593baecd666ab215447cd9e98c321df1948701cb835d7d9495f9
resized_images/healthy/healthy_0084.jpg,archive/development/resized_images/healthy/healthy_0084.jpg,379560,834243b5af0a3b9fa2887401ce9e5409cc5f01d01e8da588b8a4698ddfa5ca45
resized_images/healthy/healthy_0085.jpg,archive/development/resized_images/healthy/healthy_0085.jpg,460726,0e7ac95bf8c815489b83465ab9b55ac6c3cc1ea9bd844d35a3d701f6d1c813c1
resized_images/healthy/healthy_0086.jpg,archive/development/resized_images/healthy/healthy_0086.jpg,544297,0f38b1472dbb1ac5213ffd97964182a49d2bbc6b51ac841d28eef10537e4a4a0
resized_images/healthy/healthy_0087.jpg,archive/development/resized_images/healthy/healthy_0087.jpg,537275,71f9862dc6acac9b98d1d4670584dd643cbbc537a9c4edb6d9d95fdc5ba66826
resized_images/healthy/healthy_0088.jpg,archive/development/resized_images/healthy/healthy_0088.jpg,476560,0c02c4ab0457a45505fded3b79e191df3a6282458ea536cba3db2dbb8d6de708
resized_images/healthy/healthy_0089.jpg,archive/development/resized_images/healthy/healthy_0089.jpg,432270,f8d0a0c443f5754e37a0adc00372512b1eba81571d0dcf151ee715d6fa9acf53
resized_images/healthy/healthy_0090.jpg,archive/development/resized_images/healthy/healthy_0090.jpg,483619,9c5bdafe9871a29f43ddd8405b58d3924bfafb7f9f44686c224e5a3d88287dad
resized_images/healthy/healthy_0091.jpg,archive/development/resized_images/healthy/healthy_0091.jpg,159291,bfee4ec46be87fc666f8db951e3a3203f17d80801a6e595816475be9700b8e90
resized_images/healthy/healthy_0092.jpg,archive/development/resized_images/healthy/healthy_0092.jpg,188045,7c7801f6da5d8cd95ad6fbe96258e9fd136532b70b026186d3ab98fda4192398
resized_images/healthy/healthy_0093.jpg,archive/development/resized_images/healthy/healthy_0093.jpg,175660,91d37a3399bf61b53b75f7eddc122f5dcc02bd602982a3d05bb39d6cf9cdab34
resized_images/healthy/healthy_0094.jpg,archive/development/resized_images/healthy/healthy_0094.jpg,188151,fa741ae4a599ed381fbf416c826a0bfb6a6bc87cd1a109d57d69fd62914acf05
resized_images/healthy/healthy_0095.jpg,archive/development/resized_images/healthy/healthy_0095.jpg,170557,ea682b4b27126355538740ba80be386c775b7c8523bb00f9142e48cf6d9e0a3d
resized_images/healthy/healthy_0096.jpg,archive/development/resized_images/healthy/healthy_0096.jpg,206098,60cb6e44cd288302e442a7ef23d7715b504ae00e9f84fd48b0fba2ca98e1fe6a
resized_images/healthy/healthy_0097.jpg,archive/development/resized_images/healthy/healthy_0097.jpg,235915,a44e6854f8ae99edaf71cf30a625373c5840aa4474bceee43c82a12426879665
resized_images/healthy/healthy_0098.jpg,archive/development/resized_images/healthy/healthy_0098.jpg,173840,5596ed0b46adccb41e48b66dcb80aeeff3d5096bdef0538b12e0f269db5eda76
resized_images/healthy/healthy_0099.jpg,archive/development/resized_images/healthy/healthy_0099.jpg,151359,88a4bee5b4eda46f4594ac99798e8e2b7a5db14e16c657a44924d7b9fff1ce5e
resized_images/healthy/healthy_0100.jpg,archive/development/resized_images/healthy/healthy_0100.jpg,139655,6e1dd95d75809c42c28f4504f34da05e4c5ad873b6add3a487d8cbb3626f670e
resized_images/healthy/healthy_0101.jpg,archive/development/resized_images/healthy/healthy_0101.jpg,177461,4945e57a08ffd2161488483cd7eac7d6b48abb3f767c2eb6797f467a181081fd
resized_images/healthy/healthy_0102.jpg,archive/development/resized_images/healthy/healthy_0102.jpg,173041,546f61f774fb9a964ad7be853bf19df1d05e4b3ffc935427f406b9522c8ecff8
resized_images/healthy/healthy_0103.jpg,archive/development/resized_images/healthy/healthy_0103.jpg,186899,25e2c5e9a03119e90dd44dd9eb4f8e63b8f65ad7cb0c8f9953f9b2507c2795b2
resized_images/healthy/healthy_0104.jpg,archive/development/resized_images/healthy/healthy_0104.jpg,163901,a0c701234b55fff9eb7c13416ad885186283b76880b31db5bb0fa0c5fff5b43d
resized_images/healthy/healthy_0105.jpg,archive/development/resized_images/healthy/healthy_0105.jpg,177583,0bcbc2376093c63de3caf15c69064a933e01cbade12266000510525fb6994f3a
resized_images/healthy/healthy_0106.jpg,archive/development/resized_images/healthy/healthy_0106.jpg,231767,dbc55eddb4beec3e9033cbf4d365999ad3e79f9cd9570c84936a4272684139e9
resized_images/healthy/healthy_0107.jpg,archive/development/resized_images/healthy/healthy_0107.jpg,192048,7149378656e277bf701c8c7b050b9deb28e740141740bca21a277e5b8fa72f02
resized_images/healthy/healthy_0108.jpg,archive/development/resized_images/healthy/healthy_0108.jpg,148464,4a325ce30178c4d6daf50fb5725ef6c7ed9c968c83ae8b4ca9f003c2fb1d1e14
resized_images/healthy/healthy_0109.jpg,archive/development/resized_images/healthy/healthy_0109.jpg,203083,441e84bf3010cc5adbbacc7ee8be4ea9afb0dc15519e556c360c312cee64ff5f
resized_images/healthy/healthy_0110.jpg,archive/development/resized_images/healthy/healthy_0110.jpg,194875,d7748944f747bc53c5b244d5622f5060eec99915fad41d1ab421eef223cf9ccd
resized_images/healthy/healthy_0111.jpg,archive/development/resized_images/healthy/healthy_0111.jpg,267433,360e51b2373eb063d064ea48c94e7631ad36cba5e8ca5d15074c4faf4a6d8635
resized_images/healthy/healthy_0112.jpg,archive/development/resized_images/healthy/healthy_0112.jpg,229025,d1f734c5c8597eef98a7690cb7b87d15dca10604d04693a884ba81d6d6319136
resized_images/healthy/healthy_0113.jpg,archive/development/resized_images/healthy/healthy_0113.jpg,240736,6259a67f285853ddd05a9b32a381e3f5431d72c4a9d6576cba2d734cbdfbad62
resized_images/healthy/healthy_0114.jpg,archive/development/resized_images/healthy/healthy_0114.jpg,259584,c03f1942ac98c68ef31d0d5ff2b676a12972194cfbb423737d100ec40e6a14cb
resized_images/healthy/healthy_0115.jpg,archive/development/resized_images/healthy/healthy_0115.jpg,191107,6b41a4e0e34b5c5b2d2fb633e0e8856e100b912d6f2883731d54ebb668fc3972
resized_images/healthy/healthy_0116.jpg,archive/development/resized_images/healthy/healthy_0116.jpg,244676,702cf673bf65a9571eb2362dc356351e5e36fad6e1b4dc1da2591194f6158c56
resized_images/healthy/healthy_0117.jpg,archive/development/resized_images/healthy/healthy_0117.jpg,252224,59357bb9b20bf83d71eee0ca859688b58592a860484b3796f235c5b06f160446
resized_images/healthy/healthy_0118.jpg,archive/development/resized_images/healthy/healthy_0118.jpg,197426,6562928b379ef5c0a885b18f2e3d016c932a3832bd556f5a5c752d30c06ddd71
resized_images/healthy/healthy_0119.jpg,archive/development/resized_images/healthy/healthy_0119.jpg,255375,5843f31866ddfbe7aae7411a09ae306c2c186a81add664592d60befc33041f66
resized_images/healthy/healthy_0120.jpg,archive/development/resized_images/healthy/healthy_0120.jpg,192716,e7539a25386dd795632c778afc84061fe248f8e5456bc7084a41bd0fb95e04ee
resized_images/healthy/healthy_0121.jpg,archive/development/resized_images/healthy/healthy_0121.jpg,260762,3d717bcf2e72e616c8088799bd764015ca8b76298e3e122cce5593587e22deac
resized_images/healthy/healthy_0122.jpg,archive/development/resized_images/healthy/healthy_0122.jpg,243663,533822aa8a0170655b00342e8dd65052706b77f811b7018a46c590fd9ff7cb22
resized_images/healthy/healthy_0123.jpg,archive/development/resized_images/healthy/healthy_0123.jpg,263839,146d2ade52f979eb63b05805843551621c35d82d9b9367817581d1f2c79615c1
resized_images/healthy/healthy_0124.jpg,archive/development/resized_images/healthy/healthy_0124.jpg,271337,5ddc6c31bda7c764e9e3ea125b100f26f7b04aeea67ed370533255919f3e11bb
resized_images/healthy/healthy_0125.jpg,archive/development/resized_images/healthy/healthy_0125.jpg,228255,3f637f159f43a8d3e2afcbdad367700a84c91a3075345b3d12548d992f25af20
resized_images/healthy/healthy_0126.jpg,archive/development/resized_images/healthy/healthy_0126.jpg,272395,9d3af829c31dc44fb780f453d7b29120be6ca13abb8e6b898934e2ab475a0d3b
resized_images/healthy/healthy_0127.jpg,archive/development/resized_images/healthy/healthy_0127.jpg,251445,0d4d7f3ac496c879f048fa82d3ca6c509228f0e78d1092c428d95c96a478e42b
resized_images/healthy/healthy_0128.jpg,archive/development/resized_images/healthy/healthy_0128.jpg,328869,fd0e736696611449750c09aa48961110eed42f5212949d80fd2cd86605682665
resized_images/healthy/healthy_0129.jpg,archive/development/resized_images/healthy/healthy_0129.jpg,247624,7f908e982110fb64cf15feac683c15b6cf218f925a7a0a3e036e0dbdb06e4c38
resized_images/healthy/healthy_0130.jpg,archive/development/resized_images/healthy/healthy_0130.jpg,224780,99d1109c98da294d05bdb4a78944bbcd3a798357658f8bdd1af27cd9a44390eb
resized_images/healthy/healthy_0131.jpg,archive/development/resized_images/healthy/healthy_0131.jpg,258888,c0b876405638fe7b47d1d4962bdf44ff229368a5f5e02b0989381e03abe3a5b5
resized_images/healthy/healthy_0132.jpg,archive/development/resized_images/healthy/healthy_0132.jpg,269203,7ee3a94568668241bc95f9cbdf83e62ab33559f16ad3d2c75618397cc798a3a5
resized_images/healthy/healthy_0133.jpg,archive/development/resized_images/healthy/healthy_0133.jpg,245530,daf6ee1336fee657ceee210c0b4559cd1874ee73ec0e0198954e23894a478995
resized_images/healthy/healthy_0134.jpg,archive/development/resized_images/healthy/healthy_0134.jpg,230246,43d98d37e9abc64924c0736483b66dc6f240fe68d9f4459d6a81d85cb28d0e0e
resized_images/healthy/healthy_0135.jpg,archive/development/resized_images/healthy/healthy_0135.jpg,238705,4e37dff154e933ee75a3874695ffe53c99b184f66d6e87323dbf16302930cb40
resized_images/healthy/healthy_0136.jpg,archive/development/resized_images/healthy/healthy_0136.jpg,233449,15516b18b87515ca5c2ea28f3dd557acc3fa25248d2d9d257d39fa7dfb1b1a6b
resized_images/healthy/healthy_0137.jpg,archive/development/resized_images/healthy/healthy_0137.jpg,228607,76450d4625aaa180842b4f705f3ac4a670731866b5e9af15c246d6f65258d07d
resized_images/healthy/healthy_0138.jpg,archive/development/resized_images/healthy/healthy_0138.jpg,210770,e214bc635a7b2e5274bc75d1f139211c4b9adb6f17093697c7e2872c388fbac8
resized_images/healthy/healthy_0451.jpg,archive/development/resized_images/healthy/healthy_0451.jpg,265368,711a36a426fc482f15f8bce849c6c01cc909946b2f75621a43c81fa8f146cd59
resized_images/healthy/healthy_0454.jpg,archive/development/resized_images/healthy/healthy_0454.jpg,278774,0fed842fd64f01095108bed5d9114a1574d4caa1293ffea3951f64b484c681bd
resized_images/healthy/healthy_0455.jpg,archive/development/resized_images/healthy/healthy_0455.jpg,258056,09cd78fe12f2badc91d7cd8a5ff4058cf56efe17d1b48c8c53005bef64719c9f
resized_images/healthy/healthy_0463.jpg,archive/development/resized_images/healthy/healthy_0463.jpg,242084,020df33c506facbcca4d0b94be246accfad4adb1aa32d92861216523417f44cf
resized_images/healthy/healthy_0464.jpg,archive/development/resized_images/healthy/healthy_0464.jpg,245223,bd3eb51706cb8fbbe8ba449672de447a6ef35e46685a9864086a4c3722cd402b
resized_images/healthy/healthy_0465.jpg,archive/development/resized_images/healthy/healthy_0465.jpg,214940,9f73e2394b06120d658544bc90cd89ff91f744901c1819677b895f4c9d27886a
resized_images/healthy/healthy_0475.jpg,archive/development/resized_images/healthy/healthy_0475.jpg,242578,124acd65641bc75f2130fd3d5af67936002371da67aa0cd8663457223d3dda8e
resized_images/healthy/healthy_0476.jpg,archive/development/resized_images/healthy/healthy_0476.jpg,234332,9def5b7741a4d5888881fa4084ecad33702dc553c4fe143072070f50389ae899
resized_images/healthy/healthy_0477.jpg,archive/development/resized_images/healthy/healthy_0477.jpg,262177,96d9c15800005541322dce5b7c9f4561c19b495dce2ba3b27a15ae3d770a7b24
resized_images/healthy/healthy_0478.jpg,archive/development/resized_images/healthy/healthy_0478.jpg,217420,ce0350f4cb86f6bbd23b9a580411c284239448dd4781d8e6d5a866be071350a1
resized_images/healthy/healthy_0482.jpg,archive/development/resized_images/healthy/healthy_0482.jpg,253332,98e5fff5178a1e8b057cad4628727d1fcc4722ae353b02a62c14f24097809de2
resized_images/healthy/healthy_0502.jpg,archive/development/resized_images/healthy/healthy_0502.jpg,297977,b95ff0cb07a5cea52e4a0ac8973739011bff7aba3970a62a2266d3cb1df33ba8
resized_images/healthy/healthy_0505.jpg,archive/development/resized_images/healthy/healthy_0505.jpg,254634,848eafe6bc27e96345aad4d5da5ec2366e3a91376d7512aea8e28cdf19410298
resized_images/healthy/healthy_0516.jpg,archive/development/resized_images/healthy/healthy_0516.jpg,248989,80669f278434d4d0943418c2e650a70fc5742d66eaba1d99996fce0d632fcc5b
resized_images/healthy/healthy_0522.jpg,archive/development/resized_images/healthy/healthy_0522.jpg,252589,dc9dbf16fc9e6538ae57e73ce3f588beb96afd67edce5c25d879fb4c8b2decfa
resized_images/healthy/healthy_0524.jpg,archive/development/resized_images/healthy/healthy_0524.jpg,240610,99eb4148923be9dcf49ee6189bfd83d8c365eb7739ddc77b267fe839237fe5d5
resized_images/healthy/healthy_0526.jpg,archive/development/resized_images/healthy/healthy_0526.jpg,251032,184255314d7c9d7d5b6288e915fb1af1bf52797d60eb474e1efbdb5afe8d651e
resized_images/healthy/healthy_0530.jpg,archive/development/resized_images/healthy/healthy_0530.jpg,240463,abee13dadb1fb5afaa19dd6aa7a51229527dced37c3f506727029fb27d9a1ba2
resized_images/healthy/healthy_0532.jpg,archive/development/resized_images/healthy/healthy_0532.jpg,220812,24225e87d9e5ff76faf16cfa26ea457a7904783e3af4cf77aea86095ae2249f6
resized_images/healthy/healthy_0537.jpg,archive/development/resized_images/healthy/healthy_0537.jpg,226988,d3ee734c53f91d1d84074e5c7ff337cb8a0619d5b5ecaa51b7535a2361648b07
resized_images/healthy/healthy_0548.jpg,archive/development/resized_images/healthy/healthy_0548.jpg,231930,94b7e4dbfa7812ca0c4e32cafd81ecedf3f314c671d9aa9c7691313896dc524d
resized_images/healthy/healthy_0550.jpg,archive/development/resized_images/healthy/healthy_0550.jpg,258773,0ffb40f823c9c5a6dfc9c827fa4a86e52c5012673b6f3a842ce8bc77c5ee63ea
resized_images/healthy/healthy_0551.jpg,archive/development/resized_images/healthy/healthy_0551.jpg,274877,58ba8ed6619149085faeffff9575fb83904bd43e1336a01fe99cf15aecb49d13
resized_images/healthy/healthy_0564.jpg,archive/development/resized_images/healthy/healthy_0564.jpg,203112,f1024986875a4d34cdce95154e57c62436fdfb2c93efe2400d63624c7a73a266
resized_images/healthy/healthy_0567.jpg,archive/development/resized_images/healthy/healthy_0567.jpg,299817,a25c69b7b4b48480b02cde15617743a819162e92ea33c6b72fcb06491d4429e1
resized_images/healthy/healthy_0574.jpg,archive/development/resized_images/healthy/healthy_0574.jpg,296431,4f19d2292f22c54d30fffa4628bbff795e5cad261b3d55465d1f03010d344c22
resized_images/healthy/healthy_0603.jpg,archive/development/resized_images/healthy/healthy_0603.jpg,266607,d5a923420524bd223bdefd6513c26c464fd066402e76a21e3c722704d63ef50c
resized_images/healthy/healthy_0606.jpg,archive/development/resized_images/healthy/healthy_0606.jpg,266333,81c59cfb9f4b912cbf1096dd8f587669bb42ef6d34fa495e5b641550b089912c
resized_images/healthy/healthy_0608.jpg,archive/development/resized_images/healthy/healthy_0608.jpg,261828,8c6985bd56e82de9d225dcba9c0ce24fcc5fc73df8fc4519bc4a6e920340e881
resized_images/healthy/healthy_0609.jpg,archive/development/resized_images/healthy/healthy_0609.jpg,265838,4e523b28a862281ae533908a42a121a9ed55899e54cb0c51a5d1ef9797a07834
resized_images/healthy/healthy_0615.jpg,archive/development/resized_images/healthy/healthy_0615.jpg,297449,7464483bd43d941b6f8a13477f4913c78707dcb9375a9ef11f0b27c0592cadc6
resized_images/healthy/healthy_0619.jpg,archive/development/resized_images/healthy/healthy_0619.jpg,271499,f6ad6044bfcddef5603dde8c23a1c90f264987b71f91dfd3c4faf5642d8295c0
resized_images/healthy/healthy_0660.jpg,archive/development/resized_images/healthy/healthy_0660.jpg,232594,3b530fab71d1dd6d2f0ae2cb74462f431e54aad9fba215e3cc59c877cac16f4d
resized_images/healthy/healthy_0707.jpg,archive/development/resized_images/healthy/healthy_0707.jpg,296519,25cae9ddc962a6a6818e8f3e46262c2e4d3a17d22a4472a837260b3c2190f4ac
resized_images/healthy/healthy_0739.jpg,archive/development/resized_images/healthy/healthy_0739.jpg,202601,4a1b3f0735736952238593362c76c577ca3f4ec679f5236b381bbc3b2cef4114
resized_images/healthy/healthy_0811.jpg,archive/development/resized_images/healthy/healthy_0811.jpg,253401,9994b88f12ad17f9d499540da8701a539045bbeb163929728c7c018f5ff6cd13
resized_images/healthy/healthy_0867.jpg,archive/development/resized_images/healthy/healthy_0867.jpg,248072,d6975bc16fda7d1d109e7ce2bb39f3b63fe93c097fcfd2d88299d1cc82c70b19
resized_images/healthy/healthy_0868.jpg,archive/development/resized_images/healthy/healthy_0868.jpg,273426,42d54d420e8b85286da38adf08eb161e4a947211aeaf9743152368b54edae18c
resized_images/healthy/healthy_0897.jpg,archive/development/resized_images/healthy/healthy_0897.jpg,289584,bcaf0985510acda7476b526b8af65f1a522d04f3d3f280ede5a6539a1ab106d4
resized_images/healthy/healthy_0899.jpg,archive/development/resized_images/healthy/healthy_0899.jpg,253198,9de2fa458693b8a880431dee98256a193d42d60571a866ed0c9ee09ae4137c1c
resized_images/healthy/healthy_0905.jpg,archive/development/resized_images/healthy/healthy_0905.jpg,266470,9aaad5fd50602a1eb173bdf70eb9899d0daa99d03227b61c8730e7e273172ab0
resized_images/healthy/healthy_0918.jpg,archive/development/resized_images/healthy/healthy_0918.jpg,313916,7afacc86b6d17824715a3405bbcad67896fb374dee46026a5e084252a7dd184a
resized_images/healthy/healthy_0949.jpg,archive/development/resized_images/healthy/healthy_0949.jpg,262923,596c9c5b592a460064e9e8dde6d2b83f9fd98e27f79943f6e6f0be5b364af15c
resized_images/healthy/healthy_0967.jpg,archive/development/resized_images/healthy/healthy_0967.jpg,214663,bcd12cd60e12d36e271327fc6087cdddde507ad18b731a5077cdb7fddcfeb7e8
resized_images/healthy/healthy_1015.jpg,archive/development/resized_images/healthy/healthy_1015.jpg,220531,5562db661a5f4992d304023d5b0f886bc1958449f9cab0b057d69c1cfd0a6fa3
resized_images/healthy/healthy_1410.jpg,archive/development/resized_images/healthy/healthy_1410.jpg,410853,630927ef6fd28c5043ed6fc6cde30a0f1dc7215da9849e380f551986dd3ad40b
resized_images/healthy/healthy_1411.jpg,archive/development/resized_images/healthy/healthy_1411.jpg,201269,833c46cb7b449b6b7cb30d8dc4887fbcb0b444eda63907e444ecfa1efeb301ef
resized_images/healthy/healthy_1412.jpg,archive/development/resized_images/healthy/healthy_1412.jpg,244054,06741d0b6a7f6c4b62a5f27d7b7a543e490bb2ac754e28f4fd1b099f57530c3d
resized_images/healthy/healthy_1413.jpg,archive/development/resized_images/healthy/healthy_1413.jpg,268111,a234b51ed4851d84bc3b56051d55f9e4f61db90135d1505efe66dc56f215eb3f
resized_images/healthy/healthy_1414.jpg,archive/development/resized_images/healthy/healthy_1414.jpg,236358,34364a13b4131fc4b71631a177eb30926bf5b7774c400df11db96d68b7425a92
resized_images/healthy/healthy_1415.jpg,archive/development/resized_images/healthy/healthy_1415.jpg,236957,d3f8c36932880f02d7d90e3ca1eeadafb468e5864df8e86168a3cfe397572694
resized_images/healthy/healthy_1416.jpg,archive/development/resized_images/healthy/healthy_1416.jpg,236219,d7d39d22d532692c0a164e54c8796d4cf6603cf70731aacb981b6fa7e27c781b
resized_images/healthy/healthy_1417.jpg,archive/development/resized_images/healthy/healthy_1417.jpg,255179,d5fcb16ec0796e17eb624bb0a6e8464d91c0bad03fae7e1bbf38a5528c8e5b34
resized_images/healthy/healthy_1418.jpg,archive/development/resized_images/healthy/healthy_1418.jpg,247032,7deba8f904cd11fcc7f31b1f6a0647e397669b9d6fbac61f45d68e542b94d7d8
resized_images/healthy/healthy_1419.jpg,archive/development/resized_images/healthy/healthy_1419.jpg,296647,021afe2ce34adb2c120b7cda46ee18279998b74257df231045ba687e18130a2c
resized_images/healthy/healthy_1420.jpg,archive/development/resized_images/healthy/healthy_1420.jpg,292576,d403d24e69f6da91d9ca36e5b225dbe3f72a6072fa18d7187772bd7d526d1bc6
resized_images/healthy/healthy_1421.jpg,archive/development/resized_images/healthy/healthy_1421.jpg,270969,5b558509b71668e186f2ffd2a9ff288462867208117346c67c6666e1f364fb23
resized_images/healthy/healthy_1422.jpg,archive/development/resized_images/healthy/healthy_1422.jpg,266666,46b815ba47abe5786f8fa1015f5db79865e3d5696cd6b83276f8a7bf0b987eb0
resized_images/healthy/healthy_1423.jpg,archive/development/resized_images/healthy/healthy_1423.jpg,252973,297b64fa402cda4eb70e396e9e9ff8de8b840affa6162580e81bdfc2d7563f5a
resized_images/healthy/healthy_1424.jpg,archive/development/resized_images/healthy/healthy_1424.jpg,233610,acc525a71c6571cc27401a3ecf90fc2eae3a0a00d08b5f5568f985e19e7e9ee2
resized_images/healthy/healthy_1425.jpg,archive/development/resized_images/healthy/healthy_1425.jpg,245929,b5dcd741ba154c11b4f81aa9b774cdbe6b154c13d19f1acd1236b9091396ba8e
resized_images/healthy/healthy_1426.jpg,archive/development/resized_images/healthy/healthy_1426.jpg,260211,c4831f010856c384498d434fbf5e558d7508aa4ed62c394cb6c49f5e8db74a99
resized_images/healthy/healthy_1427.jpg,archive/development/resized_images/healthy/healthy_1427.jpg,262586,bf8cdf890469c12fd5c7a18bf02dcbf3d62ca29df2661a9d3abba569ac9567a3
resized_images/healthy/healthy_1428.jpg,archive/development/resized_images/healthy/healthy_1428.jpg,262145,6f12a9bd8d188d5b934baa9ae9f9bde87232149e995590f1eb7903367ca1f724
resized_images/healthy/healthy_1429.jpg,archive/development/resized_images/healthy/healthy_1429.jpg,286354,afed4af12bcf2702a4cc08e42d0b84bd3e92649973f22b1a691332cbb56145c5
resized_images/healthy/healthy_1430.jpg,archive/development/resized_images/healthy/healthy_1430.jpg,284331,8033e246954a0bfc7fe4d67292cf78c8ebd5f9b63436cd039ac76f8a7562a62d
resized_images/healthy/healthy_1431.jpg,archive/development/resized_images/healthy/healthy_1431.jpg,232647,98a7c9f969b4d2477b18a3bd862e148b2b77a6d411432d04a69b41caa7aaa095
resized_images/healthy/healthy_1432.jpg,archive/development/resized_images/healthy/healthy_1432.jpg,309928,2a50cdb00edd5940f53c5fa10d34c317699054b306cd51fe6253691fd5253f5a
resized_images/healthy/healthy_1433.jpg,archive/development/resized_images/healthy/healthy_1433.jpg,287849,c6cd7bd5a676d2e708671d300aa322831d7d52b2eb2a2db1cd8319591d141eaa
resized_images/healthy/healthy_1434.jpg,archive/development/resized_images/healthy/healthy_1434.jpg,247121,de8b63e04c508e1edebbf3e95fa5bb55a2b4c451ca50e475d008c1e946541111
resized_images/healthy/healthy_1435.jpg,archive/development/resized_images/healthy/healthy_1435.jpg,276545,af0d84ea6949ee41bb772f1a826ccc6cf743831c2d11dd60ff543e243af1e908
resized_images/healthy/healthy_1436.jpg,archive/development/resized_images/healthy/healthy_1436.jpg,295695,4074eca6651e3feb0c1cb9685dcfab805e04d400bbc30e36a17b76e59a1d06c8
resized_images/healthy/healthy_1437.jpg,archive/development/resized_images/healthy/healthy_1437.jpg,257507,0c6db4436be17c9263eb9f0d41e4db57179fbf890bc5ec84107bcf61711237eb
resized_images/healthy/healthy_1438.jpg,archive/development/resized_images/healthy/healthy_1438.jpg,265243,b36b1c4edb528df1ace63129505745ad6f2bcf75baf86e909b26fde22adf04c4
resized_images/healthy/healthy_1439.jpg,archive/development/resized_images/healthy/healthy_1439.jpg,255521,570532e9914aafe8602b68c77239e7bf40d819841f0a718a170b0eb2b5c6e1a9
resized_images/healthy/healthy_1440.jpg,archive/development/resized_images/healthy/healthy_1440.jpg,263752,3f9a774e65401a16483b08079e98933922995960f4b151d96547a921f7e7dad8
resized_images/healthy/healthy_1441.jpg,archive/development/resized_images/healthy/healthy_1441.jpg,340444,4eef39a6ea7039b09be1296bbf7716f5e5c0c94ee7556945b66c784046ad3438
resized_images/healthy01/healthy_0139.jpg,archive/development/resized_images/healthy01/healthy_0139.jpg,273284,a8933ba95750bbc96337693889cf150b3ab99b475bb424ed14baebb401ff3953
resized_images/healthy01/healthy_0140.jpg,archive/development/resized_images/healthy01/healthy_0140.jpg,242892,bbb6100d4afe6212caf9d188b1dfd580e4daa1f5a3a577501d98073447ea76ef
resized_images/healthy01/healthy_0141.jpg,archive/development/resized_images/healthy01/healthy_0141.jpg,261090,fed7f942be5b9f3ed4dd9ed6f7d9ac573421b4d9793ccaccf7b55b66f530a6d0
resized_images/healthy01/healthy_0143.jpg,archive/development/resized_images/healthy01/healthy_0143.jpg,220856,0a962fc3c6792ee30d4f2f08b05fbdcff2a69631e764af9fee8da5625d998f82
resized_images/healthy01/healthy_0145.jpg,archive/development/resized_images/healthy01/healthy_0145.jpg,252315,a22591830bc2dbd9386152d9cc55948b4ab4eb73c6d1cc7a23ac6ac825691b02
resized_images/healthy01/healthy_0146.jpg,archive/development/resized_images/healthy01/healthy_0146.jpg,303419,ad841f91dd7ea63228f67d2afc682037ad3fb52ec9a2fc1bfb50f9796e69173e
resized_images/healthy01/healthy_0147.jpg,archive/development/resized_images/healthy01/healthy_0147.jpg,285499,6e46d773636d7c49e4ba4cd74d9a841ff23e4427a429b33524e1b08f9c18a889
resized_images/healthy01/healthy_0148.jpg,archive/development/resized_images/healthy01/healthy_0148.jpg,228869,fcf0089999ef51f49af545cdc4a48695e72eeafa85acc3e8111cabb94765a7ea
resized_images/healthy01/healthy_0149.jpg,archive/development/resized_images/healthy01/healthy_0149.jpg,250845,33ac3fa3659905fb5a0d5056c7addfb53897f245e0311d2ff9914991e6089d49
resized_images/healthy01/healthy_0150.jpg,archive/development/resized_images/healthy01/healthy_0150.jpg,262128,22f3184446949b057c938641a8420f5ca837e0e8165b36a5cd595f77ba947b71
resized_images/healthy01/healthy_0153.jpg,archive/development/resized_images/healthy01/healthy_0153.jpg,304012,4237fa8211d986f46fd6c663312b32c66f5328cfd10012d9210f8a4759832776
resized_images/healthy01/healthy_0154.jpg,archive/development/resized_images/healthy01/healthy_0154.jpg,189018,0eab76beca64d497b8a26a628c4fb32457e70691529d4657c7c660e352a95918
resized_images/healthy01/healthy_0155.jpg,archive/development/resized_images/healthy01/healthy_0155.jpg,241249,482d4dc53a0d15fa10f78fd3dcef2d2d9caa1cf0f9fc3071831d01b4975744fe
resized_images/healthy01/healthy_0156.jpg,archive/development/resized_images/healthy01/healthy_0156.jpg,219055,134059cc8db97c723add39273acc687d94be98c379653f45b891178e48556713
resized_images/healthy01/healthy_0157.jpg,archive/development/resized_images/healthy01/healthy_0157.jpg,226867,74d42345fd3be86e98146019085bba82fe628c66db7c8956313df613e154703c
resized_images/healthy01/healthy_0158.jpg,archive/development/resized_images/healthy01/healthy_0158.jpg,260272,bdf9fd9d7b71f70edc013093890a2865eba85682480bcb944c19dcfe130c09db
resized_images/healthy01/healthy_0159.jpg,archive/development/resized_images/healthy01/healthy_0159.jpg,247993,118eaa20a74b038d249fdd08e66ebc717d5b2049fb738aa396dbe1038390302b
resized_images/healthy01/healthy_0160.jpg,archive/development/resized_images/healthy01/healthy_0160.jpg,228567,74011ba4804c3c9f4145fd286d9bbd9765fa27ede08131102d19936e5ac5ed72
resized_images/healthy01/healthy_0161.jpg,archive/development/resized_images/healthy01/healthy_0161.jpg,242854,ce2014eb7d9b5a12586949921736874fbd59194b162416460c0896f241d96665
resized_images/healthy01/healthy_0162.jpg,archive/development/resized_images/healthy01/healthy_0162.jpg,275214,d0b638cd99d0b918520c9126ca2c5f5d985b5c20cfc7641e21250b28d17fd294
resized_images/healthy01/healthy_0163.jpg,archive/development/resized_images/healthy01/healthy_0163.jpg,302256,bea8a4c206b4c3a2e509b387d6fc1c9a3f9eebdc5d39c2f843463d2edb0970ae
resized_images/healthy01/healthy_0164.jpg,archive/development/resized_images/healthy01/healthy_0164.jpg,258784,3a5727ef54e318de447561cf8b3b4d0656c16923c3febaccf4bda719b73be9d4
resized_images/healthy01/healthy_0165.jpg,archive/development/resized_images/healthy01/healthy_0165.jpg,265880,ab3a72fe234a408fc8afd39c27a8b9574b687d3fa45e3e5ca96f6135a6732213
resized_images/healthy01/healthy_0166.jpg,archive/development/resized_images/healthy01/healthy_0166.jpg,246293,f6ef15591be2ae60e122afaafac299b28ca92a363652189d514560218f635d5f
resized_images/healthy01/healthy_0167.jpg,archive/development/resized_images/healthy01/healthy_0167.jpg,255085,d1c9c4cde9bea1dbcd2fa41095eee715c3391e76aa7726a3329ba0f78d4e41b1
resized_images/healthy01/healthy_0168.jpg,archive/development/resized_images/healthy01/healthy_0168.jpg,220486,4d7e9758de89b2cdacc69295e276212ca9168b06f4a7878e417d73e5558578b8
resized_images/healthy01/healthy_0169.jpg,archive/development/resized_images/healthy01/healthy_0169.jpg,325526,93c618473431886b38d9ba90ca961de53d3bfe8961a80646fb815297cf085b04
resized_images/healthy01/healthy_0170.jpg,archive/development/resized_images/healthy01/healthy_0170.jpg,215312,50faaefb1eab44d562f7ce74bc39053bb8d9522ce4c9b896e3db3d62c56c9033
resized_images/healthy01/healthy_0171.jpg,archive/development/resized_images/healthy01/healthy_0171.jpg,252439,cd15f8f7cd9ccfe7a0725438e9bc92d0ff51070f9850b4cbf7d0b78afff68f71
resized_images/healthy01/healthy_0172.jpg,archive/development/resized_images/healthy01/healthy_0172.jpg,249092,34526f7c9ed62a46c9c62eb34b6e482522408dc0e2687423ef637081ec9fdb26
resized_images/healthy01/healthy_0173.jpg,archive/development/resized_images/healthy01/healthy_0173.jpg,250584,0a7825df736d91ad19bc105526184d56b36a795644d87080b6017114d35cb1e1
resized_images/healthy01/healthy_0174.jpg,archive/development/resized_images/healthy01/healthy_0174.jpg,336503,eeb5b452aa1e66d94bd5ea7a316eb1b0709267857692ba119815df1c6c99e4c3
resized_images/healthy01/healthy_0175.jpg,archive/development/resized_images/healthy01/healthy_0175.jpg,251457,24ea2eb1731e13a414a67c47e4e38cda6f3fe96e3a7104240f7098a67b6bb456
resized_images/healthy01/healthy_0176.jpg,archive/development/resized_images/healthy01/healthy_0176.jpg,290548,057d3be7240a034ae83a362d1a370a0b4a1c5e5ef441228b922faf08ab6f8e06
resized_images/healthy01/healthy_0177.jpg,archive/development/resized_images/healthy01/healthy_0177.jpg,328701,7223636f289dfbc4d474baa8fecc9f36a95823f4be897364f9e561c4b296fdd7
resized_images/healthy01/healthy_0178.jpg,archive/development/resized_images/healthy01/healthy_0178.jpg,387766,ce1f8c80ea04f6d6bf6e99d73eb0479e8ebaf1f0eb54362866af01e03be25694
resized_images/healthy01/healthy_0179.jpg,archive/development/resized_images/healthy01/healthy_0179.jpg,406198,baf2a597ea85df63878fc5409bbf31ad2c26dc2abd5eed1b3c07c568b39befbc
resized_images/healthy01/healthy_0180.jpg,archive/development/resized_images/healthy01/healthy_0180.jpg,251173,c7e371ef2ceb3294ad19fc7ba3a8f71c34c922b8272343ecc5e012eb6ee917bb
resized_images/healthy01/healthy_0181.jpg,archive/development/resized_images/healthy01/healthy_0181.jpg,369886,85d74f8223c26f5515bdeda0b524d3c38260f3c1cb3d21c185654a6001a5cd82
resized_images/healthy01/healthy_0182.jpg,archive/development/resized_images/healthy01/healthy_0182.jpg,329488,ef600a69d113765dd129a66933b549dbe30f17268712ac9ba774efded8d64b7f
resized_images/healthy01/healthy_0183.jpg,archive/development/resized_images/healthy01/healthy_0183.jpg,257417,c1e8a0ab07150eadf8c4e3a4726c062a3dca625561f3bf5c97fa51a03861eaa9
resized_images/healthy01/healthy_0184.jpg,archive/development/resized_images/healthy01/healthy_0184.jpg,366776,466fb6a500a0832354699c53e006b4a996a352d814afd994c890a6201ce272c4
resized_images/healthy01/healthy_0185.jpg,archive/development/resized_images/healthy01/healthy_0185.jpg,296732,cf2fee63d2043aebf3fda480c68f92425dd00c7cb959ec7740b095acec76d78c
resized_images/healthy01/healthy_0186.jpg,archive/development/resized_images/healthy01/healthy_0186.jpg,286032,d748cada6c058bb6b754b752b8fd290b1c856c4377d566a876674856bfd4b5e7
resized_images/healthy01/healthy_0187.jpg,archive/development/resized_images/healthy01/healthy_0187.jpg,244656,76910b8ddd3ff572b5bc7661dfd688a2c0ae0375a2ff2b0fcd507be702178536
resized_images/healthy01/healthy_0188.jpg,archive/development/resized_images/healthy01/healthy_0188.jpg,384562,7fe998901ecf6408ebf0c382373cdf3f3e0b6dbc68ba4eb86fd6155121f4f299
resized_images/healthy01/healthy_0189.jpg,archive/development/resized_images/healthy01/healthy_0189.jpg,276010,4a82701f21fda376eb286fc57d48c873fc2037803576c6889914847d961ed2d8
resized_images/healthy01/healthy_0190.jpg,archive/development/resized_images/healthy01/healthy_0190.jpg,316064,a36282a155c9d5ce73d12cef60703ae6c3cf1b8c1752f1fd7f71876f186055b2
resized_images/healthy01/healthy_0191.jpg,archive/development/resized_images/healthy01/healthy_0191.jpg,303466,8972c57a12401b847627e1c43551cc5d81650604565bdbc27479e79cb5fdcd51
resized_images/healthy01/healthy_0192.jpg,archive/development/resized_images/healthy01/healthy_0192.jpg,339220,ed162c9649293b9c7083f118c537b27af53211c55a0429b167bd46cad110ec1c
resized_images/healthy01/healthy_0193.jpg,archive/development/resized_images/healthy01/healthy_0193.jpg,212227,bc1e1cd7f697a5d2fdb248f23e2a6ceeeff98b117e8ca6bb41c9cdb92ac29ece
resized_images/healthy01/healthy_0194.jpg,archive/development/resized_images/healthy01/healthy_0194.jpg,183846,eaf9b7f85d02649f959c8133db62e6e66857243ed97146837440519b6fbc6168
resized_images/healthy01/healthy_0198.jpg,archive/development/resized_images/healthy01/healthy_0198.jpg,257167,b8deeebe0008c889fae5b387991f5e96bb07e1a8d06ac0134f23a83d6a2a6477
resized_images/healthy01/healthy_0200.jpg,archive/development/resized_images/healthy01/healthy_0200.jpg,296496,5f96223a9497aab3bad0acbbfd3b613e88ba50e4081e307cfec5986bedb571f4
resized_images/healthy01/healthy_0201.jpg,archive/development/resized_images/healthy01/healthy_0201.jpg,213112,2809aaabe93fefb6be479a54a02c3fa9db79cb9a61f9e4d284cfe6fc94af2364
resized_images/healthy01/healthy_0203.jpg,archive/development/resized_images/healthy01/healthy_0203.jpg,315168,3b038c6b54cdc320219300ae2f199de357d30375ad2e5f6ed3ae1790d89f9d56
resized_images/healthy01/healthy_0204.jpg,archive/development/resized_images/healthy01/healthy_0204.jpg,273009,2853539ff35dc255e3d9bbe4105e93f29d7025f41242109aa6c90fb859aae3f2
resized_images/healthy01/healthy_0205.jpg,archive/development/resized_images/healthy01/healthy_0205.jpg,207808,f88b86f33b20f6a2e393df07ae4cf5bd645ea21b70164ae6809f831ead042259
resized_images/healthy01/healthy_0206.jpg,archive/development/resized_images/healthy01/healthy_0206.jpg,213105,26f809a5e56b5abd1dc12792dd559b341170013f879735bd1e7b12363a55a6a9
resized_images/healthy01/healthy_0207.jpg,archive/development/resized_images/healthy01/healthy_0207.jpg,217701,3f76099ecf885b0e18d52f9190942b1f4b3d908266de4efc8a48316f87ad09f6
resized_images/healthy01/healthy_0208.jpg,archive/development/resized_images/healthy01/healthy_0208.jpg,219554,83d0fcbdcca9918d26d5c2b1e1835eb622292374491f21c7322e2e1e1b429be7
resized_images/healthy01/healthy_0209.jpg,archive/development/resized_images/healthy01/healthy_0209.jpg,247241,b10f70d8688aca13aedc0350997925de086062efc6a70a7219a635218b88b76c
resized_images/healthy01/healthy_0210.jpg,archive/development/resized_images/healthy01/healthy_0210.jpg,251170,9e62d408044c8166a470a0d5b49fc9e85bce1981e55fc35e397126578320ecc0
resized_images/healthy01/healthy_0211.jpg,archive/development/resized_images/healthy01/healthy_0211.jpg,236889,ac64bc26f043673b1c589e14cd98fb58184c8d38612144692db0ff2d200ed63b
resized_images/healthy01/healthy_0212.jpg,archive/development/resized_images/healthy01/healthy_0212.jpg,261947,3204eb5befb00a7356bfe1df63e67084495cf9db564ec5b6e659c42fa2770d3f
resized_images/healthy01/healthy_0213.jpg,archive/development/resized_images/healthy01/healthy_0213.jpg,200677,9e307646a837f37abe0fc87acdabb8864302a52773b9a85eb9475278098f48b6
resized_images/healthy01/healthy_0214.jpg,archive/development/resized_images/healthy01/healthy_0214.jpg,275534,5e6b41ab832805e270173e39b09129ea357dffba8847f4334883d58b5132bdbb
resized_images/healthy01/healthy_0215.jpg,archive/development/resized_images/healthy01/healthy_0215.jpg,325239,9ce9791fa58ac03fcef85e88695fb1d6f92388f5228bfc88740b31c647d5d39a
resized_images/healthy01/healthy_0216.jpg,archive/development/resized_images/healthy01/healthy_0216.jpg,203998,9eeab3f91d88a19fc01c96a0031980173a4d96ecd922df1d351bf857992797d4
resized_images/healthy01/healthy_0217.jpg,archive/development/resized_images/healthy01/healthy_0217.jpg,255886,96c0a71cd31eccad5ac47269f2454d6bbadba8a11b311d4c038dc030cbc3ef35
resized_images/healthy01/healthy_0218.jpg,archive/development/resized_images/healthy01/healthy_0218.jpg,274061,9b44a7e6f4b9692cb38579293ef9f727f4f4c30075a1ba8de022e71ca7d4dcfe
resized_images/healthy01/healthy_0219.jpg,archive/development/resized_images/healthy01/healthy_0219.jpg,208096,04d7a832c1ba4de8ea6254a1f54985c54ed2d53a61b24de9b1e6d60feeff5f78
resized_images/healthy01/healthy_0220.jpg,archive/development/resized_images/healthy01/healthy_0220.jpg,227715,7b43c13be01d69393fb27e8678ac3abba5b4bcf2686c3ce36656d68d836e05b3
resized_images/healthy01/healthy_0221.jpg,archive/development/resized_images/healthy01/healthy_0221.jpg,203997,56b56c56ef79f85bed0c4013613b7aee41ef06ed3eedcd144870ce1a8dbfa7fb
resized_images/healthy01/healthy_0222.jpg,archive/development/resized_images/healthy01/healthy_0222.jpg,217442,9f25492849df36bd4d48e1662d907f14ec77f34977688d6694f0086676a91932
resized_images/healthy01/healthy_0223.jpg,archive/development/resized_images/healthy01/healthy_0223.jpg,205076,48865a2d5dd7087452e8ee57850ff12aa3d3d7d64bd8c59c7c5fc413589246dc
resized_images/healthy01/healthy_0224.jpg,archive/development/resized_images/healthy01/healthy_0224.jpg,214591,05b63782b118c7fbc1cd18c3a7d611ef819aeb85c5524e6cebd95140015ae79f
resized_images/healthy01/healthy_0225.jpg,archive/development/resized_images/healthy01/healthy_0225.jpg,182385,651ba027bbfc81d57ee2d28b8875aa76bdaedc04a77df2196654ed29e7895b29
resized_images/healthy01/healthy_0226.jpg,archive/development/resized_images/healthy01/healthy_0226.jpg,176703,db5d4efab948f8638ec395f6ee2346756ae0e6c5eead88bd80301c9083d0fc53
resized_images/healthy01/healthy_0227.jpg,archive/development/resized_images/healthy01/healthy_0227.jpg,212137,89cdc1b3f7f1e2260475686c056e388533f01a0c207a10aa063b06b72a4bac9a
resized_images/healthy01/healthy_0228.jpg,archive/development/resized_images/healthy01/healthy_0228.jpg,221844,a17df58e1e6a0b17c9789bfafd11875b9c80082bc6f4b800481b45f006560585
resized_images/healthy01/healthy_0229.jpg,archive/development/resized_images/healthy01/healthy_0229.jpg,200336,9e69f2acc253755a4397a015c7100883245c7aaf7df322ced5c2e1fea04cfec1
resized_images/healthy01/healthy_0230.jpg,archive/development/resized_images/healthy01/healthy_0230.jpg,232614,7f46cf16565ea7bd1dd7847ff45ce7685d40cbc099242e070d649709b9790ce6
resized_images/healthy01/healthy_0231.jpg,archive/development/resized_images/healthy01/healthy_0231.jpg,229077,135d001a8704da00baa51c27bb7ddd1898cbb2803cd422c4de8d08ad418fda9f
resized_images/healthy01/healthy_0232.jpg,archive/development/resized_images/healthy01/healthy_0232.jpg,205330,c51c4b358e8ddb0625329b8c406e71bd82bad00f290bb2ba8743cde7c156914f
resized_images/healthy01/healthy_0233.jpg,archive/development/resized_images/healthy01/healthy_0233.jpg,257967,381eb2882455f15c4d8231b70a5e799bc5cac8fdc5745d6ad7e50f8b8cdca292
resized_images/healthy01/healthy_0234.jpg,archive/development/resized_images/healthy01/healthy_0234.jpg,226205,f7b17a9a5a0c86937877a77ab4f26a49065b8ee15c9a84f5ea8904c9b9ef82a8
resized_images/healthy01/healthy_0235.jpg,archive/development/resized_images/healthy01/healthy_0235.jpg,206201,5d8431f66fd34dd61c9cc12f3a8373088090b1c7fdfe45fb8d795ad9e3f35e61
resized_images/healthy01/healthy_0236.jpg,archive/development/resized_images/healthy01/healthy_0236.jpg,219928,bdd2a054ad90a8389c22822f69849944110e4051689bea9e849934060da1c39c
resized_images/healthy01/healthy_0237.jpg,archive/development/resized_images/healthy01/healthy_0237.jpg,229338,82240ccbf8556ba3439f42629a3b94c49c1dce23916560374d9ec2b57daedd1f
resized_images/healthy01/healthy_0238.jpg,archive/development/resized_images/healthy01/healthy_0238.jpg,254329,379b4a1576f637a0d337ef63ce4c7cd9c3c3f469ccda17b3a56a03627e2607c7
resized_images/healthy01/healthy_0239.jpg,archive/development/resized_images/healthy01/healthy_0239.jpg,247265,4648b537c795f02295ae032595726fefe4f028220ad103b05b60ee30c375489e
resized_images/healthy01/healthy_0240.jpg,archive/development/resized_images/healthy01/healthy_0240.jpg,241778,010fcd576c12dbef10fa5ebd9daf48bd923688a446256c900459598cc38df7cd
resized_images/healthy01/healthy_0241.jpg,archive/development/resized_images/healthy01/healthy_0241.jpg,279817,cad2e4a2690586eb635e4e62da4303abfef8e594387c9330964c6a9076da6822
resized_images/healthy01/healthy_0242.jpg,archive/development/resized_images/healthy01/healthy_0242.jpg,238014,f0ce19a501dc59bff5a1115f111968c5ffd1f6f61360372a1296ef37c1d19053
resized_images/healthy01/healthy_0243.jpg,archive/development/resized_images/healthy01/healthy_0243.jpg,195983,01d5a44752ac21ca261b31fda98dca40c06fdb10f599acae52006ef0a7068fd0
resized_images/healthy01/healthy_0244.jpg,archive/development/resized_images/healthy01/healthy_0244.jpg,201954,6035398333a0370579752f89d5ffbb44671894ec5d1abf0362d700f6fd1f12c6
resized_images/healthy01/healthy_0245.jpg,archive/development/resized_images/healthy01/healthy_0245.jpg,175695,22ca1763f8f2ac03c95b267a71dc51b4e730146d494ae8d079510b5045946ed4
resized_images/healthy01/healthy_0246.jpg,archive/development/resized_images/healthy01/healthy_0246.jpg,188754,b5b0935aa725e488eb91e208a66fd59ea30d856c8c5755e6af3f2c8d52f9bddf
resized_images/healthy01/healthy_0247.jpg,archive/development/resized_images/healthy01/healthy_0247.jpg,191199,774485c752d31f4423e5634ff6b13ace9808328c6c099f86ab30d832845379c0
resized_images/healthy01/healthy_0248.jpg,archive/development/resized_images/healthy01/healthy_0248.jpg,300289,c55aed3dee377a9d5674227e80da10bff08033a1f8a1f10dba45499925fb7546
resized_images/healthy01/healthy_0249.jpg,archive/development/resized_images/healthy01/healthy_0249.jpg,268356,2375e68e46c3011e75f55b08064654759fd85385ceea0e601411ec5fe1a1950c
resized_images/healthy01/healthy_0250.jpg,archive/development/resized_images/healthy01/healthy_0250.jpg,329411,55b433771273bec642c89938f34b72fefe3f62f0fe90fb20b883730b7445fa87
resized_images/healthy01/healthy_0252.jpg,archive/development/resized_images/healthy01/healthy_0252.jpg,338197,26c21e788db26949989b325c96498124dcd8cd0f5481ba2bab11578af4044ed4
resized_images/healthy01/healthy_0253.jpg,archive/development/resized_images/healthy01/healthy_0253.jpg,346700,e95d08ef039155698d36b67b25ba501447f452d2938bd6122c5cbabf5c184833
resized_images/healthy01/healthy_0254.jpg,archive/development/resized_images/healthy01/healthy_0254.jpg,316501,8b76466114a530580552688a2c025ee850f00fe6ae4c0b5a49e7ab0029ee332e
resized_images/healthy01/healthy_0255.jpg,archive/development/resized_images/healthy01/healthy_0255.jpg,273551,014d5b43a5b95f95eb45e0524bb97d9c5c3d6e9eda333893b925383ed25e763e
resized_images/healthy01/healthy_0256.jpg,archive/development/resized_images/healthy01/healthy_0256.jpg,270127,a27362136cb6e9c67b3038f688c9439383cd68093384cc93d2e55a254c91d4cb
resized_images/healthy01/healthy_0257.jpg,archive/development/resized_images/healthy01/healthy_0257.jpg,213204,8a9f5dba4ada209105b83eb8d0763a487cd9a4d6feee7111e0bf1afc7c70578f
resized_images/healthy01/healthy_0258.jpg,archive/development/resized_images/healthy01/healthy_0258.jpg,207897,b751656866a615b3560130b18f5e2915f9bd660501ff6695f2d28d08b35ccc92
resized_images/healthy01/healthy_0259.jpg,archive/development/resized_images/healthy01/healthy_0259.jpg,257183,c5c4718380ce1c5beb4f6a593b79f41ea445678d7b75fdcd265261d5c588f817
resized_images/healthy01/healthy_0260.jpg,archive/development/resized_images/healthy01/healthy_0260.jpg,324556,332c588689115dec3b9584a47f336b10a88cb71faa1e3537659064e8c877b18f
resized_images/healthy01/healthy_0261.jpg,archive/development/resized_images/healthy01/healthy_0261.jpg,292000,ab225d6118be0e6049d7dbf35c357e0cbb49be5a88b451b430fa81961193f9bb
resized_images/healthy01/healthy_0262.jpg,archive/development/resized_images/healthy01/healthy_0262.jpg,190297,771eff81e1506e32892475777f7085d3420a52f9da7bcf5b1159ccfcd8122169
resized_images/healthy01/healthy_0263.jpg,archive/development/resized_images/healthy01/healthy_0263.jpg,203414,6fcd5e99dbb25f516e2fd52e987b7e388c60ecd58d1b24aa4e6c884050cc1f38
resized_images/healthy01/healthy_0264.jpg,archive/development/resized_images/healthy01/healthy_0264.jpg,246200,3f465540fabe7bb8a4720141c7c33b8f9198809b58b4c08d9e90b7ded963c4ed
resized_images/healthy01/healthy_0265.jpg,archive/development/resized_images/healthy01/healthy_0265.jpg,216726,d32337dd2cab9e891b1ddc652e6b27de1f57c1d4f6b0566da4d71ecc7f9cdf0f
resized_images/healthy01/healthy_0266.jpg,archive/development/resized_images/healthy01/healthy_0266.jpg,271896,60ad1791359fbbb374f841bc33cb156283eb11d723e377cb8e9c4b1bd3b6a4de
resized_images/healthy01/healthy_0268.jpg,archive/development/resized_images/healthy01/healthy_0268.jpg,292217,3a1dc344a0d043d3a0a6916a65cadb008ae6d0705fe24c094d13c09ca33c2a73
resized_images/healthy01/healthy_0269.jpg,archive/development/resized_images/healthy01/healthy_0269.jpg,242296,5b01579c3d405d60959de05a83801282bbaf413fe2c2a3175cbb13d84f3dd6ab
resized_images/healthy01/healthy_0270.jpg,archive/development/resized_images/healthy01/healthy_0270.jpg,269846,b82763b4e4c3c6eb5b191c63f818afffdd9494199675ea3cab4a8920dfc685ef
resized_images/healthy01/healthy_0273.jpg,archive/development/resized_images/healthy01/healthy_0273.jpg,259738,84f4a1a065a543f3bdd59e1e763e8f2cf50195e7ff67385a97b620365b7b38f2
resized_images/healthy01/healthy_0274.jpg,archive/development/resized_images/healthy01/healthy_0274.jpg,230599,103f0f9518aae695aeda72d03c8d9d64ad848730fa7767640829031c7b5cb019
resized_images/healthy01/healthy_0277.jpg,archive/development/resized_images/healthy01/healthy_0277.jpg,219853,8918dd5024c2bd76803c5941c3f0c7ca27ecaeb9b271fcc5f0ad50b8966a1bf5
resized_images/healthy01/healthy_0278.jpg,archive/development/resized_images/healthy01/healthy_0278.jpg,213867,7b0b67258f44922250735192330de6d6682d901e196c51c3f4319a83335b8026
resized_images/healthy01/healthy_0281.jpg,archive/development/resized_images/healthy01/healthy_0281.jpg,230648,59e0aabd97796b572dd8a7366a8333b49f7a81148f383da3e58c7c9455334373
resized_images/healthy01/healthy_0282.jpg,archive/development/resized_images/healthy01/healthy_0282.jpg,256380,b626504238f76f310d877d0697cc3f468d26737a385113910799da5607fdf376
resized_images/healthy01/healthy_0283.jpg,archive/development/resized_images/healthy01/healthy_0283.jpg,300699,17f257d15de89913e878006da945825ef47082553e777a98b14ad494a1ee0210
resized_images/healthy01/healthy_0284.jpg,archive/development/resized_images/healthy01/healthy_0284.jpg,291477,f691e4611b621cf79db563a67f4ee21db19fb349923a56b1e22534dcfd8d9796
resized_images/healthy01/healthy_0285.jpg,archive/development/resized_images/healthy01/healthy_0285.jpg,210775,e527478317cf26d2c2d42678b1b53a984df30407b55f6c58a03e0086ebfddc34
resized_images/healthy01/healthy_0288.jpg,archive/development/resized_images/healthy01/healthy_0288.jpg,265767,b2594bf503233a7a1c3a9c4f60a985189b87b51ed96a24c62c269e0250e50efd
resized_images/healthy01/healthy_0290.jpg,archive/development/resized_images/healthy01/healthy_0290.jpg,277551,8115cd8b9e41fbcc4eaaf29d2b93794824a2adc5fe11da648bb9c7a91fe5fd11
resized_images/healthy01/healthy_0292.jpg,archive/development/resized_images/healthy01/healthy_0292.jpg,252400,1a4555bc833b1fb94dbd89d55fb12bde8bf243fda0e175f2ed4a481282f42651
resized_images/healthy01/healthy_0293.jpg,archive/development/resized_images/healthy01/healthy_0293.jpg,191921,d1c46a4ac8db321e38fe87433c7f65f7fc6ea2e33fa0e02e7b3c0c1cc419daf3
resized_images/healthy01/healthy_0295.jpg,archive/development/resized_images/healthy01/healthy_0295.jpg,205644,8f123719cefc54dc7e03e8a9c7fe95861acca7bcd7547cda78782164089e6d80
resized_images/healthy01/healthy_0297.jpg,archive/development/resized_images/healthy01/healthy_0297.jpg,184049,247268f9f76bab6e37cac32ef8f4dee475563f2ffaac14f72ac8de21fe2452d4
resized_images/healthy01/healthy_0298.jpg,archive/development/resized_images/healthy01/healthy_0298.jpg,221931,bb4c29095f81a3c9d1c4f6951c13f84702e30ace5c2230e26b1776e1ff8b38c3
resized_images/healthy01/healthy_0299.jpg,archive/development/resized_images/healthy01/healthy_0299.jpg,253038,148f7c393c9281b6eae02ede624dd22ab8d3b4ab7da580d7ff408c27c9c35505
resized_images/healthy01/healthy_0300.jpg,archive/development/resized_images/healthy01/healthy_0300.jpg,272599,dcdc1c6635ca4dd5ee4a40577f47ac08283d5a3bffbb476a05c08ee18fc8d6bc
resized_images/healthy01/healthy_0302.jpg,archive/development/resized_images/healthy01/healthy_0302.jpg,278547,eddcbb5689cd1e6cd710902aa393687ad3c5718f94ff32ea8b8de26b0e43b9ea
resized_images/healthy01/healthy_0303.jpg,archive/development/resized_images/healthy01/healthy_0303.jpg,303641,96ffa30e86bb95b047a196c6657f863847bbce7d3ed28089495e8b13e01e5f30
resized_images/healthy01/healthy_0306.jpg,archive/development/resized_images/healthy01/healthy_0306.jpg,221188,0c58e97df380651d1f3edf0381e4e3cff712c33d1d3d6b647f1165002186715b
resized_images/healthy01/healthy_0308.jpg,archive/development/resized_images/healthy01/healthy_0308.jpg,221251,efbb41a1752980cd9acc38160f07f0dbbee096d7604dd02c9f49bbc68aec3177
resized_images/healthy01/healthy_0310.jpg,archive/development/resized_images/healthy01/healthy_0310.jpg,187039,8d174d18b4424ef13e2d280ee304470f670eddbcda32b8229ee0100487f02502
resized_images/healthy01/healthy_0311.jpg,archive/development/resized_images/healthy01/healthy_0311.jpg,241103,892f09cc7439fc52f1d15492cb4f4ece970c3441fb0887a8e22c56e20eb55e4e
resized_images/healthy01/healthy_0313.jpg,archive/development/resized_images/healthy01/healthy_0313.jpg,240783,83c71c3e288ec720368671562425a9934221b7373ca9845d029a32d6ce30d4f7
resized_images/healthy01/healthy_0316.jpg,archive/development/resized_images/healthy01/healthy_0316.jpg,265720,fc8b3e0d1b49fb0ca5f823b5b608b7f3ebbd7ba97e5f66e026455105d43ad9f8
resized_images/healthy01/healthy_0318.jpg,archive/development/resized_images/healthy01/healthy_0318.jpg,234369,08e8c67f895ce733106951b74635bc71ab2c2f1f5d74186be9ac1418d3fc8dd9
resized_images/healthy01/healthy_0320.jpg,archive/development/resized_images/healthy01/healthy_0320.jpg,231661,40d82f7912d3e352cf5a1555a1c93e24d56fbb0458da9a78102fb122ef4b22aa
resized_images/healthy01/healthy_0321.jpg,archive/development/resized_images/healthy01/healthy_0321.jpg,203228,860e3386da3b0dd1778b1ed6eda69f8dc07fe1d063ed7274b0aed77956e1cdfa
resized_images/healthy01/healthy_0324.jpg,archive/development/resized_images/healthy01/healthy_0324.jpg,226506,3371c0c6d3c29e4668facdb4b2f3c541c579f81ca7d77849de1fd1b859d7fb5e
resized_images/healthy01/healthy_0325.jpg,archive/development/resized_images/healthy01/healthy_0325.jpg,326881,7091bc335ce8a65dd4d3f3de553f55091e9e992f95cbf844867f98194df32f5b
resized_images/healthy01/healthy_0327.jpg,archive/development/resized_images/healthy01/healthy_0327.jpg,247607,4f042bee059da463bc70ed8f33c7068ff73e4aa4dc31786ee7ea7949dcc685d9
resized_images/healthy01/healthy_0329.jpg,archive/development/resized_images/healthy01/healthy_0329.jpg,239740,d825905f21c2a97bf783a2087d13a7496bc9ceb70740c44c3c9da465c3347153
resized_images/healthy01/healthy_0330.jpg,archive/development/resized_images/healthy01/healthy_0330.jpg,245774,59f2848eee0ce074c2686502596deaf4f64fe823d83e88bfd3d5112b893309cf
resized_images/healthy01/healthy_0331.jpg,archive/development/resized_images/healthy01/healthy_0331.jpg,250410,8148a6822bc9baa323c09123d98243f16a485413e80369b9c4abe42299ea489c
resized_images/healthy01/healthy_0332.jpg,archive/development/resized_images/healthy01/healthy_0332.jpg,217934,921d709580a5db620b4ae1af9ba1f91eafb34cba2ef55f6d660dfcff3e17f143
resized_images/healthy01/healthy_0333.jpg,archive/development/resized_images/healthy01/healthy_0333.jpg,253050,d6734a93ecd93f070f0ef662d4241d941e73aa1792e1f5d83a08fa56cc7ec88a
resized_images/healthy01/healthy_0336.jpg,archive/development/resized_images/healthy01/healthy_0336.jpg,223739,062e9d5b17d7ad6b196d48cba0fba0fd1c758760e05ad41604b74b52eda64dc6
resized_images/healthy01/healthy_0338.jpg,archive/development/resized_images/healthy01/healthy_0338.jpg,271270,9f4d5ae0e64963e5e1470b9bb5d06eae8e185ce01152e953b40ebad34b9f8cef
resized_images/healthy01/healthy_0339.jpg,archive/development/resized_images/healthy01/healthy_0339.jpg,199872,4ff1e94c6ec63fdd5645cbc2a936a577e81bd49c3d3deef7412ffcda6960f9da
resized_images/healthy01/healthy_0344.jpg,archive/development/resized_images/healthy01/healthy_0344.jpg,357040,722698b4a5226092a4f07b11d6adf60779b260efd1c5b79ef2f7430f7cf06041
resized_images/healthy01/healthy_0345.jpg,archive/development/resized_images/healthy01/healthy_0345.jpg,216437,dbbe0111b0cc56102c64f2ef47c42b57c0e2215de72ab149ae516b360ee7935b
resized_images/healthy01/healthy_0346.jpg,archive/development/resized_images/healthy01/healthy_0346.jpg,214436,f3e0683b32ce3f471bbb6037fcda06c33a0f4a2d0b1b0df7e8458cbe96214150
resized_images/healthy01/healthy_0347.jpg,archive/development/resized_images/healthy01/healthy_0347.jpg,207789,9c6fac544ba0845fdd430dcc858539b96e596730078462297517653912844a3f
resized_images/healthy01/healthy_0348.jpg,archive/development/resized_images/healthy01/healthy_0348.jpg,234024,d9364118f32a3241c94b61538550d6c6274db10b94d88b0c960527a888f8a181
resized_images/healthy01/healthy_0350.jpg,archive/development/resized_images/healthy01/healthy_0350.jpg,209726,9d189086f9a0ba81c26cb9a7bdfbc00a77df1b0ccc4a48bc9bf9d7dec8599236
resized_images/healthy01/healthy_0351.jpg,archive/development/resized_images/healthy01/healthy_0351.jpg,189673,fe7e2d5aabdc6cf7081adfe71bdd874567f9e37c23d5330781b85d388c0521cb
resized_images/healthy01/healthy_0353.jpg,archive/development/resized_images/healthy01/healthy_0353.jpg,246771,f33c734e23e0311168444bca04de0a1412fecd92f7ac189a8fe57f43df4d73cb
resized_images/healthy01/healthy_0355.jpg,archive/development/resized_images/healthy01/healthy_0355.jpg,230102,1112e776a1b8c41bcd4dff78307fc46e82a4a2c9825d0d61d15361dd50c05774
resized_images/healthy01/healthy_0356.jpg,archive/development/resized_images/healthy01/healthy_0356.jpg,222220,8a901a65b9b720e3cd828940386473d40c1720db8467ccfea90218a15766903b
resized_images/healthy01/healthy_0358.jpg,archive/development/resized_images/healthy01/healthy_0358.jpg,202548,96eee832cf27aea457a5f409498677d474dd7c6011d9ef4eb0b97dce8a07c4d1
resized_images/healthy01/healthy_0359.jpg,archive/development/resized_images/healthy01/healthy_0359.jpg,209341,cd465e10d0e34c18396bade9ec762ea3377c2982c8eca740caea6afee170e138
resized_images/healthy01/healthy_0365.jpg,archive/development/resized_images/healthy01/healthy_0365.jpg,201856,f1cfe748467a25b6123a6cf75b59d37a921b536c2ae1473f4234c532c0014e12
resized_images/healthy01/healthy_0366.jpg,archive/development/resized_images/healthy01/healthy_0366.jpg,408945,3ad747e50ee6ea9baa435287ea8392992e3bac2fabcb7d41fd125a3392266f78
resized_images/healthy01/healthy_0369.jpg,archive/development/resized_images/healthy01/healthy_0369.jpg,173202,2a17b4b58ba8ed8ee153b30c96570478eb4e28a8dcc2c4d411a69916b4842124
resized_images/healthy01/healthy_0375.jpg,archive/development/resized_images/healthy01/healthy_0375.jpg,204310,9eecccae0192cc6582921094a8215a1de2e549442a23a285db4a7567134e30df
resized_images/healthy01/healthy_0376.jpg,archive/development/resized_images/healthy01/healthy_0376.jpg,187690,4611faeb06dec8d5be49795bd5e400504ac654fb74af40c14c82c7ef3cad2cef
resized_images/healthy01/healthy_0382.jpg,archive/development/resized_images/healthy01/healthy_0382.jpg,199297,877dc3f7c126144889933f06c1c62a3a5019273351c7846a1c24889e0534634a
resized_images/healthy01/healthy_0388.jpg,archive/development/resized_images/healthy01/healthy_0388.jpg,162538,79a0c350731fe63e2817c42c75ad540ce262ea7342113d8e67b4b67d9b60f367
resized_images/healthy01/healthy_0393.jpg,archive/development/resized_images/healthy01/healthy_0393.jpg,295479,e0de057f59e2bdd950cea09abffd2497529245c38b88065895c8495068c54f2a
resized_images/healthy01/healthy_0394.jpg,archive/development/resized_images/healthy01/healthy_0394.jpg,270838,1f0f725dc69c58f57f189d2ad7b14b6a552e4be3036c3e4de74324c3286f6150
resized_images/healthy01/healthy_0398.jpg,archive/development/resized_images/healthy01/healthy_0398.jpg,180262,53c1c4580b377c1bee9e06a8ce50fecdc02fd870dd9cc47d848b5f6bfb46bd81
resized_images/healthy01/healthy_0399.jpg,archive/development/resized_images/healthy01/healthy_0399.jpg,189072,f6eeb7625a2e836fe70e7e33d383578b8a0daf0ca8f8ced771798d46187e62d5
resized_images/healthy01/healthy_0402.jpg,archive/development/resized_images/healthy01/healthy_0402.jpg,167298,6263502b786616770e99a34b65845a950aa695fd5569c0ca703257eb48576a87
resized_images/healthy01/healthy_0409.jpg,archive/development/resized_images/healthy01/healthy_0409.jpg,192328,d5686369c9ae282e8d060b476ebe1ca1d37b7fad76317cf45e38922785cc9fb7
resized_images/healthy01/healthy_0410.jpg,archive/development/resized_images/healthy01/healthy_0410.jpg,203960,c1a2e7b54a1abb9bd51e24b6861b35ffd0f612f07c0bfd77377df70cd5ab1647
resized_images/healthy01/healthy_0413.jpg,archive/development/resized_images/healthy01/healthy_0413.jpg,202138,971f4ebedc72ce99fc3d56d00db7cd00dd93e78ca99df0aba0b0c896b9e1de88
resized_images/healthy01/healthy_0414.jpg,archive/development/resized_images/healthy01/healthy_0414.jpg,194995,1af9789af8f6686131226a1a24fcc84a32f75dd64e8a85ad336ccd01a05bd3e8
resized_images/healthy01/healthy_0415.jpg,archive/development/resized_images/healthy01/healthy_0415.jpg,300625,d3cd3aa62db3c85603f20e0c96da69adc1377dcc9ad58d91f01f1f756a2a8669
resized_images/healthy01/healthy_0416.jpg,archive/development/resized_images/healthy01/healthy_0416.jpg,305514,cdc2c64c6096cd70e40d71b572d1d2ab695866756820de6fb456fb9189cd72c4
resized_images/healthy01/healthy_0417.jpg,archive/development/resized_images/healthy01/healthy_0417.jpg,262459,a1974ac5b811db9a3ce05aa391bd3c603300500e60a681a6e82a5dd82e517a35
resized_images/healthy01/healthy_0420.jpg,archive/development/resized_images/healthy01/healthy_0420.jpg,233153,3a582566313f6f0888172443089e0497b31b74084126e7f3e74af2edef8f24c8
resized_images/healthy01/healthy_0421.jpg,archive/development/resized_images/healthy01/healthy_0421.jpg,279668,0df88b950fca4b34d927b1732cea8efdd6337202784eca4ae9ee1ac4b777bbfa
resized_images/healthy01/healthy_0423.jpg,archive/development/resized_images/healthy01/healthy_0423.jpg,191540,f7cd9d784ea759e180065da05da54c1ae2ca18778b0665ba310306a4cf388b6a
resized_images/healthy01/healthy_0424.jpg,archive/development/resized_images/healthy01/healthy_0424.jpg,229463,163787e756eb2383925adae2d982ca267739dd48e37b67d35af93dc5dc5997cd
resized_images/healthy01/healthy_0425.jpg,archive/development/resized_images/healthy01/healthy_0425.jpg,239209,090c7e8523f45808e63660eda8632b7280a7ac5f6a1d5a872a2a700e7894f536
resized_images/healthy01/healthy_0426.jpg,archive/development/resized_images/healthy01/healthy_0426.jpg,239663,21847eddfb32362d2160e6dac911c2114ba8cdb3230064c7af6c2a573b8707f9
resized_images/healthy01/healthy_0427.jpg,archive/development/resized_images/healthy01/healthy_0427.jpg,183407,42465ebe91d99686e55f026180051e4b8d2c12bc091363e54ee4bd80f6e2a369
resized_images/healthy01/healthy_0428.jpg,archive/development/resized_images/healthy01/healthy_0428.jpg,198561,2a3c98db5c08afb2b986a92826de01bfc6e3ac7c026e05fd2a17dc40d8193418
resized_images/healthy01/healthy_0429.jpg,archive/development/resized_images/healthy01/healthy_0429.jpg,190250,6d8c5a0d8a35eca58737ed7a9065394524cecc562d11a6e00e0808eb8705dd88
resized_images/healthy01/healthy_0431.jpg,archive/development/resized_images/healthy01/healthy_0431.jpg,249744,6581b91a56c7bc4395307ba5f3fbe512361215950b09160b3146a9549e8c5d84
resized_images/healthy01/healthy_0432.jpg,archive/development/resized_images/healthy01/healthy_0432.jpg,240981,8c0fcaf51d6dbd18a678e6cf6a073a6cc1768b4298af00af13f842349bb71529
resized_images/healthy01/healthy_0433.jpg,archive/development/resized_images/healthy01/healthy_0433.jpg,250977,56905575a9dc08fcdd68b5438ebe6b440eb6e3f2ad12e7938b7108bf445d7fbc
resized_images/healthy01/healthy_0434.jpg,archive/development/resized_images/healthy01/healthy_0434.jpg,248445,153c5401f1a8b0b63c8fb78c751008b192e4c9ee7f3f12d57ed774dd918972ff
resized_images/healthy01/healthy_0435.jpg,archive/development/resized_images/healthy01/healthy_0435.jpg,195386,6f941a24717396eafab88e812f073508dd8ef6a1e346a927af890d2dcc021c94
resized_images/healthy01/healthy_0436.jpg,archive/development/resized_images/healthy01/healthy_0436.jpg,224908,4a9bd283156c6ecd08a696eb06845408097c5809589fab0ec7eaf4d5d0ee814b
resized_images/healthy01/healthy_0438.jpg,archive/development/resized_images/healthy01/healthy_0438.jpg,278370,b50dbc33c88cb7563c1156e7af44b837872b1167cfb9df0f4ec6a1171a66048b
resized_images/healthy01/healthy_0439.jpg,archive/development/resized_images/healthy01/healthy_0439.jpg,209432,598ec2f1b2f71f4bbe61e44bec3295becea30fd188b5ca2a61a0e182b91ba778
resized_images/healthy01/healthy_0440.jpg,archive/development/resized_images/healthy01/healthy_0440.jpg,224587,8c033b60db26cc077f9b27bec3e3233363e63878b5fb72a464db79be910330cd
resized_images/healthy01/healthy_0443.jpg,archive/development/resized_images/healthy01/healthy_0443.jpg,226199,085186a1f331f168905d2ca341e2f5d51fcb94ed93444caa954432855c0fdbbd
resized_images/healthy02/healthy_0444.jpg,archive/development/resized_images/healthy02/healthy_0444.jpg,274856,c216dd0d4c8ecf9d73bb5bb8b813d2c5c64079e6ebe184fc1bbe703ec2a2ae66
resized_images/healthy02/healthy_0445.jpg,archive/development/resized_images/healthy02/healthy_0445.jpg,280260,1639f17f2c668dd0e194d63ca6621da90d228492704409e1f732d5e17dad11b2
resized_images/healthy02/healthy_0446.jpg,archive/development/resized_images/healthy02/healthy_0446.jpg,227989,83de84ce259302eebba2a4985d9401c3867741896b1c58ac61c327c1f55d78dd
resized_images/healthy02/healthy_0447.jpg,archive/development/resized_images/healthy02/healthy_0447.jpg,231143,d008631435ef0c7bf77f66537deae926c64d217546a4ea0db54792ee83e0b2bd
resized_images/healthy02/healthy_0449.jpg,archive/development/resized_images/healthy02/healthy_0449.jpg,315805,04159a41c5814f4906bbc8cdff527666dc37b55ab22947216884aebe0715fb5e
resized_images/healthy02/healthy_0450.jpg,archive/development/resized_images/healthy02/healthy_0450.jpg,235664,fa45bc5a1ce7defc55e81b633fa5c6a304d9e724277b23b1873ba741ab1fbaef
resized_images/healthy02/healthy_0451.jpg,archive/development/resized_images/healthy02/healthy_0451.jpg,248046,40dcae78ac0b06908247904c75686d29c7d3af998d576bf3a7e40de29252e597
resized_images/healthy02/healthy_0452.jpg,archive/development/resized_images/healthy02/healthy_0452.jpg,286100,d44b080452d702f3f801f0e723caf8c865c7082550022dc6e81d3469d340b216
resized_images/healthy02/healthy_0453.jpg,archive/development/resized_images/healthy02/healthy_0453.jpg,251165,c90d525d94ce37419de69dbf87a7e3704aebd7375150ac8d40b6ae8ac0ac9661
resized_images/healthy02/healthy_0454.jpg,archive/development/resized_images/healthy02/healthy_0454.jpg,255611,2f293fd47c9cc48eaa81d9be2b6da89df687da98b3933ab0f4f976b499953bed
resized_images/healthy02/healthy_0455.jpg,archive/development/resized_images/healthy02/healthy_0455.jpg,324324,1d861bc01303860201a71aa5c4202e6bb7a9782a11f15f7ce3ca272d526553da
resized_images/healthy02/healthy_0456.jpg,archive/development/resized_images/healthy02/healthy_0456.jpg,284474,862a8efdb634311884be61d1ec1665b80a9ec4ba8997ab7ad50282d96010ec64
resized_images/healthy02/healthy_0457.jpg,archive/development/resized_images/healthy02/healthy_0457.jpg,266671,b6400bd1641c0e338f85a3c0a78a879ac297db8ba1197aeeae0a2fa2d42d27c7
resized_images/healthy02/healthy_0458.jpg,archive/development/resized_images/healthy02/healthy_0458.jpg,275966,df65dfbba05b224a1542da1ff24d01454d8431851eb75bb2da49934e7874f245
resized_images/healthy02/healthy_0459.jpg,archive/development/resized_images/healthy02/healthy_0459.jpg,239398,3d9fa05140f7f20dfce3ada6faf5b92db03749db9910f7571f15d4e2c33efb7e
resized_images/healthy02/healthy_0460.jpg,archive/development/resized_images/healthy02/healthy_0460.jpg,269950,c8b0093fa65eed579bca7d0c1f41f311a69ec74433b049dd5148fd51ebe92d95
resized_images/healthy02/healthy_0461.jpg,archive/development/resized_images/healthy02/healthy_0461.jpg,296261,92b409d2e4932501876a894c64d15b44d85f011408043e293ab2b392a9181e70
resized_images/healthy02/healthy_0462.jpg,archive/development/resized_images/healthy02/healthy_0462.jpg,252410,ec189d0d9bf97d5cca21aff10ed1a954fd641906dcb0585a68d6c37ef4f618a8
resized_images/healthy02/healthy_0464.jpg,archive/development/resized_images/healthy02/healthy_0464.jpg,258968,d6331f3a5fc53eba646f2068995ef324aa9067ba58a445a3836f80de2a92995a
resized_images/healthy02/healthy_0465.jpg,archive/development/resized_images/healthy02/healthy_0465.jpg,268402,ddbe014adc304432c2005e665099285e89f7fbffedca99040f664ac5091cdffc
resized_images/healthy02/healthy_0466.jpg,archive/development/resized_images/healthy02/healthy_0466.jpg,276031,a25c582046f9ffbe6d092b213239662bd67d5acc837e3a42caa439d0c6579bae
resized_images/healthy02/healthy_0467.jpg,archive/development/resized_images/healthy02/healthy_0467.jpg,293397,65ddb0f360a3f52f332ec09684ce733da069ad38dd535a58d9ab44856e5e492b
resized_images/healthy02/healthy_0468.jpg,archive/development/resized_images/healthy02/healthy_0468.jpg,295700,1f1d6fe22b50fdb012fc338b4908b52f9669735e6df01a19206d3db6e8988dd8
resized_images/healthy02/healthy_0469.jpg,archive/development/resized_images/healthy02/healthy_0469.jpg,292434,65593e36ae03bdee3d101ee6912e07f6ffd97ccda3fe47f64268585018f4a892
resized_images/healthy02/healthy_0470.jpg,archive/development/resized_images/healthy02/healthy_0470.jpg,257902,17e08be55fa8a9519779355be9a42da1bf5ea6eeb9a103248a3d50afb0e36a3b
resized_images/healthy02/healthy_0471.jpg,archive/development/resized_images/healthy02/healthy_0471.jpg,271992,204c65757c8abab9aee6d9f4e1db6c9cccc481240d3e1e8ab8f35b04efba1610
resized_images/healthy02/healthy_0472.jpg,archive/development/resized_images/healthy02/healthy_0472.jpg,330466,7105921d98dc5a9f61ea9a8868b0dba26cc2df346638f080978e983654a69283
resized_images/healthy02/healthy_0473.jpg,archive/development/resized_images/healthy02/healthy_0473.jpg,307698,c950742fc80001ee40a46b22eb447641b60fba326e1741ed5540b59b126e227a
resized_images/healthy02/healthy_0474.jpg,archive/development/resized_images/healthy02/healthy_0474.jpg,328028,47d59dccaabba212b98089233f6e554222aa09a8c1ad1d0970d18982db2e45e2
resized_images/healthy02/healthy_0475.jpg,archive/development/resized_images/healthy02/healthy_0475.jpg,342074,058e2b823b0c1cdd004077c92bd5311bba6afe26a3ca5d01edc9ec1938aae123
resized_images/healthy02/healthy_0479.jpg,archive/development/resized_images/healthy02/healthy_0479.jpg,273655,f9be1be251e10715432a942d937d43e91e5aa39d8f59283fe9edde5b65ac6ac5
resized_images/healthy02/healthy_0480.jpg,archive/development/resized_images/healthy02/healthy_0480.jpg,248929,58a81cb67dd4b473f816875551698247c5dca32c599813b3b9515bf2c07165fc
resized_images/healthy02/healthy_0481.jpg,archive/development/resized_images/healthy02/healthy_0481.jpg,256747,1e928a02704c7e0aaa4c9855d6b99f24a2174bafbb67bb8c137d10237ddbfbfd
resized_images/healthy02/healthy_0483.jpg,archive/development/resized_images/healthy02/healthy_0483.jpg,297446,8fd96e7f37d85513782d6d430635b73387e04e6cf72322cdbbb0cee2c740fdd9
resized_images/healthy02/healthy_0484.jpg,archive/development/resized_images/healthy02/healthy_0484.jpg,287936,868dbd2bac66859f8b0ac2dcd40492ba2b7cfc6170c40d8cc1cee8cf7badb292
resized_images/healthy02/healthy_0485.jpg,archive/development/resized_images/healthy02/healthy_0485.jpg,274451,14d87673a18a8678f0622184c29a4f52c3afee9cf1209188faf5273c90c12e83
resized_images/healthy02/healthy_0486.jpg,archive/development/resized_images/healthy02/healthy_0486.jpg,296751,90c704c91f5d81812f0179266c2f23b8642e5daaffd4ae42231d5a76d5832324
resized_images/healthy02/healthy_0487.jpg,archive/development/resized_images/healthy02/healthy_0487.jpg,287219,584c09ab0db5156d0df93849e83f14069982e08f471efe0deb3243a34d0fdfc9
resized_images/healthy02/healthy_0488.jpg,archive/development/resized_images/healthy02/healthy_0488.jpg,310623,97cad5550ffc2fa9e0392ec8f97412886a1260f6daa6149a2472f21dbc3173c7
resized_images/healthy02/healthy_0489.jpg,archive/development/resized_images/healthy02/healthy_0489.jpg,259730,37a916d53db42d2222a5f37b3c5bf1aaf9684981c498c08b7d091bc97b086c09
resized_images/healthy02/healthy_0490.jpg,archive/development/resized_images/healthy02/healthy_0490.jpg,262797,820723a36b0002ef05ac695119ffc224def6e992f2574edb805fddab0f858990
resized_images/healthy02/healthy_0491.jpg,archive/development/resized_images/healthy02/healthy_0491.jpg,289187,6650af955dfca62fa3dbdcb6dbd4b93f620c373a1304f891da88b311a82c1c1e
resized_images/healthy02/healthy_0492.jpg,archive/development/resized_images/healthy02/healthy_0492.jpg,266801,4c47b818cd063e0f3246ced124d62587e6a227fb5f60e0475d0b57db674ec359
resized_images/healthy02/healthy_0493.jpg,archive/development/resized_images/healthy02/healthy_0493.jpg,268281,999a9c62684a206d28876a829c749975d57a3206999280f455a3439035f4a7b6
resized_images/healthy02/healthy_0494.jpg,archive/development/resized_images/healthy02/healthy_0494.jpg,298726,af2e67b91268397dcf6ac7c8fe55139714525d24f1f10f81d6f21a9e4dcf8ffe
resized_images/healthy02/healthy_0495.jpg,archive/development/resized_images/healthy02/healthy_0495.jpg,270049,e1287555dd0bc157bb8e67a7d1896aee01341caf84ce4e693cc86603f4270a6d
resized_images/healthy02/healthy_0496.jpg,archive/development/resized_images/healthy02/healthy_0496.jpg,424497,abe0b600c4ba902eacff9770c2ee66ce1afec3635798e4da0d06e7ec0f261fff
resized_images/healthy02/healthy_0497.jpg,archive/development/resized_images/healthy02/healthy_0497.jpg,293171,396a4b5ba55a0e2e8c37d3402ab85479a31ba2c8595dd5a63ed8643a03e322c0
resized_images/healthy02/healthy_0498.jpg,archive/development/resized_images/healthy02/healthy_0498.jpg,339283,fc4e60f7ec2a2e6d9c178bdccd5d9956c1b4d9a4aaa26113382ef5ad5a68890c
resized_images/healthy02/healthy_0499.jpg,archive/development/resized_images/healthy02/healthy_0499.jpg,276688,0d26f0e2a7c59a08347d7301c8a355bf8b88e0d8b50d780d5bd9b0db63b88d35
resized_images/healthy02/healthy_0500.jpg,archive/development/resized_images/healthy02/healthy_0500.jpg,230883,4fcb4a741889f2773faab142f33bdbb2199de3f479802eeb76e433d482d40b40
resized_images/healthy02/healthy_0501.jpg,archive/development/resized_images/healthy02/healthy_0501.jpg,226230,a02bd32e213f2d840f7d20dc59551d51fbd44cfa0c8b25495f502e4bcd9f8888
resized_images/healthy02/healthy_0502.jpg,archive/development/resized_images/healthy02/healthy_0502.jpg,213949,bc6fa0965605f247cf83dd6ac10dc1f1e837381de35d8608a5c7a63c710843bd
resized_images/healthy02/healthy_0503.jpg,archive/development/resized_images/healthy02/healthy_0503.jpg,269136,29903fe6a6deed4bde3051548b02fc627747b9f57c1426fd1f9b17d6ea92b922
resized_images/healthy02/healthy_0504.jpg,archive/development/resized_images/healthy02/healthy_0504.jpg,225121,223813eb77e14d3048bfeb12146d28034ad67d86d12a1e5035e855d87bb89bd0
resized_images/healthy02/healthy_0505.jpg,archive/development/resized_images/healthy02/healthy_0505.jpg,216576,a90b97c9e200a3e16eaad527ffbb9ea9a2c612e9e37dcca8684d368f8ed6d8e1
resized_images/healthy02/healthy_0506.jpg,archive/development/resized_images/healthy02/healthy_0506.jpg,226300,89482927163cabf6f354de5e1da515dd3cd8faf6a1313d1e8f8198e8cfb23b7f
resized_images/healthy02/healthy_0507.jpg,archive/development/resized_images/healthy02/healthy_0507.jpg,231310,463c70226fd5a8ad0bce30f8d848257e23122060482bc3b45efb27e743753d65
resized_images/healthy02/healthy_0508.jpg,archive/development/resized_images/healthy02/healthy_0508.jpg,235015,7988711899f16a4f4d4cb5ad0abee4a26fb69bcc676640bb39b815bbd0112ec1
resized_images/healthy02/healthy_0509.jpg,archive/development/resized_images/healthy02/healthy_0509.jpg,225024,2fd177a4435fb7b42401306d4da097e29186475a5431d8e65518b4b30e6c2c27
resized_images/healthy02/healthy_0510.jpg,archive/development/resized_images/healthy02/healthy_0510.jpg,192197,0c3afa08402606c5e9392d89fea27ded95915e4c8841aaa45c3b6681133a196b
resized_images/healthy02/healthy_0511.jpg,archive/development/resized_images/healthy02/healthy_0511.jpg,221328,27c7b09ffac2e181da456c50deb6f624547c723d3fac65434fbd3343801d0099
resized_images/healthy02/healthy_0512.jpg,archive/development/resized_images/healthy02/healthy_0512.jpg,254794,af7ab7e2c0f901c9df90e03667bd8bc20606477836c907a0d25101dc13ed6b62
resized_images/healthy02/healthy_0513.jpg,archive/development/resized_images/healthy02/healthy_0513.jpg,219777,35d7ad5ab8b4feee4c831ac54397abf808eed22de7374d4407925e8d4954e1b3
resized_images/healthy02/healthy_0514.jpg,archive/development/resized_images/healthy02/healthy_0514.jpg,223682,7d37534ccea03c21edd8b33c0e724a02b234dff64ae3d89c49b239e5abb55ce8
resized_images/healthy02/healthy_0515.jpg,archive/development/resized_images/healthy02/healthy_0515.jpg,225095,e5a7a86e2d16329a5d730917ee57159f530c1d55fae658ff251f036215d478f9
resized_images/healthy02/healthy_0518.jpg,archive/development/resized_images/healthy02/healthy_0518.jpg,192690,94d993279143480b290ec2f3cbd2b2e83f41b2237c580a5ad1bceb2090c3a728
resized_images/healthy02/healthy_0519.jpg,archive/development/resized_images/healthy02/healthy_0519.jpg,220470,5d9d2ca2ace31e06cae1fd71018c57311958ad967f653a4d4bccd3c65acb9548
resized_images/healthy02/healthy_0524.jpg,archive/development/resized_images/healthy02/healthy_0524.jpg,213871,f458636bbb53968de08fd9f90c547ddc32888abd04f67a5b1407dc7c7e86d4be
resized_images/healthy02/healthy_0525.jpg,archive/development/resized_images/healthy02/healthy_0525.jpg,236131,9cb62081efe1ad4bb223ff1f9b345dd7ccca935f3f7084fc3859a74656f4f3b4
resized_images/healthy02/healthy_0526.jpg,archive/development/resized_images/healthy02/healthy_0526.jpg,236966,96f73d89df96a353bc833e73452c72f34269788eab8f54a0111ce9509034d2d3
resized_images/healthy02/healthy_0527.jpg,archive/development/resized_images/healthy02/healthy_0527.jpg,203262,473ac8a81b7600a564d302821d2e356cf51755b7f81dfdaef03fba39073a2d11
resized_images/healthy02/healthy_0528.jpg,archive/development/resized_images/healthy02/healthy_0528.jpg,222492,831515937902f308b3a75055a8b3fc1890113367259a19f90946f471b4114b65
resized_images/healthy02/healthy_0529.jpg,archive/development/resized_images/healthy02/healthy_0529.jpg,219942,20c7961dd582cb76d9b7ce516ab9f98e78582fc7482a9a8795f4b31026aadc8b
resized_images/healthy02/healthy_0530.jpg,archive/development/resized_images/healthy02/healthy_0530.jpg,245822,bfed3512495ff826e6b90b0eb93ee0f05afafb8d0616f489d7dca43023de2417
resized_images/healthy02/healthy_0531.jpg,archive/development/resized_images/healthy02/healthy_0531.jpg,230292,da6635c0be3eb09116fd8418d6f5f08464c61c224b3be93e2c85b10311980e1d
resized_images/healthy02/healthy_0532.jpg,archive/development/resized_images/healthy02/healthy_0532.jpg,256346,a22767c78733c622689592beddc055cc5bb7a9a5bebe0bc5f4870d59826dd0d5
resized_images/healthy02/healthy_0533.jpg,archive/development/resized_images/healthy02/healthy_0533.jpg,270546,3de9b0f24ba41ce3b5fbba6a854513182dbceeeb578e999a9bdaccad4b71ed9c
resized_images/healthy02/healthy_0534.jpg,archive/development/resized_images/healthy02/healthy_0534.jpg,229916,8ec09df2202ae1f83223ae339d9a098527d2eaa3a2ed2f99e435e30255a89102
resized_images/healthy02/healthy_0535.jpg,archive/development/resized_images/healthy02/healthy_0535.jpg,247519,caeff18cb32852da8831a1160360a7d65b79b19851e33c96fe61b96377f7f93c
resized_images/healthy02/healthy_0536.jpg,archive/development/resized_images/healthy02/healthy_0536.jpg,234203,26e1e27336911a37db45ad2b2a3cfcbda1c7e878a7a4d706b07da7ae60a1053b
resized_images/healthy02/healthy_0537.jpg,archive/development/resized_images/healthy02/healthy_0537.jpg,208817,d3f233a190063d3caec7df7f85d0c0e37cfa164595a6b11537e91a215cd1d9b7
resized_images/healthy02/healthy_0538.jpg,archive/development/resized_images/healthy02/healthy_0538.jpg,233305,dc545c04ae89fe1e01283505becd08ea91b6165643725338c4f1d402a61c5b79
resized_images/healthy02/healthy_0539.jpg,archive/development/resized_images/healthy02/healthy_0539.jpg,252691,00acd0ff12d1183af8d915a60204e31e9a8636389d09e2cdd9d316ff1e148814
resized_images/healthy02/healthy_0540.jpg,archive/development/resized_images/healthy02/healthy_0540.jpg,230028,676a8be127fb5487bcfc947bf5478c80ddf9b0c63a42aa9026704953aeab508e
resized_images/healthy02/healthy_0541.jpg,archive/development/resized_images/healthy02/healthy_0541.jpg,296972,898620cc4758140ce3188fed765a2c75918442798f4dbea9027d7679321bb7eb
resized_images/healthy02/healthy_0542.jpg,archive/development/resized_images/healthy02/healthy_0542.jpg,254011,859b01e2fe50a9bc99362639e356dd363d968563cdfa325b3f383e378c25b5ab
resized_images/healthy02/healthy_0543.jpg,archive/development/resized_images/healthy02/healthy_0543.jpg,243937,456028b165c5f43bac04d07445d3b291e0f800c7444b0722dd891566354fb3e0
resized_images/healthy02/healthy_0544.jpg,archive/development/resized_images/healthy02/healthy_0544.jpg,245713,9a48dce87247b820f04c12ef002681a2c64b07bc90bbeffeba0c23b9dc4628c9
resized_images/healthy02/healthy_0545.jpg,archive/development/resized_images/healthy02/healthy_0545.jpg,261165,997708353b99efd133f98677a67a69013715fe08ee7a16f1a80b1ac866d7c10d
resized_images/healthy02/healthy_0546.jpg,archive/development/resized_images/healthy02/healthy_0546.jpg,220961,e9c424cfdcf2a6e3000c40f3f9017f88c8666ea9d2f5e7f7abb42d1ed65ef9fd
resized_images/healthy02/healthy_0547.jpg,archive/development/resized_images/healthy02/healthy_0547.jpg,270761,f214044b49158d80b745fdab9402d00748a748b4e8c9237e5d32aac33a824f2a
resized_images/healthy02/healthy_0548.jpg,archive/development/resized_images/healthy02/healthy_0548.jpg,226467,1ca2c55c55306064b4a4d065031a19614191eceff5620b399f75d84a3d150d72
resized_images/healthy02/healthy_0549.jpg,archive/development/resized_images/healthy02/healthy_0549.jpg,228611,a37e4ea4a2a6c401c49ea9fe3d28139276946cbf4cfd42be84344cfcd2a706c6
resized_images/healthy02/healthy_0550.jpg,archive/development/resized_images/healthy02/healthy_0550.jpg,230120,60c1fd89f85aaf94225ff211d7b1ef2f2fe26eac0b35e959e8730c5e8c871579
resized_images/healthy02/healthy_0552.jpg,archive/development/resized_images/healthy02/healthy_0552.jpg,240210,c492b6252dd6cd2834ac46c033d51b3abe4e8289d64e97b809963115aa10baad
resized_images/healthy02/healthy_0553.jpg,archive/development/resized_images/healthy02/healthy_0553.jpg,252529,9abcf2909e2c7a106fa171e52ad762ee5cd1392d4b863b6090f6579a5c99e2da
resized_images/healthy02/healthy_0554.jpg,archive/development/resized_images/healthy02/healthy_0554.jpg,262707,99761635e924901c72c605d65cf357970f87a1a5d0123edb1c55701ac0afab3f
resized_images/healthy02/healthy_0555.jpg,archive/development/resized_images/healthy02/healthy_0555.jpg,264693,5eab272655c82bb46ebbb566008be9f87331cb6ce63cccf8ae4ab66922e817f4
resized_images/healthy02/healthy_0556.jpg,archive/development/resized_images/healthy02/healthy_0556.jpg,257662,b608bb3468f052882955cc054253d610562a6f135ecbe283e0c598424ade02e1
resized_images/healthy02/healthy_0557.jpg,archive/development/resized_images/healthy02/healthy_0557.jpg,234639,fec33ffac10fd0d30df67cf26318ca7013ed31ab64aaf4720425c414a4dd9107
resized_images/healthy02/healthy_0558.jpg,archive/development/resized_images/healthy02/healthy_0558.jpg,244959,adcf90c83673a4111ebc8384eca2cc9b8027775276586280f3446f217b93a2b7
resized_images/healthy02/healthy_0559.jpg,archive/development/resized_images/healthy02/healthy_0559.jpg,225323,adcffa73409a7d8362201222fe6d3cda33e208fcf7bbc76a3556bf8381d93de7
resized_images/healthy02/healthy_0560.jpg,archive/development/resized_images/healthy02/healthy_0560.jpg,255908,bef59f4934c3839f275f9a5f942a923ea1368f24d5d87fa56113c6e0f619959b
resized_images/healthy02/healthy_0561.jpg,archive/development/resized_images/healthy02/healthy_0561.jpg,251200,12df9e15de6961de6fdd5508440cee60a01e31f1ff4e13639457dfeeea0efd8c
resized_images/healthy02/healthy_0562.jpg,archive/development/resized_images/healthy02/healthy_0562.jpg,225991,029af2a631c361168ece26d7281ed25277ba85d09a2e854094183d4062da0717
resized_images/healthy02/healthy_0563.jpg,archive/development/resized_images/healthy02/healthy_0563.jpg,248445,1be7984f4ac82c226f821212636fb3503bcb596c7854f78918ba3b99392026fa
resized_images/healthy02/healthy_0564.jpg,archive/development/resized_images/healthy02/healthy_0564.jpg,228496,fb82082490115880b730d40e74737df837579cd5d0a66c27127c7c5284baf857
resized_images/healthy02/healthy_0565.jpg,archive/development/resized_images/healthy02/healthy_0565.jpg,246807,167fdb34e6c4e269875e6963e0c7678b04be32b6fbd200c922aba1815e284cad
resized_images/healthy02/healthy_0566.jpg,archive/development/resized_images/healthy02/healthy_0566.jpg,279104,3567ebb83618ad216b089d553cdeb81bff18de7b9ce371f60e91b93e34668c0a
resized_images/healthy02/healthy_0567.jpg,archive/development/resized_images/healthy02/healthy_0567.jpg,238194,aade12f4a18955687105aa402546a2e84e48e9a3112c5f75bd60220a35d63850
resized_images/healthy02/healthy_0568.jpg,archive/development/resized_images/healthy02/healthy_0568.jpg,248386,c74f9664fe36cd1ac6333d1690cd518880b602a828deccd979515a3a1b483d0f
resized_images/healthy02/healthy_0569.jpg,archive/development/resized_images/healthy02/healthy_0569.jpg,249902,7e30745244ec8d2b432d5b91c83063fc021f54b69b56685ecbd307d90f8157dc
resized_images/healthy02/healthy_0570.jpg,archive/development/resized_images/healthy02/healthy_0570.jpg,248420,07a5a04a10def088f49d4de3298c959b8516da52535d6e5b1c2dbdc8b4e41fe3
resized_images/healthy02/healthy_0574.jpg,archive/development/resized_images/healthy02/healthy_0574.jpg,214835,3bbe1576b7de32c7d6b6604b6fc7b2791341a8c1db5aa3bcea5d41ac7e12e614
resized_images/healthy02/healthy_0575.jpg,archive/development/resized_images/healthy02/healthy_0575.jpg,197824,4787a6f71505c6e60a9fc586d40b571ceefef50892bdeb766c1befa105b45000
resized_images/healthy02/healthy_0576.jpg,archive/development/resized_images/healthy02/healthy_0576.jpg,219311,21469bd62b806e0c90950e1c93ea0e58466416cdbac1985d06153c7bab9e39e0
resized_images/healthy02/healthy_0577.jpg,archive/development/resized_images/healthy02/healthy_0577.jpg,219664,011ac8bb4cf8fe26644ff91f93b86d2d5f9bc2f0d78423c9861cad3584f5d54a
resized_images/healthy02/healthy_0578.jpg,archive/development/resized_images/healthy02/healthy_0578.jpg,227501,d2dd5def091bda9bdca0fb732437dc85c3cfa6675df63673f1e2f9085e340aa5
resized_images/healthy02/healthy_0579.jpg,archive/development/resized_images/healthy02/healthy_0579.jpg,223634,55c00da4741b33511454a1b3811ac9f95be34e2768f7bc464a87487c5ea1b38e
resized_images/healthy02/healthy_0581.jpg,archive/development/resized_images/healthy02/healthy_0581.jpg,211816,393145f3f783538348cb0a1a68dac00028f93604df1645f816e4350cfbf7f056
resized_images/healthy02/healthy_0582.jpg,archive/development/resized_images/healthy02/healthy_0582.jpg,229240,c022f458f7d51bf2218300e6faa9e5c3f8821bec6f2267547adc89f9a7100424
resized_images/healthy02/healthy_0583.jpg,archive/development/resized_images/healthy02/healthy_0583.jpg,239159,5f7283c55a022cd50399a684e95315c3aa2483035e7d3a7998082c02a1a7b659
resized_images/healthy02/healthy_0584.jpg,archive/development/resized_images/healthy02/healthy_0584.jpg,222327,bcba7f4b54a3146111efd482522fba72aebe1f590831b076e2edb44c716c2833
resized_images/healthy02/healthy_0585.jpg,archive/development/resized_images/healthy02/healthy_0585.jpg,263263,1b6690e666a4043eabb7a03a7fac25ac7a24ad35f8a8d1774b5c9f501d7e11df
resized_images/healthy02/healthy_0586.jpg,archive/development/resized_images/healthy02/healthy_0586.jpg,217255,bf52f0317f849ec56cd474228b530f6a632c00435aaece98e89c2b091cb43733
resized_images/healthy02/healthy_0587.jpg,archive/development/resized_images/healthy02/healthy_0587.jpg,204273,897e87f4b9913b2aa5af228176c4c018a39c38716a94c00f826662b20e8ff3d0
resized_images/healthy02/healthy_0588.jpg,archive/development/resized_images/healthy02/healthy_0588.jpg,214558,3245c635fd37ebd12aba969bba7ea85adbff5aa5ccfcd15bdce505f3b9735097
resized_images/healthy02/healthy_0589.jpg,archive/development/resized_images/healthy02/healthy_0589.jpg,258856,acb9500082efeaa63e9462fde277f60f6ac8dba479b381944b49b7f104d016f7
resized_images/healthy02/healthy_0590.jpg,archive/development/resized_images/healthy02/healthy_0590.jpg,239949,00857f0861e28d04ac5b3a6951b4ad32a5c407db674f92332dccec3095dac895
resized_images/healthy02/healthy_0591.jpg,archive/development/resized_images/healthy02/healthy_0591.jpg,269307,26a011f1b29fb7510ebf464e1c18b6e5d2552aa44507a0eaf85d9bb23b552318
resized_images/healthy02/healthy_0593.jpg,archive/development/resized_images/healthy02/healthy_0593.jpg,312880,e0f967a787db611ccd3892995f8e7beb45d27e0ea0a5e5dffe967f98214c8f01
resized_images/healthy02/healthy_0594.jpg,archive/development/resized_images/healthy02/healthy_0594.jpg,247621,629e87b9c58052fd854337bccc07a348874c39a571bdd858cb614a41b5d1af45
resized_images/healthy02/healthy_0595.jpg,archive/development/resized_images/healthy02/healthy_0595.jpg,279517,2b967732a5e145988c821e26d59668eb566cb879bdc7efd321b3d52b02fca90c
resized_images/healthy02/healthy_0596.jpg,archive/development/resized_images/healthy02/healthy_0596.jpg,264320,b48bc5b6974352b76a2fef4e1bc4f690fe659dabc28d1746fc774e90d98e9edd
resized_images/healthy02/healthy_0597.jpg,archive/development/resized_images/healthy02/healthy_0597.jpg,271615,eb8dee3245fbdbef6b91bf767c411e40f22311591b7124f305366887bdd7907e
resized_images/healthy02/healthy_0598.jpg,archive/development/resized_images/healthy02/healthy_0598.jpg,248432,159e4b8ccf2cbd029eeac4fbfcf4b57dcdb79a129524794e003a50478a8ba078
resized_images/healthy02/healthy_0599.jpg,archive/development/resized_images/healthy02/healthy_0599.jpg,262716,ff82024b78c06dd70d3c3fd23191e2eeb670f09e4388764845dd8b275d740b9a
resized_images/healthy02/healthy_0600.jpg,archive/development/resized_images/healthy02/healthy_0600.jpg,246822,636ca0fafa9a379100e963bfe1d4470e0ba08848d13c479dd463375e2652c7a7
resized_images/healthy02/healthy_0601.jpg,archive/development/resized_images/healthy02/healthy_0601.jpg,197380,4e56d09a60f87277640419a76b6590f554ab12a233662e04557d6085bb58d2f5
resized_images/healthy02/healthy_0602.jpg,archive/development/resized_images/healthy02/healthy_0602.jpg,212795,ffce1fd057b9268aee94cedaed8bb22f58f5d81b302f50f0f26fca5001e7cc6f
resized_images/healthy02/healthy_0604.jpg,archive/development/resized_images/healthy02/healthy_0604.jpg,233984,913499bb3d52d1727b3700ce3ba7de95408ac5f6ff988d5c0d7e197a02a6742e
resized_images/healthy02/healthy_0605.jpg,archive/development/resized_images/healthy02/healthy_0605.jpg,254082,02c0cfe4489da3827fe4590b68e963880c2860bf8f193573c5f8ab1deb4dfd73
resized_images/healthy02/healthy_0606.jpg,archive/development/resized_images/healthy02/healthy_0606.jpg,259503,3b1aa32030840c64eaf36d8523c270d1fdb4e7c3a2bc30451b448837b6c60c20
resized_images/healthy02/healthy_0607.jpg,archive/development/resized_images/healthy02/healthy_0607.jpg,260619,d8c08770362f89c739273098e1c2e52d9ae072ca2ce8dd1d77e1324e34cbaf25
resized_images/healthy02/healthy_0609.jpg,archive/development/resized_images/healthy02/healthy_0609.jpg,255588,3c0cdfc5c0c0b6fb4fa3fa5b26c37e415a74e67436b21414de2894473da1ed47
resized_images/healthy02/healthy_0610.jpg,archive/development/resized_images/healthy02/healthy_0610.jpg,276264,1c300aa3b701c3a5bb43c1d639231d9f935ff2c2b10b91d799a62aef5f741438
resized_images/healthy02/healthy_0611.jpg,archive/development/resized_images/healthy02/healthy_0611.jpg,246867,d8419c8695a12d90d917e3e6938be26f674aa1eefe600029aabf953261db1061
resized_images/healthy02/healthy_0612.jpg,archive/development/resized_images/healthy02/healthy_0612.jpg,261594,22b917046df548abc126a9b3870b2a40b773626bf93253e5612c558269654a5b
resized_images/healthy02/healthy_0613.jpg,archive/development/resized_images/healthy02/healthy_0613.jpg,218056,985085b6f5a044eb442a7e88e7635623a3a5b62a9def2c063cbfa260b9ec2144
resized_images/healthy02/healthy_0614.jpg,archive/development/resized_images/healthy02/healthy_0614.jpg,210609,81c72027c103138e3dd276bd7e19622aff639d281d0a1c2a4aed6355dee4b21d
resized_images/healthy02/healthy_0615.jpg,archive/development/resized_images/healthy02/healthy_0615.jpg,287533,fb839d90a03e751297920b01eb27b471431d59c346a7b1729b5453faf271c39b
resized_images/healthy02/healthy_0616.jpg,archive/development/resized_images/healthy02/healthy_0616.jpg,267205,7e3918726a87d2a2604dbd21e859fc5ce107ec59f1f36489cc752f171f831720
resized_images/healthy02/healthy_0617.jpg,archive/development/resized_images/healthy02/healthy_0617.jpg,185467,34048bd4e9c509896b416a62ca81c815fce8609be390a5a7846204da4b35e1b2
resized_images/healthy02/healthy_0618.jpg,archive/development/resized_images/healthy02/healthy_0618.jpg,202479,6fb107fca85c29631fa92781e4e885cca50bca824219d134b1c356cba2496365
resized_images/healthy02/healthy_0619.jpg,archive/development/resized_images/healthy02/healthy_0619.jpg,256161,ee2dd9e1c689c32669214c2aee02eafdde732473b2545a9d34e590c5de3731bc
resized_images/healthy02/healthy_0620.jpg,archive/development/resized_images/healthy02/healthy_0620.jpg,242690,f1a9d8268a0ab9adf00ba926926912460b363d7cd75a48ff35f76b4ed2689b6a
resized_images/healthy02/healthy_0621.jpg,archive/development/resized_images/healthy02/healthy_0621.jpg,240558,00a2b3d476d366dd353599a57ceb2d0659c9e5f6df1a06c47d3c054ab211dc94
resized_images/healthy02/healthy_0622.jpg,archive/development/resized_images/healthy02/healthy_0622.jpg,181025,704bf52113496b187e4ab71970c7adc6e3b4baa87ed857ac09d3608dffd1e5d7
resized_images/healthy02/healthy_0623.jpg,archive/development/resized_images/healthy02/healthy_0623.jpg,200809,56ab707cd24046175e4a5363128baf7aa8d0c76a71775affbc4fd2aa29faa6c1
resized_images/healthy02/healthy_0624.jpg,archive/development/resized_images/healthy02/healthy_0624.jpg,177970,987212dd61972824f040ef403c0c71d5ef9ebcb5c4ce098bf7c60b2285d79e64
resized_images/healthy02/healthy_0625.jpg,archive/development/resized_images/healthy02/healthy_0625.jpg,224496,dc660adfbbb89c6ed7b3f01ff72f0ceab7924dd88483e555fc876fa44f208422
resized_images/healthy02/healthy_0626.jpg,archive/development/resized_images/healthy02/healthy_0626.jpg,226654,bf60d0c769b531ae879981e2c67b998869c484d56ec169e5f168860e5d17c9be
resized_images/healthy02/healthy_0627.jpg,archive/development/resized_images/healthy02/healthy_0627.jpg,236484,da10f76c64f683d1b475ec2f23fb399ed68e6706c71a8cdf726304809fca5345
resized_images/healthy02/healthy_0628.jpg,archive/development/resized_images/healthy02/healthy_0628.jpg,213690,8b8b307faed829fef48048476d7480b37face821a1f7e65f048543303b8fa96a
resized_images/healthy02/healthy_0629.jpg,archive/development/resized_images/healthy02/healthy_0629.jpg,253021,72782ee1d125e44e0e671625eed4b38d535cd73104ad7a337044563347870a53
resized_images/healthy02/healthy_0630.jpg,archive/development/resized_images/healthy02/healthy_0630.jpg,217469,de75f280cb7d94f72dd3e53878bc5aeb5abd227714e4b2da0bcec3b22f4a204a
resized_images/healthy02/healthy_0631.jpg,archive/development/resized_images/healthy02/healthy_0631.jpg,171727,5a85e1de7df81be967412295c478ca723a0399c3a5450da7808ccfa57088495d
resized_images/healthy02/healthy_0632.jpg,archive/development/resized_images/healthy02/healthy_0632.jpg,183703,2503871178a6f73a42b02f4cf9072e9ead69f32b45a2396c4f5b825e50d0dbd1
resized_images/healthy02/healthy_0633.jpg,archive/development/resized_images/healthy02/healthy_0633.jpg,201497,ff0962c992c5610e91251a08d918610ffe7f930062646a819ae7790d62b33d49
resized_images/healthy02/healthy_0634.jpg,archive/development/resized_images/healthy02/healthy_0634.jpg,233736,7f1dae254e59797308bc21fd8758ee3198708db3308978ee981299fcabc628b7
resized_images/healthy02/healthy_0638.jpg,archive/development/resized_images/healthy02/healthy_0638.jpg,191192,128081fb9dfbbe8ceb385660d90c56f1f7ce1f1136fe5a14722392ce1e5ffe67
resized_images/healthy02/healthy_0639.jpg,archive/development/resized_images/healthy02/healthy_0639.jpg,153398,1b0944886b398331a5797432ae49ea85d1a8631ec203d98c2b3c52665aa9e79a
resized_images/healthy02/healthy_0641.jpg,archive/development/resized_images/healthy02/healthy_0641.jpg,278030,c1aa5792c894867672fe16fd0cd36277e3f1148de092e2fe00115eeae848b05e
resized_images/healthy02/healthy_0642.jpg,archive/development/resized_images/healthy02/healthy_0642.jpg,194633,d9cdfae15b0d5b909f25a798f428920c8ae10410b0078a0fd4ab3231cba07c9a
resized_images/healthy02/healthy_0643.jpg,archive/development/resized_images/healthy02/healthy_0643.jpg,237092,8b55effbb10c2b12335243914779d1cc96db20c7cab74716e6d1ecd47884d5d0
resized_images/healthy02/healthy_0644.jpg,archive/development/resized_images/healthy02/healthy_0644.jpg,209073,8a35aeaade51be728ac1da88f7e5bac6447e81c026893e573a8a7db11d0d4257
resized_images/healthy02/healthy_0645.jpg,archive/development/resized_images/healthy02/healthy_0645.jpg,282479,070c4dc4c3aaf4a7e4d00459ca3e66c8f80a769c09d2832250af5705e3ff0e34
resized_images/healthy02/healthy_0646.jpg,archive/development/resized_images/healthy02/healthy_0646.jpg,200720,c804c60a7569cc9498b9c439b0c2bc8b1187fc1599fbc9c51c11213e535aca68
resized_images/healthy02/healthy_0647.jpg,archive/development/resized_images/healthy02/healthy_0647.jpg,198670,15e5d754d590b58a347fe98d5ab5f48d7c6684fd77b92c375270d2b88ec0eee8
resized_images/healthy02/healthy_0648.jpg,archive/development/resized_images/healthy02/healthy_0648.jpg,199560,b1f5c0cebb7a7f0b7d02a841a120bc646df7db976dd77518b462bf08d1ad1058
resized_images/healthy02/healthy_0650.jpg,archive/development/resized_images/healthy02/healthy_0650.jpg,234180,581b5f3ab440b2af1e5173074045eb51df98fd58d7eefb31436495b524fa4846
resized_images/healthy02/healthy_0651.jpg,archive/development/resized_images/healthy02/healthy_0651.jpg,171373,1abf56d8f7727a5fc30586b246b087f887bebd9e67a8137312268fef1ab45767
resized_images/healthy02/healthy_0652.jpg,archive/development/resized_images/healthy02/healthy_0652.jpg,181390,2ebe21fe74be43361b6e9306ecff67e500780b053925e11476d97821dc1f94a0
resized_images/healthy02/healthy_0653.jpg,archive/development/resized_images/healthy02/healthy_0653.jpg,264837,eab3f79cc31e421741a6832dc153b38852a4b8f6bd7df3d978ca0e4c62963425
resized_images/healthy02/healthy_0654.jpg,archive/development/resized_images/healthy02/healthy_0654.jpg,271037,bf62dd34ac26abd2760e61af706cd120279b5a7255b4450af8d6dda97c1a889e
resized_images/healthy02/healthy_0655.jpg,archive/development/resized_images/healthy02/healthy_0655.jpg,276544,82893fd2b8a862a11851f4920b1e72ecd1c75e0054b8dad56e4fc0574f4b9549
resized_images/healthy02/healthy_0656.jpg,archive/development/resized_images/healthy02/healthy_0656.jpg,260658,dd2e1fc45f1279735924b6d3292ca5d5bc9cc648b47efd214ec4644de2d9c7d9
resized_images/healthy02/healthy_0657.jpg,archive/development/resized_images/healthy02/healthy_0657.jpg,242074,812f711236b0cf3ee9cca9bb4f67c1118a9520a193a6c7fb61172dc53c4319f1
resized_images/healthy02/healthy_0658.jpg,archive/development/resized_images/healthy02/healthy_0658.jpg,187170,27ee014509c42c5f0013b5397ae2d6819e75b0b99f1b400e7c8429ad61b993e8
resized_images/healthy02/healthy_0659.jpg,archive/development/resized_images/healthy02/healthy_0659.jpg,239673,34ad914186370225554d8cfc464a8c0df8adc8229a71ce6f85ff63e610e2c220
resized_images/healthy02/healthy_0660.jpg,archive/development/resized_images/healthy02/healthy_0660.jpg,248568,f771c88fc998a3ab15118c5da9d3b434a733717e0c4b7ea32931fc2786cbe971
resized_images/healthy02/healthy_0661.jpg,archive/development/resized_images/healthy02/healthy_0661.jpg,259840,bdac9b948fcc0050c31999dc63282330602e979afe5a281e9c5ca71943ecc845
resized_images/healthy02/healthy_0662.jpg,archive/development/resized_images/healthy02/healthy_0662.jpg,239125,5909c6f3a5db6565b4e3fb3e8d8439bc14d8329b529a408fed703994e0ca267d
resized_images/healthy02/healthy_0663.jpg,archive/development/resized_images/healthy02/healthy_0663.jpg,224964,e1341a49511b07651db89c6b786648312da8878d209306949f842f31d0581c7a
resized_images/healthy02/healthy_0664.jpg,archive/development/resized_images/healthy02/healthy_0664.jpg,197061,aab67b58ef601bdef947b81cff9c078538ade3fdb768f32f8fcca9d145bcf5d7
resized_images/healthy02/healthy_0665.jpg,archive/development/resized_images/healthy02/healthy_0665.jpg,189618,1c6d0f4d8aec42132627cd6ef37dd8ea4bdd64a08fdcdbf0aa4348a3bbf404f0
resized_images/healthy02/healthy_0666.jpg,archive/development/resized_images/healthy02/healthy_0666.jpg,265544,9b99d7fabc6989ab23226503917b6c4f7ed8735257d44b2252d5ad9f47c7b4cd
resized_images/healthy02/healthy_0668.jpg,archive/development/resized_images/healthy02/healthy_0668.jpg,246215,ff15a42f797d27baa9a7e3f1a50b5ff7d195e41681eaeb34acee28f46f0f4f6b
resized_images/healthy02/healthy_0669.jpg,archive/development/resized_images/healthy02/healthy_0669.jpg,266812,fbb3daaaa7c508093ac088e296f2020b82bcde7cfa2fbe438c2f15fabdbf7dd0
resized_images/healthy02/healthy_0671.jpg,archive/development/resized_images/healthy02/healthy_0671.jpg,204079,ba783d30a633d44bdb3385fb04d70da3322546339ed54c3b5e35754292ec40b6
resized_images/healthy02/healthy_0674.jpg,archive/development/resized_images/healthy02/healthy_0674.jpg,247035,ca89382e34bdbeb6dce53758081e4b372b814e01e0f26fa84f9cb48cd011f968
resized_images/healthy02/healthy_0675.jpg,archive/development/resized_images/healthy02/healthy_0675.jpg,216531,a0413a8753dadf297f7cd641c418e07180726f6e0c5c1576d21cebc9263fcf70
resized_images/healthy02/healthy_0676.jpg,archive/development/resized_images/healthy02/healthy_0676.jpg,177932,36566204feaa072e49167b1eba327b9afce74c4319ead89026b0e7d9bb94ced5
resized_images/healthy02/healthy_0677.jpg,archive/development/resized_images/healthy02/healthy_0677.jpg,185523,696e7f11f714246ba746b1825672f3f2191a3e61839d715c169856b2c38bfc60
resized_images/healthy02/healthy_0678.jpg,archive/development/resized_images/healthy02/healthy_0678.jpg,158605,bac7df73a236204b61b18d19c11cdb941d36e5360d1e44e4a2c3c3dc679bbb16
resized_images/healthy02/healthy_0679.jpg,archive/development/resized_images/healthy02/healthy_0679.jpg,187615,0ed58cd7b54525eca66562a6afad64af288d1b20e83880c516b4451300b179f8
resized_images/healthy02/healthy_0680.jpg,archive/development/resized_images/healthy02/healthy_0680.jpg,176893,e0d82ce64c1c60ded4c20d133656e73a2c4b1967c669b182703e6f19aa06cfff
resized_images/healthy02/healthy_0681.jpg,archive/development/resized_images/healthy02/healthy_0681.jpg,196419,a2e7702fe246daa38e42dbdd4ea46a865a238740608d73fa5c45067189639fd6
resized_images/healthy02/healthy_0682.jpg,archive/development/resized_images/healthy02/healthy_0682.jpg,189509,aac1cb116218151efd35a26bf390f0208137952d6a0d7f6cf8bb910a1c04124a
resized_images/healthy02/healthy_0683.jpg,archive/development/resized_images/healthy02/healthy_0683.jpg,209270,6bb1d86680e832f1cecf54e32ef96160a637847c7acccdc1b65d9ffbcd424671
resized_images/healthy02/healthy_0684.jpg,archive/development/resized_images/healthy02/healthy_0684.jpg,214800,45349b0ed453cc37e730361d8e9193f5e8caab093ca9b835add8fc2efe11cea8
resized_images/healthy02/healthy_0685.jpg,archive/development/resized_images/healthy02/healthy_0685.jpg,233079,cd25a53a23d7869243e633ce59587506fb60e3cc2d156de041b756c7b163e548
resized_images/healthy02/healthy_0687.jpg,archive/development/resized_images/healthy02/healthy_0687.jpg,243751,d6026bbbf441e91369c0962379e28f5a20c68f714df9f521375969e9802699e2
resized_images/healthy02/healthy_0690.jpg,archive/development/resized_images/healthy02/healthy_0690.jpg,217786,a8d6c867a983d11ca69f63fb7b6ebf7f1cc6bb54719410f4fb9fb4f0f73ef17d
resized_images/healthy02/healthy_0691.jpg,archive/development/resized_images/healthy02/healthy_0691.jpg,231844,b0078ffb043721b30854aa0a770c8199f3a94f8119c5ab68496fbdbf4c883785
resized_images/healthy02/healthy_0692.jpg,archive/development/resized_images/healthy02/healthy_0692.jpg,202300,a399bde7e1760db86d54a71664bb4c30703711a0bc3dfbbef51d1aa659ce3e0e
resized_images/healthy02/healthy_0693.jpg,archive/development/resized_images/healthy02/healthy_0693.jpg,192700,c67d564b1cc7f8929f1b40a8c48f664f5009fd367bb42ba1957f0777d2066444
resized_images/healthy02/healthy_0694.jpg,archive/development/resized_images/healthy02/healthy_0694.jpg,206237,dfd56f7dd5a31442840921cb33eda3043cc406f78cc47bb38f78f0457cf1bff9
resized_images/healthy02/healthy_0695.jpg,archive/development/resized_images/healthy02/healthy_0695.jpg,214815,26d1b4a5413a1b88a4fe61ddd6b82c698e20bf34ba9be7a94453dedc72d58ded
resized_images/healthy02/healthy_0697.jpg,archive/development/resized_images/healthy02/healthy_0697.jpg,263718,a67092b2396ffa0ebf9a7a3e1335dbaf782ecd223d0b03f623c884c32abc9cf7
resized_images/healthy02/healthy_0700.jpg,archive/development/resized_images/healthy02/healthy_0700.jpg,263557,5feb948aec0dc3785b1f331895cb5b422d5c650aa271cf419ab7d4e99b610df3
resized_images/healthy02/healthy_0702.jpg,archive/development/resized_images/healthy02/healthy_0702.jpg,189904,3c043488e4f05a5e84213d9c64d10e8e83a2ec97a037f65e212088e7d2f370b7
resized_images/healthy02/healthy_0703.jpg,archive/development/resized_images/healthy02/healthy_0703.jpg,176009,dab3d4bb4e19fb43042ffc3d4c365576b9ce2473e44b5af5dd6629771994aaba
resized_images/healthy02/healthy_0704.jpg,archive/development/resized_images/healthy02/healthy_0704.jpg,210881,affe0c808aa87f6968988e57e5d3301a2aba409040288dae8cb84cdbd0b9ff63
resized_images/healthy02/healthy_0705.jpg,archive/development/resized_images/healthy02/healthy_0705.jpg,212005,a27acf71ead2571e0a1036c05e55636e7698566356fb9b483147496423d48d0a
resized_images/healthy02/healthy_0706.jpg,archive/development/resized_images/healthy02/healthy_0706.jpg,196448,71735025b7f4c25e213187eec86e2c93a1924363887d7f30b7d42f7bb56c38ce
resized_images/healthy02/healthy_0707.jpg,archive/development/resized_images/healthy02/healthy_0707.jpg,211123,c342c0eefda3b9a2b4e2f98bce63d03f962e9279a1a5910acf457c026e22a884
resized_images/healthy02/healthy_0708.jpg,archive/development/resized_images/healthy02/healthy_0708.jpg,222434,129c5e63744a1b62505abdb1f6ff1c0ed3ab1557402df4a09ca8f22e4b133f80
resized_images/healthy03/healthy_0709.jpg,archive/development/resized_images/healthy03/healthy_0709.jpg,237969,dfd48a8c3d311f676c46cf26bf518c1118fff409e0e29fe13d6ea8c121a19750
resized_images/healthy03/healthy_0710.jpg,archive/development/resized_images/healthy03/healthy_0710.jpg,297213,4a80dc3686a85861859ac3e8e1b9c30ee805d86bed62e908e6a57a4411509c62
resized_images/healthy03/healthy_0711.jpg,archive/development/resized_images/healthy03/healthy_0711.jpg,252500,b8b35241cde7dd300af709ac709a30fb71f91f38b217fb7ab1d6468bcc0b3bb1
resized_images/healthy03/healthy_0712.jpg,archive/development/resized_images/healthy03/healthy_0712.jpg,231112,cad78db9908867bc86d8d772ec458ac6a661e453e6c14b6d6eac3af1487efa8a
resized_images/healthy03/healthy_0714.jpg,archive/development/resized_images/healthy03/healthy_0714.jpg,200543,d2eec40d08f75f18239d99e64116b79c6dacabca9afc249ddee2dc35dd5b0d93
resized_images/healthy03/healthy_0715.jpg,archive/development/resized_images/healthy03/healthy_0715.jpg,206587,74e23e923c3befe88b7498015827f77b5e887e6657972ae98f5df4bdfd67039b
resized_images/healthy03/healthy_0716.jpg,archive/development/resized_images/healthy03/healthy_0716.jpg,230320,f183b21128255d08c7ae9ac96fe6e8e69583dc6d36857d5cf84fb8d94c4949b8
resized_images/healthy03/healthy_0717.jpg,archive/development/resized_images/healthy03/healthy_0717.jpg,293643,58b148eeb5d19e334979dd98219f7ae5927b83ca7a5150649fd4fdd3d1e08637
resized_images/healthy03/healthy_0718.jpg,archive/development/resized_images/healthy03/healthy_0718.jpg,275025,0304631b5ed8747f601fcb09a3f1d7a4ff0303e716060f3ebae62f227d291115
resized_images/healthy03/healthy_0719.jpg,archive/development/resized_images/healthy03/healthy_0719.jpg,264415,b1acc62350ec9f5e9acfee49af886c5a27b0e1b82c7e437345daf19106d794b4
resized_images/healthy03/healthy_0720.jpg,archive/development/resized_images/healthy03/healthy_0720.jpg,348775,a55eabb23acdacc3a7913616666b5b12148d6682d3886b7e9fa53df3bf949670
resized_images/healthy03/healthy_0721.jpg,archive/development/resized_images/healthy03/healthy_0721.jpg,286676,69cff1c45ea7c22ecd9e8359354dfb1fe4f8f08133bb899ef52d74b408cfa814
resized_images/healthy03/healthy_0722.jpg,archive/development/resized_images/healthy03/healthy_0722.jpg,298712,58d308ec305fe3fd1624149ab2c2683fcf3eb7dfd680f96f1ef1883380e3422e
resized_images/healthy03/healthy_0723.jpg,archive/development/resized_images/healthy03/healthy_0723.jpg,283592,d65e68101c1fd5bb64479997d88b291bfb3efb16cf3f5d4314aaeefa12d6b886
resized_images/healthy03/healthy_0724.jpg,archive/development/resized_images/healthy03/healthy_0724.jpg,273298,e17544b90af6e1cc5c964c709c5bbe84fbdc151e21da9475dfc69dd18128ff23
resized_images/healthy03/healthy_0725.jpg,archive/development/resized_images/healthy03/healthy_0725.jpg,273249,154431b3528c53d2fbdcc006428f96abc5b610b1d34a641dc18838b3b8131fda
resized_images/healthy03/healthy_0726.jpg,archive/development/resized_images/healthy03/healthy_0726.jpg,246889,1ef3795fb2938bc4db6719a8119aa259186ed23aaa8738ec4a6c411c0d2806a2
resized_images/healthy03/healthy_0727.jpg,archive/development/resized_images/healthy03/healthy_0727.jpg,271034,90678487a206d5b00a53bfc2887425608dc264f753e3e0e34e329b741021d0fb
resized_images/healthy03/healthy_0728.jpg,archive/development/resized_images/healthy03/healthy_0728.jpg,288693,145ea0a702f61b23fddc4ed0c42be8a5b954aac022737df20ec3e1236b5e3678
resized_images/healthy03/healthy_0729.jpg,archive/development/resized_images/healthy03/healthy_0729.jpg,227509,f8c4e404d99b70644b5118e5e205beb3dd092b437c5bbd590aea8a85492b657a
resized_images/healthy03/healthy_0730.jpg,archive/development/resized_images/healthy03/healthy_0730.jpg,216837,3105f762a96d8d76ae4a6a050857849cbf936fcd62fabc2c6bce9ee331ea016b
resized_images/healthy03/healthy_0731.jpg,archive/development/resized_images/healthy03/healthy_0731.jpg,265948,1135e6da2c246af4cb4d64296067dd86a93419f92f252c630d72c05d7bdd37dc
resized_images/healthy03/healthy_0732.jpg,archive/development/resized_images/healthy03/healthy_0732.jpg,202297,a31713213dbc2bb9d09d60dff0d8842f3184abd05c039ad1a98c24715f510409
resized_images/healthy03/healthy_0733.jpg,archive/development/resized_images/healthy03/healthy_0733.jpg,232626,13e9f36677102811f58118330a645fd893644c0d3f868830bb9876a59c3db72c
resized_images/healthy03/healthy_0734.jpg,archive/development/resized_images/healthy03/healthy_0734.jpg,204954,190b7542d36ea6913dd7b5551097a88cb860c60079f80e40088eca2544bd7892
resized_images/healthy03/healthy_0735.jpg,archive/development/resized_images/healthy03/healthy_0735.jpg,218175,ded150606ee4559dce12a90e09d1c69e3e791c88b2485c0b01b0213d4ed648e3
resized_images/healthy03/healthy_0736.jpg,archive/development/resized_images/healthy03/healthy_0736.jpg,286833,260f45b18a3be92df08888a85da1d765834875b20bfe48ca1675c523e1e87829
resized_images/healthy03/healthy_0739.jpg,archive/development/resized_images/healthy03/healthy_0739.jpg,233832,4d270e95cb7668fce2b79eccf96c8a98799935e719bd9cc69162b124d8677cc6
resized_images/healthy03/healthy_0740.jpg,archive/development/resized_images/healthy03/healthy_0740.jpg,184841,9b9ca3e7366806412c5bd58f15ca7840cc999b53ce88451ace0d183d9ff00177
resized_images/healthy03/healthy_0741.jpg,archive/development/resized_images/healthy03/healthy_0741.jpg,251685,c79156aba33e20207fa7c3f546e24b05782d4d285105d4869b75cd45537100a3
resized_images/healthy03/healthy_0744.jpg,archive/development/resized_images/healthy03/healthy_0744.jpg,225751,95d41f844f66560fc21dbb9594fae09975a8a982e99e1b6d647bd8c687fc0756
resized_images/healthy03/healthy_0745.jpg,archive/development/resized_images/healthy03/healthy_0745.jpg,221010,f66ace08076dca4c1648ced274bd9fdfe5cf06c563014962467f9c19f19b30e8
resized_images/healthy03/healthy_0746.jpg,archive/development/resized_images/healthy03/healthy_0746.jpg,240524,a39b73aca63d33b87cbf0e1343acfae81ef30d92ab053e234fb65fbec4da84f5
resized_images/healthy03/healthy_0747.jpg,archive/development/resized_images/healthy03/healthy_0747.jpg,199867,72430e14e4030f4b8f17cb17962c63f3be90bb96474ae7c31857faa21f05e1d7
resized_images/healthy03/healthy_0748.jpg,archive/development/resized_images/healthy03/healthy_0748.jpg,255196,fab31695f53171690c070b7bdef6ac9dda1ceef6e0a5f215952df01649ce79bd
resized_images/healthy03/healthy_0749.jpg,archive/development/resized_images/healthy03/healthy_0749.jpg,187168,7977ba6b6011d36696d793fc9fc52c5ac23799d0bb526fd688ad4b9a9eea9ff7
resized_images/healthy03/healthy_0750.jpg,archive/development/resized_images/healthy03/healthy_0750.jpg,202971,ab4908c8f799063be237dfa6ef3a128f0e57408dc908071f29893c15439d1cff
resized_images/healthy03/healthy_0751.jpg,archive/development/resized_images/healthy03/healthy_0751.jpg,240809,ca94ebc7975c8a1d649d26ce88b4093f02205831e21631f115536cd7438da253
resized_images/healthy03/healthy_0752.jpg,archive/development/resized_images/healthy03/healthy_0752.jpg,267796,537e48a04e5bb49f80c72d5024d552c8ca0d9aa623307b11e39b5f3024ccb7a2
resized_images/healthy03/healthy_0753.jpg,archive/development/resized_images/healthy03/healthy_0753.jpg,240191,f942187108bc3541a703d0e7da491c9115c056361252e0b450a6069874c55a8f
resized_images/healthy03/healthy_0754.jpg,archive/development/resized_images/healthy03/healthy_0754.jpg,233748,ccc5e0cc17b1193a520331f2329981e0bc576c7ab7ba1a1a1df8e1dbe93dc041
resized_images/healthy03/healthy_0755.jpg,archive/development/resized_images/healthy03/healthy_0755.jpg,249825,8b66e2c80dd8254dd1e88fb97ee3d2032e8abcf5cf06425a1dc33ce9e116dc3b
resized_images/healthy03/healthy_0756.jpg,archive/development/resized_images/healthy03/healthy_0756.jpg,275558,f42028bb17677a80b64ada0ff9aefd82b957ef4be4370df53aa501e4cb07f8a4
resized_images/healthy03/healthy_0757.jpg,archive/development/resized_images/healthy03/healthy_0757.jpg,308781,a8d7f2e75f28cb804d92ff0f1d2fa27ed909a1a6d32f19869a382d2c994729d1
resized_images/healthy03/healthy_0758.jpg,archive/development/resized_images/healthy03/healthy_0758.jpg,287368,db7be3ac0ea346708e7cda5a7db14e90edb27fc335b54b351359c632ec7cf538
resized_images/healthy03/healthy_0759.jpg,archive/development/resized_images/healthy03/healthy_0759.jpg,255042,e57a5b3aaf15175f62c4a50fe83da1d986a856058d0602080a8ab83e2cabd6c0
resized_images/healthy03/healthy_0760.jpg,archive/development/resized_images/healthy03/healthy_0760.jpg,283018,163bb76c9204aecbdea6683d51d0c3b10d751410cf2ac1baeb49aa94f0d873cb
resized_images/healthy03/healthy_0761.jpg,archive/development/resized_images/healthy03/healthy_0761.jpg,262598,b97da0ebc983a1b16de2fe4ed05f6478d712c4c805f6532ef3304a0d109763ff
resized_images/healthy03/healthy_0762.jpg,archive/development/resized_images/healthy03/healthy_0762.jpg,319534,879094c77b6a45a0ce774d713e0fa26c1b090bc210d06c8941dc3d3147853f9e
resized_images/healthy03/healthy_0765.jpg,archive/development/resized_images/healthy03/healthy_0765.jpg,287815,9732def5805f68449e340ebbc06cfffa1ad5fefd46596a7cf30bbb56fc20b769
resized_images/healthy03/healthy_0766.jpg,archive/development/resized_images/healthy03/healthy_0766.jpg,353938,24c3ceea287e5d87aa1efa6aacf36b84cae9cbd205d3da109fce0372ae0507e1
resized_images/healthy03/healthy_0768.jpg,archive/development/resized_images/healthy03/healthy_0768.jpg,254339,904d208ac88e3475c9cb94869e4bd21f5521a22161c012a52f517a47bb5792c7
resized_images/healthy03/healthy_0769.jpg,archive/development/resized_images/healthy03/healthy_0769.jpg,257293,de90fa07b8ff26ea5829b027c45bce3b3d01dbd719394f2fff2b564dff1708b8
resized_images/healthy03/healthy_0770.jpg,archive/development/resized_images/healthy03/healthy_0770.jpg,291080,60d9f0370e45898cd89aeea85a0fdcf39ac6fd53c57d5a5da1fcddddb099f1f1
resized_images/healthy03/healthy_0772.jpg,archive/development/resized_images/healthy03/healthy_0772.jpg,339751,58ead94e73fa8217f9089fa38071cfb6a677898c9cffaabf33953e6b57a623d8
resized_images/healthy03/healthy_0773.jpg,archive/development/resized_images/healthy03/healthy_0773.jpg,279457,fbff1a3503e25a305f533f3d9f134d2fcc571289293b7ebb714c4128a5bd5281
resized_images/healthy03/healthy_0775.jpg,archive/development/resized_images/healthy03/healthy_0775.jpg,192515,593331f49a401fe8c0bfc59eea7c5c47d5cbc7d7faf1597574acdd9a99d4ffcc
resized_images/healthy03/healthy_0776.jpg,archive/development/resized_images/healthy03/healthy_0776.jpg,302337,85b24df547592075dba612e925b1678b940de9a32348f7c775f67843dc8b0961
resized_images/healthy03/healthy_0777.jpg,archive/development/resized_images/healthy03/healthy_0777.jpg,252347,39a8a010c6a15179a89ef591e455e79d565a8af3a1b7b0592e9d25709ddd9c3c
resized_images/healthy03/healthy_0778.jpg,archive/development/resized_images/healthy03/healthy_0778.jpg,269588,9af0714097652f2aa2cd6f266d0a57b9d4e5527abf07d1d561ca8cf08b1f9292
resized_images/healthy03/healthy_0779.jpg,archive/development/resized_images/healthy03/healthy_0779.jpg,207299,95c364fdcb6d051aa248abf0edeeb9ba2dbfa96c35e9f20be69d775c55553c01
resized_images/healthy03/healthy_0780.jpg,archive/development/resized_images/healthy03/healthy_0780.jpg,202789,b130f0a6ca8fba44b771d31e48dad5e204017ad52c1c1478f877d83dd16b18c8
resized_images/healthy03/healthy_0781.jpg,archive/development/resized_images/healthy03/healthy_0781.jpg,312720,9e79cc5c0a5bfdb2570fddf6ce23338f289d1cd8c62854a46e2c5a4077877746
resized_images/healthy03/healthy_0782.jpg,archive/development/resized_images/healthy03/healthy_0782.jpg,340899,0108e96c9a8b7c239b08299012bf1510007c0a9d40b5697b033cd83c3b089cbf
resized_images/healthy03/healthy_0783.jpg,archive/development/resized_images/healthy03/healthy_0783.jpg,263696,8ea6996def005a8c80a6c76b3896ba697627a855b10b0affb6506df75c601a77
resized_images/healthy03/healthy_0784.jpg,archive/development/resized_images/healthy03/healthy_0784.jpg,294314,e16e073ff4fd4d37549f71b60ecda2e20c47a80c5ccbd491fdda78c70e82cc24
resized_images/healthy03/healthy_0785.jpg,archive/development/resized_images/healthy03/healthy_0785.jpg,275309,456009f88338841a3f5a46cb2c3509bdb14856347090e3f7387412ff2726b1dc
resized_images/healthy03/healthy_0786.jpg,archive/development/resized_images/healthy03/healthy_0786.jpg,236542,a86719ab6fcf05536cc7cb8b7aaaf79a5ce836cea2bc3c3b146afbf68470bd79
resized_images/healthy03/healthy_0787.jpg,archive/development/resized_images/healthy03/healthy_0787.jpg,254153,98b47a156646ad91fbbd7a4d046a96e1b5657370aee842cc6866bfa0e3dc7161
resized_images/healthy03/healthy_0788.jpg,archive/development/resized_images/healthy03/healthy_0788.jpg,231239,933e3d530fecc36b0096c2714ac0a0feabc0370cce4fee0626b2cf1df5313b86
resized_images/healthy03/healthy_0789.jpg,archive/development/resized_images/healthy03/healthy_0789.jpg,288369,1ec8a6959b7dac3a17869789b69ffdefbd9b94b2207df6e7651742be5bac6c22
resized_images/healthy03/healthy_0790.jpg,archive/development/resized_images/healthy03/healthy_0790.jpg,274340,2dcf204a5d9a85a77236246187a3b3bebf27438d3444b7bc16ad09b1c5eddec4
resized_images/healthy03/healthy_0791.jpg,archive/development/resized_images/healthy03/healthy_0791.jpg,265231,8da28bbc969c0f193053233e6c0d773ba985907f5871dc36129f4b85c528a40f
resized_images/healthy03/healthy_0793.jpg,archive/development/resized_images/healthy03/healthy_0793.jpg,202880,a9b91111a6a1c698f935e0a3db70824f5fdf6665476de98d0a8581c28679e568
resized_images/healthy03/healthy_0794.jpg,archive/development/resized_images/healthy03/healthy_0794.jpg,286120,15ee6288c5c8eb00de035d7df08828163e52eac5779fad4272724a61bb4c2331
resized_images/healthy03/healthy_0795.jpg,archive/development/resized_images/healthy03/healthy_0795.jpg,272015,e9c277a771199080b5183a53005d5767eb74586f44d8215da2a86df83bb52c11
resized_images/healthy03/healthy_0796.jpg,archive/development/resized_images/healthy03/healthy_0796.jpg,256847,7264fa65e5b30518c35f5c84bd15b14dbf15462988cb19c11fd6d7d17b1e5889
resized_images/healthy03/healthy_0797.jpg,archive/development/resized_images/healthy03/healthy_0797.jpg,242759,521c2ca8c1e8879fda738f1dfa338de28d08110b00c9c9cb23c96769db5a0821
resized_images/healthy03/healthy_0798.jpg,archive/development/resized_images/healthy03/healthy_0798.jpg,274819,ec2ef8e2e8fd6631de0ed1c3f71fca26875f5d1e0213ae9ee0a4824da458f1c7
resized_images/healthy03/healthy_0799.jpg,archive/development/resized_images/healthy03/healthy_0799.jpg,259003,3cb8c78926b3ae13e7aad7e6f15cb03d56eac38fe1a908d9fb326b47cf07ae3c
resized_images/healthy03/healthy_0800.jpg,archive/development/resized_images/healthy03/healthy_0800.jpg,305916,b2cc722e00e7d33128b5c7d08c9034e51462012ec5d3be5401be7a1fbba8e66e
resized_images/healthy03/healthy_0802.jpg,archive/development/resized_images/healthy03/healthy_0802.jpg,282290,eec6d698045d1e3a8c75014d288fcfaa20663e740259cf5bcb983a5a1239f3db
resized_images/healthy03/healthy_0803.jpg,archive/development/resized_images/healthy03/healthy_0803.jpg,283225,47e864efd6af72728aaa64d3276813186622cd976819beaed31f0f404a3b405a
resized_images/healthy03/healthy_0804.jpg,archive/development/resized_images/healthy03/healthy_0804.jpg,251824,52d3515f0a9c290bf26447cf780e612a8d1dd044d57954b93888904345f004f4
resized_images/healthy03/healthy_0805.jpg,archive/development/resized_images/healthy03/healthy_0805.jpg,259349,83773971167bee4b2b45b34575b1bec2eb44fbf381e3e4ecaf6c7df70203c72d
resized_images/healthy03/healthy_0807.jpg,archive/development/resized_images/healthy03/healthy_0807.jpg,253551,0b3ea01ade7e040b8675316906e4401264735542e140d4f8fa865b6fb2648f78
resized_images/healthy03/healthy_0808.jpg,archive/development/resized_images/healthy03/healthy_0808.jpg,309400,0945cea02fb79377c89af915deb8902500a4d6826e0ea9c7f9955e3623f4a997
resized_images/healthy03/healthy_0812.jpg,archive/development/resized_images/healthy03/healthy_0812.jpg,302461,ba03e80615de08389f4af3e1ca48333d941af99d4c5979b7bf85cc0a7b8ecf78
resized_images/healthy03/healthy_0813.jpg,archive/development/resized_images/healthy03/healthy_0813.jpg,259252,1b6088a89dce219a7ed2f98b946e1080a925574cdb77add4e50021c2efacbc1f
resized_images/healthy03/healthy_0814.jpg,archive/development/resized_images/healthy03/healthy_0814.jpg,335217,f0bf96b136dd02a5f170118ba88360693561f6f6cbe9afded93eb609b7c16292
resized_images/healthy03/healthy_0815.jpg,archive/development/resized_images/healthy03/healthy_0815.jpg,303253,58216c42e9e333ddd0e660444ffc9c559633f7ab136ed65159b2707352e8b157
resized_images/healthy03/healthy_0816.jpg,archive/development/resized_images/healthy03/healthy_0816.jpg,350083,b4ee8f85300c69ce8d61af7d6cd29eb333b56345bcc536764fedb027d8ce9585
resized_images/healthy03/healthy_0817.jpg,archive/development/resized_images/healthy03/healthy_0817.jpg,345636,210509007cf296eaa2bbb876bdf7216835d2d60a7d97c38581129e08f21b96ad
resized_images/healthy03/healthy_0818.jpg,archive/development/resized_images/healthy03/healthy_0818.jpg,319194,7238d88361b4ff9e3a0ab8fdca7d83dd672946ff2fff21f003b8b9ffe59b2857
resized_images/healthy03/healthy_0821.jpg,archive/development/resized_images/healthy03/healthy_0821.jpg,263858,141d446917f8b3397469323d440d2d525ced98dcea2bec7fa518f7613993654c
resized_images/healthy03/healthy_0823.jpg,archive/development/resized_images/healthy03/healthy_0823.jpg,278972,0f733b45d5ae921185f65eb756c225b078253d93d99344f759ac9ae08839aa51
resized_images/healthy03/healthy_0824.jpg,archive/development/resized_images/healthy03/healthy_0824.jpg,333376,ce2990c09eff61bc44d1703c074b19c353a679120d4fbc13099b4b567f8c175f
resized_images/healthy03/healthy_0825.jpg,archive/development/resized_images/healthy03/healthy_0825.jpg,302335,75e70eb8f15a8209d6f550ba16bd0ee19d6250b7b670f0dc6726c9e4d72b624c
resized_images/healthy03/healthy_0826.jpg,archive/development/resized_images/healthy03/healthy_0826.jpg,354806,2889723ff834b2b6906ffb20a4834200c01ce38be7eb5dfeccd14bec35802a71
resized_images/healthy03/healthy_0827.jpg,archive/development/resized_images/healthy03/healthy_0827.jpg,295676,711cad88f49e55fcca453a4df20a483c1980401e5317018ec36fb71ed73bb4a6
resized_images/healthy03/healthy_0828.jpg,archive/development/resized_images/healthy03/healthy_0828.jpg,268354,15ffcf144864ac610c6a31782ade578fa21f1c626aaedc82e158f314c95756bd
resized_images/healthy03/healthy_0829.jpg,archive/development/resized_images/healthy03/healthy_0829.jpg,243362,0dff7bb622764ad8fe384b2a00dd915cc415c73f97e6a1fdfeb58d6384114a83
resized_images/healthy03/healthy_0830.jpg,archive/development/resized_images/healthy03/healthy_0830.jpg,281199,65df624323c752c23893d3751d7418a0434080e6157f34889cd28dedb35aebee
resized_images/healthy03/healthy_0831.jpg,archive/development/resized_images/healthy03/healthy_0831.jpg,313347,3e51ce6dbf6d9bfa4a98e1077e5f698580a1940eca2f65e1b55a1709d8b83c81
resized_images/healthy03/healthy_0832.jpg,archive/development/resized_images/healthy03/healthy_0832.jpg,443423,6c846decdc44388896cdb92fe50e757c46020f13336acdad87a1e21f0ac724ee
resized_images/healthy03/healthy_0833.jpg,archive/development/resized_images/healthy03/healthy_0833.jpg,306002,b012967d99f49703d0a8d1210a0be7026c415c333e0df706b1cbe13b4a5287a6
resized_images/healthy03/healthy_0834.jpg,archive/development/resized_images/healthy03/healthy_0834.jpg,345831,5ddb54692c27b5f1d5bed50fe640b7051643c94ba1cceea8f2b3e3150272c1f1
resized_images/healthy03/healthy_0836.jpg,archive/development/resized_images/healthy03/healthy_0836.jpg,346019,1a18be8a102dc0fada0c755172dd205709ad6ea5e42adb8bd7f44d8e9afb1b50
resized_images/healthy03/healthy_0837.jpg,archive/development/resized_images/healthy03/healthy_0837.jpg,382733,d5484ab02d9eb45bc8612e2be08292bb066dba5ef5752b1e8f76be9655bed24b
resized_images/healthy03/healthy_0838.jpg,archive/development/resized_images/healthy03/healthy_0838.jpg,476557,ea394f4a25bcfee644ae315cead4f5987925968c30a3cec1ec4ac11257df6ed4
resized_images/healthy03/healthy_0839.jpg,archive/development/resized_images/healthy03/healthy_0839.jpg,254464,32c9e11a2523ad1bf9cf1225e4c359875a8945aa2bb34a120d30878d197e086e
resized_images/healthy03/healthy_0840.jpg,archive/development/resized_images/healthy03/healthy_0840.jpg,262983,a379ee85a13d5319bfd14099831d4d7d32bb1a6c7ca3dca4d2ac92ffd778d07f
resized_images/healthy03/healthy_0841.jpg,archive/development/resized_images/healthy03/healthy_0841.jpg,377628,a36f7b219755b20bbb40c374e05d39ee3e7375cce248705680f0821c33f2f024
resized_images/healthy03/healthy_0843.jpg,archive/development/resized_images/healthy03/healthy_0843.jpg,344933,3475c998103ba2011a5f439e00fb35b44fe08402ab5fd366116388a46753e885
resized_images/healthy03/healthy_0844.jpg,archive/development/resized_images/healthy03/healthy_0844.jpg,224189,bda043221dbaec7d4f40ffccfe15728911fdb47f75fed7c62afa96420a55de79
resized_images/healthy03/healthy_0846.jpg,archive/development/resized_images/healthy03/healthy_0846.jpg,280314,a1ec01a461b230453d7a8b95694da1d91c54169cf441f788a4ea70682c7356d6
resized_images/healthy03/healthy_0847.jpg,archive/development/resized_images/healthy03/healthy_0847.jpg,262790,4533a5c078204a487d46890e26597e20c278d34a9017a6e871be5eb02e0b06e3
resized_images/healthy03/healthy_0850.jpg,archive/development/resized_images/healthy03/healthy_0850.jpg,292543,c3cab815007ad7415fb31de7c87bf4343a8ec97a0b49bc5cf5ba0ab5ede55ffe
resized_images/healthy03/healthy_0852.jpg,archive/development/resized_images/healthy03/healthy_0852.jpg,260810,273f0983703cfa40c1ecd04f92fb551ae0a32d7e80c2867c3c9105341964fcf2
resized_images/healthy03/healthy_0855.jpg,archive/development/resized_images/healthy03/healthy_0855.jpg,232936,1be8eda385ab3ee2cc74bc674961462db7669713c47dc91861e689f4555b4720
resized_images/healthy03/healthy_0856.jpg,archive/development/resized_images/healthy03/healthy_0856.jpg,244780,f7c029fca1dd78b7b753f41040b0e4ac1c2cfafe7cc2f894c4608c63d1b8ffef
resized_images/healthy03/healthy_0857.jpg,archive/development/resized_images/healthy03/healthy_0857.jpg,300040,d09613003d586cec8c996d36e018ae6093cb1f4808f3a3197d8cc4efe9729c41
resized_images/healthy03/healthy_0858.jpg,archive/development/resized_images/healthy03/healthy_0858.jpg,292906,3b98ddaed5336dc7edef90a8610bdab41868a31a907dd02727ef79f7cb43372a
resized_images/healthy03/healthy_0860.jpg,archive/development/resized_images/healthy03/healthy_0860.jpg,266334,ebe6d1f948b62035b35865233a99f9aa41eec58ce9285530236c6475149b4422
resized_images/healthy03/healthy_0861.jpg,archive/development/resized_images/healthy03/healthy_0861.jpg,282992,1e5c135b8bd4e0eec950411fa562f19bf8f4d2d314893ed98647891070bda0ba
resized_images/healthy03/healthy_0862.jpg,archive/development/resized_images/healthy03/healthy_0862.jpg,312648,93035f8e85e26cecf00cc8b14fd7d3dcad7bd0435475d49bd8dfeec875f0ab42
resized_images/healthy03/healthy_0863.jpg,archive/development/resized_images/healthy03/healthy_0863.jpg,311393,1f1be3c22bf1aaaaca285af457dce51fb6f09945eeee54869bdf8b13ccfb0596
resized_images/healthy03/healthy_0864.jpg,archive/development/resized_images/healthy03/healthy_0864.jpg,302986,32a3d443d7789155d127d50cf6b51f04249c6794da84c5a0879561e155ec5cb3
resized_images/healthy03/healthy_0865.jpg,archive/development/resized_images/healthy03/healthy_0865.jpg,299277,11c87efe7ce963735a32f8c45aa5260f0b80187e7dbde869889c28e3ec197ade
resized_images/healthy03/healthy_0866.jpg,archive/development/resized_images/healthy03/healthy_0866.jpg,303261,a2eab4026123c608dab3a73f305746959d6c2e191808cbfc49553eafd7e1a4b1
resized_images/healthy03/healthy_0867.jpg,archive/development/resized_images/healthy03/healthy_0867.jpg,320074,7899d09a58b10bd3574a826c6ebbefba42efd600a1ec94ef5e674b3ffd723500
resized_images/healthy03/healthy_0868.jpg,archive/development/resized_images/healthy03/healthy_0868.jpg,317935,e3e49d5ede914b1a6ac8fbe0b71899b753a375ca4eb8057619e6fedb5b3af62e
resized_images/healthy03/healthy_0869.jpg,archive/development/resized_images/healthy03/healthy_0869.jpg,311032,395a2b4d1581194412cd8bc88da1ef2271eba613b42bf89533d43d640a34c74e
resized_images/healthy03/healthy_0870.jpg,archive/development/resized_images/healthy03/healthy_0870.jpg,301940,3e0f8e9a2c077a2e4a551ffe1aabc55a7efb31064be858fd33c16540bfa5eecb
resized_images/healthy03/healthy_0871.jpg,archive/development/resized_images/healthy03/healthy_0871.jpg,256851,ccf95c0f300997425fd53e1e7060a0a4b813aff56c7539d477147824376c60b9
resized_images/healthy03/healthy_0872.jpg,archive/development/resized_images/healthy03/healthy_0872.jpg,266292,4acb7cb738689e662595d8effa410a446debf960dac4f031752750a52e29ad92
resized_images/healthy03/healthy_0873.jpg,archive/development/resized_images/healthy03/healthy_0873.jpg,273006,b2a409575d96f71b3d6b861675f5cf13bcc1153c929aa88d714f93f71f6ed113
resized_images/healthy03/healthy_0874.jpg,archive/development/resized_images/healthy03/healthy_0874.jpg,330190,de2a012f82df1d3dd81d76d9b24d31305ba8a13927eb9b7fc135090615f1e273
resized_images/healthy03/healthy_0875.jpg,archive/development/resized_images/healthy03/healthy_0875.jpg,266212,bc101a1568c8c747dead9736595269d7d14c86a2f095a3dd7cf975d420ce4bd1
resized_images/healthy03/healthy_0876.jpg,archive/development/resized_images/healthy03/healthy_0876.jpg,345722,5792e32b031a5e567ac29cd7a28e864f1c543076c96ece78f64a68b40484f2ee
resized_images/healthy03/healthy_0878.jpg,archive/development/resized_images/healthy03/healthy_0878.jpg,371753,1ed8d536824b3b19e52e3db3f3d4f3503dcad853d5c396a2eda515119d9c863c
resized_images/healthy03/healthy_0883.jpg,archive/development/resized_images/healthy03/healthy_0883.jpg,250024,0398326f90a8695db9e19631d0fa7be32f90c212dc18ef2f1345fa614af6c372
resized_images/healthy03/healthy_0884.jpg,archive/development/resized_images/healthy03/healthy_0884.jpg,285216,9134edcb9ae187cab54ea42c01c31e57f4b3adda18df08954c588d8e8ef3c53d
resized_images/healthy03/healthy_0888.jpg,archive/development/resized_images/healthy03/healthy_0888.jpg,222768,17331d340156bccc2020dde42211f5543c206795dc3c702c2c683bb673851b86
resized_images/healthy03/healthy_0889.jpg,archive/development/resized_images/healthy03/healthy_0889.jpg,194848,010e1794e429da298efac4500eb984926cfbf882d217339bb0b10c33b422b3d9
resized_images/healthy03/healthy_0890.jpg,archive/development/resized_images/healthy03/healthy_0890.jpg,187459,c9400f2a5007ff32d7bcdf0380cee0701f369b6917d8e91cadd736738ddf12b6
resized_images/healthy03/healthy_0891.jpg,archive/development/resized_images/healthy03/healthy_0891.jpg,197038,f58d80abb023018e54e8a9f6e311e8281eabc5e4e0574a4e1ba01325f82ed31b
resized_images/healthy03/healthy_0894.jpg,archive/development/resized_images/healthy03/healthy_0894.jpg,171340,d6e65fa472c6b65e9747f444dadd3b5884035208457bddf4342ac018f19d5f48
resized_images/healthy03/healthy_0895.jpg,archive/development/resized_images/healthy03/healthy_0895.jpg,165835,b3897f4d3e469a236e960b0c520f745d5c9bcd497ac63095b8e978aed63fe1de
resized_images/healthy03/healthy_0898.jpg,archive/development/resized_images/healthy03/healthy_0898.jpg,167350,1fe8c9542438c634a456e1e4f5ae06cdb6cb568f0f98d1273151baa467e12178
resized_images/healthy03/healthy_0899.jpg,archive/development/resized_images/healthy03/healthy_0899.jpg,174268,4564c58c2b525f9f3cca49ea94652a5438008fccc617b4281b8571e18130ca97
resized_images/healthy03/healthy_0900.jpg,archive/development/resized_images/healthy03/healthy_0900.jpg,224161,658561ed09171d1adcabc9a198464f16c113aedc4166b770f20d5561d594dbc0
resized_images/healthy03/healthy_0901.jpg,archive/development/resized_images/healthy03/healthy_0901.jpg,202410,7190cb07de8c60360037390cd2a852cda909e1ae833a660438648096eb0e2aeb
resized_images/healthy03/healthy_0902.jpg,archive/development/resized_images/healthy03/healthy_0902.jpg,233572,774185444b25286e0bd0c943a9469b0f03e3d2dc6c870722f812653c57310667
resized_images/healthy03/healthy_0903.jpg,archive/development/resized_images/healthy03/healthy_0903.jpg,216363,edae51ae75cc280ed16ed8d45094e1e0ee4ac7b8b69b4caf558017679b845fdf
resized_images/healthy03/healthy_0904.jpg,archive/development/resized_images/healthy03/healthy_0904.jpg,223327,b590738cb012a76d90a0ee1e57f914f1521d7ed81c7122c3b468947282177226
resized_images/healthy03/healthy_0905.jpg,archive/development/resized_images/healthy03/healthy_0905.jpg,211159,464f09679f9df39e752f821d799bae157faed8a0a2dd52f9b47ae72a05afbe3d
resized_images/healthy03/healthy_0906.jpg,archive/development/resized_images/healthy03/healthy_0906.jpg,188983,cb8833b7f4263a5fd2e256b2b015da8c36f507f5fb8b30a0fe80758ff0afd7aa
resized_images/healthy03/healthy_0908.jpg,archive/development/resized_images/healthy03/healthy_0908.jpg,247328,bcd9bcca4b7eb4fcb3025961196128139f74f73140f899821f2111b5ba18c65a
resized_images/healthy03/healthy_0909.jpg,archive/development/resized_images/healthy03/healthy_0909.jpg,188231,4185f82676459aabe38c2108b3b5260815fc266257ea6bc62a64c8dc3d128c3a
resized_images/healthy03/healthy_0911.jpg,archive/development/resized_images/healthy03/healthy_0911.jpg,229454,0189be90f8895d524b320ac706231c36dfb4bf9f494e539641d134eaaf74e947
resized_images/healthy03/healthy_0912.jpg,archive/development/resized_images/healthy03/healthy_0912.jpg,185525,ecb5a8629a4fec8a646e41ae08c8700b2294b1aeb8538d0e63ad9c88b9708a35
resized_images/healthy03/healthy_0913.jpg,archive/development/resized_images/healthy03/healthy_0913.jpg,213024,67f9aefc5690fa966859a93431516c9b067ee47e21d5485c1286a1b1a89313c3
resized_images/healthy03/healthy_0914.jpg,archive/development/resized_images/healthy03/healthy_0914.jpg,216040,ed2d6be0cfe20041f80a5492d17de6008c17b2a8b18a510099addc654fc8cbfb
resized_images/healthy03/healthy_0915.jpg,archive/development/resized_images/healthy03/healthy_0915.jpg,205759,dceb2b3ae53c951ca3bca87031bfbe5886bff2415ea30b80ebe081adf9668377
resized_images/healthy03/healthy_0916.jpg,archive/development/resized_images/healthy03/healthy_0916.jpg,223114,4fe380c107efa23e61296ba9af32bbc884ea6e25ea8dfae926e3bb8395f87dcd
resized_images/healthy03/healthy_0917.jpg,archive/development/resized_images/healthy03/healthy_0917.jpg,191468,5c2b4b09b848509ec94a4cc80593b17c8c72a7cbde53173c73c8ea50fa226b84
resized_images/healthy03/healthy_0918.jpg,archive/development/resized_images/healthy03/healthy_0918.jpg,243572,2fc8520af284517df6757598a7d8683e2c08bb2c0088016ad83c2c927d7c581c
resized_images/healthy03/healthy_0919.jpg,archive/development/resized_images/healthy03/healthy_0919.jpg,197464,28d592517b5b05d5951487981f395ec288d2f928737b9c5ee1c3dbc668f7f165
resized_images/healthy03/healthy_0920.jpg,archive/development/resized_images/healthy03/healthy_0920.jpg,274104,5f6a1c56c692824ab33fc025f413c10da6fad8a71fcb5ad4ebcfd534a0f048a9
resized_images/healthy03/healthy_0921.jpg,archive/development/resized_images/healthy03/healthy_0921.jpg,209061,647598332cc65e2986bf21b9e3101293c5372a199c27ce97b40047c35ddb9bdf
resized_images/healthy03/healthy_0922.jpg,archive/development/resized_images/healthy03/healthy_0922.jpg,232007,317151f782bd3b740efb8e285ccba8ac0d01203769b692a095826c6b27618e69
resized_images/healthy03/healthy_0923.jpg,archive/development/resized_images/healthy03/healthy_0923.jpg,213508,1d576604d88edbbfbc402053dc97e6703086fb6b221da93b23d597592135edc9
resized_images/healthy03/healthy_0924.jpg,archive/development/resized_images/healthy03/healthy_0924.jpg,203668,cdfda945f345357760a74db0a4ac26019a5298758994e433c4133c52f83432b4
resized_images/healthy03/healthy_0925.jpg,archive/development/resized_images/healthy03/healthy_0925.jpg,192115,979ff54093715a49cfb009debc2a3371c942a90a2c6c0d7ff227fa283c608266
resized_images/healthy03/healthy_0926.jpg,archive/development/resized_images/healthy03/healthy_0926.jpg,200846,30128bb3c57ec43558894b7a588bd9e8594ad7518fb9a1709344beef7af18cb8
resized_images/healthy03/healthy_0927.jpg,archive/development/resized_images/healthy03/healthy_0927.jpg,214346,f435ceeede8b9a363bd94e8b355c2f6b7d103004565b4439cbd89553bc53f047
resized_images/healthy03/healthy_0929.jpg,archive/development/resized_images/healthy03/healthy_0929.jpg,207629,bd4e53784c2e15b6e2166eebfa268b93349e248537b9171846ca1ed8aaf00b1f
resized_images/healthy03/healthy_0930.jpg,archive/development/resized_images/healthy03/healthy_0930.jpg,238868,dc134383ce019a9023bf95145d01e3b1044c7faf6ae8a81e471d435d1452408a
resized_images/healthy03/healthy_0931.jpg,archive/development/resized_images/healthy03/healthy_0931.jpg,197936,3c63e2b0d69ca1096b7e741275483cec53ab2559e883c76c3d5c464ebab112bb
resized_images/healthy03/healthy_0932.jpg,archive/development/resized_images/healthy03/healthy_0932.jpg,235665,63a511808827b4c06d7f22bfadd636ea3bb08da7c1013a5724bd17cad96b0b16
resized_images/healthy03/healthy_0933.jpg,archive/development/resized_images/healthy03/healthy_0933.jpg,204047,2e3d459bc8975409dceba8882212931781725b67d7f8303e9206579ff7c0c173
resized_images/healthy03/healthy_0934.jpg,archive/development/resized_images/healthy03/healthy_0934.jpg,191895,4cb40e278c084d9841b2f34fa10ea5d9c7e469fe77d86787d8c56e36e09c1f46
resized_images/healthy03/healthy_0935.jpg,archive/development/resized_images/healthy03/healthy_0935.jpg,210829,4a7a00621ee2694209b3545c139e7f4d8c7d62a67efa87a4b56c4a246b81152a
resized_images/healthy03/healthy_0936.jpg,archive/development/resized_images/healthy03/healthy_0936.jpg,199784,c7e6508c7137dc22edd208e17c10fe10551782c20df2f8bc984b9081db86e265
resized_images/healthy03/healthy_0937.jpg,archive/development/resized_images/healthy03/healthy_0937.jpg,195292,53a3e9a0dac60765116d8f2b5dde70021c4ad1ec77beea93b9d9fd685f0a4bdf
resized_images/healthy03/healthy_0938.jpg,archive/development/resized_images/healthy03/healthy_0938.jpg,176624,de3c33e357023c7722df9391e02048d371c71b40f488a7cb33844f46a607e380
resized_images/healthy03/healthy_0939.jpg,archive/development/resized_images/healthy03/healthy_0939.jpg,199663,ffa1e2b195f6b8221ab69cd2b667ece04ffc20a9ac4aa126bce5dfd7d53d81c7
resized_images/healthy03/healthy_0940.jpg,archive/development/resized_images/healthy03/healthy_0940.jpg,203483,1d94c99de68a7bf91a1b7f610021acbc0d7c05db828142d14420b1ec0a196c15
resized_images/healthy03/healthy_0942.jpg,archive/development/resized_images/healthy03/healthy_0942.jpg,236139,685e12d865b87efa6317bfd610c7fb0dc7553ead20bc9571b7053e4eac46f5da
resized_images/healthy03/healthy_0943.jpg,archive/development/resized_images/healthy03/healthy_0943.jpg,173919,f4a6ac00de4a45ba6a47ecdc2ad600ee0770dbf9c840d185307f920962b0714b
resized_images/healthy03/healthy_0944.jpg,archive/development/resized_images/healthy03/healthy_0944.jpg,169326,150e544ded17fd885047d083544bee5234770db2ad1458586832f52b8125f494
resized_images/healthy03/healthy_0945.jpg,archive/development/resized_images/healthy03/healthy_0945.jpg,199556,99dae877a3f484446ce9264d010e4bbb7aa7b203f2589073b384dbe4ac4a9fde
resized_images/healthy03/healthy_0947.jpg,archive/development/resized_images/healthy03/healthy_0947.jpg,178495,33345a126517135a29c4caf5f3809c5ffafc2f9828904c36168e3abe60534eb2
resized_images/healthy03/healthy_0948.jpg,archive/development/resized_images/healthy03/healthy_0948.jpg,180205,9f15d852be7759efe004ed88fab8db97fa745b24782db0bca07605525550a5a0
resized_images/healthy03/healthy_0949.jpg,archive/development/resized_images/healthy03/healthy_0949.jpg,189828,a1f3791bdbacb90e84164b6210bf56acd99c3b98f941fdf11fadced56c654c3e
resized_images/healthy03/healthy_0950.jpg,archive/development/resized_images/healthy03/healthy_0950.jpg,174091,6a32330638419023f9053cc5394d93deb2c5603f9167d0c63b1fd051ef971702
resized_images/healthy03/healthy_0951.jpg,archive/development/resized_images/healthy03/healthy_0951.jpg,216693,827c3aa9ac6f2ec0f520e12a69b0720176ee8dbb1f051c4ae00bbb09e0f4e226
resized_images/healthy03/healthy_0952.jpg,archive/development/resized_images/healthy03/healthy_0952.jpg,186023,ee3190e846946d1cfa42af47732910a33d1b953f5d4f9ee615ec64f29b88a69d
resized_images/healthy03/healthy_0953.jpg,archive/development/resized_images/healthy03/healthy_0953.jpg,236528,370769a19c7f434448626a1984fbb28e107e5cfec17c662c4f58cc14ab873f9d
resized_images/healthy03/healthy_0954.jpg,archive/development/resized_images/healthy03/healthy_0954.jpg,180053,f773dde28b9557767a78be1267a1148c5291fe5b1c7cfd3d5d24bae983056c49
resized_images/healthy03/healthy_0955.jpg,archive/development/resized_images/healthy03/healthy_0955.jpg,191532,d632b86be998351be802a154e202cc1ba9571869db7e3118818cbf8563b879c9
resized_images/healthy03/healthy_0956.jpg,archive/development/resized_images/healthy03/healthy_0956.jpg,188277,cfcd3410121e034ac35cc935777ba41a93b89f802b14b0e25ae16d95e8a8c7db
resized_images/healthy03/healthy_0957.jpg,archive/development/resized_images/healthy03/healthy_0957.jpg,193633,3a741638b40713929b213ef768253e05355f71bdc837021641badedf8f3024ec
resized_images/healthy03/healthy_0958.jpg,archive/development/resized_images/healthy03/healthy_0958.jpg,202824,c2e3cb702a49cc7f8e43f68065ed34d6e5c6720a863e4e60e879f4f540b051b4
resized_images/healthy03/healthy_0959.jpg,archive/development/resized_images/healthy03/healthy_0959.jpg,166591,615a0cb6575450f5cd7c2f03e410be7772a3cf2f1289cba5ef09a15790284cdd
resized_images/healthy03/healthy_0960.jpg,archive/development/resized_images/healthy03/healthy_0960.jpg,209336,1460a6b743bcad3c1e332094c4d43521c2e1fd88f0289d5297ba7279133c1cfc
resized_images/healthy03/healthy_0961.jpg,archive/development/resized_images/healthy03/healthy_0961.jpg,209513,cf5e797cf9188ef1c828d7766bcac7b1da4a325b46b7646b0af8aa201ef74a14
resized_images/healthy03/healthy_0962.jpg,archive/development/resized_images/healthy03/healthy_0962.jpg,197497,1821cfcfd094cc727fd80fdc3ba47632c587ae78c5ff48fda507a94233f4ed4c
resized_images/healthy03/healthy_0963.jpg,archive/development/resized_images/healthy03/healthy_0963.jpg,200710,c5b21768ad1e26e537f2505824511905db5f2e8f5cc9965337602015898c3bfa
resized_images/healthy03/healthy_0965.jpg,archive/development/resized_images/healthy03/healthy_0965.jpg,197099,b484f40e70a2cb005c96a2c789aa5c0b9cba9c5294077a3a7e7abf60107737ca
resized_images/healthy03/healthy_0966.jpg,archive/development/resized_images/healthy03/healthy_0966.jpg,185338,24b7ff66969574e9f1bbed057d7df6178ba4d90f6bbff295b18a6d5c396bb069
resized_images/healthy03/healthy_0967.jpg,archive/development/resized_images/healthy03/healthy_0967.jpg,179329,ddd8d2e7c0c5dd5eab9a2d451ed14892b1c2a3714c4d8a61b073e405a955c432
resized_images/healthy03/healthy_0968.jpg,archive/development/resized_images/healthy03/healthy_0968.jpg,194091,df270facae75f955fd1f996d62ae3b5764d6ceef1c5d143b394e5d7fb69e2780
resized_images/healthy03/healthy_0969.jpg,archive/development/resized_images/healthy03/healthy_0969.jpg,184685,0cf0536a999000975c3ba04c904afd2d78a363f5f6fdec79419d975c32009ab8
resized_images/healthy03/healthy_0970.jpg,archive/development/resized_images/healthy03/healthy_0970.jpg,213444,90d01063d24221c699d46cc924c266921f1c2465b3e8e15c343d2056509e9297
resized_images/healthy03/healthy_0971.jpg,archive/development/resized_images/healthy03/healthy_0971.jpg,175715,995f74d807af1573653f899538e40de11540ff75b7b3fc0c5404c7cd8e4197ea
resized_images/healthy03/healthy_0972.jpg,archive/development/resized_images/healthy03/healthy_0972.jpg,194984,f03e4d824710154315650754d0f2b5f4608f00da98bf713586975eb7b12dd255
resized_images/healthy03/healthy_0973.jpg,archive/development/resized_images/healthy03/healthy_0973.jpg,188779,28ec3aa48ea12e5c2a1d63a49097da803cf3f666e3d3e61f42805a6ed99a3c2b
resized_images/healthy03/healthy_0977.jpg,archive/development/resized_images/healthy03/healthy_0977.jpg,150908,198a928723dd7300bd6c1e1298cc6eca736d8891b55b3b3c50444392a1d1871d
resized_images/healthy03/healthy_0978.jpg,archive/development/resized_images/healthy03/healthy_0978.jpg,206253,fd86abf36939d3a975dd936ffb355cf203f175e1b5067d4fc05710dc0a530685
resized_images/healthy03/healthy_0979.jpg,archive/development/resized_images/healthy03/healthy_0979.jpg,257841,9c4b918ab95a4f54abe8d91a9ddf493c887dbce6e57d202f1a2d499eaa754bf6
resized_images/healthy03/healthy_0980.jpg,archive/development/resized_images/healthy03/healthy_0980.jpg,242282,f5e78c4d93be09e186070114ac953ae9234b2002a15f0f8c5e9facb2cac5bc26
resized_images/healthy03/healthy_0981.jpg,archive/development/resized_images/healthy03/healthy_0981.jpg,223481,016134cc80aca71be38b84d4849e775a0282841b44d48fe2cc85809147c79d20
resized_images/healthy03/healthy_0982.jpg,archive/development/resized_images/healthy03/healthy_0982.jpg,261691,4df14a35bbf794cca4f48d972739a6e450e16563447ba56a534c4ef5be852730
resized_images/healthy03/healthy_0983.jpg,archive/development/resized_images/healthy03/healthy_0983.jpg,262131,e42ae708ca0ccb83a358316775130a5b7e58e3ccd20d19e5cca4bc6aa3b94d35
resized_images/healthy03/healthy_0984.jpg,archive/development/resized_images/healthy03/healthy_0984.jpg,239871,4bb37fac53c56c2df58bf433cd3f9be5b1a60c56579966ee55d61f658fd7c5fc
resized_images/healthy03/healthy_0985.jpg,archive/development/resized_images/healthy03/healthy_0985.jpg,270307,f21338209bc730991037b695ecc6c093d484c95e604b92032f0552fc372e518e
resized_images/healthy03/healthy_0986.jpg,archive/development/resized_images/healthy03/healthy_0986.jpg,239319,d7e8f3217aeff3ae15abca5c53dbb6b82cff9646fccd4a84a4723b6d65148e3c
resized_images/healthy03/healthy_0987.jpg,archive/development/resized_images/healthy03/healthy_0987.jpg,258572,91d51efcddd8c9d55485b6aaf3fe869b75b4f8e1af7ff23184bba35aee912fd7
resized_images/healthy03/healthy_0988.jpg,archive/development/resized_images/healthy03/healthy_0988.jpg,235222,b3930a000002033086c8ec5da6e8d2f08ef1518c16e39031e2f77aff6064521e
resized_images/healthy03/healthy_0989.jpg,archive/development/resized_images/healthy03/healthy_0989.jpg,251576,dc9030a98c3fc09e50d087d877c12a35092589497f17cff76a19673b6d6277de
resized_images/healthy03/healthy_0990.jpg,archive/development/resized_images/healthy03/healthy_0990.jpg,238698,5905bf69e9ef93ba0a41eb7e7355803f74f877ebc8620ca311ee4b39d1ccb06a
resized_images/healthy03/healthy_0991.jpg,archive/development/resized_images/healthy03/healthy_0991.jpg,253676,2b7641f23d748e7b6f2bfa236828b5b580173881ce430a8c25ab019e95d4730d
resized_images/healthy03/healthy_0992.jpg,archive/development/resized_images/healthy03/healthy_0992.jpg,238330,ee9137d0328c1a890e14745f67cbe873a5c739afb313b2fd040239f2feac80c4
resized_images/healthy03/healthy_0993.jpg,archive/development/resized_images/healthy03/healthy_0993.jpg,232517,729c3e601d6d12ff38f4134b50da7f162b75888ba151a4ef270133e762fd188b
resized_images/healthy03/healthy_0994.jpg,archive/development/resized_images/healthy03/healthy_0994.jpg,271490,54989ccd28fb478e702b789171f890c6d2121c3ef9abe205d061080b57059cc9
resized_images/healthy03/healthy_0995.jpg,archive/development/resized_images/healthy03/healthy_0995.jpg,267878,97252a27d70b9ca0db6b51a81856958aa4e8e909dcb420ec310188d49a29bda9
resized_images/healthy03/healthy_0996.jpg,archive/development/resized_images/healthy03/healthy_0996.jpg,257350,52408d0e88d8954e00b17b1f05cc7bb7d4f316b05d1e08713763589d89473962
resized_images/healthy03/healthy_0997.jpg,archive/development/resized_images/healthy03/healthy_0997.jpg,251195,b38fa242aa46b2593663dcbde56abe5bec4bf9dff30f434d8e9da4be86250ae0
resized_images/healthy03/healthy_0998.jpg,archive/development/resized_images/healthy03/healthy_0998.jpg,174259,d75bfbd2cf7898537dd12717c216e40008352e59d795367dd81514c3afaaa283
resized_images/healthy03/healthy_0999.jpg,archive/development/resized_images/healthy03/healthy_0999.jpg,164217,5dc4fb7d561a1928fda92d7710b7fcbc7620a25876762cd0b50645adccc0a5c6
resized_images/healthy03/healthy_1000.jpg,archive/development/resized_images/healthy03/healthy_1000.jpg,205273,252cad8e187b011e087146d8b5c2274341436befe292929705eadcd4014f2d1f
resized_images/healthy03/healthy_1001.jpg,archive/development/resized_images/healthy03/healthy_1001.jpg,218317,041057b3aae669691291b4fd777f83779ce6eecf2c9e7b2242907c8f058df2b4
resized_images/healthy03/healthy_1002.jpg,archive/development/resized_images/healthy03/healthy_1002.jpg,184190,6e866363bbf886823a6a03df442abae9166987922c2c20bc8ff719d0ac3eea6b
resized_images/healthy03/healthy_1003.jpg,archive/development/resized_images/healthy03/healthy_1003.jpg,221311,6320163b253f8c7e28d384d64a41e1e4421eff45f50a2071f88626f28dbd27f7
resized_images/healthy03/healthy_1004.jpg,archive/development/resized_images/healthy03/healthy_1004.jpg,181100,3bda29bb375f317b2b16dd568352765fdb0979b4a444fd29293925c94cf711d5
resized_images/healthy03/healthy_1005.jpg,archive/development/resized_images/healthy03/healthy_1005.jpg,187454,aa39009f2dd1fc3b4bdca3e725325d05fbba1f5a0bcc6bf325ba462a78d87b06
resized_images/healthy03/healthy_1006.jpg,archive/development/resized_images/healthy03/healthy_1006.jpg,186505,7e3ea8805c1e02e32ba0005f11a68252fb55fd258309ff7bb6486ec735d88a3a
resized_images/healthy03/healthy_1009.jpg,archive/development/resized_images/healthy03/healthy_1009.jpg,168612,ba92a496571316a809c195ddec26194b4ed9ccb7838984e7e9edf661047e7144
resized_images/healthy03/healthy_1010.jpg,archive/development/resized_images/healthy03/healthy_1010.jpg,190206,daa1bd7acd409601f1c957f06ddcde2556513a27634212469ac736c0daff0d1e
resized_images/healthy03/healthy_1015.jpg,archive/development/resized_images/healthy03/healthy_1015.jpg,184623,d870e608b27aa4f0047f884488fa9c908ec98ea84735098b2540d80bcefd013b
resized_images/healthy03/healthy_1017.jpg,archive/development/resized_images/healthy03/healthy_1017.jpg,213736,d28e4aa524f49fea638fe395f0220884d12e3a1879f2c7cbbe4646c9dbc1ddbf
resized_images/healthy03/healthy_1019.jpg,archive/development/resized_images/healthy03/healthy_1019.jpg,199119,31f8206c7ec881a583495039585655147d215153ee71b7548ada80db9d817cee
resized_images/healthy03/healthy_1021.jpg,archive/development/resized_images/healthy03/healthy_1021.jpg,209912,fa8f140e30b9730b204bead74723ccd1a22162238e79434dfb3d6e7fed5a4571
resized_images/healthy03/healthy_1022.jpg,archive/development/resized_images/healthy03/healthy_1022.jpg,174814,4d645e85ac44b712cbb0f1c4127313e989baa8f8ad51a2794f8680279afbe594
resized_images/healthy03/healthy_1024.jpg,archive/development/resized_images/healthy03/healthy_1024.jpg,183540,e4bbdf061657b8a8ae96af05d5c57477ef37668f1f5dd79091824b0ab3a722f6
resized_images/healthy03/healthy_1027.jpg,archive/development/resized_images/healthy03/healthy_1027.jpg,191408,bb794a0e644c795c249b5ac2bff720c53ad872d6426a5d46886757fb0593332c
resized_images/healthy03/healthy_1029.jpg,archive/development/resized_images/healthy03/healthy_1029.jpg,303738,7703ee04a7ec0340f7b08fffdb64a7f891f5d9c747a98572ccdd205e382829f0
resized_images/healthy03/healthy_1030.jpg,archive/development/resized_images/healthy03/healthy_1030.jpg,225651,3503aeee1f8b9f1688491f9e745142ea00a51de093810c0099865eed18c61595
resized_images/healthy03/healthy_1033.jpg,archive/development/resized_images/healthy03/healthy_1033.jpg,239055,2875c8f6f71f57762c545cdc2aae2a12deba56d9819539f4bb80bdbffd14bc31
resized_images/healthy03/healthy_1034.jpg,archive/development/resized_images/healthy03/healthy_1034.jpg,207021,7e553933f843499a4a741e483136219d15bb9882889ff870fe183b5e4409c349
resized_images/healthy03/healthy_1037.jpg,archive/development/resized_images/healthy03/healthy_1037.jpg,220889,7b4c79b1f636ecf04f5dc478553c4ae8bf5680e89666782dc2f490bf8d5fe08d
resized_images/healthy03/healthy_1039.jpg,archive/development/resized_images/healthy03/healthy_1039.jpg,219051,d1b45c4fd867d1217eb514753bad36a7dcdc9622055f84fe4100128623a3fd38
resized_images/healthy03/healthy_1041.jpg,archive/development/resized_images/healthy03/healthy_1041.jpg,462860,050bf17b8da010517df19ab389a2a0e9dcea2a3269d020d44181c28d11b2ef1e
resized_images/healthy03/healthy_1043.jpg,archive/development/resized_images/healthy03/healthy_1043.jpg,178133,3f48d7be84af5be778f02c34e1df18b3a2cc44a41e73e70a9710a24d41591b79
resized_images/healthy03/healthy_1044.jpg,archive/development/resized_images/healthy03/healthy_1044.jpg,182069,a39387d76119fcaf3713911eb616548e7db7fb9f4b0b66a207f4a554cec59252
resized_images/healthy03/healthy_1047.jpg,archive/development/resized_images/healthy03/healthy_1047.jpg,246432,e23708d9a39829037ee908167454ba341942ecb08497003ef470f09274d19800
resized_images/healthy03/healthy_1053.jpg,archive/development/resized_images/healthy03/healthy_1053.jpg,198769,0a89e2753096f02a9d91edac6ed08076cb246d3c87beefcb116c26a6d14618a0
resized_images/healthy03/healthy_1054.jpg,archive/development/resized_images/healthy03/healthy_1054.jpg,211982,a7779192d759ab7137f869249b0d79ff81c841e2581278425801b8f5b0f98717
resized_images/healthy03/healthy_1057.jpg,archive/development/resized_images/healthy03/healthy_1057.jpg,205868,6f757dffb64ef5634698700e34c50a9a2092bbdcdbfd09681f064f8e4f1e58bd
resized_images/healthy03/healthy_1058.jpg,archive/development/resized_images/healthy03/healthy_1058.jpg,211364,a62cc5ca880f57ac98689372860b7eea7f27f28028735c0fdf723efc582ca96d
resized_images/healthy03/healthy_1060.jpg,archive/development/resized_images/healthy03/healthy_1060.jpg,317165,9d3cf20b0e41b78bc2d5dc2ee6079b08724ee0ec72c9bb438d62e592f8ed6873
resized_images/healthy03/healthy_1063.jpg,archive/development/resized_images/healthy03/healthy_1063.jpg,199262,b14371c6e2ec05c0f3c152e6132d392489101cd0113926a843a9d23b848ef847
resized_images/healthy03/healthy_1065.jpg,archive/development/resized_images/healthy03/healthy_1065.jpg,188475,2062af1af6f56f8ff61f2f38211183c839c85919e50581703dac561fe979085e
resized_images/healthy03/healthy_1066.jpg,archive/development/resized_images/healthy03/healthy_1066.jpg,187665,73e2d89f62de91669d54116b79392431b14888689bde3e82cd62a2945d8bd34e
resized_images/healthy03/healthy_1069.jpg,archive/development/resized_images/healthy03/healthy_1069.jpg,174831,adc4075c0cdc7828d3c2c47294bbf6b1f62e12330ea22b3691ba5aab8e05aa52
resized_images/healthy03/healthy_1070.jpg,archive/development/resized_images/healthy03/healthy_1070.jpg,238365,082295546add0394536f9f847c3a2891d5b9a2563606e09ef6e7a63860ff38db
resized_images/healthy03/healthy_1073.jpg,archive/development/resized_images/healthy03/healthy_1073.jpg,234095,7df5e6d7ae4e415928cd062239a89cb602187e19300c50ec55b543c2eaad6829
resized_images/healthy03/healthy_1077.jpg,archive/development/resized_images/healthy03/healthy_1077.jpg,209690,8996dca4236c10634d9490fe90576dd8855e64477526570582e76d1f5e4c7574
resized_images/healthy03/healthy_1079.jpg,archive/development/resized_images/healthy03/healthy_1079.jpg,185411,3718703af60966e631ae83df0f9a42e1e4bdade434de08fdbc6e12d230fe81e5
resized_images/healthy03/healthy_1081.jpg,archive/development/resized_images/healthy03/healthy_1081.jpg,210070,1d201db2812b17ae699bba189c0d1c262c8d82953be59fe9c39daeb447e5a18b
resized_images/healthy03/healthy_1083.jpg,archive/development/resized_images/healthy03/healthy_1083.jpg,204668,f09edaa3cc7ff2c434e9eca64115b50b366692c35fbdc1abb0ffaac6ace870f7
resized_images/healthy03/healthy_1085.jpg,archive/development/resized_images/healthy03/healthy_1085.jpg,176746,1fe9d71e7ed3cdf4e9aaec3576bec41983587b53c76be3ca111c9e726edb85d5
resized_images/healthy03/healthy_1086.jpg,archive/development/resized_images/healthy03/healthy_1086.jpg,229016,976ab1bb8edd41134899c9620fdfe869f5fe0d452282bb15f99f04d18d40f51c
resized_images/healthy03/healthy_1089.jpg,archive/development/resized_images/healthy03/healthy_1089.jpg,266261,ebc730f6506a229421d4306e86bf1f1956fe5746f56313418a643fc00317efe5
resized_images/healthy03/healthy_1090.jpg,archive/development/resized_images/healthy03/healthy_1090.jpg,407714,f4f8c0454f7aaf7a093a66a4271c6dac713e9d62d100448aa1a61034dd66c543
resized_images/healthy03/healthy_1092.jpg,archive/development/resized_images/healthy03/healthy_1092.jpg,227989,b335a3037dabe9e971786ff8a26a5db6b5ba0a9d9a319adc53883cb0728e1166
resized_images/healthy03/healthy_1095.jpg,archive/development/resized_images/healthy03/healthy_1095.jpg,222280,7a0c63c788fe9be6794334e65c04e24aef20c85ed58e28216a4ee3fd745f8404
resized_images/healthy03/healthy_1096.jpg,archive/development/resized_images/healthy03/healthy_1096.jpg,194323,8c1d171e2ffb0122fabe9831879ea97bfb28ebfedaa7326af78c98ee2d6ee44a
resized_images/healthy03/healthy_1098.jpg,archive/development/resized_images/healthy03/healthy_1098.jpg,182324,4895be8a1e831f360372f1125dc16574bde81cef39eb7bccbb1d9327d84a3ae9
resized_images/healthy03/healthy_1101.jpg,archive/development/resized_images/healthy03/healthy_1101.jpg,171733,69108be81f090c29475b699f4c605350abe315818f8f74914b71363936fdebe7
resized_images/healthy03/healthy_1102.jpg,archive/development/resized_images/healthy03/healthy_1102.jpg,228993,47562e3b8464443f7724bbbcca005da31332c73a51d899c822235d4ab1a45d07
resized_images/healthy03/healthy_1104.jpg,archive/development/resized_images/healthy03/healthy_1104.jpg,189745,c18754d1506ad3404ef3510fa1d6164a259e95e1346f82e065e5c1f1dc10c25b
resized_images/healthy03/healthy_1106.jpg,archive/development/resized_images/healthy03/healthy_1106.jpg,236645,a3e00f3d59865c89c843e77fa17fb99171a7cf7098a8a22d56cf642b3c773393
resized_images/healthy03/healthy_1115.jpg,archive/development/resized_images/healthy03/healthy_1115.jpg,280313,5c7fc31d031a3bad9ed36b43b241606c7dc720dca64d0257085b926c903a6663
resized_images/healthy03/healthy_1116.jpg,archive/development/resized_images/healthy03/healthy_1116.jpg,476886,5c2bdc277b2b40310d6e5bef320c5b49de5244251a91e73115f4109176897b7e
resized_images/healthy03/healthy_1120.jpg,archive/development/resized_images/healthy03/healthy_1120.jpg,191153,68ee40bcb8def424192fc954361c3fa4786b7d6c1487fb01405e73b7846c18a6
resized_images/healthy03/healthy_1123.jpg,archive/development/resized_images/healthy03/healthy_1123.jpg,201766,9454b0380d87fc96fc0818063e90c7af15ccc31df887d64c62da20d7543894eb
resized_images/healthy03/healthy_1124.jpg,archive/development/resized_images/healthy03/healthy_1124.jpg,209226,45e93fc1b224a27cd839cfa521994e5a67dc58d789cb1987461f59d733f7416e
resized_images/healthy03/healthy_1131.jpg,archive/development/resized_images/healthy03/healthy_1131.jpg,196085,a7010fa6b0072d75ee83b928660c49636ff02dae9a84ac8b82d38c21274c9af6
resized_images/healthy03/healthy_1132.jpg,archive/development/resized_images/healthy03/healthy_1132.jpg,208294,4b6272092443948057be1896a6f6d8d116c810f454a9e83e150dca47d4764c05
resized_images/healthy03/healthy_1135.jpg,archive/development/resized_images/healthy03/healthy_1135.jpg,191145,71ae4b6f9d3670e8b3a8fcd091fbf59f04ee9423080268a177fb352a6c12cb8f
resized_images/healthy03/healthy_1137.jpg,archive/development/resized_images/healthy03/healthy_1137.jpg,193107,a163752ea7ec5a6acca015d4937c3654310b30b5f86839391a217253b3c8b094
resized_images/healthy03/healthy_1139.jpg,archive/development/resized_images/healthy03/healthy_1139.jpg,251619,e4b54d3e9bf06ebf0ef1d626056a53ec4b0035f81f21f0349badef6e80335e84
resized_images/healthy03/healthy_1141.jpg,archive/development/resized_images/healthy03/healthy_1141.jpg,278536,60f110c53d2bb38709b8d95aeae536212a10f1e4dd6dd3ca211aa2a4fffe0449
resized_images/healthy03/healthy_1143.jpg,archive/development/resized_images/healthy03/healthy_1143.jpg,248892,a6053f855aabccd595f5304f914dc782d6fdad2276779f8c86e700a13b514d3b
resized_images/healthy03/healthy_1145.jpg,archive/development/resized_images/healthy03/healthy_1145.jpg,270768,d123e44b24c8fe24eb1bc1dbd2bc936156e1955836ea3200c946cbf7d2cf5588
resized_images/healthy03/healthy_1146.jpg,archive/development/resized_images/healthy03/healthy_1146.jpg,263355,e7ee92082a9edb896688c0f6ed91850ab2907f86a49866164e39c93fd88d08cd
resized_images/healthy03/healthy_1148.jpg,archive/development/resized_images/healthy03/healthy_1148.jpg,294336,0d0393b6b0e79b248c70414f5f80993d968c9baf916ce9b7449c9a0deb538678
resized_images/healthy03/healthy_1151.jpg,archive/development/resized_images/healthy03/healthy_1151.jpg,324705,2d7a55bae9203b803058f8cf112170f7e46d20d5d4f07a09963811a2a52945f1
resized_images/healthy03/healthy_1152.jpg,archive/development/resized_images/healthy03/healthy_1152.jpg,304201,8e453c9c984937a632a0c1ee1c9a72c58cf9df95e5da410f122d8685b5ae0cdb
resized_images/healthy03/healthy_1155.jpg,archive/development/resized_images/healthy03/healthy_1155.jpg,322555,2edc1e272ee16ece69fa431575af1ebc6b01913dd2842bd61948f18371463507
resized_images/healthy03/healthy_1156.jpg,archive/development/resized_images/healthy03/healthy_1156.jpg,265423,830cbdcc3342408bbe8cc4596e7928908e2c972fdb09d0cdf84cf2b01f89c27a
resized_images/healthy03/healthy_1158.jpg,archive/development/resized_images/healthy03/healthy_1158.jpg,223990,f5a675b144341e5cd40bb8ff9cd17a47321749369be95dd477469495a9880da3
resized_images/healthy03/healthy_1161.jpg,archive/development/resized_images/healthy03/healthy_1161.jpg,331914,4724e3dfbfd23def948682a22b8ccfdd1f418680169803a00ad30439dc94336e
resized_images/healthy03/healthy_1162.jpg,archive/development/resized_images/healthy03/healthy_1162.jpg,302230,31de701abd95c43159fb87e40a338a6022b04b4d7dcdb52e9fb9798a35f6edb2
resized_images/healthy03/healthy_1165.jpg,archive/development/resized_images/healthy03/healthy_1165.jpg,229855,6505de5f08f4284a25b95e1fc6d925004d1569cab2feb0dfef2038cceaa07787
resized_images/healthy03/healthy_1166.jpg,archive/development/resized_images/healthy03/healthy_1166.jpg,217967,7cc70f3fb6be727c36ca4dfa0b84ee3578c18bfc35e28fa549be787733c1f4c7
resized_images/healthy03/healthy_1168.jpg,archive/development/resized_images/healthy03/healthy_1168.jpg,223228,bab5bce5349e7ce3de14b26a30af274405eb9028d7aa29ab1ce03641727837de
resized_images/healthy03/healthy_1170.jpg,archive/development/resized_images/healthy03/healthy_1170.jpg,213350,ed09d99a5c64d26808c27144035c1a2f460e5b6d7ce0c5081b21d6e1bcd304cb
resized_images/healthy03/healthy_1173.jpg,archive/development/resized_images/healthy03/healthy_1173.jpg,222877,25b745765eb33e7c8c54c68c128675fd35cf8fdbde365d599ab733ed52e8236f
resized_images/healthy03/healthy_1175.jpg,archive/development/resized_images/healthy03/healthy_1175.jpg,227773,fd9ba72416aab48eda435f3be667fcdc1c2fec852a359b82d4eeaa0d949237ef
resized_images/healthy03/healthy_1177.jpg,archive/development/resized_images/healthy03/healthy_1177.jpg,235766,9da3b162c2a9615c032759dea24f70bed31f0719be5157b7f6aad631d8a855ff
resized_images/healthy03/healthy_1179.jpg,archive/development/resized_images/healthy03/healthy_1179.jpg,224096,138db40ea4127127965309b83a34b1dfac2ed618302566da4903f5e50c4e7fc7
resized_images/healthy03/healthy_1181.jpg,archive/development/resized_images/healthy03/healthy_1181.jpg,203603,f57b9371ae85f3ed9fe14e63d026a4767a78fa2fd99ab3faaaf6aae109de3342
resized_images/healthy03/healthy_1183.jpg,archive/development/resized_images/healthy03/healthy_1183.jpg,218997,7c71c1d23d2fda0a9aa770392affa3d61853610967230ede87ba992f52ae1046
resized_images/healthy03/healthy_1184.jpg,archive/development/resized_images/healthy03/healthy_1184.jpg,227006,e020d45f287b60a2b966b98fecf7b97c33b1ebd922cc26d87cdce36d115f3c4a
resized_images/healthy03/healthy_1186.jpg,archive/development/resized_images/healthy03/healthy_1186.jpg,203906,917fa7aef40a9d01550595e67fbea063ea6459731e01d61b337db97b200fb423
resized_images/healthy03/healthy_1190.jpg,archive/development/resized_images/healthy03/healthy_1190.jpg,242203,d9ab009c26490d81b2646eaa93fdc70a99166353ae621d96688f2cad1ded0ed8
resized_images/healthy03/healthy_1192.jpg,archive/development/resized_images/healthy03/healthy_1192.jpg,268226,f276f630bf9b8c6d46ee3acc63c94099f5fff6285a6fa2963d692d43d8a5003a
resized_images/healthy03/healthy_1194.jpg,archive/development/resized_images/healthy03/healthy_1194.jpg,258698,214460569cc18919da709fa019d12b1e027e0b0dd1a9db29feb729501f6a12b6
resized_images/healthy03/healthy_1196.jpg,archive/development/resized_images/healthy03/healthy_1196.jpg,295188,d22702839733b8bf519c73785c1f723cc26cf207d7f545a3e63aa00ba751668e
resized_images/healthy03/healthy_1198.jpg,archive/development/resized_images/healthy03/healthy_1198.jpg,188773,7ee6787a138ec46dcb611a020cacc8ba6913920f590d9e5ac43d59db2fa0131e
resized_images/healthy03/healthy_1200.jpg,archive/development/resized_images/healthy03/healthy_1200.jpg,214395,ff3bcb170e5d6572d44f4572cbe195d86374aaa2eb4eeed57c8b9316653065da
resized_images/healthy03/healthy_1202.jpg,archive/development/resized_images/healthy03/healthy_1202.jpg,211182,c3f7fe36cc040693ca064111759d369b896020eb3e2c2b2e71a103f8052dc722
resized_images/healthy03/healthy_1205.jpg,archive/development/resized_images/healthy03/healthy_1205.jpg,238915,b45a44bbc7c797b045a3dea1bba63099eb3888e622471a02f20095b621f6d0d6
resized_images/healthy03/healthy_1215.jpg,archive/development/resized_images/healthy03/healthy_1215.jpg,217014,59932e0dae5f91dbf2b1f532492bad2ac8dda4d6e8e31a91ba095fbc95f016dd
resized_images/healthy03/healthy_1218.jpg,archive/development/resized_images/healthy03/healthy_1218.jpg,254655,285807771c79466d2f62dba0a5c9a5dee993eb47bc9d3b409461d35da8f983d5
resized_images/healthy03/healthy_1220.jpg,archive/development/resized_images/healthy03/healthy_1220.jpg,241333,94639ff74384f1bed5126b93fe02f5b5b7a56bf3f576cc9862ac52162eb0de41
resized_images/healthy03/healthy_1222.jpg,archive/development/resized_images/healthy03/healthy_1222.jpg,220909,204cc2bb53b5a1e0d9e6c8029e39b1d902c0157553a92a88ec78aeb1ae2c6d18
resized_images/healthy03/healthy_1225.jpg,archive/development/resized_images/healthy03/healthy_1225.jpg,229679,3856211cffe4ffc73bf28b9de1ea0984fb459a53ff4bf57c97f505ba488d7cf1
resized_images/healthy03/healthy_1226.jpg,archive/development/resized_images/healthy03/healthy_1226.jpg,267467,d679ef59063dd7f52246e7f55e24ed55116d32cf40dd0e9a84cccf33b699c240
resized_images/healthy03/healthy_1234.jpg,archive/development/resized_images/healthy03/healthy_1234.jpg,292325,4e89670e881e4252c4526bfd43d34c30e14cded985e6129725e5f540f300ea75
resized_images/healthy03/healthy_1236.jpg,archive/development/resized_images/healthy03/healthy_1236.jpg,298351,d65203f6c063045ef8c0a9137aebec1095404d5cabb24bb827ac98bd8d7057ec
resized_images/healthy03/healthy_1238.jpg,archive/development/resized_images/healthy03/healthy_1238.jpg,171488,2abfd98148dd9b71631a3c2acbf938f165e3e49d4df074510343c6c83ec28c6e
resized_images/healthy03/healthy_1240.jpg,archive/development/resized_images/healthy03/healthy_1240.jpg,202826,fc86a7071a7ae9b2d97c5ae87f81f5acc1c77178db6c394c9c761db6740b4231
resized_images/healthy03/healthy_1241.jpg,archive/development/resized_images/healthy03/healthy_1241.jpg,234398,f82542c769eb364bfbc70d0ca5112b50b3f30a7404f9a25a2d5af9f2e7ddddf5
resized_images/healthy03/healthy_1242.jpg,archive/development/resized_images/healthy03/healthy_1242.jpg,193076,3457e2206fc2420b12bdda173bdf85bd9560bd9b259f170c7b8d871b2f8c9f64
resized_images/healthy03/healthy_1243.jpg,archive/development/resized_images/healthy03/healthy_1243.jpg,223010,e4ac3a3eaad5bed65532ec7fbe83df52d8e53e591279ec641750b77b25743a86
resized_images/healthy03/healthy_1244.jpg,archive/development/resized_images/healthy03/healthy_1244.jpg,192596,0d23d63387b789dbafbe582d453af149ee88ac3d42a424ed7ec01e2437282831
resized_images/healthy03/healthy_1245.jpg,archive/development/resized_images/healthy03/healthy_1245.jpg,179126,5d9b7e80200bab945bb178bc07c37d40f768f607e140add2f3deda6db64fd00c
resized_images/healthy03/healthy_1246.jpg,archive/development/resized_images/healthy03/healthy_1246.jpg,254175,abd004af1d002128df7720e5ff6b4b8c303bec3e068d4788af6547670738fb14
resized_images/healthy03/healthy_1248.jpg,archive/development/resized_images/healthy03/healthy_1248.jpg,249069,ad475d2f9410e126678f70333b5d053670c4d694f1ab3f35664174837ffa44cd
resized_images/healthy03/healthy_1249.jpg,archive/development/resized_images/healthy03/healthy_1249.jpg,290498,d03fa86ff6452f8d70958e0763a14cb5c5114910aa4fc38995bae4714184ad07
resized_images/healthy03/healthy_1250.jpg,archive/development/resized_images/healthy03/healthy_1250.jpg,264664,cef6e323ca0eaef216bff3cd3b08301a3e9367cb3e8f82ae36e4b73339c5c8f6
resized_images/healthy03/healthy_1251.jpg,archive/development/resized_images/healthy03/healthy_1251.jpg,261778,93be3ff8d4626ae93d8274d566c17c88bbcc43fb51279b44037a7bcc924c250c
resized_images/healthy03/healthy_1252.jpg,archive/development/resized_images/healthy03/healthy_1252.jpg,172791,f6d03d91e67710f18fbaf74d513a386ccb0f015adc2e25ccdf4a3d3fa9623148
resized_images/healthy03/healthy_1253.jpg,archive/development/resized_images/healthy03/healthy_1253.jpg,157804,a7147857a696dfb63aaa1a902ca0b6346468c5611f60793a31b6692da1277486
resized_images/healthy03/healthy_1254.jpg,archive/development/resized_images/healthy03/healthy_1254.jpg,256559,0bda69981755dd4b80f1d7f05e0f13022a55baee38e0f9bf7757cbdeed3bce50
resized_images/healthy03/healthy_1255.jpg,archive/development/resized_images/healthy03/healthy_1255.jpg,179974,c481cd49cf839dc06088d63564edf78326df8e4c453af4e5d9d4b33ccc515bf8
resized_images/healthy03/healthy_1256.jpg,archive/development/resized_images/healthy03/healthy_1256.jpg,203057,f1c54fe85ddec7b1dba1ff9d21d99326347a42e721675e2a9d72867e9cfd9e42
resized_images/healthy03/healthy_1257.jpg,archive/development/resized_images/healthy03/healthy_1257.jpg,254788,bdf288cf609bf6a5f5ba11a2652d21f890d83174000658f65fe5b139f36e869b
resized_images/healthy03/healthy_1258.jpg,archive/development/resized_images/healthy03/healthy_1258.jpg,246988,fe7e6f120302c56c5d09fb1f54ca67336cc3ab537365694ec528e02fc752cb5b
resized_images/healthy03/healthy_1259.jpg,archive/development/resized_images/healthy03/healthy_1259.jpg,278127,11ee3f4aebec5aa65e00d19011a39092f11db793991bc32087f183e9d43e444e
resized_images/healthy03/healthy_1261.jpg,archive/development/resized_images/healthy03/healthy_1261.jpg,305229,a878f164319735f6c37e0416a9edb1b7a62f416a6d533163bf073b145c4e7691
resized_images/healthy03/healthy_1262.jpg,archive/development/resized_images/healthy03/healthy_1262.jpg,222909,a9b213f25273d1c32e0053978b6b17f8a957215cd9733264b53f80e272b19d5b
resized_images/healthy03/healthy_1263.jpg,archive/development/resized_images/healthy03/healthy_1263.jpg,247185,7ffed76f005818e507ff808f91380f36fe1bf8713207992aa8a2b20e8aa65a1c
resized_images/healthy03/healthy_1264.jpg,archive/development/resized_images/healthy03/healthy_1264.jpg,227920,85a3d05d98ab35f73f12b77f6fd9929cc455c9f0e9e9e6e0035813cbe1a1cb3b
resized_images/healthy03/healthy_1265.jpg,archive/development/resized_images/healthy03/healthy_1265.jpg,228759,a3db315e38a4f49804544c449412e7f7a33a9be9508516bc03aecd6c9df2efa9
resized_images/healthy03/healthy_1266.jpg,archive/development/resized_images/healthy03/healthy_1266.jpg,203898,bd315424f0d03c27d106bd180b3992b57d5b188fe7f3674b47090cc16cd0226a
resized_images/healthy03/healthy_1267.jpg,archive/development/resized_images/healthy03/healthy_1267.jpg,290083,b7f2d4477388adca003281220e1a476aba9bd65686339ca9b779c85de87a7419
resized_images/healthy03/healthy_1268.jpg,archive/development/resized_images/healthy03/healthy_1268.jpg,267184,9a91373bc4a5a37108bd75d65ffa39657ba9e2ac04da58772fa84581a8f07fd6
resized_images/healthy03/healthy_1269.jpg,archive/development/resized_images/healthy03/healthy_1269.jpg,233134,814b76ce26d3445cbf0b03a5930658277db079ba2eb9b22a67433295882d39c8
resized_images/healthy03/healthy_1270.jpg,archive/development/resized_images/healthy03/healthy_1270.jpg,251086,53e8feeab40ee5979a87d8f6076850c8f25636797c1eb20ab82c95bcd7d0d1cb
resized_images/healthy03/healthy_1271.jpg,archive/development/resized_images/healthy03/healthy_1271.jpg,288605,6513888e8fff64134a06a795372e0525bd5e1cec07a52b49b18cac85a69c9f48
resized_images/healthy03/healthy_1272.jpg,archive/development/resized_images/healthy03/healthy_1272.jpg,268238,c0cab286f7ec52671bd924b1122956903f0b7b0c728d3bb872b92cfe5f09e941
resized_images/healthy03/healthy_1273.jpg,archive/development/resized_images/healthy03/healthy_1273.jpg,255459,7bc008d6cd9f4c977cdfa17dcf30564ce4c6b1344062fa48aeadecb1462decc8
resized_images/healthy03/healthy_1274.jpg,archive/development/resized_images/healthy03/healthy_1274.jpg,222617,cf71217c5d5f35927dc53254723680d9ba7ce0d1a8f005ee4631948d772a30c6
resized_images/healthy03/healthy_1275.jpg,archive/development/resized_images/healthy03/healthy_1275.jpg,236574,c0913ef14e3de85572d632ac87bb8ecf99cef8b7226bb8b766d2b1af811aa382
resized_images/healthy03/healthy_1276.jpg,archive/development/resized_images/healthy03/healthy_1276.jpg,262371,bbee50a7bcd4fbab8b55c9842549064bc265f69d930786b6d979d0c67df631aa
resized_images/healthy03/healthy_1277.jpg,archive/development/resized_images/healthy03/healthy_1277.jpg,217777,192543bb7f835a82077f4275e1d1fe72ee90a64e4adcbe1871883397e9348037
resized_images/healthy03/healthy_1278.jpg,archive/development/resized_images/healthy03/healthy_1278.jpg,207709,e121daa1a58977970e1382388c09267e365938f6a49771d16a283f546dd6789e
resized_images/healthy03/healthy_1279.jpg,archive/development/resized_images/healthy03/healthy_1279.jpg,274244,0cbfacc4e8b3d937ecda844a08a85c7b181963f6d93925f50c6580d65213612b
resized_images/healthy03/healthy_1281.jpg,archive/development/resized_images/healthy03/healthy_1281.jpg,343266,1e87a94f5580028e08ce913dee2fa03add8e3b1e6b2d508c8fe564597c7a630f
resized_images/healthy03/healthy_1282.jpg,archive/development/resized_images/healthy03/healthy_1282.jpg,303478,5320a84c6a14c80bae47e5d644dda0f89bf01a17810f704579de1e9541c0e682
resized_images/healthy03/healthy_1283.jpg,archive/development/resized_images/healthy03/healthy_1283.jpg,227843,3ee0bf6d549817d3d91bec017e8f7067876d66a2088cb2e5f1c234779e1a7df1
resized_images/healthy03/healthy_1287.jpg,archive/development/resized_images/healthy03/healthy_1287.jpg,269053,029723e3753643e2990f2e00302aa28088dec1d9756efcc1af985c513b07f475
resized_images/healthy03/healthy_1288.jpg,archive/development/resized_images/healthy03/healthy_1288.jpg,222221,0f559463e9d40d31be8f78fafa19be12927747768b3067faa176f271291fcf01
resized_images/healthy03/healthy_1289.jpg,archive/development/resized_images/healthy03/healthy_1289.jpg,284123,4ca90e1cd3f2f3df88b1cea8dcb341fa8cf6c4b55bcc9ed66c2eaad3a4594346
resized_images/healthy03/healthy_1290.jpg,archive/development/resized_images/healthy03/healthy_1290.jpg,270144,e301d598eae03ff942c0fc0bb8f161a5250a27bc54c83d7e354419f579e6b0b2
resized_images/healthy03/healthy_1291.jpg,archive/development/resized_images/healthy03/healthy_1291.jpg,275748,cb89e887c97de690c912f2bec5f9ba5fbba10e53be1817809ce3c3f70b7582f0
resized_images/healthy03/healthy_1292.jpg,archive/development/resized_images/healthy03/healthy_1292.jpg,346663,319e011f83ed2bcf1c38d0be7b2a3c14fb9539362cf1cdf71557b1cf78f502d7
resized_images/healthy03/healthy_1293.jpg,archive/development/resized_images/healthy03/healthy_1293.jpg,339066,5eb205b3b463f1212c556a04422c2dd1086e77fe27e3b0b23f565a71fb4355aa
resized_images/healthy03/healthy_1294.jpg,archive/development/resized_images/healthy03/healthy_1294.jpg,312083,21139c6d95d70e84a529fdeb50cb7b95e9afa25fa7e468b92600ad6fd12b23e6
resized_images/healthy03/healthy_1296.jpg,archive/development/resized_images/healthy03/healthy_1296.jpg,232607,94285e3fc3b73ac73370b5a61468e95cead759d31993377afb094ae2f85d0212
resized_images/healthy03/healthy_1297.jpg,archive/development/resized_images/healthy03/healthy_1297.jpg,227045,585cf90dcba40e2d359cef9eb944d6ccbf12956e0f34fc68e6a44cdcdf6f2892
resized_images/healthy03/healthy_1298.jpg,archive/development/resized_images/healthy03/healthy_1298.jpg,214504,e1b72541326a84fce0d2f07099c6c656d0d78af1dbc7af0e4e0e0db361780cd7
resized_images/healthy03/healthy_1299.jpg,archive/development/resized_images/healthy03/healthy_1299.jpg,187633,1b5b67842059109e0a8190eb6e4e64002742782591c1ff190f05ee359d8d7f25
resized_images/healthy03/healthy_1300.jpg,archive/development/resized_images/healthy03/healthy_1300.jpg,217869,636ccbdc830fc5bdc2a750368ff7c161abb2003c90c97f2c5a8ed1ee3c8e6eb7
resized_images/healthy03/healthy_1301.jpg,archive/development/resized_images/healthy03/healthy_1301.jpg,212597,90631f34684dd68f555d3bf5e5c9baeb4013307e2698a1b35d96d0e280866ccc
resized_images/healthy03/healthy_1302.jpg,archive/development/resized_images/healthy03/healthy_1302.jpg,236077,e8fc96d21be745e5c799287d39b306b7b104428f358829a4070820bf3b90a1e1
resized_images/healthy03/healthy_1303.jpg,archive/development/resized_images/healthy03/healthy_1303.jpg,239391,2d21f5bc8b2704b1d3c2a7cd8b6a1f15220a0a43252e7347b79859edb6239138
resized_images/healthy03/healthy_1304.jpg,archive/development/resized_images/healthy03/healthy_1304.jpg,222502,4640002eff5b451b472f692bc41fcaa21c858aea8c3cf0ed3e408d686d1315f3
resized_images/healthy03/healthy_1305.jpg,archive/development/resized_images/healthy03/healthy_1305.jpg,173288,e743fa044bac495c2bdbf6dce3d8f6558a3896218be854684a4f49f72c833755
resized_images/healthy03/healthy_1306.jpg,archive/development/resized_images/healthy03/healthy_1306.jpg,226258,cbbbed39c3433ce1d5c1362df6059cbf51600a4b7c6f913ad480b76117d938e9
resized_images/healthy03/healthy_1307.jpg,archive/development/resized_images/healthy03/healthy_1307.jpg,253264,8e342ad98c48e22dde17b77072e207f0ad4a0af1960df03b927ab9fc4205514f
resized_images/healthy03/healthy_1308.jpg,archive/development/resized_images/healthy03/healthy_1308.jpg,222073,ad7a797b85672dfc20a22541c750eb7672ede51a9c71732c295a9f15365bc6b5
resized_images/healthy03/healthy_1309.jpg,archive/development/resized_images/healthy03/healthy_1309.jpg,231561,2be0f47297f515f0f9c8850a7eaae13e75eaf272428c41ce991de485507d5e11
resized_images/healthy03/healthy_1310.jpg,archive/development/resized_images/healthy03/healthy_1310.jpg,268652,bba8d09ce89aec1ca6a7240426b21b86c3d2a1d724a5489e8e2256fe8400276b
resized_images/healthy03/healthy_1311.jpg,archive/development/resized_images/healthy03/healthy_1311.jpg,206374,f610b07c222378fb2418ed6a161fd6ea3e5a3b6d5e99e094da99eab6e01565ef
resized_images/healthy03/healthy_1312.jpg,archive/development/resized_images/healthy03/healthy_1312.jpg,275747,e3a8225d1b79f2900280b509f24e4a14275a95ba73c1ce8f951ac557defc6f79
resized_images/healthy03/healthy_1313.jpg,archive/development/resized_images/healthy03/healthy_1313.jpg,315885,0b7a8f10f4f9b4e2477f2366b792f3558f69d40bd740efb903c91492d6b85f0f
resized_images/healthy03/healthy_1314.jpg,archive/development/resized_images/healthy03/healthy_1314.jpg,237372,10beb30aba40c0145dd6c36b3d8e9c3af970b08fdeb0db80d0550ba463996782
resized_images/healthy03/healthy_1315.jpg,archive/development/resized_images/healthy03/healthy_1315.jpg,246070,cfbd3e63560940f5ff7620ac7e385bc9782b8ad332b782c756f5772b02b0f48b
resized_images/healthy03/healthy_1316.jpg,archive/development/resized_images/healthy03/healthy_1316.jpg,271499,a6419f0a91fcaccef77599cbd49cce4c4857afe57e494322c40a76e7d4c11634
resized_images/healthy03/healthy_1318.jpg,archive/development/resized_images/healthy03/healthy_1318.jpg,253975,3641ba18a89d598b861a0b0c337fe714499ea510000cc748c45980637e7ad361
resized_images/healthy03/healthy_1319.jpg,archive/development/resized_images/healthy03/healthy_1319.jpg,240392,7a463c13a3be13d5697f19958332b5ade1d05c8639c3a21a9b5b68ac29775948
resized_images/healthy03/healthy_1321.jpg,archive/development/resized_images/healthy03/healthy_1321.jpg,248271,50531950fbfabd6c5d79e8647316a43febbe34155acbd25fe626514dd8ada5a1
resized_images/healthy03/healthy_1322.jpg,archive/development/resized_images/healthy03/healthy_1322.jpg,194814,f8b14aa4749a1d10cfc840dc90b59df37c7682bd0afdda15dd3294b9734c834d
resized_images/healthy03/healthy_1323.jpg,archive/development/resized_images/healthy03/healthy_1323.jpg,275958,9e277ce7740552b6dbd4beeac97554166a0ffb00b57844c6199d9df7cc756b02
resized_images/healthy03/healthy_1324.jpg,archive/development/resized_images/healthy03/healthy_1324.jpg,206682,4529c124556ef0b03a1260736cbe82d5f037b3c6d665e7e362e43b6075cc5cbf
resized_images/healthy03/healthy_1325.jpg,archive/development/resized_images/healthy03/healthy_1325.jpg,286402,afff0d76ebddcf136a6134607cfcdee80cfa0cb30ba304b94c26e58c2479aa48
resized_images/healthy03/healthy_1326.jpg,archive/development/resized_images/healthy03/healthy_1326.jpg,222495,decd2818d30ac4f4b4f912a2a5dced7e80954083367773b696676dfcec2a35dd
resized_images/healthy03/healthy_1327.jpg,archive/development/resized_images/healthy03/healthy_1327.jpg,252753,026f5ac947dcf0fca69380a403d8f2589b2ba2aec11cab74185faf0413913429
resized_images/healthy03/healthy_1328.jpg,archive/development/resized_images/healthy03/healthy_1328.jpg,221657,1661d7087ed2c1322b6ec44955e0122250bf11ce48cbfa6e8f932a88df0339ba
resized_images/healthy03/healthy_1329.jpg,archive/development/resized_images/healthy03/healthy_1329.jpg,220966,c6e9c1775c61cf748b072886ce92785d7ef96e767b2425d9d9f17390654013ef
resized_images/healthy03/healthy_1330.jpg,archive/development/resized_images/healthy03/healthy_1330.jpg,184882,a91de97a695fff908b9af9a23969c2798dc794c77e01a657b5da70175d105b0c
resized_images/healthy03/healthy_1331.jpg,archive/development/resized_images/healthy03/healthy_1331.jpg,214371,d027d5347ef3c4f0a30b75301107e1ed258b279e1645d75e836885479a1a45b3
resized_images/healthy03/healthy_1332.jpg,archive/development/resized_images/healthy03/healthy_1332.jpg,213542,2f815bd9243ae25bf97f9038c0e5ef3bf9af5014b1eea8a14c22b4002f68fe3f
resized_images/healthy03/healthy_1333.jpg,archive/development/resized_images/healthy03/healthy_1333.jpg,213506,f9688710031d7cf91cec520d84e0f480cefdb4fc757fca966768098ff3c15af8
resized_images/healthy03/healthy_1334.jpg,archive/development/resized_images/healthy03/healthy_1334.jpg,199243,e50a2a202dc95488e0c4dd8615eeb6538dcce41841de4b4f659134b16e93a097
resized_images/healthy03/healthy_1335.jpg,archive/development/resized_images/healthy03/healthy_1335.jpg,202308,665ae2dcdc935b7706167ee2f4e3f326d2e10aa86aeff86f2c9ee48f1b667ef9
resized_images/healthy03/healthy_1336.jpg,archive/development/resized_images/healthy03/healthy_1336.jpg,225452,2154e28d395a51a9b38775329bde1cef7a90c4c46c9e6779c3f0c24e7a90e8ef
resized_images/healthy03/healthy_1337.jpg,archive/development/resized_images/healthy03/healthy_1337.jpg,222953,4be2ea8e55e7af7d4f725b2e836ef650dff8ce581cae1d783b06bb0bc6993882
resized_images/healthy03/healthy_1338.jpg,archive/development/resized_images/healthy03/healthy_1338.jpg,250812,6f38fec76291c1fdbe949df441f617f9bc95b3923b587d551b90a15efeedcf60
resized_images/healthy03/healthy_1339.jpg,archive/development/resized_images/healthy03/healthy_1339.jpg,247520,d6b98608938a9a6c1cdc36a9e7b871142fa6e7b62061fe8d5697896b920f2093
resized_images/healthy03/healthy_1340.jpg,archive/development/resized_images/healthy03/healthy_1340.jpg,229853,84e39a8b3018f3deab67dfd2584fd2046c19f4135f627a8d98777cc510832397
resized_images/healthy03/healthy_1341.jpg,archive/development/resized_images/healthy03/healthy_1341.jpg,211615,cda9d7b2cc48269cd2b8b038ac5c24cbf99dd240395431b10ba6edc7e14a8502
resized_images/healthy03/healthy_1342.jpg,archive/development/resized_images/healthy03/healthy_1342.jpg,210637,e789a7ccc56728cc9d3843f66389fcc72f384246133a37cdf084713ae4a356cc
resized_images/healthy03/healthy_1343.jpg,archive/development/resized_images/healthy03/healthy_1343.jpg,195377,714fe7389053239d9071e41926c8bad0f0317c1178fb5b33bbeaba024dc3d710
resized_images/healthy03/healthy_1344.jpg,archive/development/resized_images/healthy03/healthy_1344.jpg,190534,de436a20d11f742d546fc7e05b269612419e545f773f8b2e269c410a5d1abe57
resized_images/healthy03/healthy_1345.jpg,archive/development/resized_images/healthy03/healthy_1345.jpg,188240,001136d12e18be1aca56af76f41f4f102e5c8178aaed83e0e8fa05c33ce1e714
resized_images/healthy03/healthy_1346.jpg,archive/development/resized_images/healthy03/healthy_1346.jpg,230174,f9b9fdbd344eb721e2f49ace0c4387de1eff618068119df62eb59933aa482fde
resized_images/healthy03/healthy_1347.jpg,archive/development/resized_images/healthy03/healthy_1347.jpg,217499,af44c83eaa9d9c55e877d27842f7a8f45910d14a868e30b04dd7dc77c7bd1ad4
resized_images/healthy03/healthy_1348.jpg,archive/development/resized_images/healthy03/healthy_1348.jpg,209589,df73e4006604f92993fadbe671d6827e333d1aaf69cd1123d32c17ac921d5e10
resized_images/healthy03/healthy_1349.jpg,archive/development/resized_images/healthy03/healthy_1349.jpg,230604,450c385dcf2bbcea7a95c74e5f2b670e381a3221644c39d7c9d76d9855be2c14
resized_images/healthy03/healthy_1350.jpg,archive/development/resized_images/healthy03/healthy_1350.jpg,267888,535c42c71807ca827082d432a4e47d8066ab3376f988e688d90688af21478019
resized_images/healthy03/healthy_1351.jpg,archive/development/resized_images/healthy03/healthy_1351.jpg,284555,e9f59df9bf4f1a6524e3cd22209b34a76b9fb9c0a94f7cff9f38c1eb25f3fd0c
resized_images/healthy03/healthy_1352.jpg,archive/development/resized_images/healthy03/healthy_1352.jpg,286908,59e5981a32e1e98367708d8b45190c96d7d55a300ab688dadf8bf15437afc1d2
resized_images/healthy03/healthy_1353.jpg,archive/development/resized_images/healthy03/healthy_1353.jpg,249395,fd512d26ce43090be076cf9d48b159622760042d3e825aaf2dbcf0ec005bbe55
resized_images/healthy03/healthy_1354.jpg,archive/development/resized_images/healthy03/healthy_1354.jpg,249422,821b386c8925a99e327c844bd3aa784236b37b89b37beb339091a8825090e3de
resized_images/healthy03/healthy_1355.jpg,archive/development/resized_images/healthy03/healthy_1355.jpg,254791,dfac09a2925cda3edf4a9c466d223722a7a3d08ac7176c8c37fd33706489bf18
resized_images/healthy03/healthy_1356.jpg,archive/development/resized_images/healthy03/healthy_1356.jpg,231534,a99b52c486f4ea59e9185d30af57ff498a57b990b3423324b5beea5531c497d1
resized_images/healthy03/healthy_1357.jpg,archive/development/resized_images/healthy03/healthy_1357.jpg,282234,d5a34fea8398723c15420cd70847c31e17b3bdd848c8cc4b362531237f87b343
resized_images/healthy03/healthy_1358.jpg,archive/development/resized_images/healthy03/healthy_1358.jpg,198395,74dbcc9ab0e81ba957c30f724b8104fbb63149eefb0075dffaff21bfe5ef09d3
resized_images/healthy03/healthy_1359.jpg,archive/development/resized_images/healthy03/healthy_1359.jpg,209513,a1b0820e428d54ddbc05e399b469f3312ea7e42996a532a0e96742aa272e4b9d
resized_images/healthy03/healthy_1360.jpg,archive/development/resized_images/healthy03/healthy_1360.jpg,227439,439c8a6e343a00514cf7cad868b639b356ae3f1c39d6134f85909275e8c6328c
resized_images/healthy03/healthy_1361.jpg,archive/development/resized_images/healthy03/healthy_1361.jpg,243099,da2351b1e461759cb6259f824af517ce35079ce81260f8f0a59eac82cc7d71af
resized_images/healthy03/healthy_1363.jpg,archive/development/resized_images/healthy03/healthy_1363.jpg,257477,5e030353f4acbe7166783d593b3eb7b9404781585b33342a822a555821f69657
resized_images/healthy03/healthy_1364.jpg,archive/development/resized_images/healthy03/healthy_1364.jpg,193568,bf1a2d2c66583321da9eb945d63185291ebba7ab43600a62803b49f3fb1246b1
resized_images/healthy03/healthy_1365.jpg,archive/development/resized_images/healthy03/healthy_1365.jpg,214099,dd10c95b3f6841846dcb029d8b70c8d8d224c9002b61f45822317998c702f3f0
resized_images/healthy03/healthy_1366.jpg,archive/development/resized_images/healthy03/healthy_1366.jpg,186609,ac76e01bbff529a3652130aa24e54e310cd82f98191d59481f73f66253e1cdf9
resized_images/healthy03/healthy_1367.jpg,archive/development/resized_images/healthy03/healthy_1367.jpg,202410,2cffe4e50b742e82f818f8ee074132585c08384af25948ce02789cb612196b89
resized_images/healthy03/healthy_1371.jpg,archive/development/resized_images/healthy03/healthy_1371.jpg,168784,30291ce7f9ea581fc144250007896363a6fcddfd7980a353316ffd3a0e18dce9
resized_images/healthy03/healthy_1372.jpg,archive/development/resized_images/healthy03/healthy_1372.jpg,196385,925bc0f032195a762908f990f4cc137d0856f12bbe2983e9e636c5b785665693
resized_images/healthy03/healthy_1373.jpg,archive/development/resized_images/healthy03/healthy_1373.jpg,194024,1527501e222b965a7b04d1cb9d025f12fcf967178d3a374c38220b900c09c139
resized_images/healthy03/healthy_1374.jpg,archive/development/resized_images/healthy03/healthy_1374.jpg,183720,bda0029a0a35d121c339425c7cc815f65fc7ff35ea144983e119feed01bafdb7
resized_images/healthy03/healthy_1375.jpg,archive/development/resized_images/healthy03/healthy_1375.jpg,249368,5aada08eed0cd1b917d0ef642cee1efce7ac8d73d075826526d5f4b75735e6ac
resized_images/healthy03/healthy_1376.jpg,archive/development/resized_images/healthy03/healthy_1376.jpg,234324,85494d68d9cc54ef772cfeb9df1ebc4534ae0604947f8df6364a257a750d041f
resized_images/healthy03/healthy_1377.jpg,archive/development/resized_images/healthy03/healthy_1377.jpg,236235,23d00d1152e326bba8d775a714842a4501c323535407cbde6d543207b42f2f6e
resized_images/healthy03/healthy_1378.jpg,archive/development/resized_images/healthy03/healthy_1378.jpg,257292,55ebe34637f609cada7083a727996a5a9d95a4217f73ca4a18be5dca341ef2ab
resized_images/healthy03/healthy_1379.jpg,archive/development/resized_images/healthy03/healthy_1379.jpg,247575,ea819e0a8435ea098ab82b3fbe929d8a5900972e01846b4279234f06d7e46e82
resized_images/healthy03/healthy_1380.jpg,archive/development/resized_images/healthy03/healthy_1380.jpg,217659,27f97f5ccbf9d76d03e9a8546bf9a588a2de15f793661760df1ad1357654d3ac
resized_images/healthy03/healthy_1382.jpg,archive/development/resized_images/healthy03/healthy_1382.jpg,193104,675d6c437fda57c5869ad7a4282a6667ddf6c38321bae35d8bd702578dbe4541
resized_images/healthy03/healthy_1383.jpg,archive/development/resized_images/healthy03/healthy_1383.jpg,209805,aee749583612188961504180c8ecdb4136446cb0d2ae05a8b05ef39a3e276442
resized_images/healthy03/healthy_1385.jpg,archive/development/resized_images/healthy03/healthy_1385.jpg,211585,7aee7bcf88b29d6e5b5747cd45234df58ec10e672a748df4c5cd29e583fedf4c
resized_images/healthy03/healthy_1386.jpg,archive/development/resized_images/healthy03/healthy_1386.jpg,195268,2b51669fbba976a0d0fc648b1f943f62371729a27e2bc1e72c47093cdf371504
resized_images/healthy03/healthy_1387.jpg,archive/development/resized_images/healthy03/healthy_1387.jpg,183691,7d1728711502e9221abdb1ddc3150c86e2e3add3d4d4b618aaf3cce13e3b351c
resized_images/healthy03/healthy_1388.jpg,archive/development/resized_images/healthy03/healthy_1388.jpg,178940,0bda4aeb814f1d426cc1e7f76233268fc06bc40d1ebf628bdf28f8b575c44725
resized_images/healthy03/healthy_1389.jpg,archive/development/resized_images/healthy03/healthy_1389.jpg,173102,fe5820864ff30679a51ff2409c8181f4e246371930fb16187d247594cbe35454
resized_images/healthy03/healthy_1390.jpg,archive/development/resized_images/healthy03/healthy_1390.jpg,228365,b2993da38b6c631539feecfab6d7b19a6ac7fd8506ed91634b89c14629d5673c
resized_images/healthy03/healthy_1391.jpg,archive/development/resized_images/healthy03/healthy_1391.jpg,203448,e73136209ff1f858dc390cc4c4d069ef0dbc6b4b6e225a34ae9566c187171996
resized_images/healthy03/healthy_1392.jpg,archive/development/resized_images/healthy03/healthy_1392.jpg,225866,fb605c1dff7702886073911d747fe5f0f1f8acfc2e74ab9d19bc4382d6b80a96
resized_images/healthy03/healthy_1393.jpg,archive/development/resized_images/healthy03/healthy_1393.jpg,304513,339a89fc13730f22fda1c664a2f982f66928313c76c61f1b3604e65c90043224
resized_images/healthy03/healthy_1394.jpg,archive/development/resized_images/healthy03/healthy_1394.jpg,224976,6e99ab467f92be7d213c37df8fcf79deb314bda6dfda44d11556afdafcb17f9d
resized_images/healthy03/healthy_1395.jpg,archive/development/resized_images/healthy03/healthy_1395.jpg,210859,4a9d404ea9d39dcf73fbf1ec3a6d47faba3ec34a87e943db05e29c17a6eeee6f
resized_images/healthy03/healthy_1396.jpg,archive/development/resized_images/healthy03/healthy_1396.jpg,245019,1c076e1a8d2e3e0c00c907248f85892dcd7fef6de63f4d41421119e71311c431
resized_images/healthy03/healthy_1397.jpg,archive/development/resized_images/healthy03/healthy_1397.jpg,239146,50d6a19b70fb4f7b8c468cff9fab2a9e375b213b48d9eea6dc08f8053c97ed00
resized_images/healthy03/healthy_1398.jpg,archive/development/resized_images/healthy03/healthy_1398.jpg,181529,ad4912ab7f69bb4f0dda3ab60e0e8e14e2eddbcee0fefb7ca692772071d24f86
resized_images/healthy03/healthy_1399.jpg,archive/development/resized_images/healthy03/healthy_1399.jpg,223876,9b5e7e9a4e9a72ba630f8faa29f24e7a5abb166febdea042873723eaaec70315
resized_images/healthy03/healthy_1400.jpg,archive/development/resized_images/healthy03/healthy_1400.jpg,191174,0d29718f5d7b800197af0dbe6a957b176f8ebda1aa5792bec2d49a65a9351350
resized_images/healthy03/healthy_1401.jpg,archive/development/resized_images/healthy03/healthy_1401.jpg,184268,1bd60ce14c5accd2bb4a34362e2941e69e377b2c9c1cbcab69491b091f73e419
resized_images/healthy03/healthy_1402.jpg,archive/development/resized_images/healthy03/healthy_1402.jpg,204038,63b3e40aeb82d5acfe842b855fdff6a59c1505d9d589142db9f415f8c5aed00b
resized_images/healthy03/healthy_1403.jpg,archive/development/resized_images/healthy03/healthy_1403.jpg,225901,db7a922dbbe6f4e5fb21cafbccff7c0ef386fa4c398eb82524ba04fd691819d9
resized_images/healthy03/healthy_1404.jpg,archive/development/resized_images/healthy03/healthy_1404.jpg,280591,692b54cdfbb577457f5fe284a2fc34fefbba3bd03fe588867e7e9030bfc9f0f8
resized_images/healthy03/healthy_1406.jpg,archive/development/resized_images/healthy03/healthy_1406.jpg,187557,04d3233fc9daceec41d15e5204b8ae64cd04a17f56c8890cb60e8183f626c116
resized_images/healthy03/healthy_1407.jpg,archive/development/resized_images/healthy03/healthy_1407.jpg,195618,2f8ef078bf3f250befccc6b32298e398a7a0d4a66a914fd0ba2cf14cabbe6e70
resized_images/healthy03/healthy_1410.jpg,archive/development/resized_images/healthy03/healthy_1410.jpg,186390,62bd0022a5f4895d011c849fdafdad9de0005dd2f37946688d43656f24d061ad
resized_images/healthy03/healthy_1411.jpg,archive/development/resized_images/healthy03/healthy_1411.jpg,196101,f3574ef3304edfe9e5c3341f7ce6d52d7393c57c40afce3a1b1be0f05dee7066
resized_images/unhealthy/unhealthy_0001.jpg,archive/development/resized_images/unhealthy/unhealthy_0001.jpg,326601,a81fbc18cb35117bcd30844ed1be375a5c2db6745c4020e04b0a237801f17fa1
resized_images/unhealthy/unhealthy_0002.jpg,archive/development/resized_images/unhealthy/unhealthy_0002.jpg,316611,69ae290131da0bc5f0e33834f53ba405c50927753046491b23a8bd94f20590ce
resized_images/unhealthy/unhealthy_0003.jpg,archive/development/resized_images/unhealthy/unhealthy_0003.jpg,289825,78002275fec93e65bd988531f4af50293d83100399e4f20ce31f3938a23b20ac
resized_images/unhealthy/unhealthy_0004.jpg,archive/development/resized_images/unhealthy/unhealthy_0004.jpg,323818,350cab0f6e5d627fdc96f505b484cab9aa33bea4a4b541109dee5c97edc96b2a
resized_images/unhealthy/unhealthy_0005.jpg,archive/development/resized_images/unhealthy/unhealthy_0005.jpg,288093,56251d1c5c108caca22128503c9a98784cc54b2bfb75e7643604c40c1bb845bb
resized_images/unhealthy/unhealthy_0006.jpg,archive/development/resized_images/unhealthy/unhealthy_0006.jpg,325039,be1f700260ba97696260949ada672caaeb2b16e8ce3e0c2ea9823e9788026bb0
resized_images/unhealthy/unhealthy_0007.jpg,archive/development/resized_images/unhealthy/unhealthy_0007.jpg,337603,b53307c619f47f493b5a31edb55793845b087eb384829771316e7cbd28c705d7
resized_images/unhealthy/unhealthy_0008.jpg,archive/development/resized_images/unhealthy/unhealthy_0008.jpg,320302,904f129b06d8245089d2196388d2f24a783a3a443aa49c5c7c9f1181959f7272
resized_images/unhealthy/unhealthy_0009.jpg,archive/development/resized_images/unhealthy/unhealthy_0009.jpg,329189,f05cda7a1faf086ca1c93426739ce4920d3b5662ffef797b58630ce6d8480aca
resized_images/unhealthy/unhealthy_0010.jpg,archive/development/resized_images/unhealthy/unhealthy_0010.jpg,262133,6f9d178ffb67e3a0947739de8ad4eb468d383f133a855299a56030afc694863c
resized_images/unhealthy/unhealthy_0011.jpg,archive/development/resized_images/unhealthy/unhealthy_0011.jpg,308523,9b4d2152efc986dbdc98c65316d274f61349dcaa12dc1522add5e60de344074c
resized_images/unhealthy/unhealthy_0012.jpg,archive/development/resized_images/unhealthy/unhealthy_0012.jpg,315994,94b22058bbdadf243cf70194f0e1b6305b02388f4983155fb4b69cf086d64c83
resized_images/unhealthy/unhealthy_0013.jpg,archive/development/resized_images/unhealthy/unhealthy_0013.jpg,327380,fa3fd8dff29822e6512a9f8a16122d173b8d44bcfd699be081336a9922c05d86
resized_images/unhealthy/unhealthy_0014.jpg,archive/development/resized_images/unhealthy/unhealthy_0014.jpg,344930,a4e2afaa479b1d0fb8083013ff31c9d4b6a06ec91d8f029807d8dddfa2309122
resized_images/unhealthy/unhealthy_0015.jpg,archive/development/resized_images/unhealthy/unhealthy_0015.jpg,244629,5c3e0d4b1ce8e82fb8aa06f566f5766da568de92e1c41ef1d0323453f25166fd
resized_images/unhealthy/unhealthy_0016.jpg,archive/development/resized_images/unhealthy/unhealthy_0016.jpg,257567,fc13cb90b3d814bc6d6442be6dfff704c7368a1daeef0883c4b353c5e8e27e7b
resized_images/unhealthy/unhealthy_0017.jpg,archive/development/resized_images/unhealthy/unhealthy_0017.jpg,248516,d458c17dc161068e2e8df6466d6fe441672b5df2a2619a117f0290f5862da74a
resized_images/unhealthy/unhealthy_0018.jpg,archive/development/resized_images/unhealthy/unhealthy_0018.jpg,238771,aad40ea439d113a2f5a0c9bd04996fbdf8930586672d5c3a6b4980a72a2294dc
resized_images/unhealthy/unhealthy_0019.jpg,archive/development/resized_images/unhealthy/unhealthy_0019.jpg,281068,b853dff4b5dd606344244783dea5768c55f7c83a99d2ac8353dc6d22b1d116b4
resized_images/unhealthy/unhealthy_0020.jpg,archive/development/resized_images/unhealthy/unhealthy_0020.jpg,317272,6b42d2834a900111e8a6fbbcb2fa63a24a3cd9df7ddfdded453adff33c52ed04
resized_images/unhealthy/unhealthy_0021.jpg,archive/development/resized_images/unhealthy/unhealthy_0021.jpg,293666,fee639cef8ef593020452413ba1e79569f0d2f1456a20b5fa3515ad7a871175d
resized_images/unhealthy/unhealthy_0022.jpg,archive/development/resized_images/unhealthy/unhealthy_0022.jpg,252095,a60c79c36169c2c57dc7879d495b1b855d12eb059e2e58edb043fdd5990e396c
resized_images/unhealthy/unhealthy_0023.jpg,archive/development/resized_images/unhealthy/unhealthy_0023.jpg,203321,99bee14efe7a31e9d8a5901748feeee07e5a8c8230ad62e8467ea0adecba8bc5
resized_images/unhealthy/unhealthy_0024.jpg,archive/development/resized_images/unhealthy/unhealthy_0024.jpg,233002,0b4d928062c7ca691ad1988d13251c07723251437f7a08fc89de2f0bdc0d4e75
resized_images/unhealthy/unhealthy_0025.jpg,archive/development/resized_images/unhealthy/unhealthy_0025.jpg,280368,1b6e713236d4129e5a6d5d5c39d922769d3517e8f460cb79480d27d807758882
resized_images/unhealthy/unhealthy_0026.jpg,archive/development/resized_images/unhealthy/unhealthy_0026.jpg,296559,a6eb0b895f5e3fcccbf8f52d677cd945a4a1f707fe8ca0833b6e77af338c8e6b
resized_images/unhealthy/unhealthy_0027.jpg,archive/development/resized_images/unhealthy/unhealthy_0027.jpg,280526,a6367b01008b1a0fe295fe5457fbfc63303ae785776797e5f798a99642f841f7
resized_images/unhealthy/unhealthy_0028.jpg,archive/development/resized_images/unhealthy/unhealthy_0028.jpg,284518,7cffc4802b1f17038195496b5cee4d69b69a6b38b6d4ae5bfe6f39ce3c93a488
resized_images/unhealthy/unhealthy_0029.jpg,archive/development/resized_images/unhealthy/unhealthy_0029.jpg,269650,16418227c1241876947c7c23f09aab124c9ad2c84463e0708e315002a5799f30
resized_images/unhealthy/unhealthy_0030.jpg,archive/development/resized_images/unhealthy/unhealthy_0030.jpg,329137,ab4fae8879ad6e475ca44d83720b75cc44577d61204c2770f89851b6e655bed5
resized_images/unhealthy/unhealthy_0031.jpg,archive/development/resized_images/unhealthy/unhealthy_0031.jpg,314629,9ceb71d32e4ccfa22692408a08e46c9bd8e262b9c4e3155ee68f97c9ca12b6d6
resized_images/unhealthy/unhealthy_0032.jpg,archive/development/resized_images/unhealthy/unhealthy_0032.jpg,366769,5653780616ed7b658e367c6c4d6cfedc1edbd15163b518ed6f6f3e9a3e9c59f3
resized_images/unhealthy/unhealthy_0033.jpg,archive/development/resized_images/unhealthy/unhealthy_0033.jpg,339858,0afc87be48c7e6f5dab72a350019244aef2445ae437dd3aeda25dce9d955dba2
resized_images/unhealthy/unhealthy_0034.jpg,archive/development/resized_images/unhealthy/unhealthy_0034.jpg,422046,efdd77b677c45a9d0c3003bbb5c50f89a146984baa054254f4d19b667316a981
resized_images/unhealthy/unhealthy_0035.jpg,archive/development/resized_images/unhealthy/unhealthy_0035.jpg,312588,f730f86ef6180f32c84a5b47e469c83248a2b0039de6ea8d8529c91cc949a569
resized_images/unhealthy/unhealthy_0037.jpg,archive/development/resized_images/unhealthy/unhealthy_0037.jpg,323246,385f7b58027b520e9998301aaf1fd52f914b92dc11b3f981ad4ee1577a5564cb
resized_images/unhealthy/unhealthy_0038.jpg,archive/development/resized_images/unhealthy/unhealthy_0038.jpg,331722,0f3a714640549d96e867db668b00b2f861488335245a1cba8d2d48aa693dd97e
resized_images/unhealthy/unhealthy_0039.jpg,archive/development/resized_images/unhealthy/unhealthy_0039.jpg,317317,f56476e0e16b7bb631054dbc86251b4fed03b4be19c31ac5be76a2f671147c60
resized_images/unhealthy/unhealthy_0040.jpg,archive/development/resized_images/unhealthy/unhealthy_0040.jpg,318067,7328356f228f7ba2c083dd75120d88288d308f8221afd6e43c0d06ff005c27a9
resized_images/unhealthy/unhealthy_0041.jpg,archive/development/resized_images/unhealthy/unhealthy_0041.jpg,299759,79d0f0d8ae47aa5aaabc3f9678bd0d4962da30ed68de39837b94559454ffabef
resized_images/unhealthy/unhealthy_0042.jpg,archive/development/resized_images/unhealthy/unhealthy_0042.jpg,419601,d591fb8e581a98383f0e872a4ad58f243d50c4bcbdbe1d178ce88c5e1e207c49
resized_images/unhealthy/unhealthy_0043.jpg,archive/development/resized_images/unhealthy/unhealthy_0043.jpg,405076,51307c214e6fff975fbfc742f6da712ba7606fd50677431e7fe58e840a6687e9
resized_images/unhealthy/unhealthy_0044.jpg,archive/development/resized_images/unhealthy/unhealthy_0044.jpg,560902,71e6ece03d4e18448d7895a1c0e2ccbdabc14107a8ed0d2c367958ba28ad0140
resized_images/unhealthy/unhealthy_0045.jpg,archive/development/resized_images/unhealthy/unhealthy_0045.jpg,471614,e2e071bc64cd0b57f2de18e63791531ebea1b36f0070887084852b6a9eeabc48
resized_images/unhealthy/unhealthy_0046.jpg,archive/development/resized_images/unhealthy/unhealthy_0046.jpg,518899,18fabbbe8f93d78576b5f5ba313a2f333b3fe7089327f41389ad4e7498c257f4
resized_images/unhealthy/unhealthy_0047.jpg,archive/development/resized_images/unhealthy/unhealthy_0047.jpg,500593,34a417ca1a60a0f48c005415a65c0c8503172712d6acbbeff4150ed825768da4
resized_images/unhealthy/unhealthy_0048.jpg,archive/development/resized_images/unhealthy/unhealthy_0048.jpg,478665,343e8fc7c1870a3598cf605b05169ebc7d923660dfb4b5b18effcf03aa6b5628
resized_images/unhealthy/unhealthy_0049.jpg,archive/development/resized_images/unhealthy/unhealthy_0049.jpg,437261,2516fbe5b795a2ca88f1547d38ca972d35d9aa951a0b1d60b79b9644e4af8ea5
resized_images/unhealthy/unhealthy_0050.jpg,archive/development/resized_images/unhealthy/unhealthy_0050.jpg,432992,94728cbd28303ea0978869d259339edf060b2928dc669ca87caa197f095284cf
resized_images/unhealthy/unhealthy_0051.jpg,archive/development/resized_images/unhealthy/unhealthy_0051.jpg,427105,042828be7ee40470ef7ae51ecbc35b63482350dbd05a2afbc690c4493264378d
resized_images/unhealthy/unhealthy_0052.jpg,archive/development/resized_images/unhealthy/unhealthy_0052.jpg,411736,d06d6690a4c771e1000293f303d26d6f00626b56cb202bc2f99d7a3c41533df3
resized_images/unhealthy/unhealthy_0053.jpg,archive/development/resized_images/unhealthy/unhealthy_0053.jpg,493031,e2fd2fbdbb301fbd95d40d7a2fdbb9b977f958be0f7d10d68848121f8b846846
resized_images/unhealthy/unhealthy_0054.jpg,archive/development/resized_images/unhealthy/unhealthy_0054.jpg,483970,11a550c5c268ca531a6b5c935b2a8a4e8cee624add4f81e2efa37185f639bdbf
resized_images/unhealthy/unhealthy_0055.jpg,archive/development/resized_images/unhealthy/unhealthy_0055.jpg,512787,15d41328f1aaa873fe3402a2d3b31826ec0a453d223eb5407a2ad3d240a0398e
resized_images/unhealthy/unhealthy_0056.jpg,archive/development/resized_images/unhealthy/unhealthy_0056.jpg,506590,456dd2de42ab304e26db0382bf483ab478f6491cecfb4ef9963b0de235efb64c
resized_images/unhealthy/unhealthy_0057.jpg,archive/development/resized_images/unhealthy/unhealthy_0057.jpg,470015,69f0e8c0441d269184eb8273d1e71373b10bad6ba2543fa42365ad03aabf6da6
resized_images/unhealthy/unhealthy_0058.jpg,archive/development/resized_images/unhealthy/unhealthy_0058.jpg,466955,7f2684106d878b0b1642f356528411e2ff0573994e45c8354e29d7debd4753f3
resized_images/unhealthy/unhealthy_0059.jpg,archive/development/resized_images/unhealthy/unhealthy_0059.jpg,493834,76e64e0eb03ed91a59eaff07deb13553cab7989742a940e921f22cb0a70dfb4d
resized_images/unhealthy/unhealthy_0060.jpg,archive/development/resized_images/unhealthy/unhealthy_0060.jpg,477686,c60f91142b2eeae918955623bb2b6b6510e03b16375137ef6845950cae1260f8
resized_images/unhealthy/unhealthy_0061.jpg,archive/development/resized_images/unhealthy/unhealthy_0061.jpg,447963,15b21b5e0be6594d661701c64127d6fc096cb61320df73de26237da37383e74e
resized_images/unhealthy/unhealthy_0062.jpg,archive/development/resized_images/unhealthy/unhealthy_0062.jpg,475972,55a343589a33624bb168a88257a97e2fa74465b15960c6ae9b1d4a60dab005b6
resized_images/unhealthy/unhealthy_0063.jpg,archive/development/resized_images/unhealthy/unhealthy_0063.jpg,468621,35cbc8ed494f1a0e05616a9ec4d38fc58fe9664f0d7ac5421b5dbabec1f2c422
resized_images/unhealthy/unhealthy_0064.jpg,archive/development/resized_images/unhealthy/unhealthy_0064.jpg,485002,f4cfe35fb59bfa9aa5052972896b87f7b02ca1550f1d9d5f2fe2e9db67440a92
resized_images/unhealthy/unhealthy_0065.jpg,archive/development/resized_images/unhealthy/unhealthy_0065.jpg,292054,36e3a60462ded31d1c74df74d1fe907913b4d6a6ceeb4b025bb8788dc8aedb6c
resized_images/unhealthy/unhealthy_0066.jpg,archive/development/resized_images/unhealthy/unhealthy_0066.jpg,238189,8480651d432e21f684af399c12c98f01b6654f60eb5311f3022e5667b5e1d800
resized_images/unhealthy/unhealthy_0067.jpg,archive/development/resized_images/unhealthy/unhealthy_0067.jpg,203701,707a7cfffab69ec3b98a1c4e18f2832ced7e75895a4308c0caf808391020372a
resized_images/unhealthy/unhealthy_0068.jpg,archive/development/resized_images/unhealthy/unhealthy_0068.jpg,223007,893315abcbd7cfbb8c712d8253999a4110349bc1ae9baeb0c6b8b4d42c14dc23
resized_images/unhealthy/unhealthy_0069.jpg,archive/development/resized_images/unhealthy/unhealthy_0069.jpg,194089,ab0cb3e953b9ab7c21c2d157f488f091fcc440cd845ec1f070d71ad5c76e4a39
resized_images/unhealthy/unhealthy_0070.jpg,archive/development/resized_images/unhealthy/unhealthy_0070.jpg,191168,9c9608b4690466fa1e0162d5879d19a7e46f1b55c96f23f256c659d15c6e140a
resized_images/unhealthy/unhealthy_0071.jpg,archive/development/resized_images/unhealthy/unhealthy_0071.jpg,193552,08e4b0d5541d5246512a095b264526cac31369497b0549e1fa401fef75fe7c6d
resized_images/unhealthy/unhealthy_0072.jpg,archive/development/resized_images/unhealthy/unhealthy_0072.jpg,200939,fe456435976c017ac2f08231de582c7057ce85ce948e55d93e97ae65a49388ea
resized_images/unhealthy/unhealthy_0073.jpg,archive/development/resized_images/unhealthy/unhealthy_0073.jpg,182174,d7270e02771421067ca0ba18c5a373e71a5787bba8c6fd5ab2efeb47bf7d5fdf
resized_images/unhealthy/unhealthy_0074.jpg,archive/development/resized_images/unhealthy/unhealthy_0074.jpg,189209,80e851a3dc790c0ae32c140e7e1afbf3f87636bbcafc3cfbc214e99e6790ea51
resized_images/unhealthy/unhealthy_0075.jpg,archive/development/resized_images/unhealthy/unhealthy_0075.jpg,229894,15f6d6579fa54996975b20951744bcc2691b9d8b0cbd6a40f970b1e7075027fb
resized_images/unhealthy/unhealthy_0076.jpg,archive/development/resized_images/unhealthy/unhealthy_0076.jpg,247792,e542d04018e1ddb5c476768e11eef7b53540525680d0031e969e9191b5437ff8
resized_images/unhealthy/unhealthy_0077.jpg,archive/development/resized_images/unhealthy/unhealthy_0077.jpg,246240,c0edaec99ba0f92348a164f598bbd8e664921967bc29647230a0d12badbd666c
resized_images/unhealthy/unhealthy_0078.jpg,archive/development/resized_images/unhealthy/unhealthy_0078.jpg,275840,f56d60f4e8d6902b028521047440d46fa46d9802d8405645538b66eafcbf4ea3
resized_images/unhealthy/unhealthy_0079.jpg,archive/development/resized_images/unhealthy/unhealthy_0079.jpg,223461,f776a6a71c3eba6af9dac3f02ed42376759a3381552a556017daa35f437e1650
resized_images/unhealthy/unhealthy_0080.jpg,archive/development/resized_images/unhealthy/unhealthy_0080.jpg,220621,f62bdcdb4cd230de32d33ed48aef65ddcd439047769673238227530319377d0e
resized_images/unhealthy/unhealthy_0081.jpg,archive/development/resized_images/unhealthy/unhealthy_0081.jpg,242685,f66e30809ee25dfd2a050145c3b598321a2bbe434c81f77e5ec6b9c4634e25aa
resized_images/unhealthy/unhealthy_0082.jpg,archive/development/resized_images/unhealthy/unhealthy_0082.jpg,245360,6e1332af21e5c6ac34e4828459f9832957c36bdf556eace68e046292e7b51b5d
resized_images/unhealthy/unhealthy_0083.jpg,archive/development/resized_images/unhealthy/unhealthy_0083.jpg,243844,31909775b4d79c850ca9e40cdee99a5db7c4ead4c3c507ee0c3e66b281d3d3fd
resized_images/unhealthy/unhealthy_0084.jpg,archive/development/resized_images/unhealthy/unhealthy_0084.jpg,184570,c369152313cd45fedd3eada20ac11116e2f72040201126675a07611d2959b45d
resized_images/unhealthy/unhealthy_0085.jpg,archive/development/resized_images/unhealthy/unhealthy_0085.jpg,218605,d1adf9bd3c20b36f220f3d97ffd44ad96df327b0415b7eb5329b589168748032
resized_images/unhealthy/unhealthy_0086.jpg,archive/development/resized_images/unhealthy/unhealthy_0086.jpg,219350,2a9e69b63eafc56863d7a878d21bbbfd6026f7560451ca7e80d06fc73d7625b7
resized_images/unhealthy/unhealthy_0087.jpg,archive/development/resized_images/unhealthy/unhealthy_0087.jpg,142944,7eb04202cbe929bedd412b76523d0025c936a4388004874d41f145ef41114d09
resized_images/unhealthy/unhealthy_0089.jpg,archive/development/resized_images/unhealthy/unhealthy_0089.jpg,217675,573a70217ae1048d4b4666af363a07b0d4e101aed5f451de6d0990f13b223e08
resized_images/unhealthy/unhealthy_0090.jpg,archive/development/resized_images/unhealthy/unhealthy_0090.jpg,214482,e2999dbf7f253b84490660fac46fb909e2c7f1750f74329d6ce30cf7a9d64755
resized_images/unhealthy/unhealthy_0091.jpg,archive/development/resized_images/unhealthy/unhealthy_0091.jpg,245655,564b35a942798196698f54d5f01ad2f68bc3715ed249a72f0078df32cc064d68
resized_images/unhealthy/unhealthy_0092.jpg,archive/development/resized_images/unhealthy/unhealthy_0092.jpg,197098,521ce5a24e35c3927cb8c2e6e5b88c2988d910b0bf517f317c5b0fefe4d5f822
resized_images/unhealthy/unhealthy_0093.jpg,archive/development/resized_images/unhealthy/unhealthy_0093.jpg,206548,e07efee520aadca9f1827a38728684dfe082dc6bb2556a37611608b50e6c11e5
resized_images/unhealthy/unhealthy_0094.jpg,archive/development/resized_images/unhealthy/unhealthy_0094.jpg,256540,983a1fd11cce464ce8c8595d5e8a105514cd1ab3496e4d6a0e3462ec74332be3
resized_images/unhealthy/unhealthy_0095.jpg,archive/development/resized_images/unhealthy/unhealthy_0095.jpg,209757,8b65b289af661acf01a44d760c301dc6e3800f4bf0dbb60f6e03b24bfa89e292
resized_images/unhealthy/unhealthy_0096.jpg,archive/development/resized_images/unhealthy/unhealthy_0096.jpg,215647,a895a80afba4df1d93d1c92e579e07c7aa899c6ef828880ddc3d43111ea958be
resized_images/unhealthy/unhealthy_0098.jpg,archive/development/resized_images/unhealthy/unhealthy_0098.jpg,215092,ee1adcd1275bb83013e97315aa265e849290d3ed4f3c3a6cd1855e22214f21f4
resized_images/unhealthy/unhealthy_0099.jpg,archive/development/resized_images/unhealthy/unhealthy_0099.jpg,214992,b371a10e47f06645e3455016805a6925cba71ce7bb0d05cc176a61b17620215e
resized_images/unhealthy/unhealthy_0100.jpg,archive/development/resized_images/unhealthy/unhealthy_0100.jpg,189033,592e2f68c661a2240f3d9702c21e55fb57c9ee1559e22b350a901735c832fdfe
resized_images/unhealthy/unhealthy_0101.jpg,archive/development/resized_images/unhealthy/unhealthy_0101.jpg,192134,1e9557f3a90638e77932d0876a89d50885546b8cae2d16765abd5f45e52c8a23
resized_images/unhealthy/unhealthy_0102.jpg,archive/development/resized_images/unhealthy/unhealthy_0102.jpg,199248,063da78dbfd02c521db3e2237df5ab31d2279897a90a26815a6dc8f0d521eec9
resized_images/unhealthy/unhealthy_0103.jpg,archive/development/resized_images/unhealthy/unhealthy_0103.jpg,191921,f7834b8f836feb460258067d7583aea0eebd59c5d76d33ac95c7b6542e465c41
resized_images/unhealthy/unhealthy_0104.jpg,archive/development/resized_images/unhealthy/unhealthy_0104.jpg,205288,6c97ed63f0cf0b5ec84b0e14c275fafa8e03cd44572137452033b5bac9042a0c
resized_images/unhealthy/unhealthy_0105.jpg,archive/development/resized_images/unhealthy/unhealthy_0105.jpg,208830,be1c201babcca2cf4845ced81a90f4c17ed9325b535716b39ca21249c261d46e
resized_images/unhealthy/unhealthy_0106.jpg,archive/development/resized_images/unhealthy/unhealthy_0106.jpg,213805,0f049b5df456a87f2dc3ca63d111c36d157c00bac52b2807b1fac3438c764055
resized_images/unhealthy/unhealthy_0107.jpg,archive/development/resized_images/unhealthy/unhealthy_0107.jpg,210265,8beebe0bec67bb2bcfee386c6f5b2bb00654172513f502d26d19331a5e1dfda3
resized_images/unhealthy/unhealthy_0108.jpg,archive/development/resized_images/unhealthy/unhealthy_0108.jpg,207468,e4a4681ee3a3e2939bebe30c7fefd8b2337d7b3e29c98ca3af7f4ea630f96383
resized_images/unhealthy/unhealthy_0109.jpg,archive/development/resized_images/unhealthy/unhealthy_0109.jpg,267744,27ffebcb20ae64da1b7071aef560415e9e43eb6295f8d3dcbb361f47ed2dfd2f
resized_images/unhealthy/unhealthy_0110.jpg,archive/development/resized_images/unhealthy/unhealthy_0110.jpg,266148,8a5179afae233ba00c35217523d174dc0c6758db8312815cb92a68d5719b4a00
resized_images/unhealthy/unhealthy_0111.jpg,archive/development/resized_images/unhealthy/unhealthy_0111.jpg,196284,485659d5fb2466ec2028a88c30778c9b54440246d5e5e033938892922784ba38
resized_images/unhealthy/unhealthy_0112.jpg,archive/development/resized_images/unhealthy/unhealthy_0112.jpg,196935,69a9e6b1569320adbfc7f43d359d616bc28056403f782939974fd8a9e98b967a
resized_images/unhealthy/unhealthy_0113.jpg,archive/development/resized_images/unhealthy/unhealthy_0113.jpg,176085,e18fa9cb09e51fdafd25055690e4bdc5859bfd2206ed610b917857bb0731ed08
resized_images/unhealthy/unhealthy_0114.jpg,archive/development/resized_images/unhealthy/unhealthy_0114.jpg,184034,a727ec3032193d2f94fc6f7da9577e783b1cd5a3bbef7184ba930bedada248dc
resized_images/unhealthy/unhealthy_0115.jpg,archive/development/resized_images/unhealthy/unhealthy_0115.jpg,185402,d671a7ea0b5758a541b638d0efd8f9d186b066be51d5d8c9bbbdf18a1b8c7ae1
resized_images/unhealthy/unhealthy_0116.jpg,archive/development/resized_images/unhealthy/unhealthy_0116.jpg,183018,ba1358c21d93a55b801408c6131caef0b459c1bb83fe833ede8c0204e6a29ba5
resized_images/unhealthy/unhealthy_0117.jpg,archive/development/resized_images/unhealthy/unhealthy_0117.jpg,205078,52124cfeee5222747e641d570f478b4781967122a2855209d777e1dbb1476b60
resized_images/unhealthy/unhealthy_0118.jpg,archive/development/resized_images/unhealthy/unhealthy_0118.jpg,188203,f50556bc3bf77a76b82fccf93acaeaaea7be496f54e190dde266c9ba19e13ab8
resized_images/unhealthy/unhealthy_0119.jpg,archive/development/resized_images/unhealthy/unhealthy_0119.jpg,191958,b94caa5fd5cfd9590e1fd3e0a59aebbbedcb677835fba29da94f51912b8e39b5
resized_images/unhealthy/unhealthy_0120.jpg,archive/development/resized_images/unhealthy/unhealthy_0120.jpg,245100,5c9b75c40fb9b05acbdd71e77f0a57270e61742d493e0e9032bdaeec04d1a4d5
resized_images/unhealthy/unhealthy_0121.jpg,archive/development/resized_images/unhealthy/unhealthy_0121.jpg,242554,70fb48df42e529be0fba7db6f19509489e5648a331dd40f9394a2ba9ade9b96e
resized_images/unhealthy/unhealthy_0122.jpg,archive/development/resized_images/unhealthy/unhealthy_0122.jpg,279739,8c4f14f76ed62a193c3f10bea6891caedc21e88c3fbc7598ccfa17c80a3a0af7
resized_images/unhealthy/unhealthy_0123.jpg,archive/development/resized_images/unhealthy/unhealthy_0123.jpg,245442,177dbec7387ea2960d012dee1e5d0ffd5da68ee462533897a6a7e4a611253d5a
resized_images/unhealthy/unhealthy_0124.jpg,archive/development/resized_images/unhealthy/unhealthy_0124.jpg,253080,6c28b526d299c168019ff761add4ad67a815f2daa016b0a12886bcc1da702473
resized_images/unhealthy/unhealthy_0125.jpg,archive/development/resized_images/unhealthy/unhealthy_0125.jpg,236403,bc3ba0e2de8d190243ee9608924e0dd10457386e8d7a3a70a25a4ce9f9d43682
resized_images/unhealthy/unhealthy_0126.jpg,archive/development/resized_images/unhealthy/unhealthy_0126.jpg,264417,8306c13024a7e384aa35ab6b7050642c2582b38c22f41d03a1f2a1e3a245b815
resized_images/unhealthy/unhealthy_0127.jpg,archive/development/resized_images/unhealthy/unhealthy_0127.jpg,216175,3821fe45c3d52b0b271acc30b046635b0ced843315768d1081b70cfb42dec022
resized_images/unhealthy/unhealthy_0128.jpg,archive/development/resized_images/unhealthy/unhealthy_0128.jpg,217503,24b3f3f05aab80d7d3ffcdedec9eb063e69c5c55a1e0177f09124cb5ef2f9596
resized_images/unhealthy/unhealthy_0129.jpg,archive/development/resized_images/unhealthy/unhealthy_0129.jpg,367335,2a0eb4e41edf327a4aa386f691f182670d42dd644a739454909519068a292119
resized_images/unhealthy/unhealthy_0130.jpg,archive/development/resized_images/unhealthy/unhealthy_0130.jpg,354414,e2a90451fa1d7040486a3568abdf092bd400578a575f0a0b8fe922cdea699426
resized_images/unhealthy/unhealthy_0131.jpg,archive/development/resized_images/unhealthy/unhealthy_0131.jpg,296245,9d74b77b3c34684e92f5f7228e2078fe82fcb4a6f0428cc235a6d1b1736afda7
resized_images/unhealthy/unhealthy_0132.jpg,archive/development/resized_images/unhealthy/unhealthy_0132.jpg,301606,4f9cd42b8f01a998f252390f21119d843fd6b41f68827502e10045ccc975ab18
resized_images/unhealthy/unhealthy_0133.jpg,archive/development/resized_images/unhealthy/unhealthy_0133.jpg,299617,fcc82d272bd3365f15cb6ca939b871722d9eeff0d6f4418d88796c9444690911
resized_images/unhealthy/unhealthy_0134.jpg,archive/development/resized_images/unhealthy/unhealthy_0134.jpg,310687,249d8587aa57c73133630c4bc8d4dbba1e9a7e82974d7653f6846cff54c19d64
resized_images/unhealthy/unhealthy_0135.jpg,archive/development/resized_images/unhealthy/unhealthy_0135.jpg,253750,6dbcba700dbcdef557f7ab99bfd37d6e26e3f629f1bc9881e5bcafeb03e734ff
resized_images/unhealthy/unhealthy_0136.jpg,archive/development/resized_images/unhealthy/unhealthy_0136.jpg,249591,4e32db8e0c5ac7962f40b065b01d8cbc69eef42d6786b94070fec81ddbbeaf63
resized_images/unhealthy/unhealthy_0137.jpg,archive/development/resized_images/unhealthy/unhealthy_0137.jpg,287859,1ae103e2ae9cdb565417b38475f6a4c198adae7072218d9fe551440c5d690aae
resized_images/unhealthy/unhealthy_0138.jpg,archive/development/resized_images/unhealthy/unhealthy_0138.jpg,298790,49a29e6fb34d6bf3ba38e33c366fd681886bf6ee66ab98d93d2ef8f7055b3e64
resized_images/unhealthy/unhealthy_0139.jpg,archive/development/resized_images/unhealthy/unhealthy_0139.jpg,303239,61b43e96f846a7af0aefb6958eeba8ea0b56e3b28027689ceb165dc49d2f5307
resized_images/unhealthy/unhealthy_0140.jpg,archive/development/resized_images/unhealthy/unhealthy_0140.jpg,295218,a444f6a7d18e98e720eb50d6bb82e6fe7b84e15da8cb795749a0b4833b14ad88
resized_images/unhealthy/unhealthy_0141.jpg,archive/development/resized_images/unhealthy/unhealthy_0141.jpg,253871,c90c41f51197981f574bf5db0e3866e0b7f895d660399e978f0ddc67f2ff2fe7
resized_images/unhealthy/unhealthy_0142.jpg,archive/development/resized_images/unhealthy/unhealthy_0142.jpg,270980,7bf59b8c2e46c88cad980e5123996b8c9cea75b470db6332f3027723bea178a3
resized_images/unhealthy/unhealthy_0143.jpg,archive/development/resized_images/unhealthy/unhealthy_0143.jpg,327833,1564de4dfa319502eadf207b0462db35413e357aeb4387c11f252ab027bc706d
resized_images/unhealthy/unhealthy_0144.jpg,archive/development/resized_images/unhealthy/unhealthy_0144.jpg,412414,561c18db19644c31c2993b2f5dec45d49962c4aca35cd85d7ede4d4fd8fa4e2d
resized_images/unhealthy/unhealthy_0145.jpg,archive/development/resized_images/unhealthy/unhealthy_0145.jpg,404202,4a20a7699d1b65ffbfdd375c82db86e397300d1b349c19d3139a9ebd0246d262
resized_images/unhealthy/unhealthy_0146.jpg,archive/development/resized_images/unhealthy/unhealthy_0146.jpg,456064,75fdc360989ecc0adda0ea7d34cbb437cc181b02e8d927cfbdf452f85af68a8d
resized_images/unhealthy/unhealthy_0147.jpg,archive/development/resized_images/unhealthy/unhealthy_0147.jpg,371664,1fe53c6e93fa05813cde9215ada071199f92a81773222c6e2ee0ec4095d9a1ba
resized_images/unhealthy/unhealthy_0148.jpg,archive/development/resized_images/unhealthy/unhealthy_0148.jpg,362898,22b1f8ddb5689f7bab41f2c18fc4754bf35027257981dc02b602ecd97a193e80
resized_images/unhealthy/unhealthy_0149.jpg,archive/development/resized_images/unhealthy/unhealthy_0149.jpg,302219,c2105747108c7a36ae98aa7df7f31ff21c27396c36b77c66cc4c53fa70c9a97d
resized_images/unhealthy/unhealthy_0150.jpg,archive/development/resized_images/unhealthy/unhealthy_0150.jpg,304806,1b158a61f1f01c738882de45c56240202927e645b6397fbda5358a429859a6a5
resized_images/unhealthy/unhealthy_0151.jpg,archive/development/resized_images/unhealthy/unhealthy_0151.jpg,566282,83a4f1e7673b709704ac2b2a6a5e815d0f3d4392ce022684ac643f3e41f65ff0
resized_images/unhealthy/unhealthy_0152.jpg,archive/development/resized_images/unhealthy/unhealthy_0152.jpg,458767,9f9ced9e05cac9b33d15f7696b928600ab02990722c4456975b2b71ce15e4fe5
resized_images/unhealthy/unhealthy_0153.jpg,archive/development/resized_images/unhealthy/unhealthy_0153.jpg,479130,c94b71812cfffdc2c444314f81a5e66006d5b2f8263caf2de2ed165ce3b48e1d
resized_images/unhealthy/unhealthy_0154.jpg,archive/development/resized_images/unhealthy/unhealthy_0154.jpg,450192,9af5cfd95b370d2ff4b5aafeb0f1178c30f0ea37662c5011f9dfc9e4e5546497
resized_images/unhealthy/unhealthy_0155.jpg,archive/development/resized_images/unhealthy/unhealthy_0155.jpg,443744,918c928e3c1e98c46c9c5251be65337d598d885ae034e931703351c4a39dee36
resized_images/unhealthy/unhealthy_0156.jpg,archive/development/resized_images/unhealthy/unhealthy_0156.jpg,430097,a473475fc512e15b493a2ac26234a7383a5594a5e3204df4a22f5a721c408392
resized_images/unhealthy/unhealthy_0157.jpg,archive/development/resized_images/unhealthy/unhealthy_0157.jpg,433425,50042ed35f5101d3fd9a3abb9f0eff67a052b0e87d8b3a68c65e7fa3b0e2dab4
resized_images/unhealthy/unhealthy_0158.jpg,archive/development/resized_images/unhealthy/unhealthy_0158.jpg,357351,5dbaa9871f10f22f7ce4461cad6a5340182b20e143df354ca6868e29603fdc68
resized_images/unhealthy/unhealthy_0159.jpg,archive/development/resized_images/unhealthy/unhealthy_0159.jpg,408637,ec74b2006a16adc37be912b470f5d3e6633fa7945daabfb2b3afcc8d2e4bf47f
resized_images/unhealthy/unhealthy_0160.jpg,archive/development/resized_images/unhealthy/unhealthy_0160.jpg,477020,ec9434f126a55f87a98048dd3be9cbb2fa9292d47469ec63c67ad236f8b5f858
resized_images/unhealthy/unhealthy_0161.jpg,archive/development/resized_images/unhealthy/unhealthy_0161.jpg,472317,7b09b9b7f1e342f91fd2cb650961837b902cdadb651eb1f8c9cac11583dc6274
resized_images/unhealthy/unhealthy_0162.jpg,archive/development/resized_images/unhealthy/unhealthy_0162.jpg,505176,cfd530ba0595df3f3452e8babaa37bc601aaf129c3b2bc0a6543055b13281172
resized_images/unhealthy/unhealthy_0163.jpg,archive/development/resized_images/unhealthy/unhealthy_0163.jpg,328107,ceac93a7ea551fd93a016ae76135df68c53600e22db7a8310fdcd80b3c1c7d45
resized_images/unhealthy/unhealthy_0164.jpg,archive/development/resized_images/unhealthy/unhealthy_0164.jpg,317375,8ad61e3caf7098b739f1f2cab1a23c79b1ec8a7d0df08552d8e3c8221d6f7947
resized_images/unhealthy/unhealthy_0165.jpg,archive/development/resized_images/unhealthy/unhealthy_0165.jpg,367220,06083269d2c054ae722d75decd7e54b5d35644da12141cbc9291093860c4eb2f
resized_images/unhealthy/unhealthy_0166.jpg,archive/development/resized_images/unhealthy/unhealthy_0166.jpg,380133,631824c147f0981be1c24e9f73785fac215604af05f41b756f481e5d71e05e82
resized_images/unhealthy/unhealthy_0167.jpg,archive/development/resized_images/unhealthy/unhealthy_0167.jpg,381456,c3eb1b602f54f533dc29c8bcdbac3bc8e73d4112f60e31ffe70dc476a5909e39
resized_images/unhealthy/unhealthy_0168.jpg,archive/development/resized_images/unhealthy/unhealthy_0168.jpg,360975,7a1b25c4a12cae8f976e6aac2571cf71212456f17703aaf737bbd80ee08f8afa
resized_images/unhealthy/unhealthy_0169.jpg,archive/development/resized_images/unhealthy/unhealthy_0169.jpg,335208,e2bb28cd394258614ea7d7a406f600949b46303d0baa5953c2b931cb69939005
resized_images/unhealthy/unhealthy_0170.jpg,archive/development/resized_images/unhealthy/unhealthy_0170.jpg,328004,daf2a9680e9d836b9ddb4feecdbd5f5b0b78c0d866d378819226b1e229ae4678
resized_images/unhealthy/unhealthy_0171.jpg,archive/development/resized_images/unhealthy/unhealthy_0171.jpg,379857,01189526718a34e82ba94e16c400776c46a4ea9f8ef5b534385e8a7d37e2e152
resized_images/unhealthy/unhealthy_0172.jpg,archive/development/resized_images/unhealthy/unhealthy_0172.jpg,358289,d6160aa520855d2a430f7e35bb1d29fc064920a6ac47082ab85708db06cb2603
resized_images/unhealthy/unhealthy_0173.jpg,archive/development/resized_images/unhealthy/unhealthy_0173.jpg,511984,9295182438d1530bbf84b5e5aea3a0b5e8e76ac11886ea575ec4644219710dc5
resized_images/unhealthy/unhealthy_0174.jpg,archive/development/resized_images/unhealthy/unhealthy_0174.jpg,523266,750607a37b33a3d6844700da94d3fae5ada4e5ebc825e4d39588725f188fb6cf
resized_images/unhealthy/unhealthy_0175.jpg,archive/development/resized_images/unhealthy/unhealthy_0175.jpg,307440,b804d366b9c9fb0f459344297a869d6add5f472744ec84a560afd77cd4c0dd1f
resized_images/unhealthy/unhealthy_0176.jpg,archive/development/resized_images/unhealthy/unhealthy_0176.jpg,306086,7675a58ebc2d0368cecab05b8a468ef59bdeb9bb245801fd2414c51ad6ffa588
resized_images/unhealthy/unhealthy_0177.jpg,archive/development/resized_images/unhealthy/unhealthy_0177.jpg,335219,5e8c4b53e85cccf04246d79585838c774290be0045a3ededdf6f0607d98579dd
resized_images/unhealthy/unhealthy_0178.jpg,archive/development/resized_images/unhealthy/unhealthy_0178.jpg,340110,8a555f001c3ae999a69b228c9dd84689790b65dc4323b8569fde0afa83b6e85b
resized_images/unhealthy/unhealthy_0179.jpg,archive/development/resized_images/unhealthy/unhealthy_0179.jpg,396290,9cedc2f5e89cb4e6f362c962484bb311ab85374f5ef9febe64e6a86dcbc9186d
resized_images/unhealthy/unhealthy_0180.jpg,archive/development/resized_images/unhealthy/unhealthy_0180.jpg,379829,1fa75fd5505f91c95942341f84edf23df38420b4281e2f9b46ce662dee115572
resized_images/unhealthy/unhealthy_0181.jpg,archive/development/resized_images/unhealthy/unhealthy_0181.jpg,416717,4503fdbef3e35cfadb427b40bbb3cbe2caa17bd463369b7f368cf3bac392418f
resized_images/unhealthy/unhealthy_0182.jpg,archive/development/resized_images/unhealthy/unhealthy_0182.jpg,416887,855e02435e4c731b2b9c513d3020c11beffbc7d12cc3a7c73140ecbf1c24647f
resized_images/unhealthy/unhealthy_0183.jpg,archive/development/resized_images/unhealthy/unhealthy_0183.jpg,352063,742e6230e95100f74ada31783247b5e0333eb1527e49c0b382d9ad8f9cd34c54
resized_images/unhealthy/unhealthy_0184.jpg,archive/development/resized_images/unhealthy/unhealthy_0184.jpg,405175,0747c0ef22b38bcdb691928eed97fc846e86590cfefa11e56be3687d57606e9c
resized_images/unhealthy/unhealthy_0185.jpg,archive/development/resized_images/unhealthy/unhealthy_0185.jpg,396979,895e64662c5e3785754525099d24ddc3c4d7a61feaba887f338fbc7f021e4ffc
resized_images/unhealthy/unhealthy_0186.jpg,archive/development/resized_images/unhealthy/unhealthy_0186.jpg,485670,0e09f19c544c2f7316574ae773237124b600bc2b31563f64c3a0554f3874ce68
resized_images/unhealthy/unhealthy_0187.jpg,archive/development/resized_images/unhealthy/unhealthy_0187.jpg,482145,f6e74e51671dcf0c2038f637556fa58d8760dfaf99f0582053e1742c0d4ee761
resized_images/unhealthy/unhealthy_0188.jpg,archive/development/resized_images/unhealthy/unhealthy_0188.jpg,518429,ef0500c2273e978db3cccd420b64b87ba511923507f219e603b3c1a5ea432003
resized_images/unhealthy/unhealthy_0189.jpg,archive/development/resized_images/unhealthy/unhealthy_0189.jpg,423329,ead6448789a2e14c68feb34840d5bccbafebf83480aed5950d41419a1b8a5118
resized_images/unhealthy/unhealthy_0190.jpg,archive/development/resized_images/unhealthy/unhealthy_0190.jpg,425618,9d8642ed6455a35f305976bd5fd3a82f623cb5bb6fc414852516acdee7a3b1fd
resized_images/unhealthy/unhealthy_0191.jpg,archive/development/resized_images/unhealthy/unhealthy_0191.jpg,395318,be6927861c8ae5284153c5dd554458290d1039a87219e759424626298bab55ff
resized_images/unhealthy/unhealthy_0192.jpg,archive/development/resized_images/unhealthy/unhealthy_0192.jpg,395946,77c128760e8ebd56506da273de63d7c3faca77a2b9d36730d433578deedc9b26
resized_images/unhealthy/unhealthy_0193.jpg,archive/development/resized_images/unhealthy/unhealthy_0193.jpg,455637,f4790eee427f267af9e2fee41c34be59dc6959fe6ed838af4aa9a2f048620571
resized_images/unhealthy/unhealthy_0194.jpg,archive/development/resized_images/unhealthy/unhealthy_0194.jpg,402221,94b6c255e5cb26ac9dbb850a6bac6b1d70f58b2492fca37a65a6c96bf33e4988
resized_images/unhealthy/unhealthy_0195.jpg,archive/development/resized_images/unhealthy/unhealthy_0195.jpg,392275,6c1e1bd9e660893202dc5ce33493ac11517d67a4f8275b3a67508b62de3b9228
resized_images/unhealthy/unhealthy_0196.jpg,archive/development/resized_images/unhealthy/unhealthy_0196.jpg,399160,923972b3a201d5d2ac1572c9208d423f6efb94fabdec740cfe74be972813590d
resized_images/unhealthy/unhealthy_0197.jpg,archive/development/resized_images/unhealthy/unhealthy_0197.jpg,404236,b19e7b3ef3046d4344bca9bcb15a51c77eec623d4109cb59fa0e634c9a2113eb
resized_images/unhealthy/unhealthy_0198.jpg,archive/development/resized_images/unhealthy/unhealthy_0198.jpg,313454,c76ebf925e46e6eeff5ab38a4db272e7c31ab4bf711bada0ec1db57b89ec0be9
resized_images/unhealthy/unhealthy_0199.jpg,archive/development/resized_images/unhealthy/unhealthy_0199.jpg,317576,2de4f5c3b619fb05596865fc881418716550996ca4001e2bf8d1655a05bfb92a
resized_images/unhealthy/unhealthy_0200.jpg,archive/development/resized_images/unhealthy/unhealthy_0200.jpg,305295,5d4ca96c115e9fbf1cdc6746a3bf5164dbdd3bb2ab9593f6dac4767ce27c4909
resized_images/unhealthy/unhealthy_0201.jpg,archive/development/resized_images/unhealthy/unhealthy_0201.jpg,314101,ca9966ee28636a0f17620e75a26656e0932e70182d4c115f3b03ca7b6fc92e61
resized_images/unhealthy/unhealthy_0202.jpg,archive/development/resized_images/unhealthy/unhealthy_0202.jpg,319624,ccfc47b8b64d5d6eebabe24c520b5e727dcd48675c79c8d94f08b3d1b115a62f
resized_images/unhealthy/unhealthy_0203.jpg,archive/development/resized_images/unhealthy/unhealthy_0203.jpg,352407,2ba89d6e7262bae172a2488833ceb3ebd7f07bb69333626e4302acac29258c5a
resized_images/unhealthy/unhealthy_0204.jpg,archive/development/resized_images/unhealthy/unhealthy_0204.jpg,368118,78a49575da3c59babd75bd1ad227779de5ed7b4b073f71f2011ebc3911c26959
resized_images/unhealthy/unhealthy_0205.jpg,archive/development/resized_images/unhealthy/unhealthy_0205.jpg,423759,591ef06086082dc34fb9e8e96779e005ccd7843fe16a0433ec4669e6712ec06d
resized_images/unhealthy/unhealthy_0206.jpg,archive/development/resized_images/unhealthy/unhealthy_0206.jpg,427813,d111b9df7b68a34eab479271b846e381adef04ab784f7a4aa2764c2c746a9870
resized_images/unhealthy/unhealthy_0207.jpg,archive/development/resized_images/unhealthy/unhealthy_0207.jpg,470009,d0e261fba1aefdde7ebda0fd7d688f92e17106a1c26eb06e1fa1e0ff3cffa558
resized_images/unhealthy/unhealthy_0208.jpg,archive/development/resized_images/unhealthy/unhealthy_0208.jpg,425991,328250013ec04de819afa2f91f9d64dd4c2d9b3f2e53fe6d83ca2ed52ec6a4fb
resized_images/unhealthy/unhealthy_0209.jpg,archive/development/resized_images/unhealthy/unhealthy_0209.jpg,423261,9647c2c6074b049424a53ebbeff7e9a05937b9bf232ba3538a16c105ca32d6f7
resized_images/unhealthy/unhealthy_0210.jpg,archive/development/resized_images/unhealthy/unhealthy_0210.jpg,451451,03f981ac1b807219c7bfd71b80108da21deba596d0667e6c3b92e7c694edd038
resized_images/unhealthy/unhealthy_0211.jpg,archive/development/resized_images/unhealthy/unhealthy_0211.jpg,433616,e1132714d1b5c4fa9022708e11e4f8c8b627c93f85bfce97ce613fa04c7459d4
resized_images/unhealthy/unhealthy_0212.jpg,archive/development/resized_images/unhealthy/unhealthy_0212.jpg,475373,36376371f917644bb4a02e8280825e9a136e4043ccc2b92a7d8b9b47ad7f7bcf
resized_images/unhealthy/unhealthy_0213.jpg,archive/development/resized_images/unhealthy/unhealthy_0213.jpg,470893,f8558a794b7d7c75dd48ac1fbdd3fda0f9cf95b4431a0cd8be3f3a802139c91a
resized_images/unhealthy/unhealthy_0214.jpg,archive/development/resized_images/unhealthy/unhealthy_0214.jpg,388908,3385c87d8366a629d942a4afa9edeaeb7cd906cdb85397f6f2c8ed109edb166f
resized_images/unhealthy/unhealthy_0215.jpg,archive/development/resized_images/unhealthy/unhealthy_0215.jpg,387595,3d347216e74e41fd4159726123914a59874f8d61861abd3c4c5d8aac9be2d42d
resized_images/unhealthy/unhealthy_0216.jpg,archive/development/resized_images/unhealthy/unhealthy_0216.jpg,355503,03f11aeb41941082039c7f2389f6576a7445409cdc7387770690855e9776c410
resized_images/unhealthy/unhealthy_0217.jpg,archive/development/resized_images/unhealthy/unhealthy_0217.jpg,342273,82c39f2a34c8da3137d37cfb5e909708ec5650012ea5f87877dce493804e1189
resized_images/unhealthy/unhealthy_0218.jpg,archive/development/resized_images/unhealthy/unhealthy_0218.jpg,342456,eecc99abe324ee0291a610f3cf4927868fde18deb9a0e46f5e72ba0d2c8d68bc
resized_images/unhealthy/unhealthy_0219.jpg,archive/development/resized_images/unhealthy/unhealthy_0219.jpg,378639,d17ed555a383fedb67154250f68d40678cdfff649759e307dfcb55a08390ed1f
resized_images/unhealthy/unhealthy_0220.jpg,archive/development/resized_images/unhealthy/unhealthy_0220.jpg,384943,d66a54f90ee213c5b92fb922b74238d23b6fb9bf8f962685fae56598251ca2fd
resized_images/unhealthy/unhealthy_0221.jpg,archive/development/resized_images/unhealthy/unhealthy_0221.jpg,338816,e6c59a922cf98c86e10293687254513ce93e800f876047f4a2762954b9a790a9
resized_images/unhealthy/unhealthy_0222.jpg,archive/development/resized_images/unhealthy/unhealthy_0222.jpg,349874,36548f9b9eb1e6f74d97d94d494ca33111cf572a5f9b2513856311c8775de9e8
resized_images/unhealthy/unhealthy_0223.jpg,archive/development/resized_images/unhealthy/unhealthy_0223.jpg,421928,403e2eb03557974c8bf721ad4e6cfd7f6c46754947f902d068c2c27cb507386b
resized_images/unhealthy/unhealthy_0224.jpg,archive/development/resized_images/unhealthy/unhealthy_0224.jpg,392419,db6c7ddc78f1b5030dfff3a1e55bdbfa71b57bb3d0922067c12531363123e15d
resized_images/unhealthy/unhealthy_0225.jpg,archive/development/resized_images/unhealthy/unhealthy_0225.jpg,367842,012c02a4455895545740ce63ef76be364f4bf0e2df4923785ef00f37d30b8710
resized_images/unhealthy/unhealthy_0226.jpg,archive/development/resized_images/unhealthy/unhealthy_0226.jpg,348987,aaec10daefbeadb2b10f636a4556dfa52231f3cca28d59c9fb698f0169aea720
resized_images/unhealthy/unhealthy_0227.jpg,archive/development/resized_images/unhealthy/unhealthy_0227.jpg,393601,acb1f9df829f5c014f081a9506f9f0ff70ccadad1cc33b7614b5c944c6fb441f
resized_images/unhealthy/unhealthy_0228.jpg,archive/development/resized_images/unhealthy/unhealthy_0228.jpg,484771,bb08a48cb3875199934f59c7676b22961a5a846a2597f6303d54f1b3e20fc759
resized_images/unhealthy/unhealthy_0229.jpg,archive/development/resized_images/unhealthy/unhealthy_0229.jpg,476987,a3ab0216244fc890d1ce33ab1e86076498757bb0cbd10c5be933dbb03c08cc67
resized_images/unhealthy/unhealthy_0230.jpg,archive/development/resized_images/unhealthy/unhealthy_0230.jpg,548867,8488a460b8caa340386efe5e10d2cac9ade73e6c71e8689469e61b1c60d6ea94
resized_images/unhealthy/unhealthy_0231.jpg,archive/development/resized_images/unhealthy/unhealthy_0231.jpg,543347,80e1304325fead15b529b702b342c9100439612c3a19e669de027d8e3282cb7e
resized_images/unhealthy/unhealthy_0232.jpg,archive/development/resized_images/unhealthy/unhealthy_0232.jpg,417013,15241d272d1c40f32dcb2dd6db922cbf91f228a166f07672c6434499daea6f1c
resized_images/unhealthy/unhealthy_0233.jpg,archive/development/resized_images/unhealthy/unhealthy_0233.jpg,400793,e86386ec8b2d8201b7e86f0efba8049793510d5e3da071966d2aa7264a4c2d89
resized_images/unhealthy/unhealthy_0234.jpg,archive/development/resized_images/unhealthy/unhealthy_0234.jpg,399665,c466eb9531ab6c238afcc2e8c160805f436a27391d259f4e47750ddd0643f15b
resized_images/unhealthy/unhealthy_0235.jpg,archive/development/resized_images/unhealthy/unhealthy_0235.jpg,405296,fdd9b958d2c78abd8167dfe7aa8cf193c2c35cb0cec5fae4275633edf11109fc
resized_images/unhealthy/unhealthy_0236.jpg,archive/development/resized_images/unhealthy/unhealthy_0236.jpg,440817,a26e6945a31a2e7f600c77ee0c1e49ec5063f0def5d27c77b1a13356dc96f441
resized_images/unhealthy/unhealthy_0237.jpg,archive/development/resized_images/unhealthy/unhealthy_0237.jpg,441111,64c4c16cf8c5c0edab6d32e160f2439484104850303cb809af9361f3b56d7798
resized_images/unhealthy/unhealthy_0238.jpg,archive/development/resized_images/unhealthy/unhealthy_0238.jpg,380278,bff9dcfe9f23ca4a8cd037351cd34ccb55003dafcc88c0dde888fcf220a43f94
resized_images/unhealthy/unhealthy_0239.jpg,archive/development/resized_images/unhealthy/unhealthy_0239.jpg,378330,b16d5005f5df65ff5c61fd01115f06d63d3ef863e171ebc95c8cf9e838f53b5a
resized_images/unhealthy/unhealthy_0240.jpg,archive/development/resized_images/unhealthy/unhealthy_0240.jpg,424317,6f71695d95040683d359262a229d441a86a15cbeca9d8f90fe4be5e61bbe1e62
resized_images/unhealthy/unhealthy_0241.jpg,archive/development/resized_images/unhealthy/unhealthy_0241.jpg,405357,e396e6265e878a05db77e5d9ee22ca8ae31d85364aea6d601dfa95fe6addae3c
resized_images/unhealthy/unhealthy_0242.jpg,archive/development/resized_images/unhealthy/unhealthy_0242.jpg,433750,5cd28f1ba97ffafff92902f81e8cde64546c04cdfd65d95673531fc54f9c752b
resized_images/unhealthy/unhealthy_0243.jpg,archive/development/resized_images/unhealthy/unhealthy_0243.jpg,446641,cc80cb21c015354eb1273b3a1ac447afa5a43f13ab3970b4fbfc376dece8271a
resized_images/unhealthy/unhealthy_0244.jpg,archive/development/resized_images/unhealthy/unhealthy_0244.jpg,440477,5ac2094f94127328e215624b9c1dfc8d97569fe72610b84b2c44790cca4c13bd
resized_images/unhealthy/unhealthy_0245.jpg,archive/development/resized_images/unhealthy/unhealthy_0245.jpg,314476,fa7a68ac5398db914f3fcd810ef907a1ebd51ffb32f28e4246e9087d55dfdb01
resized_images/unhealthy/unhealthy_0246.jpg,archive/development/resized_images/unhealthy/unhealthy_0246.jpg,337603,00d518d18e333ea5e5c12d7766d3a2b63d14b72f67f7fbf3e953d4046517d2ad
resized_images/unhealthy/unhealthy_0247.jpg,archive/development/resized_images/unhealthy/unhealthy_0247.jpg,376264,baac3ab7c0145372cefbd346d3f2481e112f829a5e522baadd5dd4c8b6fb01fb
resized_images/unhealthy/unhealthy_0248.jpg,archive/development/resized_images/unhealthy/unhealthy_0248.jpg,387309,f8e7e30f243e0b0e61f2e17d5d0270516a3a2520301deb38dda3c3e3d377b663
resized_images/unhealthy/unhealthy_0249.jpg,archive/development/resized_images/unhealthy/unhealthy_0249.jpg,518658,4fe6b32e84118ef41292f9daaa72796b52b1da673bc12005a2cc4265f1a0dfcf
resized_images/unhealthy/unhealthy_0250.jpg,archive/development/resized_images/unhealthy/unhealthy_0250.jpg,513601,045b18cda23b2b702aa067d0afa069bbe889433e200b6aae38bfc582dae700e2
resized_images/unhealthy/unhealthy_0251.jpg,archive/development/resized_images/unhealthy/unhealthy_0251.jpg,532946,5655d08707e685c70c5a2e1180becf233c7e470d093e96e028ccd5a386d6a853
resized_images/unhealthy/unhealthy_0252.jpg,archive/development/resized_images/unhealthy/unhealthy_0252.jpg,402727,7398701441bfdeebf2b23e295275846fc359e5a7be0c1665e5aaba7218485cf0
resized_images/unhealthy/unhealthy_0253.jpg,archive/development/resized_images/unhealthy/unhealthy_0253.jpg,387128,4d81b38f2b143572383cbd0d2ad88cde099e9c78e5f34d06320e7237e2d7e056
resized_images/unhealthy/unhealthy_0254.jpg,archive/development/resized_images/unhealthy/unhealthy_0254.jpg,380480,91bed5c1a40b0a402c4305df80e311ae83cdb112d96bdbc021856c1585596d7a
resized_images/unhealthy/unhealthy_0255.jpg,archive/development/resized_images/unhealthy/unhealthy_0255.jpg,391504,79644d4cc2b50027ae5b6404c13ec1f2ed6932fdcac2fa40281f949acc82c54a
resized_images/unhealthy/unhealthy_0256.jpg,archive/development/resized_images/unhealthy/unhealthy_0256.jpg,343719,e4a7df6b92504c818979afd54d4e785b8e6a5c4c714855690002c97546ad1ccd
resized_images/unhealthy/unhealthy_0257.jpg,archive/development/resized_images/unhealthy/unhealthy_0257.jpg,399568,8ded5b9c42e23625c6308f09f9d1e4ea8d22260c7af0b8ce74a17349b62c5de0
resized_images/unhealthy/unhealthy_0258.jpg,archive/development/resized_images/unhealthy/unhealthy_0258.jpg,408424,6de45fb133c4fd08441dd2023946857d67c57b89c4990c88d64070d6809a758a
resized_images/unhealthy/unhealthy_0259.jpg,archive/development/resized_images/unhealthy/unhealthy_0259.jpg,416461,3561368d1a813826de919954f66cbd99f95fc691193951254d8748fbe6160aad
resized_images/unhealthy/unhealthy_0260.jpg,archive/development/resized_images/unhealthy/unhealthy_0260.jpg,389195,99a7b6e4da87a14cb5c95190be5a21e557621ba4b3c569e5eb9549f8b91931c4
resized_images/unhealthy/unhealthy_0261.jpg,archive/development/resized_images/unhealthy/unhealthy_0261.jpg,416434,1fb37c43941ea306cab71ef6ebc2464313d3f6f1868e000eefbb3ac95f2e6070
resized_images/unhealthy/unhealthy_0262.jpg,archive/development/resized_images/unhealthy/unhealthy_0262.jpg,405274,e6524000da784213820ca710b7b8ac541dc1517bf7d416010891eca106dd371c
resized_images/unhealthy/unhealthy_0263.jpg,archive/development/resized_images/unhealthy/unhealthy_0263.jpg,452161,cfe35581e1f1a4b5c0bad9dc2a23003a4d9953bef6a46ca0f4be1eb9a409a923
resized_images/unhealthy/unhealthy_0264.jpg,archive/development/resized_images/unhealthy/unhealthy_0264.jpg,390617,68cb287dd0f8986c7e83b9a3d94ce8eac4fae3b3a89c34db35d977a29c26a232
resized_images/unhealthy/unhealthy_0265.jpg,archive/development/resized_images/unhealthy/unhealthy_0265.jpg,394888,481a4f8b7b50b722d2059013e9852cb5c55ffeaa6efd8ef066a6c02251b5f536
resized_images/unhealthy/unhealthy_0266.jpg,archive/development/resized_images/unhealthy/unhealthy_0266.jpg,449421,10974b996d10828aaf9a2ca6cd429bdf2bd25800bc89f33b55856d77fc6197cc
resized_images/unhealthy/unhealthy_0267.jpg,archive/development/resized_images/unhealthy/unhealthy_0267.jpg,397373,468a1a21cec23e7df9622f23770b0f0b9a5bab2038796f72530a1dbe76c6f7ab
resized_images/unhealthy/unhealthy_0268.jpg,archive/development/resized_images/unhealthy/unhealthy_0268.jpg,416777,31e73419f291d1935b884d513c3b222c0a63fcdb613be367ac9ecaf313a01dfb
resized_images/unhealthy/unhealthy_0269.jpg,archive/development/resized_images/unhealthy/unhealthy_0269.jpg,466442,d075015d64778a9ea7452f605aa9f12fb8ec1f416be2e6b10d2dde2136a0b000
resized_images/unhealthy/unhealthy_0270.jpg,archive/development/resized_images/unhealthy/unhealthy_0270.jpg,467597,df342d3c61bc27a6ac4eac8c1c0ea4fa8fb8cd6dcd91069d61bba50f9745928f
resized_images/unhealthy/unhealthy_0271.jpg,archive/development/resized_images/unhealthy/unhealthy_0271.jpg,362921,d01f6e24913e57c78e10a9f40310d19605fe1d1040a4d1358b78886cbcaefdd5
resized_images/unhealthy/unhealthy_0272.jpg,archive/development/resized_images/unhealthy/unhealthy_0272.jpg,377811,6a932426327453ca00983d66005d4c43005fde00cce7fa5660bdcf920e11ac1e
resized_images/unhealthy/unhealthy_0273.jpg,archive/development/resized_images/unhealthy/unhealthy_0273.jpg,439027,ecbc3669a2cfc2f4c162dc7d9c81c77df87a092e60644fa3f389bb6008b44939
resized_images/unhealthy/unhealthy_0274.jpg,archive/development/resized_images/unhealthy/unhealthy_0274.jpg,375286,e6e492595a680d55f4ecc9eeb3c01a53690ee4ff8da62926c0632af23d1dfa45
resized_images/unhealthy/unhealthy_0275.jpg,archive/development/resized_images/unhealthy/unhealthy_0275.jpg,377918,6e81238ba027aed853dfbabc450391bdd78801cb48e5eb1f69039e1f0a564333
resized_images/unhealthy/unhealthy_0276.jpg,archive/development/resized_images/unhealthy/unhealthy_0276.jpg,424576,c3ccd9ca9e3d21315e9a7ca458bd90afd49cb1fa3649fcd646f74a62cf09c953
resized_images/unhealthy/unhealthy_0277.jpg,archive/development/resized_images/unhealthy/unhealthy_0277.jpg,385199,edb799fc18ecfd71549944d4cf5bb737278f9f3b9631a4214a3219b0a97fa3cb
resized_images/unhealthy/unhealthy_0278.jpg,archive/development/resized_images/unhealthy/unhealthy_0278.jpg,346804,42ba74d134f5e67063a3bce093f03a59154538ee89c91413908e090f0d576379
resized_images/unhealthy/unhealthy_0279.jpg,archive/development/resized_images/unhealthy/unhealthy_0279.jpg,411796,e79f9b36ba8fcd13fed6ba5213ed2b8ab78666465eeacb16f2b74a030ddbbc07
resized_images/unhealthy/unhealthy_0280.jpg,archive/development/resized_images/unhealthy/unhealthy_0280.jpg,377985,34d7cb9e0c66a8b3022ede9ad639fe586903bccea79b97d39a5d04e165714f69
resized_images/unhealthy/unhealthy_0281.jpg,archive/development/resized_images/unhealthy/unhealthy_0281.jpg,376282,34efb3f843d883218185e8e11a0694052e8ea9ed7b4d58c1ce4db78429e4a45d
resized_images/unhealthy/unhealthy_0282.jpg,archive/development/resized_images/unhealthy/unhealthy_0282.jpg,447618,83e670dac0adcd20cab7ee29d99ac61de31c06331ae01414b8b93122f1fba9d7
resized_images/unhealthy/unhealthy_0283.jpg,archive/development/resized_images/unhealthy/unhealthy_0283.jpg,449626,fbeb7562059f05e9e920601063c1c37e6586353d72c9f77805d179ac778aa12c
resized_images/unhealthy/unhealthy_0284.jpg,archive/development/resized_images/unhealthy/unhealthy_0284.jpg,479483,4c44299e2403b90596771059277d9adc393ab602bb1096cc715aba717f2cbfa1
resized_images/unhealthy/unhealthy_0285.jpg,archive/development/resized_images/unhealthy/unhealthy_0285.jpg,455602,cbf9693bfac7125ca713b4489f6f6748ec038c67740eda80b2361f4f26d3e35f
resized_images/unhealthy/unhealthy_0286.jpg,archive/development/resized_images/unhealthy/unhealthy_0286.jpg,446797,e4f226f2b44b4c7d58f25130a26dbc98c3b4d45b8337ecf5ca946898e3f77eb6
resized_images/unhealthy/unhealthy_0287.jpg,archive/development/resized_images/unhealthy/unhealthy_0287.jpg,474187,604b47ad8378571f72c39d91a40ade1d6ebddbfc2b71c9b73539d1d564a36c74
resized_images/unhealthy/unhealthy_0288.jpg,archive/development/resized_images/unhealthy/unhealthy_0288.jpg,325999,2888dbd2ff5b5d0f13a6773367c66393b10a6b22018a1ddf108386101b9245a5
resized_images/unhealthy/unhealthy_0289.jpg,archive/development/resized_images/unhealthy/unhealthy_0289.jpg,358125,24a1ff47624cd9ed09ebf67993d15d84f7571c514cc68c13b00937407a30e125
resized_images/unhealthy/unhealthy_0290.jpg,archive/development/resized_images/unhealthy/unhealthy_0290.jpg,406539,af041dc53901f03ab4fb6e2c809f3af41f09333ab687f00cabff702a073367c2
resized_images/unhealthy/unhealthy_0291.jpg,archive/development/resized_images/unhealthy/unhealthy_0291.jpg,396237,8bda76ce687548fc39294c151e9786e75e86ba7d0c889fba766de43353315eb7
resized_images/unhealthy/unhealthy_0292.jpg,archive/development/resized_images/unhealthy/unhealthy_0292.jpg,377554,743d0164d045333697f55145912821459c463d1aaa48ad82f3abc1dc099d28ff
resized_images/unhealthy/unhealthy_0293.jpg,archive/development/resized_images/unhealthy/unhealthy_0293.jpg,375841,b46241f443fa4d7bcf0c18ae8b3142ce31c43d2ec0595bd7cdbfcc298828ed18
resized_images/unhealthy/unhealthy_0294.jpg,archive/development/resized_images/unhealthy/unhealthy_0294.jpg,427055,6c71887c040d583c278e66e9b7f93ab3facbe1afa3872045d5fcf999b4a30ffc
resized_images/unhealthy/unhealthy_0295.jpg,archive/development/resized_images/unhealthy/unhealthy_0295.jpg,403408,284b8e4d76778f25b51ba42faff147100f2542ea0d6c2c1fdac06db7ef179c45
resized_images/unhealthy/unhealthy_0296.jpg,archive/development/resized_images/unhealthy/unhealthy_0296.jpg,471034,b3636fa6af69e03961448ddb7037bb5943911d2765559c3ab04b95847c764312
resized_images/unhealthy/unhealthy_0297.jpg,archive/development/resized_images/unhealthy/unhealthy_0297.jpg,463213,599165e0a4142b5515badcef469869449a380bafd2afd8fd3f849671b0fc1516
resized_images/unhealthy/unhealthy_0298.jpg,archive/development/resized_images/unhealthy/unhealthy_0298.jpg,377549,70998a7d7ef911e95ee956d84bec8856b80f0122ecc2b476cf72d4159e7f29c6
resized_images/unhealthy/unhealthy_0299.jpg,archive/development/resized_images/unhealthy/unhealthy_0299.jpg,383325,445e55fdffd9ac7709fe0dbe6aaacf7ce601433778e84490fe768e6fd4f981a4
resized_images/unhealthy/unhealthy_0300.jpg,archive/development/resized_images/unhealthy/unhealthy_0300.jpg,419542,387da751635b0eac2d035baa98a3c67adc37cc40990c2cd1e6f9259e5dadab3d
resized_images/unhealthy/unhealthy_0301.jpg,archive/development/resized_images/unhealthy/unhealthy_0301.jpg,423768,5ebe953efd3f98ab9e48a2a83b83c89953dbe1194a712494099bcc4447532dfe
resized_images/unhealthy/unhealthy_0302.jpg,archive/development/resized_images/unhealthy/unhealthy_0302.jpg,435202,14d533b63471b38ff180ee4d38b63a16c090280d67854451d22ce2bab2a49191
resized_images/unhealthy/unhealthy_0303.jpg,archive/development/resized_images/unhealthy/unhealthy_0303.jpg,407239,471909c189ef6a1184307735132b13c2f6d063bc8e3847cfa5e49c55744d58ba
resized_images/unhealthy/unhealthy_0304.jpg,archive/development/resized_images/unhealthy/unhealthy_0304.jpg,455430,b3ff12c27b7f8c5b81526607f2a657680e25e4992a8ee688496b81b9185925a5
resized_images/unhealthy/unhealthy_0305.jpg,archive/development/resized_images/unhealthy/unhealthy_0305.jpg,359928,beaebb7d964f58e51bdce0fb60f654d720e35ac83491d67ab04bcda206595bc8
resized_images/unhealthy/unhealthy_0306.jpg,archive/development/resized_images/unhealthy/unhealthy_0306.jpg,369172,4f33175b3babcf63027a6dd70fd1960fef284bbec1a9c33980d71c5cae2f9bec
resized_images/unhealthy/unhealthy_0307.jpg,archive/development/resized_images/unhealthy/unhealthy_0307.jpg,417767,bb6b05bde3a109dfb3793699da808d084a1277b06f20e8f4f05ff006bec2676c
resized_images/unhealthy/unhealthy_0308.jpg,archive/development/resized_images/unhealthy/unhealthy_0308.jpg,419471,b01ff545c788e46992b2da0b24d1d065aa4273efd2d130a61c9223bb5fa7d539
resized_images/unhealthy/unhealthy_0309.jpg,archive/development/resized_images/unhealthy/unhealthy_0309.jpg,343863,d1ecab40a71ed75bc2c6c96cc28e761835323b21829e6eb8c480e59471686294
resized_images/unhealthy/unhealthy_0310.jpg,archive/development/resized_images/unhealthy/unhealthy_0310.jpg,341094,404718c8bbb4ded9c27c294a086d94b48243a6d4762504ff58d41581e7f0f2ed
resized_images/unhealthy/unhealthy_0311.jpg,archive/development/resized_images/unhealthy/unhealthy_0311.jpg,565886,8df6bafbe5c10b0566804839749b3407ca20caf94768bff7d8812350a0db1050
resized_images/unhealthy/unhealthy_0312.jpg,archive/development/resized_images/unhealthy/unhealthy_0312.jpg,409424,ebc91821898e6c1366033b946811c49ae6db62461c9185bc54d42d2658a614bf
resized_images/unhealthy/unhealthy_0313.jpg,archive/development/resized_images/unhealthy/unhealthy_0313.jpg,438409,ac3c4f0752dea287a7d7e9e27aeb80523db1f91e7a574802272410ed55d7db05
resized_images/unhealthy/unhealthy_0314.jpg,archive/development/resized_images/unhealthy/unhealthy_0314.jpg,405026,01b4c41d73bf74e725aa34c36bc6ece448915af4b9d863b2c8acc96f718706bb
resized_images/unhealthy/unhealthy_0315.jpg,archive/development/resized_images/unhealthy/unhealthy_0315.jpg,494298,99353875276ddba46193e306f82fd6c13a29446867885a0a20052883eac19772
resized_images/unhealthy/unhealthy_0316.jpg,archive/development/resized_images/unhealthy/unhealthy_0316.jpg,449700,78a5c039fe341bfb936ae2f69cd3a3b2eb0f6e36bbc99cb2d788aa9f0f689b29
resized_images/unhealthy/unhealthy_0317.jpg,archive/development/resized_images/unhealthy/unhealthy_0317.jpg,443220,dd035d80beae2630229c8125ec8fe41cead389c5f4bc7e90dd6cc7a9ca6d417b
resized_images/unhealthy/unhealthy_0318.jpg,archive/development/resized_images/unhealthy/unhealthy_0318.jpg,417797,ee21e191eeff2462dd661d8178059501819e02177030fcce355a0cc755748d16
resized_images/unhealthy/unhealthy_0319.jpg,archive/development/resized_images/unhealthy/unhealthy_0319.jpg,385409,3764170172af895f85ee7afcb9d20728ab90afe28ed3e692f26912548699b8c4
resized_images/unhealthy/unhealthy_0320.jpg,archive/development/resized_images/unhealthy/unhealthy_0320.jpg,364264,a7ffc280875eb295bbcd8a441ba2c5276e4aad65bd51d9f9587b88deeb034144
resized_images/unhealthy/unhealthy_0321.jpg,archive/development/resized_images/unhealthy/unhealthy_0321.jpg,426212,afdb79cccbf99750605edb60c01a4d39eae18dbdbd881f88d2eeb6f7ea1b054d
resized_images/unhealthy/unhealthy_0322.jpg,archive/development/resized_images/unhealthy/unhealthy_0322.jpg,332327,58357324152495d04629da95be30b8eb768a5aca9efdb1046a74a9ecad0a5d90
resized_images/unhealthy/unhealthy_0323.jpg,archive/development/resized_images/unhealthy/unhealthy_0323.jpg,327189,1790a42ba1ea97ce3b71a2fb8edf2e318b3c8195296faaf20dc64a1f4e8735a9
resized_images/unhealthy/unhealthy_0324.jpg,archive/development/resized_images/unhealthy/unhealthy_0324.jpg,535609,f99b5b8d1893a5d6b6a790651dec3d5f4287da52f1bfe3c724e525968bfaaf1f
resized_images/unhealthy/unhealthy_0325.jpg,archive/development/resized_images/unhealthy/unhealthy_0325.jpg,448750,2216664b80e8d8182b2861fce2aef550682f6f62ddf766323d6438c6a5bb66cb
resized_images/unhealthy/unhealthy_0326.jpg,archive/development/resized_images/unhealthy/unhealthy_0326.jpg,435273,b79be7303011ba64f881675529a3244bd6e4b20cc4215364d1b79d79956f2397
resized_images/unhealthy/unhealthy_0327.jpg,archive/development/resized_images/unhealthy/unhealthy_0327.jpg,453011,3b862e4977d353b1ec86c448169e66135a7ef6425228b65c6cebe91a106ae191
resized_images/unhealthy/unhealthy_0328.jpg,archive/development/resized_images/unhealthy/unhealthy_0328.jpg,466421,8e4293063c065c62132a02bc6298df257bd09206e74e6d283f245efc9ced1549
resized_images/unhealthy/unhealthy_0329.jpg,archive/development/resized_images/unhealthy/unhealthy_0329.jpg,430685,fb19ac3ef4cd9b5b801624d6204b7ffe4040cec8e41691122b930dd12d6e595b
resized_images/unhealthy/unhealthy_0330.jpg,archive/development/resized_images/unhealthy/unhealthy_0330.jpg,405496,28f38ddde490ccd4c36346dc0f5fc6eb98010fd6496b3b99cd57451a8b77e338
resized_images/unhealthy/unhealthy_0331.jpg,archive/development/resized_images/unhealthy/unhealthy_0331.jpg,404047,b94c7008c2d1cd9229a99092b93251cd57350d28bc971ba1f1cf02b1be94e07a
resized_images/unhealthy/unhealthy_0332.jpg,archive/development/resized_images/unhealthy/unhealthy_0332.jpg,395545,fd58be91aa3a6e43a5e424f8b404ac093ef5718e6c3be4a770a338aad97803e4
resized_images/unhealthy/unhealthy_0333.jpg,archive/development/resized_images/unhealthy/unhealthy_0333.jpg,454361,2610e2d0223c276a5c46cc2dd2a5d5b5f632b684d6866de7cbb725a079409f70
resized_images/unhealthy/unhealthy_0334.jpg,archive/development/resized_images/unhealthy/unhealthy_0334.jpg,550544,a6c00ce2697d5b9e36a338153ea37579176a11f3f719b850d0f1414629282606
resized_images/unhealthy/unhealthy_0335.jpg,archive/development/resized_images/unhealthy/unhealthy_0335.jpg,534995,1b52c22c2d15b7da44c75e97b1890295f56d46fa8cfc254cdb0acf0597515415
resized_images/unhealthy/unhealthy_0336.jpg,archive/development/resized_images/unhealthy/unhealthy_0336.jpg,482271,ec268de164f65a7d0633d7aa363f35782a0fec8873f56f2ae24b10e7c03e3806
resized_images/unhealthy/unhealthy_0337.jpg,archive/development/resized_images/unhealthy/unhealthy_0337.jpg,393308,012482bbc1db8f5e139c87d129f77f572fcb8ba82b228ffcb2fc315dae6b1b6c
resized_images/unhealthy/unhealthy_0338.jpg,archive/development/resized_images/unhealthy/unhealthy_0338.jpg,411119,3fbf55a55bca9c3cd1ea55bc9d4a2d3b09092c47802e82fa194554874ddab1eb
resized_images/unhealthy/unhealthy_0339.jpg,archive/development/resized_images/unhealthy/unhealthy_0339.jpg,402263,4ede53ec982dc863d4282ce45bbd4a1c61d81359f6d970e68753b78ad6b5fb5d
resized_images/unhealthy/unhealthy_0340.jpg,archive/development/resized_images/unhealthy/unhealthy_0340.jpg,409594,bd3d41bb50f186f5273dce4a62836a4b4c5e38554594d2de71a25a555c93ace8
resized_images/unhealthy/unhealthy_0341.jpg,archive/development/resized_images/unhealthy/unhealthy_0341.jpg,385958,e8597e881de6c3827006c41ac8a408f7b1b158f5295915f5c433dce82ca91b8d
resized_images/unhealthy/unhealthy_0342.jpg,archive/development/resized_images/unhealthy/unhealthy_0342.jpg,365810,488d6bcc98fff9a2541aabf42fa49a1f0de7ab581c923139097268d2d1f091d1
resized_images/unhealthy/unhealthy_0343.jpg,archive/development/resized_images/unhealthy/unhealthy_0343.jpg,420044,e7797d7c9643d63e2706b6bd544895edc77302c6d1fd6a4fb50fd7f7c1321b68
resized_images/unhealthy/unhealthy_0344.jpg,archive/development/resized_images/unhealthy/unhealthy_0344.jpg,412103,8d872ec371f5783e9bbed974d88deb7051a6f69a28c3e4b0ba1c92a93de05f98
resized_images/unhealthy/unhealthy_0345.jpg,archive/development/resized_images/unhealthy/unhealthy_0345.jpg,393734,a22556cb9f4ff0e98f22fcf3b7ce1264f004e8a9bc99dc71bf73c1b68147d6cb
resized_images/unhealthy/unhealthy_0346.jpg,archive/development/resized_images/unhealthy/unhealthy_0346.jpg,401843,409efbe3c1372153213e9d2117122abda43725d74592f853f1a8bf686f834aab
resized_images/unhealthy/unhealthy_0347.jpg,archive/development/resized_images/unhealthy/unhealthy_0347.jpg,340765,f74a06deb2af7ea39cfaaed95edb433939318e21dbae8cc59d4494fc17998a87
resized_images/unhealthy/unhealthy_0348.jpg,archive/development/resized_images/unhealthy/unhealthy_0348.jpg,435895,03bb095e7d5eb26e57f739ba3f8ff3354bd4bbcd7d43630ec1bbb63618c6efcf
resized_images/unhealthy/unhealthy_0351.jpg,archive/development/resized_images/unhealthy/unhealthy_0351.jpg,216000,68fde2000536de75944a348522083d09d95c2763690a61fbc7e924e3dea83a6f
resized_images/unhealthy/unhealthy_0352.jpg,archive/development/resized_images/unhealthy/unhealthy_0352.jpg,216344,8daf3f2aba79fd7b412c406b4919e22c16e39519bc0e39a849b8e0f3a97c7204
resized_images/unhealthy/unhealthy_0353.jpg,archive/development/resized_images/unhealthy/unhealthy_0353.jpg,289839,75591fcd7e9f10cf73b21e40cf151cb7ac165071807c2126b17359c206fcc1d2
resized_images/unhealthy/unhealthy_0354.jpg,archive/development/resized_images/unhealthy/unhealthy_0354.jpg,255758,f3a73ae6f5018165b782c2fbe6ff8e8749c14c888edc23de15504ffa54696746
resized_images/unhealthy/unhealthy_0355.jpg,archive/development/resized_images/unhealthy/unhealthy_0355.jpg,259547,1725ec45420ba810a8b2894c26c1316c264a0320be455542590288124f7d65c3
resized_images/unhealthy/unhealthy_0356.jpg,archive/development/resized_images/unhealthy/unhealthy_0356.jpg,274063,952fd16b116beee8e70f626cbd8956f828437d1ebfce49c18f119476b8e3c0c4
resized_images/unhealthy/unhealthy_0357.jpg,archive/development/resized_images/unhealthy/unhealthy_0357.jpg,255150,ff67cece194f1467a8facb90a0b256ff48a548d0dee3d6dcb8a01c6a198cc477
resized_images/unhealthy/unhealthy_0358.jpg,archive/development/resized_images/unhealthy/unhealthy_0358.jpg,259076,beacbdaba7a1f2fbdfcd14af16ad05edba192f8ecbba37ac5f4cf24eb0b69e1b
resized_images/unhealthy/unhealthy_0359.jpg,archive/development/resized_images/unhealthy/unhealthy_0359.jpg,377963,19a8bcdb7d281624007b211240b34f61ca6c0290a04d96b7169586f686da5e1a
resized_images/unhealthy/unhealthy_0360.jpg,archive/development/resized_images/unhealthy/unhealthy_0360.jpg,293204,5e4aa281ef2ebcc97f5efc1ef47d387bd69e78ec94c81cf53c6faba77cc8ecbf
resized_images/unhealthy/unhealthy_0361.jpg,archive/development/resized_images/unhealthy/unhealthy_0361.jpg,221861,3af89181a5e3d95ea8820d86fc9209c48bfd31efb0e0f67638045cb76c3cbfd4
resized_images/unhealthy/unhealthy_0362.jpg,archive/development/resized_images/unhealthy/unhealthy_0362.jpg,211227,8870251eb850178ea37cb363632a1622d04413ebebacb6d61932f58280b62f0d
resized_images/unhealthy/unhealthy_0370.jpg,archive/development/resized_images/unhealthy/unhealthy_0370.jpg,258991,610abe8cc2a7b6624e450bbf6e9f590daca0a8cb6568a7b34c587cd5b20498d8
resized_images/unhealthy/unhealthy_0372.jpg,archive/development/resized_images/unhealthy/unhealthy_0372.jpg,208032,2d12792d0ab663891c39f576c46f30c3a6c24744519d9950582d993c7b15cb5e
resized_images/unhealthy/unhealthy_0374.jpg,archive/development/resized_images/unhealthy/unhealthy_0374.jpg,173639,f3489305e975e5752456c2ca5427ca07a88d757e90e727ea9d2ce2ad19d97667
resized_images/unhealthy/unhealthy_0378.jpg,archive/development/resized_images/unhealthy/unhealthy_0378.jpg,265879,52d5b48d32130ef3b5770e4c78940aabbe45f0e6dedc0385b6ce54fc7c23d24f
resized_images/unhealthy/unhealthy_0380.jpg,archive/development/resized_images/unhealthy/unhealthy_0380.jpg,253981,14f1dbd898161de8088b357eb5f6f2ad4a4ad43127c5cdc22fd2ec5c9e252661
resized_images/unhealthy/unhealthy_0384.jpg,archive/development/resized_images/unhealthy/unhealthy_0384.jpg,238349,7a08487150c8bd50964e4cced8eba5e5fac31f627b354789e9946523b2fda70f
resized_images/unhealthy/unhealthy_0385.jpg,archive/development/resized_images/unhealthy/unhealthy_0385.jpg,227874,b3a69a50ae1bed0b7c8c8490074ecddeb87f11600b4dd4c1a659ea6e106ee6b1
resized_images/unhealthy/unhealthy_0389.jpg,archive/development/resized_images/unhealthy/unhealthy_0389.jpg,229046,e4ceaf132775c014528816fae6105d41b12b59d15815c11576c8496a274cb706
resized_images/unhealthy/unhealthy_0392.jpg,archive/development/resized_images/unhealthy/unhealthy_0392.jpg,227954,261a8283048d29d694ab074b643b60f95a7ccfd06b75525d3699e6ccacf42740
resized_images/unhealthy/unhealthy_0395.jpg,archive/development/resized_images/unhealthy/unhealthy_0395.jpg,216463,f9b1e54ef41b57a896a5523c572872dd4d934a51ff22e1e8d9feb9a0c0a74c0e
resized_images/unhealthy/unhealthy_0396.jpg,archive/development/resized_images/unhealthy/unhealthy_0396.jpg,184012,f6a819a6756de10f84c5c3c045bcc50a684e923b1f55f65671b83504fcaf914f
resized_images/unhealthy/unhealthy_0403.jpg,archive/development/resized_images/unhealthy/unhealthy_0403.jpg,188049,54e0319909620e4d6739f42b825ec2d8209eb0abd04e66c7818d737434628f90
resized_images/unhealthy/unhealthy_0405.jpg,archive/development/resized_images/unhealthy/unhealthy_0405.jpg,394724,e75a2d42b816d1c5e58844f6e2ea4e09e31cfae86475aee8c4b0059571cf2a28
resized_images/unhealthy/unhealthy_0408.jpg,archive/development/resized_images/unhealthy/unhealthy_0408.jpg,201238,ddb8fd7b20ae49437a193ea04d6be058b31145755291e2446a5ab6393dcfab5a
resized_images/unhealthy/unhealthy_0411.jpg,archive/development/resized_images/unhealthy/unhealthy_0411.jpg,200147,00bec303bec40a99d695aa1d867c2dcf8d567e383d143e7bd5d907f5f6d0a6d4
resized_images/unhealthy/unhealthy_0412.jpg,archive/development/resized_images/unhealthy/unhealthy_0412.jpg,166937,87a73653441d9efe7e648896cb55aebaa7bf70af81be89d874580f1f26d3dd54
resized_images/unhealthy/unhealthy_0430.jpg,archive/development/resized_images/unhealthy/unhealthy_0430.jpg,294251,3319f3d975dda2f117c055a678da67c2dffc8e2c4b51fc5f21b01021dbda7da4
resized_images/unhealthy/unhealthy_0437.jpg,archive/development/resized_images/unhealthy/unhealthy_0437.jpg,238987,27fffd0cb7bb7abe4a97c13b6b5d571274651020b57889f0d558ac379656dc53
resized_images/unhealthy/unhealthy_0463.jpg,archive/development/resized_images/unhealthy/unhealthy_0463.jpg,209823,ecd9415e96ca384af215aa7cc761c4c87185c9c963502967432d352283203452
resized_images/unhealthy/unhealthy_0573.jpg,archive/development/resized_images/unhealthy/unhealthy_0573.jpg,257257,bdab8922ba1cc1fb02d03215c44d22eb38908a109a1d309475bfd56f75021dbd
resized_images/unhealthy/unhealthy_0628.jpg,archive/development/resized_images/unhealthy/unhealthy_0628.jpg,253137,752e6c70478de8f01348bd28bef27c456643fc3a1e86ec45c3c750f54b8d0c30
resized_images/unhealthy/unhealthy_0629.jpg,archive/development/resized_images/unhealthy/unhealthy_0629.jpg,263460,3511ffb7de1b4b2b94903b821de8f286e2f36c316e0f070ec14d1c01f87b03fd
resized_images/unhealthy/unhealthy_0667.jpg,archive/development/resized_images/unhealthy/unhealthy_0667.jpg,242929,d5481de52cacfe572baa1c3f43c2079a47ee959be909e89f202366e2d2ab7134
resized_images/unhealthy/unhealthy_0689.jpg,archive/development/resized_images/unhealthy/unhealthy_0689.jpg,229796,b509abbe73932fa334858a27cee3eb55b4ff3b13a4f8b4cc7e318198ac3316cb
resized_images/unhealthy/unhealthy_0696.jpg,archive/development/resized_images/unhealthy/unhealthy_0696.jpg,241616,09e84ecaf41f71bdd5d9520670b9f6de8963eeb4c950ff81607c0af1274d9f13
resized_images/unhealthy/unhealthy_0698.jpg,archive/development/resized_images/unhealthy/unhealthy_0698.jpg,233284,b18e7636eddd62bacf6a3f3b96087e0d46b1c2bcae33f2f9ce9cfebc1e3cabad
resized_images/unhealthy/unhealthy_0743.jpg,archive/development/resized_images/unhealthy/unhealthy_0743.jpg,209125,202932e02f7a1cae873e8912f9d067f847e31edf94cbf66725485927502288dd
resized_images/unhealthy/unhealthy_0771.jpg,archive/development/resized_images/unhealthy/unhealthy_0771.jpg,329934,0899d8b8a92d83eb2ecba16d12bcd0ed93e745e11d098ce6ec3b30ee49d18635
resized_images/unhealthy/unhealthy_0774.jpg,archive/development/resized_images/unhealthy/unhealthy_0774.jpg,216293,1ad1677d30b95fdc7e165109628eabf97012c0e8a20def82f216e8ea17e0b3d0
resized_images/unhealthy/unhealthy_0811.jpg,archive/development/resized_images/unhealthy/unhealthy_0811.jpg,315341,5fe70be82846c710e54382c3a6d75f7af1fa9ba2a5b8c9f15eadf22b96b94d55
resized_images/unhealthy/unhealthy_0820.jpg,archive/development/resized_images/unhealthy/unhealthy_0820.jpg,298780,2df2eeb41589bdb97ce2f7febc0e1feb4e83b191803c2269b0b3e98783467691
resized_images/unhealthy/unhealthy_0821.jpg,archive/development/resized_images/unhealthy/unhealthy_0821.jpg,281109,d5da3a9c9d2e6fed17b11e64ab54114f0a423526c18a29b06415e04cb118664b
resized_images/unhealthy/unhealthy_0835.jpg,archive/development/resized_images/unhealthy/unhealthy_0835.jpg,230854,cd6ec0243abcf1d2f5a4da01d659bc4fc085cb6fd1804748e3349c5ce86197bb
resized_images/unhealthy/unhealthy_0849.jpg,archive/development/resized_images/unhealthy/unhealthy_0849.jpg,270416,348e934882e180cebff7a9dd1d595a2079105dba1f5a07ebec8e2ef3df5cdd85
resized_images/unhealthy/unhealthy_0853.jpg,archive/development/resized_images/unhealthy/unhealthy_0853.jpg,299208,79d35866515e07a5c90e4c247112cecca7fda222b8da56d1681abb4123c46fdc
resized_images/unhealthy/unhealthy_0854.jpg,archive/development/resized_images/unhealthy/unhealthy_0854.jpg,260583,0226f96d0138aeb3f10e159548a82a44237f4fb0840f1a625b3d293943585952
resized_images/unhealthy/unhealthy_0881.jpg,archive/development/resized_images/unhealthy/unhealthy_0881.jpg,262028,dbf250fd55460421964036679c780fddfd16dce767e76d9be0ebe0aa50926d61
resized_images/unhealthy/unhealthy_0893.jpg,archive/development/resized_images/unhealthy/unhealthy_0893.jpg,196200,8e579e2a6206e0095f04256fadd8cd08cb05e1deb3b97044c09b1c84ccce68e1
resized_images/unhealthy/unhealthy_0896.jpg,archive/development/resized_images/unhealthy/unhealthy_0896.jpg,185106,1b840ce50e6d6a45001cfedf4748eb4fe57043b0867a0edf930a7d7bbe2fd9cf
resized_images/unhealthy/unhealthy_0897.jpg,archive/development/resized_images/unhealthy/unhealthy_0897.jpg,190766,0596b92ee1ecbdda1f46571431504a9e773f359624ac96cf033451f13ad240e7
resized_images/unhealthy/unhealthy_0910.jpg,archive/development/resized_images/unhealthy/unhealthy_0910.jpg,199585,8252699b0d6e7d6d20013ca96e7af9cb561e615e9d684af5a033cd546d562f36
resized_images/unhealthy/unhealthy_1022.jpg,archive/development/resized_images/unhealthy/unhealthy_1022.jpg,315286,eb51dbcfb40142adf54a5860be86b85fdcdb34fba27d4c31fb3fc9ea702045b5
resized_images/unhealthy/unhealthy_1023.jpg,archive/development/resized_images/unhealthy/unhealthy_1023.jpg,410751,f9d616be1e94bd6e215ca62a2288fc943a141608ecf7fdd098337af1a36268d1
resized_images/unhealthy/unhealthy_1024.jpg,archive/development/resized_images/unhealthy/unhealthy_1024.jpg,373001,ed197bd095fdc0ae77b2c68784b32a091c1376eb8ce58914332ae637bd11ff41
resized_images/unhealthy/unhealthy_1025.jpg,archive/development/resized_images/unhealthy/unhealthy_1025.jpg,325628,79d09f4de8e3707b66dd956a64b5e0ffcb52ce0e65fff3aee47ac1779bf74644
resized_images/unhealthy/unhealthy_1026.jpg,archive/development/resized_images/unhealthy/unhealthy_1026.jpg,416704,ef678f72cb3654ff1a3c738834821151e9814aff3c55a5184cb0ef869d791596
resized_images/unhealthy/unhealthy_1027.jpg,archive/development/resized_images/unhealthy/unhealthy_1027.jpg,237903,bc17d09fba837b2eaa426b2132b8631c25e901ee7e21f0fa6a3854a0c5088579
resized_images/unhealthy/unhealthy_1028.jpg,archive/development/resized_images/unhealthy/unhealthy_1028.jpg,271761,968c4724b819e948cfb777e8b709c5dc3bcd25f7f7d8a38df3134b31d79b6861
resized_images/unhealthy/unhealthy_1029.jpg,archive/development/resized_images/unhealthy/unhealthy_1029.jpg,279685,53c3637ba96cdd95a7fa80a6832b9a007b66fb5650e00ea18ffd2055b81a4fa5
resized_images/unhealthy/unhealthy_1030.jpg,archive/development/resized_images/unhealthy/unhealthy_1030.jpg,286236,a1c489fc933d2fc3a911ccab659ce272478a85528d9d976afa7f0ee779008718
resized_images/unhealthy/unhealthy_1031.jpg,archive/development/resized_images/unhealthy/unhealthy_1031.jpg,275464,81984302daf266ab7ad6479bbbb675f6ea81ac5e594b8991cc60d6fe72d9855a
resized_images/unhealthy/unhealthy_1032.jpg,archive/development/resized_images/unhealthy/unhealthy_1032.jpg,290684,e92582d2bc9be9daecac768ebf1bd5e83b51023331925c5e7e4e5472ab894da8
resized_images/unhealthy/unhealthy_1033.jpg,archive/development/resized_images/unhealthy/unhealthy_1033.jpg,298983,5a5b05783b190962031710d13797ec01928d3fe819791b503a5eaf8a5991984c
resized_images/unhealthy/unhealthy_1035.jpg,archive/development/resized_images/unhealthy/unhealthy_1035.jpg,200257,aa42e470a08bc37b6b69d5b3c1617cbb93605af58733a3f261f8142f81f28c64
resized_images/unhealthy/unhealthy_1036.jpg,archive/development/resized_images/unhealthy/unhealthy_1036.jpg,236733,90acf20a23fb1aec3dc625516cbe53b86bb774298b68a25a3327dd9a32e67885
resized_images/unhealthy/unhealthy_1037.jpg,archive/development/resized_images/unhealthy/unhealthy_1037.jpg,243690,7399dceb766519f4c6489e79b23c050c3a48db097da380f406e7647fd74d8dbd
resized_images/unhealthy/unhealthy_1038.jpg,archive/development/resized_images/unhealthy/unhealthy_1038.jpg,209841,764115c89a40efd1dde1285c6d8084e7999b64ad65e5adf823c34aaaed169765
resized_images/unhealthy/unhealthy_1039.jpg,archive/development/resized_images/unhealthy/unhealthy_1039.jpg,292639,a3a936cac0eb9e918f716254e15f136d4ece1ecb585789321ec52aab268d6eea
resized_images/unhealthy/unhealthy_1040.jpg,archive/development/resized_images/unhealthy/unhealthy_1040.jpg,235056,f45459b49a4092d0f24f8204e1edd5a5362e8cb3028015efce095a1253e89ca0
resized_images/unhealthy/unhealthy_1041.jpg,archive/development/resized_images/unhealthy/unhealthy_1041.jpg,265160,e47adfe8fe5c5e2b58441084263c2bc1a9819a6f5b572dd6acab4b3f36e7a110
resized_images/unhealthy/unhealthy_1043.jpg,archive/development/resized_images/unhealthy/unhealthy_1043.jpg,274764,fb06ee343f31c938272b9eed01f5096ff1d12ce43b215c9f1755148b0eee9357
resized_images/unhealthy/unhealthy_1044.jpg,archive/development/resized_images/unhealthy/unhealthy_1044.jpg,316114,e5dcdfa32af004728e94bd3f11d4372f46bf790e194125114acb731fed4d5a6c
resized_images/unhealthy/unhealthy_1045.jpg,archive/development/resized_images/unhealthy/unhealthy_1045.jpg,187890,73af60f2b3722a23e7f4f32b6352d0a2d2b6a836169b1640cd2fc7121aafbf37
resized_images/unhealthy/unhealthy_1046.jpg,archive/development/resized_images/unhealthy/unhealthy_1046.jpg,320602,1665b75dcc3f47bb0e967364aea81ab757c0348a94d610ba9e921abae9b28bcf
resized_images/unhealthy/unhealthy_1047.jpg,archive/development/resized_images/unhealthy/unhealthy_1047.jpg,205885,4597f4f57b2f1b88e4e71772c26a7baa22d303211a52218ec436b567e5652b71
resized_images/unhealthy/unhealthy_1048.jpg,archive/development/resized_images/unhealthy/unhealthy_1048.jpg,250842,472ea6193fa2b54be176e68ac031c42d8d835b0d9470dc7311bd4dc431379ee9
resized_images/unhealthy/unhealthy_1049.jpg,archive/development/resized_images/unhealthy/unhealthy_1049.jpg,280931,bc04ccea689712442a3594525b8d6a8ac203ef2c8f689f606d80fe1924e963f7
resized_images/unhealthy/unhealthy_1050.jpg,archive/development/resized_images/unhealthy/unhealthy_1050.jpg,268586,a5cfa8a8d13dff35a5652b0ea81f0c14ee97c976127cc4009f23e0b7efb52fa3
resized_images/unhealthy/unhealthy_1051.jpg,archive/development/resized_images/unhealthy/unhealthy_1051.jpg,257793,c7bae405b7ae9be72a1661549ab588391ce8d85da964ac49db7b36ddcb4cd349
resized_images/unhealthy/unhealthy_1052.jpg,archive/development/resized_images/unhealthy/unhealthy_1052.jpg,290483,340008e81bd32ae77e193d65648c3958c1b75e4816a5b9e5dcfa23609370f06f
resized_images/unhealthy/unhealthy_1053.jpg,archive/development/resized_images/unhealthy/unhealthy_1053.jpg,250376,cc393dfee2db975bee1a51b25dc030794daba87bf5f54169e936e69dcb3687d5
resized_images/unhealthy/unhealthy_1054.jpg,archive/development/resized_images/unhealthy/unhealthy_1054.jpg,231419,c0da0e1bf68df93d5b14ce97ded4913af306700db9e74459b73382d4ade0f370
resized_images/unhealthy/unhealthy_1055.jpg,archive/development/resized_images/unhealthy/unhealthy_1055.jpg,196989,561b2822dee014b837c5b672baf13ce08db888db8cd7db41a222b4be9322b55e
resized_images/unhealthy/unhealthy_1056.jpg,archive/development/resized_images/unhealthy/unhealthy_1056.jpg,199731,e9b582bd58c6825ab1d02cf1778dc6c779980384a57284b9e07f7c553ba8e8e1
resized_images/unhealthy/unhealthy_1057.jpg,archive/development/resized_images/unhealthy/unhealthy_1057.jpg,236201,471feed33bc23aaa07d7b187c6110830eeafb0a05beed434e15f2d3a131d707e
resized_images/unhealthy/unhealthy_1058.jpg,archive/development/resized_images/unhealthy/unhealthy_1058.jpg,199980,b81ccd2be01ab6e6504184590a9fef2ab32cf42af59f86ea783c994300fb8285
resized_images/unhealthy/unhealthy_1059.jpg,archive/development/resized_images/unhealthy/unhealthy_1059.jpg,324210,660a82708301f3cc5b8f2876465aaf5e630d17b12eac7c935b0536b2bcfc0288
resized_images/unhealthy/unhealthy_1060.jpg,archive/development/resized_images/unhealthy/unhealthy_1060.jpg,260290,95182698e110ed01dacb9186cfa18a6a5398744b3e552aeb1ee7d6eea01bdb45
resized_images/unhealthy/unhealthy_1061.jpg,archive/development/resized_images/unhealthy/unhealthy_1061.jpg,232448,b62829402f604993bfa9b8956fecfcb49bb6a4105ebce220d58141fd5d56748c
resized_images/unhealthy/unhealthy_1062.jpg,archive/development/resized_images/unhealthy/unhealthy_1062.jpg,232258,599292c862ec8718ad6d24dfaf01a44851ee97e8175a3acad9b2fcc1ad70d438
resized_images/unhealthy/unhealthy_1063.jpg,archive/development/resized_images/unhealthy/unhealthy_1063.jpg,275621,7d3aebdcc2b5477804d073764977bcc9062abe7a6a0504322722898e2fc1477e
resized_images/unhealthy/unhealthy_1064.jpg,archive/development/resized_images/unhealthy/unhealthy_1064.jpg,190445,109be361be3b2e589704f4836b114363b5db6816407855afa13ae50c5c528882
resized_images/unhealthy/unhealthy_1065.jpg,archive/development/resized_images/unhealthy/unhealthy_1065.jpg,216144,86705ab92441c5fe79496565c71478112ce5251eece8121c47b8068089c25a39
resized_images/unhealthy/unhealthy_1066.jpg,archive/development/resized_images/unhealthy/unhealthy_1066.jpg,254107,37c2b701278d58c0485264d18e5e84c1361bc288baa5d9357e1f09467dae352a
resized_images/unhealthy/unhealthy_1067.jpg,archive/development/resized_images/unhealthy/unhealthy_1067.jpg,199808,27fd261e947529646eeab61eafab3407c01b0bdcf3248a32ed1d94017c776146
resized_images/unhealthy/unhealthy_1068.jpg,archive/development/resized_images/unhealthy/unhealthy_1068.jpg,205954,4d2647efdcab0eef7116bbb75d5288fa799274a626e86fa77e447041d5bd144d
resized_images/unhealthy/unhealthy_1069.jpg,archive/development/resized_images/unhealthy/unhealthy_1069.jpg,214121,cc9fb6e202ad5b6ce5c3173bc374cab16a90159aa8be97642faa9bc95e06fa60
resized_images/unhealthy/unhealthy_1070.jpg,archive/development/resized_images/unhealthy/unhealthy_1070.jpg,232239,4215f82aa85d763dc6a3a4f6b32e47ac47e55b984053d027cde02294d82e329c
resized_images/unhealthy/unhealthy_1071.jpg,archive/development/resized_images/unhealthy/unhealthy_1071.jpg,268553,5c5382db0adc9b08b9fa787286d4d68da2fe9194cf81cc39f9740b71e37b7f42
resized_images/unhealthy/unhealthy_1072.jpg,archive/development/resized_images/unhealthy/unhealthy_1072.jpg,255989,dcaaf68535dcf557aa36827b8c53cd8bb9e8fc7d55a3aca68c7f5f19ee14e0bb
resized_images/unhealthy/unhealthy_1073.jpg,archive/development/resized_images/unhealthy/unhealthy_1073.jpg,223442,885c7273030dff2dd7727caa61bf98353476bd82f513dd143aac5cc1a5705860
resized_images/unhealthy/unhealthy_1074.jpg,archive/development/resized_images/unhealthy/unhealthy_1074.jpg,267124,f4081197132568b7e045c9b6bfd265002b64c5a4239a49b76cb5409d69d44cf2
resized_images/unhealthy/unhealthy_1075.jpg,archive/development/resized_images/unhealthy/unhealthy_1075.jpg,271331,9206d856518ab01a8c3c3eae547adda7bf24844b40da89b0e590991a51e43de6
resized_images/unhealthy/unhealthy_1076.jpg,archive/development/resized_images/unhealthy/unhealthy_1076.jpg,235103,82c68bca21a5ac6ef2a2614caa63845b12a9b888ba7ef45a3b2a4d68cf8b30e3
resized_images/unhealthy/unhealthy_1077.jpg,archive/development/resized_images/unhealthy/unhealthy_1077.jpg,265781,2d7d51e6930ba238cf0516dc4fa361392fd7952d7048aa49107f1723c23bbb74
resized_images/unhealthy/unhealthy_1078.jpg,archive/development/resized_images/unhealthy/unhealthy_1078.jpg,248717,5be94f77ad7a23edfb1835394bf5cc61d59c11405f6800f0c235952f231b8e75
resized_images/unhealthy/unhealthy_1079.jpg,archive/development/resized_images/unhealthy/unhealthy_1079.jpg,257241,268fe16ee1ce3a56d1b746c444021f5a333e237834aeab5a1f1036ee96454645
resized_images/unhealthy/unhealthy_1080.jpg,archive/development/resized_images/unhealthy/unhealthy_1080.jpg,227852,4acf35d562d91adc487c96203f396eaff1aeaf67ed8976e4342b237eeaa3f223
resized_images/unhealthy/unhealthy_1081.jpg,archive/development/resized_images/unhealthy/unhealthy_1081.jpg,199804,27b085a7f3e72c8997bcdcea343ebcabab599a5c956b745ca3224f79118ee9b1
resized_images/unhealthy/unhealthy_1082.jpg,archive/development/resized_images/unhealthy/unhealthy_1082.jpg,298037,2fcfa9e45965aa7a74e35cc65835e8918c3f6bbae9c94c737a0d0bb97bd7a2af
resized_images/unhealthy/unhealthy_1083.jpg,archive/development/resized_images/unhealthy/unhealthy_1083.jpg,306542,54d78648d1779d8ebe512281eb4801187ef4d5019ca65e8c6e14258dd690f76d
resized_images/unhealthy/unhealthy_1084.jpg,archive/development/resized_images/unhealthy/unhealthy_1084.jpg,333953,2fd81e74d6f6838e5f4b77363d7bee3101c6b48f09c06df257a2646403c2ee46
resized_images/unhealthy/unhealthy_1085.jpg,archive/development/resized_images/unhealthy/unhealthy_1085.jpg,228181,17e71c9e5f0a1207bf50e907e84f3d5c2fd9299bb29d0694f6c8d3f87e59b184
resized_images/unhealthy/unhealthy_1086.jpg,archive/development/resized_images/unhealthy/unhealthy_1086.jpg,259033,c9f505114661805036d31569279576dfcbbc2eae8a570fdaae15a744f5c8628a
resized_images/unhealthy/unhealthy_1087.jpg,archive/development/resized_images/unhealthy/unhealthy_1087.jpg,266651,0f08106ed4e5d6deb3e7fa206f50a5e0ed2d6f2419ad67d5e45443bbb8047d5a
resized_images/unhealthy/unhealthy_1088.jpg,archive/development/resized_images/unhealthy/unhealthy_1088.jpg,339730,862a328385f73f23d3073a29bbc68765b421544cb7116809347b1fa2e90150ef
resized_images/unhealthy/unhealthy_1089.jpg,archive/development/resized_images/unhealthy/unhealthy_1089.jpg,320701,a2f87e0132ff3f79a29a54bf41b651f3279d6be80d3c5a764c51d9bb35e73db5
resized_images/unhealthy/unhealthy_1090.jpg,archive/development/resized_images/unhealthy/unhealthy_1090.jpg,346073,97ecb9b4ce08e6ce7821b4c2e67a5e6f29d3ab50e528c6cfc2ceffe4c9084267
resized_images/unhealthy/unhealthy_1091.jpg,archive/development/resized_images/unhealthy/unhealthy_1091.jpg,314737,dcb65a02e5c71ec1fe0267384c6bf0808bb417978a636945a57bb32604d12c5a
resized_images/unhealthy/unhealthy_1092.jpg,archive/development/resized_images/unhealthy/unhealthy_1092.jpg,396383,32346e612b28aa74dc278046eeec4940deffd6a7e573ad4d4ac97d5dc6d12939
resized_images/unhealthy/unhealthy_1093.jpg,archive/development/resized_images/unhealthy/unhealthy_1093.jpg,242310,73d48a77668cc71b1ea8c671b6668e3ec899d22b2c6103c5e8f4e74c354846f0
resized_images/unhealthy/unhealthy_1094.jpg,archive/development/resized_images/unhealthy/unhealthy_1094.jpg,212576,57bdde9ad3e54ca67e8c0f76117ee9bf3e325027fde2c301aa8cf15070ebf52a
resized_images/unhealthy/unhealthy_1095.jpg,archive/development/resized_images/unhealthy/unhealthy_1095.jpg,296227,be021687b8cbd1553db82af1f487cc820f187ca4e1ca86bff6a9dd38e624649c
resized_images/unhealthy/unhealthy_1096.jpg,archive/development/resized_images/unhealthy/unhealthy_1096.jpg,291062,a7bd6d30c4fd17c9e3ec61943b6396f42eaf0c4117732851d97651230310a6b5
resized_images/unhealthy/unhealthy_1097.jpg,archive/development/resized_images/unhealthy/unhealthy_1097.jpg,392852,bcdbe9ee95a5f69ef00f52dc63196a6eb29d1caf70030f05eeb8df96217c23f4
resized_images/unhealthy/unhealthy_1098.jpg,archive/development/resized_images/unhealthy/unhealthy_1098.jpg,264918,81e06b068d0fc87ad6dc4e467b57d8a8fb9f8c46c3f0c2a6929e90ac909b3d7c
resized_images/unhealthy/unhealthy_1099.jpg,archive/development/resized_images/unhealthy/unhealthy_1099.jpg,268676,89c79ee29e29742cc157fe89c96fee0d9b9d927356f34ba6e8e66427bdfdd9e4
resized_images/unhealthy/unhealthy_1100.jpg,archive/development/resized_images/unhealthy/unhealthy_1100.jpg,315909,b4f03650a1165829e96050d781aeaf51d4b58852ffb6495e140bc5c8d6b322b9
resized_images/unhealthy/unhealthy_1101.jpg,archive/development/resized_images/unhealthy/unhealthy_1101.jpg,316811,3492bea7f276fc18618d6ed8a6a0df14f703d4d82fdb196e35b17f01fe1fd846
resized_images/unhealthy/unhealthy_1102.jpg,archive/development/resized_images/unhealthy/unhealthy_1102.jpg,196234,093a256cb6e2f1f8d9c76e0310d06d45a626b59aa5b78eff17f768fe0a629136
resized_images/unhealthy/unhealthy_1103.jpg,archive/development/resized_images/unhealthy/unhealthy_1103.jpg,216576,d71960a6e4b197c1d3c93de6ecd9d002e1f0202cf26e6885ffc98b8d27b712f5
resized_images/unhealthy/unhealthy_1104.jpg,archive/development/resized_images/unhealthy/unhealthy_1104.jpg,242967,ff3e6a571d69263c3a3ecfb0ec5413db401834147697b8887ead874077c6790d
resized_images/unhealthy/unhealthy_1105.jpg,archive/development/resized_images/unhealthy/unhealthy_1105.jpg,207549,e484ea0fed109dcb3263307784b44c6a174349a7a95b8f19d54eb5b1b559d0f6
resized_images/unhealthy/unhealthy_1106.jpg,archive/development/resized_images/unhealthy/unhealthy_1106.jpg,214658,ef4d32a12b36fa6054be6266e245e37e37ab85efaab150dd47f88d6fceffd937
resized_images/unhealthy/unhealthy_1107.jpg,archive/development/resized_images/unhealthy/unhealthy_1107.jpg,169023,9bd879ffd28d94c37df5fd0dfdb5eaba231bbe0ad3518f48f300351086721dfb
resized_images/unhealthy/unhealthy_1108.jpg,archive/development/resized_images/unhealthy/unhealthy_1108.jpg,152034,7f243d4dfe392c507351dbe61886005f930e87cc4be575d16116b83254f90a34
resized_images/unhealthy/unhealthy_1109.jpg,archive/development/resized_images/unhealthy/unhealthy_1109.jpg,177317,4d02b55f21070c7d23a7be32aa3491e22770bb06e896dd17050d9dc6e26c9280
resized_images/unhealthy/unhealthy_1110.jpg,archive/development/resized_images/unhealthy/unhealthy_1110.jpg,198009,07dd55943b198ce8ccfd91689e288b2f481af4315612ab2a0a2e36525f377531
resized_images/unhealthy/unhealthy_1111.jpg,archive/development/resized_images/unhealthy/unhealthy_1111.jpg,190398,69ef7f644c68d278ac2794487b4774dfe4f49497c98aab120ef1642ed55de401
resized_images/unhealthy/unhealthy_1112.jpg,archive/development/resized_images/unhealthy/unhealthy_1112.jpg,220121,84a90d3fd82ca67ba990af15f14a2aa17872b42193fdd1b44d3820572b2ad859
resized_images/unhealthy/unhealthy_1114.jpg,archive/development/resized_images/unhealthy/unhealthy_1114.jpg,202938,740a32f051ecf399da6d551ef5add2d549637c1b5705699442c246cd141b9153
resized_images/unhealthy/unhealthy_1115.jpg,archive/development/resized_images/unhealthy/unhealthy_1115.jpg,229152,0235ba1faefd1c07f8b19b88b282f48cf552fadc2d2f5283578126d5667608e5
resized_images/unhealthy/unhealthy_1117.jpg,archive/development/resized_images/unhealthy/unhealthy_1117.jpg,287723,1de6e536c689c5e67955fa58be2a77977cfbe4d9006c6146fd752114ef3058b9
resized_images/unhealthy/unhealthy_1118.jpg,archive/development/resized_images/unhealthy/unhealthy_1118.jpg,225208,1f6438a29d8b6cfe4122622da5a5f6ac4cd45b7e15e6449df2fe132e923bef6e
resized_images/unhealthy/unhealthy_1119.jpg,archive/development/resized_images/unhealthy/unhealthy_1119.jpg,249573,961f93379d527e1e84c6ff08ded8c1ce16c0b038a3aea11d369ee9dd5aabfdd9
resized_images/unhealthy/unhealthy_1120.jpg,archive/development/resized_images/unhealthy/unhealthy_1120.jpg,205176,7d6453a032e31d678412079cebd64ff4993b1ae62a592240511586bd0ea90efe
resized_images/unhealthy/unhealthy_1121.jpg,archive/development/resized_images/unhealthy/unhealthy_1121.jpg,194109,14f2a2fbc8be22222597d55e6ad06e07afae688a05f9135c626c8140a95b664e
resized_images/unhealthy/unhealthy_1127.jpg,archive/development/resized_images/unhealthy/unhealthy_1127.jpg,239861,f130fad7bad77563d4cf0e41080a0a3a5896ff8f3a5bd5dc1ce9bab4b208cd63
resized_images/unhealthy/unhealthy_1128.jpg,archive/development/resized_images/unhealthy/unhealthy_1128.jpg,236694,f11c1c0e6ecde13558d6ad4a8ef8284d3447d031e230bc2d3121dcf5ef97329d
resized_images/unhealthy/unhealthy_1189.jpg,archive/development/resized_images/unhealthy/unhealthy_1189.jpg,267639,fc455d6cf6481e9ed744ecc76228b5057a4353aba1920350a0ac6c949702d6a8
resized_images/unhealthy/unhealthy_1207.jpg,archive/development/resized_images/unhealthy/unhealthy_1207.jpg,253995,65a3c797f309d20885235d1454c57dd66bf223df34655ab351a182d14e7799d7
resized_images/unhealthy/unhealthy_1208.jpg,archive/development/resized_images/unhealthy/unhealthy_1208.jpg,217612,ef00cbf9a6a323fd485ea280cba8c49969f28bb93940607cdb968ee8e922d30c
resized_images/unhealthy/unhealthy_1211.jpg,archive/development/resized_images/unhealthy/unhealthy_1211.jpg,201218,524a0ec028a5d92cf04e9e66fec47913b0c15deb610d77a0c282bedf6d31ef83
resized_images/unhealthy/unhealthy_1213.jpg,archive/development/resized_images/unhealthy/unhealthy_1213.jpg,248130,a35d6710c9b82bc02ca922084ba61f79e1ae2c50712e64794fc9d0f28253c1eb
resized_images/unhealthy/unhealthy_1217.jpg,archive/development/resized_images/unhealthy/unhealthy_1217.jpg,238103,6aba77c4e5d2e86d71b0b288081e6adedd65678d4f06931d2419774f9f6ea6a1
resized_images/unhealthy/unhealthy_1229.jpg,archive/development/resized_images/unhealthy/unhealthy_1229.jpg,259069,670070362dc957cd56999a8a14e8b4551c17585cee6321f9975fba694971a696
resized_images/unhealthy/unhealthy_1231.jpg,archive/development/resized_images/unhealthy/unhealthy_1231.jpg,288645,88f559d46074f11f0b9a9ee5632e64b95a6f4e9e5b288b62ad104898b8ee8116
resized_images/unhealthy/unhealthy_1233.jpg,archive/development/resized_images/unhealthy/unhealthy_1233.jpg,306472,26719195744216d313944083685fb281116e43100aa03aa0411b7ba6820de5a9
resized_images/unhealthy/unhealthy_1284.jpg,archive/development/resized_images/unhealthy/unhealthy_1284.jpg,305050,04b1bb3fffd3d52716366ae77558489f69f27f694fb26d8947a62c54ba9561fe
resized_images/unhealthy/unhealthy_1285.jpg,archive/development/resized_images/unhealthy/unhealthy_1285.jpg,254550,bf331412abe4bea5fc25f9fd8b5c45d5c73542071223925760b62c6751d7e049
resized_images/unhealthy/unhealthy_1286.jpg,archive/development/resized_images/unhealthy/unhealthy_1286.jpg,259578,34b2ee69097a9eda7af617bf92d5380cf53fe8e85ac459c8e9d6b9c663567d16
resized_images/unhealthy/unhealthy_1295.jpg,archive/development/resized_images/unhealthy/unhealthy_1295.jpg,202797,833296eb9f0ca0fc3bcc6981a9db07444b1ec6f544dc2f89df158a1cd79cbf8d
resized_images/unhealthy/unhealthy_1320.jpg,archive/development/resized_images/unhealthy/unhealthy_1320.jpg,223510,b1bfe5502d75c75c2c2fa307abcd3e9f8cf215a95fba6073e7dc06180a588b5b
resized_images/unhealthy/unhealthy_1362.jpg,archive/development/resized_images/unhealthy/unhealthy_1362.jpg,209619,9d0f70f166b3db4342e9f826e70ef2e369a8fbdf417beeb0a5caa1bd19f9b5ea
resized_images/unhealthy/unhealthy_1368.jpg,archive/development/resized_images/unhealthy/unhealthy_1368.jpg,225515,a688958d61e1fabcc54746db63bfca618ac12a83c3a775684c7203d2959a6205
resized_images/unhealthy/unhealthy_1369.jpg,archive/development/resized_images/unhealthy/unhealthy_1369.jpg,256145,e45cf65aa813e7ffd3eb736954aca9661238c3f426097e3bb749e2e2460def76
resized_images/unhealthy/unhealthy_1370.jpg,archive/development/resized_images/unhealthy/unhealthy_1370.jpg,238468,1819e87432c573be88b3a4e7d2d1105a1451d9bf8b7f45fafd78633d22be47d7
resized_images/unhealthy/unhealthy_1381.jpg,archive/development/resized_images/unhealthy/unhealthy_1381.jpg,224929,deba875f7c6d0fe8ed5285f5c0bb456d10b0e8e56bea25c7dd5f03c3f5feaa96
resized_images/unhealthy/unhealthy_1384.jpg,archive/development/resized_images/unhealthy/unhealthy_1384.jpg,180328,48bf80d3a4cab9ac81f5c16217d735b88c893259cc8bc3c82c3bbc4b7e1b9e53
resized_images/unhealthy/unhealthy_1405.jpg,archive/development/resized_images/unhealthy/unhealthy_1405.jpg,206362,019cdf6702c432cd4fc3e8bad776856402e774a942669416da0e2506505ba42a
resized_images/unhealthy/unhealthy_1408.jpg,archive/development/resized_images/unhealthy/unhealthy_1408.jpg,209549,a1b92e56eeb1e4e02043bebdf391f72d3c8c2f11e09ce62b4c5cb3fc50d8a654
resized_images/unhealthy/unhealthy_1409.jpg,archive/development/resized_images/unhealthy/unhealthy_1409.jpg,189370,3603e2bce7ac3ab72658bab12cd5419323f4a0d1416e88905a6ac76cacf84a47
resized_images/unhealthy01/unhealthy_0361.jpg,archive/development/resized_images/unhealthy01/unhealthy_0361.jpg,237425,04df8e6bd2b703da6c1f173811ecc690ceb509725ae6b6e371590543631f336f
resized_images/unhealthy01/unhealthy_0362.jpg,archive/development/resized_images/unhealthy01/unhealthy_0362.jpg,306467,c8348bcd6e682c681e62c40fe17e16ddb3bc552d3d703eb10fa82e093ab33651
resized_images/unhealthy01/unhealthy_0363.jpg,archive/development/resized_images/unhealthy01/unhealthy_0363.jpg,318983,5eff6d3e004bb6afda665d0718fa87fc560008b43ad3391e4c443e541f77ca91
resized_images/unhealthy01/unhealthy_0364.jpg,archive/development/resized_images/unhealthy01/unhealthy_0364.jpg,237816,7834f89514adaba090ef3189d0677e028bfa79124a9b662465b96df0d3ec6bd7
resized_images/unhealthy01/unhealthy_0365.jpg,archive/development/resized_images/unhealthy01/unhealthy_0365.jpg,274689,8e4e2028c79ece3a9ccda9e60d1b6ba2b30c4505eb691b4e04d3078aaae1805c
resized_images/unhealthy01/unhealthy_0366.jpg,archive/development/resized_images/unhealthy01/unhealthy_0366.jpg,277520,3f977150933a62bbebc075e4b6e8a060c93e6279318cf95ea6d0e4433869cc7b
resized_images/unhealthy01/unhealthy_0367.jpg,archive/development/resized_images/unhealthy01/unhealthy_0367.jpg,392395,d7cbec13473b13fb7ee653cf43324c483e825b4c11d849ac1b07474b5a5e7171
resized_images/unhealthy01/unhealthy_0368.jpg,archive/development/resized_images/unhealthy01/unhealthy_0368.jpg,248698,ce65f00a034a6c2bb12ea0a97ea939d4475b0758b28d3c1b32d73a4425354c7d
resized_images/unhealthy01/unhealthy_0369.jpg,archive/development/resized_images/unhealthy01/unhealthy_0369.jpg,317091,956e9b6b00a6b9a70a7ee6f776496489f41a900b2ed9a1028c03d8a16b5897c5
resized_images/unhealthy01/unhealthy_0370.jpg,archive/development/resized_images/unhealthy01/unhealthy_0370.jpg,221564,3b886a0541a22ee2767fd61ea5c4ab725cc291c3b3667a200474de1875ca99ea
resized_images/unhealthy01/unhealthy_0371.jpg,archive/development/resized_images/unhealthy01/unhealthy_0371.jpg,253006,4c92ab8bc3ad4a18f0166edd8ae2fd0b9a4d175cad993137aad52fc2b43f8e35
resized_images/unhealthy01/unhealthy_0372.jpg,archive/development/resized_images/unhealthy01/unhealthy_0372.jpg,315996,140b606745cd2d90e4a4fc068e57e019b08db89491a22963567eebb627546337
resized_images/unhealthy01/unhealthy_0373.jpg,archive/development/resized_images/unhealthy01/unhealthy_0373.jpg,252063,e12565ee33f860482cd91402771df0e20b6848528df69fdbb57f993fea5b334e
resized_images/unhealthy01/unhealthy_0374.jpg,archive/development/resized_images/unhealthy01/unhealthy_0374.jpg,282386,6cde63eaf349f304d25c6be1987e88dcf67421d7d74d440d4c81033deb110ce5
resized_images/unhealthy01/unhealthy_0375.jpg,archive/development/resized_images/unhealthy01/unhealthy_0375.jpg,237949,27f58f9d049bd91ac26d03649d4c9fb3e5793aeb4b4b8c5f804005a1d1755b91
resized_images/unhealthy01/unhealthy_0376.jpg,archive/development/resized_images/unhealthy01/unhealthy_0376.jpg,227187,3f46f7e3f5274fe6b757bbfdc48b857e06f8391dbe4bf2a3c045bf7cdc6a85ef
resized_images/unhealthy01/unhealthy_0377.jpg,archive/development/resized_images/unhealthy01/unhealthy_0377.jpg,316580,33c495cae9b62df848bb39647ed0c250af956a30d2ecc3ca111236ebffee2a1a
resized_images/unhealthy01/unhealthy_0378.jpg,archive/development/resized_images/unhealthy01/unhealthy_0378.jpg,277448,2b17f7aa7cf592c3e2f7a44ce43046ef8301283e35274990e3b5383ee6cecda6
resized_images/unhealthy01/unhealthy_0379.jpg,archive/development/resized_images/unhealthy01/unhealthy_0379.jpg,314097,d439e8bd7f28f0f944e37ed63a4240865e2e0608b80a05e5ea7c096a02d7d5b1
resized_images/unhealthy01/unhealthy_0380.jpg,archive/development/resized_images/unhealthy01/unhealthy_0380.jpg,396672,b733eeca398a5dbf753e8467db965e98f719a5b89a8814cbdfd7c64c0788e6bd
resized_images/unhealthy01/unhealthy_0381.jpg,archive/development/resized_images/unhealthy01/unhealthy_0381.jpg,288139,d169c6b84643dce374d58b230d24968f2da344b5c03d6c567738967928c4a53e
resized_images/unhealthy01/unhealthy_0382.jpg,archive/development/resized_images/unhealthy01/unhealthy_0382.jpg,315432,fd9b59ea324a6768c53eb677cd17877aa03ee97e2833a7c0c9d09099fe748a80
resized_images/unhealthy01/unhealthy_0383.jpg,archive/development/resized_images/unhealthy01/unhealthy_0383.jpg,254586,f7d72e455f5a79a4d9c6b78c1963032243fa807db784e82e218a137d1bbd3055
resized_images/unhealthy01/unhealthy_0384.jpg,archive/development/resized_images/unhealthy01/unhealthy_0384.jpg,336718,8eddfc6783d4615307e9e44c47e985a0d71d4f66c0eb494f068d6e9e9bd2e49d
resized_images/unhealthy01/unhealthy_0385.jpg,archive/development/resized_images/unhealthy01/unhealthy_0385.jpg,292009,66d055f2723fac0e1570447a90d3052b9a5730bd2fe10365925e4c2a0ff85c3b
resized_images/unhealthy01/unhealthy_0386.jpg,archive/development/resized_images/unhealthy01/unhealthy_0386.jpg,347223,f367ab5ddfe13008283e5b721cf5eca99ebec9f88b2566639663628ad415ba2f
resized_images/unhealthy01/unhealthy_0387.jpg,archive/development/resized_images/unhealthy01/unhealthy_0387.jpg,317092,f7d4ba605f8a8cf3242a553e6ce06a05f0fc7a25db7e40bb885b30582bedde4f
resized_images/unhealthy01/unhealthy_0388.jpg,archive/development/resized_images/unhealthy01/unhealthy_0388.jpg,409283,5911405143d82f396527d13224efa7daa5ea832769b12adb8f298aa58fc4023c
resized_images/unhealthy01/unhealthy_0389.jpg,archive/development/resized_images/unhealthy01/unhealthy_0389.jpg,262230,6b881b706361fda1e5fc68da14b12b29ef6615f578101456bac793a0a8e958e8
resized_images/unhealthy01/unhealthy_0390.jpg,archive/development/resized_images/unhealthy01/unhealthy_0390.jpg,344279,74bb5d64f3d834e77485d60afb915b8a787be5f8a7a6794e6ea7d59898ff83e7
resized_images/unhealthy01/unhealthy_0391.jpg,archive/development/resized_images/unhealthy01/unhealthy_0391.jpg,364345,286ac8ba99d75c06bad57249001351dfdbbf52f7b04733e238c922bac55a7185
resized_images/unhealthy01/unhealthy_0392.jpg,archive/development/resized_images/unhealthy01/unhealthy_0392.jpg,487116,58056881bba7577d98de9332a25096aebc42f0f21148f359f263c34a2f9543dd
resized_images/unhealthy01/unhealthy_0393.jpg,archive/development/resized_images/unhealthy01/unhealthy_0393.jpg,502493,56344b8fb836eb57748588057b318cead2319015bf2259df26f05d6d9d0f8fdb
resized_images/unhealthy01/unhealthy_0394.jpg,archive/development/resized_images/unhealthy01/unhealthy_0394.jpg,307793,658110ac2fd54a9bf05db8f83f5a13ce71f2882e347164743a3ca83ef67b94f1
resized_images/unhealthy01/unhealthy_0395.jpg,archive/development/resized_images/unhealthy01/unhealthy_0395.jpg,260358,5ceaffdbc0c2641ce6e3cc2bc07a7153270313501ac67416ca3546c3685bd050
resized_images/unhealthy01/unhealthy_0396.jpg,archive/development/resized_images/unhealthy01/unhealthy_0396.jpg,269265,f7c3d402fa604beb760f1336226eaafce1c5b91c09b7e5d8b9b1b47369f0804d
resized_images/unhealthy01/unhealthy_0397.jpg,archive/development/resized_images/unhealthy01/unhealthy_0397.jpg,362439,c3bcc8bbced445a6460509b0213d2691512dca7e649b9514a26f8f7f90e6eede
resized_images/unhealthy01/unhealthy_0398.jpg,archive/development/resized_images/unhealthy01/unhealthy_0398.jpg,404437,ac79030610e62b8b42285a760227e25f6e4d7442e38702010f0c964608e70d33
resized_images/unhealthy01/unhealthy_0399.jpg,archive/development/resized_images/unhealthy01/unhealthy_0399.jpg,353661,fc820c2700cb9ad3a7c58fc87ac41f381e769e714c3d289c7a0a62b4fb295221
resized_images/unhealthy01/unhealthy_0400.jpg,archive/development/resized_images/unhealthy01/unhealthy_0400.jpg,329259,99cec12367c3bf678f9ded5e65b35a8a78662d6b375ed8e294253f55cb1b6d9b
resized_images/unhealthy01/unhealthy_0401.jpg,archive/development/resized_images/unhealthy01/unhealthy_0401.jpg,353421,221577d89a61547cb27a9fadc26e51abf70d4c5cc867fa2fa5da42145e26dd1d
resized_images/unhealthy01/unhealthy_0402.jpg,archive/development/resized_images/unhealthy01/unhealthy_0402.jpg,215562,cd9e226f3b42ba685dea1bda80e19eed8e5b6ebceb7fbf94017fece1761f91dc
resized_images/unhealthy01/unhealthy_0403.jpg,archive/development/resized_images/unhealthy01/unhealthy_0403.jpg,330303,be92b6aa6e8f88db829540176e05546f50aa2b4caa3b42bca3f730b89ead2fa9
resized_images/unhealthy01/unhealthy_0404.jpg,archive/development/resized_images/unhealthy01/unhealthy_0404.jpg,354961,7a7fcde737b9555e05f1b55aeedce59582ac4fc4374722a3323fe1fded6ca28f
resized_images/unhealthy01/unhealthy_0405.jpg,archive/development/resized_images/unhealthy01/unhealthy_0405.jpg,211992,a6d845082c85830a65962e8b87f04a8284bc7ddb0841ae0d13b0ab186ed8602e
resized_images/unhealthy01/unhealthy_0406.jpg,archive/development/resized_images/unhealthy01/unhealthy_0406.jpg,313135,87fc871625bfa65cb66f2bcafeec310532cb8ba3214bd482a001031ed14221a5
resized_images/unhealthy01/unhealthy_0407.jpg,archive/development/resized_images/unhealthy01/unhealthy_0407.jpg,192234,b9b8207e472ebfda74dd04c80f48c94b7e505887d2dd2c3ccd80466f7505dd25
resized_images/unhealthy01/unhealthy_0408.jpg,archive/development/resized_images/unhealthy01/unhealthy_0408.jpg,211684,55f446d7172888019cd8452a9b88a13a2f94405910113b7134bd9b68b2c4c78e
resized_images/unhealthy01/unhealthy_0409.jpg,archive/development/resized_images/unhealthy01/unhealthy_0409.jpg,232043,70077dacb3b0f03b243023f8cf087e8d7c4f7c65b401de1aa77a8dea42906b27
resized_images/unhealthy01/unhealthy_0410.jpg,archive/development/resized_images/unhealthy01/unhealthy_0410.jpg,261771,bb12cf185bd7253342eacdd12f39113e0469d7a32537619113b2f6fb262e9d89
resized_images/unhealthy01/unhealthy_0411.jpg,archive/development/resized_images/unhealthy01/unhealthy_0411.jpg,259910,7de25da4975da961c19548f27ae751dfdb0626ec10780427e54f01f689df3311
resized_images/unhealthy01/unhealthy_0412.jpg,archive/development/resized_images/unhealthy01/unhealthy_0412.jpg,314400,be6f93fae725fb2aa876ac85c816f262a5e83b13db113fde7696bdf0d4a7c8e2
resized_images/unhealthy01/unhealthy_0413.jpg,archive/development/resized_images/unhealthy01/unhealthy_0413.jpg,186692,06932aca87a033af2ec6c8ae6ab25494276adc3ecd1248ff54946b9f68d4e148
resized_images/unhealthy01/unhealthy_0414.jpg,archive/development/resized_images/unhealthy01/unhealthy_0414.jpg,310077,b9edfa7b74631319dff169a58cab60f9ac34a6012683603fa3dc3dac53911dd2
resized_images/unhealthy01/unhealthy_0415.jpg,archive/development/resized_images/unhealthy01/unhealthy_0415.jpg,273740,759b85721821c71eca02cde66ce07d0a3e7bb17bb94569bf70245d1410f20d18
resized_images/unhealthy01/unhealthy_0416.jpg,archive/development/resized_images/unhealthy01/unhealthy_0416.jpg,236287,87de36bde527f630144a1ecd0fa6c3ba5c95c02c2d74cd9b127d8880b65c01ac
resized_images/unhealthy01/unhealthy_0417.jpg,archive/development/resized_images/unhealthy01/unhealthy_0417.jpg,238118,edbff5a40e0a22f8bf7cd1572a4edd4fdce2cfc7c3dfce1e7f49264526f7f9b4
resized_images/unhealthy01/unhealthy_0418.jpg,archive/development/resized_images/unhealthy01/unhealthy_0418.jpg,225773,8f22a3d81d790080b1efeeb9a6fa828e487d58eda7dbe6fed885b1d693d31169
resized_images/unhealthy01/unhealthy_0419.jpg,archive/development/resized_images/unhealthy01/unhealthy_0419.jpg,216892,2324aa6135bfd9891c58e62aeb4e184ca8c8d58a8b4e4d8012082694300c50b0
resized_images/unhealthy01/unhealthy_0420.jpg,archive/development/resized_images/unhealthy01/unhealthy_0420.jpg,221659,acfcdaa8026412e3f1c7d42107e8f4d55459bdd826c9f420925f165af30b3e2c
resized_images/unhealthy01/unhealthy_0421.jpg,archive/development/resized_images/unhealthy01/unhealthy_0421.jpg,239798,419e45936f0e45eb60fc27af33210095aa4ebc97185dcff01323b6f362ba6da7
resized_images/unhealthy01/unhealthy_0422.jpg,archive/development/resized_images/unhealthy01/unhealthy_0422.jpg,210700,8b027adcdf3cea146120ad5af90c276b2dcb060942c2f496aad79d1bdd3b7c32
resized_images/unhealthy01/unhealthy_0423.jpg,archive/development/resized_images/unhealthy01/unhealthy_0423.jpg,229865,63b4a4fe56e17311fded5630efa6f27307085e3fccdffa36305f84e1dc46a684
resized_images/unhealthy01/unhealthy_0424.jpg,archive/development/resized_images/unhealthy01/unhealthy_0424.jpg,269533,15650487142bb612f9a11f7f78ec66a06ad1d6c3e5a72768f66c3711a3ca1b59
resized_images/unhealthy01/unhealthy_0425.jpg,archive/development/resized_images/unhealthy01/unhealthy_0425.jpg,243561,61452e209365f1c9f753853d76e02a9ef06519fccbb677861e70bc8b3af743db
resized_images/unhealthy01/unhealthy_0426.jpg,archive/development/resized_images/unhealthy01/unhealthy_0426.jpg,215911,ed196b1ee2238e6e38f57d6cd66dc1b863ae16f272e65c275162ddff11c0cb9e
resized_images/unhealthy01/unhealthy_0427.jpg,archive/development/resized_images/unhealthy01/unhealthy_0427.jpg,185839,c646d111a40adaa6b38024074865370e2707b3b4b5e4ef5bea3cc0513afff316
resized_images/unhealthy01/unhealthy_0428.jpg,archive/development/resized_images/unhealthy01/unhealthy_0428.jpg,202935,e6b124220bfbf95d4d5a2f9b16dd9270389ced333cdc802e7510d8720965c530
resized_images/unhealthy01/unhealthy_0429.jpg,archive/development/resized_images/unhealthy01/unhealthy_0429.jpg,197611,c72de5b81b859aa26a0b616fd1c207d0c433336fd2833327bf0f572ae9aeb6c7
resized_images/unhealthy01/unhealthy_0430.jpg,archive/development/resized_images/unhealthy01/unhealthy_0430.jpg,254922,7a076e33c3bad4b09d666108f1d8f2b4b6e3cb340830fdd34aca171bda427922
resized_images/unhealthy01/unhealthy_0431.jpg,archive/development/resized_images/unhealthy01/unhealthy_0431.jpg,234887,b2ef81800e6d4724954ecdf9ce103a34d9e604e95851f4c86f4078b04bc6787e
resized_images/unhealthy01/unhealthy_0432.jpg,archive/development/resized_images/unhealthy01/unhealthy_0432.jpg,270168,640a320b4cb20a9006053a5a27370ce51f3e78221d6d69b76816c07ff65b5107
resized_images/unhealthy01/unhealthy_0433.jpg,archive/development/resized_images/unhealthy01/unhealthy_0433.jpg,247584,6ec10cb0ba916991a80c3f3ebe94eb7f2fe3bfaa553fac21b47eed2e8b443a8a
resized_images/unhealthy01/unhealthy_0434.jpg,archive/development/resized_images/unhealthy01/unhealthy_0434.jpg,191967,21b734eccf850bee09b15fc1f08d1d105be2b90b978e63242807f25ab9d6159b
resized_images/unhealthy01/unhealthy_0435.jpg,archive/development/resized_images/unhealthy01/unhealthy_0435.jpg,414512,76450cb30ff39078bcea5a0fcdeefe8495654a19a72957f09f9a2400d88843e4
resized_images/unhealthy01/unhealthy_0436.jpg,archive/development/resized_images/unhealthy01/unhealthy_0436.jpg,236760,a26f474a182d2d8676449425364377bcddc72575dc23083fa2c85c4289f4b6cb
resized_images/unhealthy01/unhealthy_0437.jpg,archive/development/resized_images/unhealthy01/unhealthy_0437.jpg,204447,ab074f3988caa873438ec2c10573bb7db4d5e14dd1f3a474679b3e3920f5a71e
resized_images/unhealthy01/unhealthy_0438.jpg,archive/development/resized_images/unhealthy01/unhealthy_0438.jpg,210548,9e59415c3295b63ec16ca7c4221e8e41689741d4d7605611c39a7a2e71cd7abf
resized_images/unhealthy01/unhealthy_0439.jpg,archive/development/resized_images/unhealthy01/unhealthy_0439.jpg,277930,65029fe0084f15ec8306bd2bf31c8a3d8dfb6cf96b48e6caa8d94406de8ac027
resized_images/unhealthy01/unhealthy_0441.jpg,archive/development/resized_images/unhealthy01/unhealthy_0441.jpg,263330,8685bce0c8f9eaf82288e034c0c1c7a3708be80c8c1703a79918b76ac1dbe071
resized_images/unhealthy01/unhealthy_0443.jpg,archive/development/resized_images/unhealthy01/unhealthy_0443.jpg,208223,5a11b0bd2f6f2c28b8eba896b36fe3cacbe35d02b26aa4e27c0bb58c77b5c1fe
resized_images/unhealthy01/unhealthy_0444.jpg,archive/development/resized_images/unhealthy01/unhealthy_0444.jpg,259677,27364731b45e9cf5e017987f04ad172ba5beadd58919f4b92f963d4e8dc50bca
resized_images/unhealthy01/unhealthy_0445.jpg,archive/development/resized_images/unhealthy01/unhealthy_0445.jpg,301523,6d782331ade38ec14717c8377dd30831a387781dbe05ea332266550431a5bf8e
resized_images/unhealthy01/unhealthy_0446.jpg,archive/development/resized_images/unhealthy01/unhealthy_0446.jpg,415333,418fbc48a294c05ab657603da533a2149d7714df651c836b4bff8c2236071594
resized_images/unhealthy01/unhealthy_0447.jpg,archive/development/resized_images/unhealthy01/unhealthy_0447.jpg,288994,98b7373368e27f3e23d499e921c5dada17028ba18d2b576d4c7fe42b96775b9f
resized_images/unhealthy01/unhealthy_0448.jpg,archive/development/resized_images/unhealthy01/unhealthy_0448.jpg,247952,ae7d525c953bbdabe67127b3fb95aa64d38807eb413d368686ce98c77802188a
resized_images/unhealthy01/unhealthy_0449.jpg,archive/development/resized_images/unhealthy01/unhealthy_0449.jpg,281231,913626139fcb266d72108baf781a09dde78172f4a38d5d7fd3a42d5d82f94e1e
resized_images/unhealthy01/unhealthy_0450.jpg,archive/development/resized_images/unhealthy01/unhealthy_0450.jpg,284288,30936edaa85ef4d74f4c73546990721815ff4b0027cc4c1f80c1378447dff99a
resized_images/unhealthy02/unhealthy_0452.jpg,archive/development/resized_images/unhealthy02/unhealthy_0452.jpg,223259,b136358c08b11aecfde89b9076e51aa64a38da1551080712eda289128919f454
resized_images/unhealthy02/unhealthy_0453.jpg,archive/development/resized_images/unhealthy02/unhealthy_0453.jpg,182209,f36f27d5d206fd6427bfdd7ee0be59fb111191d0934fc0a4d7de25e9c8b97f61
resized_images/unhealthy02/unhealthy_0457.jpg,archive/development/resized_images/unhealthy02/unhealthy_0457.jpg,273767,11e48ad08f72db26f45226a0ba093a342298b89c166464c391652e2282979981
resized_images/unhealthy02/unhealthy_0458.jpg,archive/development/resized_images/unhealthy02/unhealthy_0458.jpg,223076,45676522137aec051d698a8a68826a5d377c0c24494c9bb49795ac3893c0decb
resized_images/unhealthy02/unhealthy_0459.jpg,archive/development/resized_images/unhealthy02/unhealthy_0459.jpg,234374,df94d3cabbfa797003fe839062c4238c50e017964ef54bb52fe222b9971e80b3
resized_images/unhealthy02/unhealthy_0460.jpg,archive/development/resized_images/unhealthy02/unhealthy_0460.jpg,241416,53e9785f49e176a49fc44c4708883278ec23c55fd8a07d3601a46e847cd88702
resized_images/unhealthy02/unhealthy_0461.jpg,archive/development/resized_images/unhealthy02/unhealthy_0461.jpg,298909,d04c5d54c75e1630bfa33a1425652c0614b3e7d2fa3a157a2df67f9c69f7d3af
resized_images/unhealthy02/unhealthy_0462.jpg,archive/development/resized_images/unhealthy02/unhealthy_0462.jpg,247430,67d5287dac7ad702f68d661671ce082312479750f3e04c2acfb41b71f25ee90c
resized_images/unhealthy02/unhealthy_0467.jpg,archive/development/resized_images/unhealthy02/unhealthy_0467.jpg,264879,21aa2d1e4cff54f5250f0e579ff26f09fadc57fc4fa8cf7b29d31f607c12b7ea
resized_images/unhealthy02/unhealthy_0468.jpg,archive/development/resized_images/unhealthy02/unhealthy_0468.jpg,318190,5de2a592be2f2bbdbeaf862f2301576efe73179e2840c082e154e212d1210e83
resized_images/unhealthy02/unhealthy_0469.jpg,archive/development/resized_images/unhealthy02/unhealthy_0469.jpg,236163,a4d0a031200b3b447b05a9bf7691148298f4509ff22128a6e377a689f1255a8d
resized_images/unhealthy02/unhealthy_0471.jpg,archive/development/resized_images/unhealthy02/unhealthy_0471.jpg,250442,0d567bb68d240956cd3cde23c828f8bd4ed9bcdbabc17d1aa382cb701a2fc22d
resized_images/unhealthy02/unhealthy_0472.jpg,archive/development/resized_images/unhealthy02/unhealthy_0472.jpg,261866,b30837935b74d114b1cb6c22eef1a8a7bbe8c991b87761d13e0652b57da5c261
resized_images/unhealthy02/unhealthy_0473.jpg,archive/development/resized_images/unhealthy02/unhealthy_0473.jpg,247760,aa1155cc55bd9d4a8ed5fe056fab48bf394e94ec6e27c687b72a86440cc7a6f4
resized_images/unhealthy02/unhealthy_0474.jpg,archive/development/resized_images/unhealthy02/unhealthy_0474.jpg,265386,d03a384eae7b32d8bac084bce34edac8543b785699a5868c8d20659d17c5c9fe
resized_images/unhealthy02/unhealthy_0479.jpg,archive/development/resized_images/unhealthy02/unhealthy_0479.jpg,238397,566eb2c68eaeeaf15ce12c9dbd884c82f209e1af3a15543e283b6a6ebd1b1336
resized_images/unhealthy02/unhealthy_0480.jpg,archive/development/resized_images/unhealthy02/unhealthy_0480.jpg,210017,d53608f31f00562a24d30260c87bede93819cac2d88912f69c43c0968dfb49ba
resized_images/unhealthy02/unhealthy_0481.jpg,archive/development/resized_images/unhealthy02/unhealthy_0481.jpg,215081,36ff2de54902281d245b4a983cccb5dcf0af7a1b065cc3dc03d222474249c677
resized_images/unhealthy02/unhealthy_0483.jpg,archive/development/resized_images/unhealthy02/unhealthy_0483.jpg,246411,3a9f8a9a81febfc5bb18e6b635c36427f7334128bbb1401265a330dd261db120
resized_images/unhealthy02/unhealthy_0484.jpg,archive/development/resized_images/unhealthy02/unhealthy_0484.jpg,242963,a5ca5912613afb91020985b7e38a85cbf808985c0fbbb2c005eb4d025857f9cd
resized_images/unhealthy02/unhealthy_0485.jpg,archive/development/resized_images/unhealthy02/unhealthy_0485.jpg,251115,5c5f6c904a24f32337b29eee47eebc56cfe0a930590be4b2ed9c4f0343452a01
resized_images/unhealthy02/unhealthy_0486.jpg,archive/development/resized_images/unhealthy02/unhealthy_0486.jpg,252841,25e13df7f7de965a51fd5c21cbc26e3163aa81f62722d5dcfc01811821b9418c
resized_images/unhealthy02/unhealthy_0487.jpg,archive/development/resized_images/unhealthy02/unhealthy_0487.jpg,235304,fac9cf62d0d6a08b14beb19f59bb05b360be59268aed635b603fa251568fc1dc
resized_images/unhealthy02/unhealthy_0488.jpg,archive/development/resized_images/unhealthy02/unhealthy_0488.jpg,244696,efac000c01627694744bec39251b0cd66f7badf9be5bfb928d0d2a173dc2c405
resized_images/unhealthy02/unhealthy_0489.jpg,archive/development/resized_images/unhealthy02/unhealthy_0489.jpg,248964,f717c2af43e8455914b0e05e1b9b958830bb0ec52a879dc768e52ef6352d7f4a
resized_images/unhealthy02/unhealthy_0490.jpg,archive/development/resized_images/unhealthy02/unhealthy_0490.jpg,228119,9230495b154569809e8d6be816caa03025dbdbcd7318db74968e71fa8b62a0d6
resized_images/unhealthy02/unhealthy_0491.jpg,archive/development/resized_images/unhealthy02/unhealthy_0491.jpg,250462,a9a0b743470920a30007e8b3fc28713415f3defaaa5c473706fec491137abf88
resized_images/unhealthy02/unhealthy_0492.jpg,archive/development/resized_images/unhealthy02/unhealthy_0492.jpg,296901,e8fd9ae03ff9f2026d55775a3d8cc4e697170eefc69d934516475cf443de922a
resized_images/unhealthy02/unhealthy_0493.jpg,archive/development/resized_images/unhealthy02/unhealthy_0493.jpg,266963,029676dfbfa56cca4cc144c1dec7ba3c3dcccb44ca959e2e7321d2e447cff1e9
resized_images/unhealthy02/unhealthy_0494.jpg,archive/development/resized_images/unhealthy02/unhealthy_0494.jpg,208751,b84374e109bec1e38c5964fc2ffd5ab0440d56909e89b183e1eebe52d890a552
resized_images/unhealthy02/unhealthy_0495.jpg,archive/development/resized_images/unhealthy02/unhealthy_0495.jpg,227591,3b79362c70999f0e5f27f37e82d07348b762bf7bcd6ee14465be8932d93359cc
resized_images/unhealthy02/unhealthy_0499.jpg,archive/development/resized_images/unhealthy02/unhealthy_0499.jpg,252900,ac970c72d7d9f06c68d4988d516d1143fa81c6d6171185f5e0537725de377bdf
resized_images/unhealthy02/unhealthy_0503.jpg,archive/development/resized_images/unhealthy02/unhealthy_0503.jpg,267027,19a1ef9b90b5c60d8b86e543a6914d7055423cf5efd63c2123765636a1c9b800
resized_images/unhealthy02/unhealthy_0506.jpg,archive/development/resized_images/unhealthy02/unhealthy_0506.jpg,285253,4ad8cdb1780d2369a1e4e17a0e3523965170cf83bf03b280618ab79080d25b1e
resized_images/unhealthy02/unhealthy_0510.jpg,archive/development/resized_images/unhealthy02/unhealthy_0510.jpg,221194,11a6f84409b1e164cd399b8be69f748c858e2b0ee0f43304cfbf84f653948c5a
resized_images/unhealthy02/unhealthy_0511.jpg,archive/development/resized_images/unhealthy02/unhealthy_0511.jpg,242166,1191af267341f5cf0fb1d3cfdaa7c86a965d867abfc17f5b2bcd4f2caae61884
resized_images/unhealthy02/unhealthy_0512.jpg,archive/development/resized_images/unhealthy02/unhealthy_0512.jpg,222556,58a01cf8188bddfcdb9c09993928406df0c5e7fb87b8164fdf6fcc5d3772366e
resized_images/unhealthy02/unhealthy_0513.jpg,archive/development/resized_images/unhealthy02/unhealthy_0513.jpg,252569,27f887a193b1538a004128111f15f6621928b5c7ae265351c614049cfa7e9af1
resized_images/unhealthy02/unhealthy_0517.jpg,archive/development/resized_images/unhealthy02/unhealthy_0517.jpg,258174,94a0e571d9674feb007e387449cc0774c8aa9e8000771d6ea2baf1d53fa4fae1
resized_images/unhealthy02/unhealthy_0519.jpg,archive/development/resized_images/unhealthy02/unhealthy_0519.jpg,250422,69d4c39f1bccbb9451b8a8dcda16b61f4af63f099856912a65572d0f7bfbcff5
resized_images/unhealthy02/unhealthy_0520.jpg,archive/development/resized_images/unhealthy02/unhealthy_0520.jpg,314205,9d4c397747c6c48eb121c427f69f20784d5afd11e7af10f60aff5b422fdbbfae
resized_images/unhealthy02/unhealthy_0521.jpg,archive/development/resized_images/unhealthy02/unhealthy_0521.jpg,283353,48931c959b542edf59806be62918f99279c118fceee56e6d982317cb4a0ba613
resized_images/unhealthy02/unhealthy_0523.jpg,archive/development/resized_images/unhealthy02/unhealthy_0523.jpg,239423,7ea573f27492875fa366e2075fc0a80b9ebdfb046af5d1b1250c0d49ceb91f46
resized_images/unhealthy02/unhealthy_0525.jpg,archive/development/resized_images/unhealthy02/unhealthy_0525.jpg,280144,d421da84c08422f4e9785df6ae1556e20b8b844e37abe2af0a913edfaf213404
resized_images/unhealthy02/unhealthy_0527.jpg,archive/development/resized_images/unhealthy02/unhealthy_0527.jpg,255167,1926d0082f6a01c870a1f3972d56e0dba71676395396c662e4a23047e7cea6ae
resized_images/unhealthy02/unhealthy_0528.jpg,archive/development/resized_images/unhealthy02/unhealthy_0528.jpg,263797,ca8dc569efe960b1b723433c129e44a0fde82a548c95e48afb13ad456ec48d16
resized_images/unhealthy02/unhealthy_0529.jpg,archive/development/resized_images/unhealthy02/unhealthy_0529.jpg,236527,2001d55881d1efac8862d8f6888fcd9e74f401b2477a6c2b332611c279ed2c2c
resized_images/unhealthy02/unhealthy_0533.jpg,archive/development/resized_images/unhealthy02/unhealthy_0533.jpg,260578,b760a34083bcc263856da124dde517017126b399180c1feb4bca78ab57bffae8
resized_images/unhealthy02/unhealthy_0534.jpg,archive/development/resized_images/unhealthy02/unhealthy_0534.jpg,241400,42c070892c913037cce1939f42ee7a7696a5adb7d4ed50b7e0c35c829bba7561
resized_images/unhealthy02/unhealthy_0535.jpg,archive/development/resized_images/unhealthy02/unhealthy_0535.jpg,258970,9100a369db149dc419e414f792dbf8d16f21f3bcd05ee5479ba0f50e276caf96
resized_images/unhealthy02/unhealthy_0536.jpg,archive/development/resized_images/unhealthy02/unhealthy_0536.jpg,250719,9dfece8202ead14c21291c67b5b51ffbdf55f395e3eb4f89c3b9694ecdc0dede
resized_images/unhealthy02/unhealthy_0539.jpg,archive/development/resized_images/unhealthy02/unhealthy_0539.jpg,262304,5a9fbf96e871d3427f92db4b4e371a8951d40403035173c69c92e5b67dc8c01e
resized_images/unhealthy02/unhealthy_0540.jpg,archive/development/resized_images/unhealthy02/unhealthy_0540.jpg,253571,0c1a8269d9ab2738f6325ac74c00a70ef0894af30ad6b4d728eeafbc73edd44c
resized_images/unhealthy02/unhealthy_0541.jpg,archive/development/resized_images/unhealthy02/unhealthy_0541.jpg,280229,be20f8ea8954119404abd91624b2b81416dcdf2416c241d3ffe387dfd7c3e01c
resized_images/unhealthy02/unhealthy_0542.jpg,archive/development/resized_images/unhealthy02/unhealthy_0542.jpg,275553,f737b9ffe0076581955d643c84ba91e6d53cbd2c210208087f98adb277ba71b8
resized_images/unhealthy02/unhealthy_0552.jpg,archive/development/resized_images/unhealthy02/unhealthy_0552.jpg,215429,88774738abd6d97770331844ae738cb6572a01c3e779ba822479b165dca75471
resized_images/unhealthy02/unhealthy_0553.jpg,archive/development/resized_images/unhealthy02/unhealthy_0553.jpg,277604,a19c93cb6ce110c8865ab8656e755a2681b98e5f99543a9d5f106027935cd3f3
resized_images/unhealthy02/unhealthy_0554.jpg,archive/development/resized_images/unhealthy02/unhealthy_0554.jpg,293789,92a61c4c4355894253a4931b39baa7fb437f2d2a767c55b11d3e34797d2b59a7
resized_images/unhealthy02/unhealthy_0555.jpg,archive/development/resized_images/unhealthy02/unhealthy_0555.jpg,284447,682f95638ec23dfa7cc2775bce91f579e5c3cfec4460168530e06bfdb2546b61
resized_images/unhealthy02/unhealthy_0556.jpg,archive/development/resized_images/unhealthy02/unhealthy_0556.jpg,275570,ac7c31453bf354b8dbd356eaf94fd399c3e41f64308f59f58625630f056ccf4f
resized_images/unhealthy02/unhealthy_0557.jpg,archive/development/resized_images/unhealthy02/unhealthy_0557.jpg,306433,8c251270152d5f2231a576e04ccb7d55d7113d3a6b06993c8adf2dd3e199539a
resized_images/unhealthy02/unhealthy_0558.jpg,archive/development/resized_images/unhealthy02/unhealthy_0558.jpg,275626,6fbabe7f2da6c5cc8aac77c6956ce2bd86d467847efa7560d73e07a712189708
resized_images/unhealthy02/unhealthy_0559.jpg,archive/development/resized_images/unhealthy02/unhealthy_0559.jpg,264777,37c4c765b5fb266a68df0d8c9208aa36d5b12eb33f9445769a22ce7e58458933
resized_images/unhealthy02/unhealthy_0560.jpg,archive/development/resized_images/unhealthy02/unhealthy_0560.jpg,269439,2490aeeedc6ff3f603904c2389e0d52ccbc89bf2bc71b47baf05dce72ed4ebf0
resized_images/unhealthy02/unhealthy_0561.jpg,archive/development/resized_images/unhealthy02/unhealthy_0561.jpg,269943,b5f5eb5d62cf1d77e46b96295447c840301d69736951844d1eb512c77c9e223a
resized_images/unhealthy02/unhealthy_0562.jpg,archive/development/resized_images/unhealthy02/unhealthy_0562.jpg,227488,13e6ad95e0646953ba8d6e971e80338f613df77cc08dc14cba59df6f46aafcf0
resized_images/unhealthy02/unhealthy_0563.jpg,archive/development/resized_images/unhealthy02/unhealthy_0563.jpg,308583,89bc788f505bb571afd51bd1a5bec037cb057b5cb546a6bf559dd29b788b2db4
resized_images/unhealthy02/unhealthy_0566.jpg,archive/development/resized_images/unhealthy02/unhealthy_0566.jpg,270759,d8b3823cfbb9eb03f2564e2a91ab071a8e7795a1cdc969a9853fefa94437d268
resized_images/unhealthy02/unhealthy_0568.jpg,archive/development/resized_images/unhealthy02/unhealthy_0568.jpg,278891,84f34c9efc4ab4be8e92c08d14cf1e188159b438d255c05cda8d6523087da0e1
resized_images/unhealthy02/unhealthy_0571.jpg,archive/development/resized_images/unhealthy02/unhealthy_0571.jpg,233201,41701301ae9330659d00c0d3b01ca2f0b4febe4bd92d3e599cfd075eb6a84ff3
resized_images/unhealthy02/unhealthy_0572.jpg,archive/development/resized_images/unhealthy02/unhealthy_0572.jpg,247131,7edac4f7295588ce70d1fdce653e846794cb22482e6e400476f188cdafbc391b
resized_images/unhealthy02/unhealthy_0575.jpg,archive/development/resized_images/unhealthy02/unhealthy_0575.jpg,362866,5bd59876556fa57df80ceb836d396da86ad7cbd963e1ae1bff31ec1fef2b6249
resized_images/unhealthy02/unhealthy_0576.jpg,archive/development/resized_images/unhealthy02/unhealthy_0576.jpg,312973,745d3399c5b3cbfbc81b2cad18784b93405804af50ea7e3301da2fe0a883b25e
resized_images/unhealthy02/unhealthy_0577.jpg,archive/development/resized_images/unhealthy02/unhealthy_0577.jpg,291325,9232e179c1a6f4d459545b8d49dfbab69f27c03a420cf7811ca701e9ebbdff49
resized_images/unhealthy02/unhealthy_0578.jpg,archive/development/resized_images/unhealthy02/unhealthy_0578.jpg,299563,276624e5ccff6b791e03531262906b3e2f005de60800e91af2401319a3ee3b42
resized_images/unhealthy02/unhealthy_0580.jpg,archive/development/resized_images/unhealthy02/unhealthy_0580.jpg,289616,0a5b90762cb24248795c723aed8c851e63dd76f5d2255034cb981ad2399b7ec7
resized_images/unhealthy02/unhealthy_0582.jpg,archive/development/resized_images/unhealthy02/unhealthy_0582.jpg,388885,bd3f3d376ebf6964e9b09bfdf3667a4083a4d0e67dd4d0787a9e87ee53aaa6ee
resized_images/unhealthy02/unhealthy_0584.jpg,archive/development/resized_images/unhealthy02/unhealthy_0584.jpg,293785,309eabc7537d1b8436f05c9e2af92ec709480747ac5cb8e1a5b87dc2711f2a82
resized_images/unhealthy02/unhealthy_0586.jpg,archive/development/resized_images/unhealthy02/unhealthy_0586.jpg,294397,441e7d043027814eda7f22513b5f85a30c837617b61232fce9628229a61a039c
resized_images/unhealthy02/unhealthy_0588.jpg,archive/development/resized_images/unhealthy02/unhealthy_0588.jpg,291631,9b39797230290894b2671d28922f3451aeeb6a2d64592ace5e08ccdbe904cfbb
resized_images/unhealthy02/unhealthy_0590.jpg,archive/development/resized_images/unhealthy02/unhealthy_0590.jpg,289242,9930beebd4a66b4c2cbd3e8d5556c477669ad6932e31be00c8397043d0874cd7
resized_images/unhealthy02/unhealthy_0591.jpg,archive/development/resized_images/unhealthy02/unhealthy_0591.jpg,338013,677c9a8e5aec1840cd688e5725d9cdaf7cb671e24e4a905148ee1f8d8257cb6d
resized_images/unhealthy02/unhealthy_0592.jpg,archive/development/resized_images/unhealthy02/unhealthy_0592.jpg,233770,2de9a320b7f77e706871384e3db67020beb606eb2b129a85c21e78bd442d1c36
resized_images/unhealthy02/unhealthy_0593.jpg,archive/development/resized_images/unhealthy02/unhealthy_0593.jpg,254023,dcd8f10760e2109a9ebe4037a69cdd12244ea3eb512bc35f0a2f529e775bebe4
resized_images/unhealthy02/unhealthy_0595.jpg,archive/development/resized_images/unhealthy02/unhealthy_0595.jpg,298657,1363158647a68166e630dae67f9c8b11738068ce284130257265b98450421c93
resized_images/unhealthy02/unhealthy_0596.jpg,archive/development/resized_images/unhealthy02/unhealthy_0596.jpg,283162,a4de42a1598ec5c8d56a2644b90ea1a3164f1cad060613996b57dc06440d25aa
resized_images/unhealthy02/unhealthy_0597.jpg,archive/development/resized_images/unhealthy02/unhealthy_0597.jpg,292152,a395046cf9778ad79d2909fe87dfdab4ee53af4ac8b7a0015174fbf2870d2230
resized_images/unhealthy02/unhealthy_0598.jpg,archive/development/resized_images/unhealthy02/unhealthy_0598.jpg,298475,42712afa7508edf19ab4f58aef4ad3a4def787b6db4ad93be2a9a4aa16a9ac2f
resized_images/unhealthy02/unhealthy_0599.jpg,archive/development/resized_images/unhealthy02/unhealthy_0599.jpg,267842,55c44ffbf4c554c2244f9510eb207df5b8b17ac2024d6e50a3c1d6bfed35089d
resized_images/unhealthy02/unhealthy_0600.jpg,archive/development/resized_images/unhealthy02/unhealthy_0600.jpg,257221,0bdca1bb7bf520dbcf7f98be0894d09723ab9c318962ea9c112ceda571a322c1
resized_images/unhealthy02/unhealthy_0601.jpg,archive/development/resized_images/unhealthy02/unhealthy_0601.jpg,295016,331ccd37ef9dda9637842bbd1da1ef6c4dd1f4687548ef674bc501802a91fa90
resized_images/unhealthy02/unhealthy_0602.jpg,archive/development/resized_images/unhealthy02/unhealthy_0602.jpg,302158,c4e1ce0bf820afa8d16ea1eea6e4054f1fc2de44c0acb8243ac7f8e202e17636
resized_images/unhealthy02/unhealthy_0604.jpg,archive/development/resized_images/unhealthy02/unhealthy_0604.jpg,270983,60cc19d3f5fe4a70a6b7548c0e09edefde8f42c9bac5162def750ed257aea827
resized_images/unhealthy02/unhealthy_0605.jpg,archive/development/resized_images/unhealthy02/unhealthy_0605.jpg,251855,e49e62e8e44aa039f43ec17f977aa511942d77b79d0f5d5eddcc829bd7c49b37
resized_images/unhealthy02/unhealthy_0611.jpg,archive/development/resized_images/unhealthy02/unhealthy_0611.jpg,299028,1195cb49b33534bc15e7323b1f21ea2281dcad4af3e8038f3856bffd785cf0d9
resized_images/unhealthy02/unhealthy_0612.jpg,archive/development/resized_images/unhealthy02/unhealthy_0612.jpg,248303,39d375bbbc7cf3ec38d490fe6f7b818feea97ab6743c9159b9eb83067172a054
resized_images/unhealthy02/unhealthy_0614.jpg,archive/development/resized_images/unhealthy02/unhealthy_0614.jpg,252142,30d16c40a8be6d6f994e807c6bdaa98f0339d773eaca221c64b59f51a47f49e3
resized_images/unhealthy02/unhealthy_0616.jpg,archive/development/resized_images/unhealthy02/unhealthy_0616.jpg,262478,0ece7a380e9c708d97b0a218b9e4cdad0500a793d39eb69ad5bbed1883055e61
resized_images/unhealthy02/unhealthy_0617.jpg,archive/development/resized_images/unhealthy02/unhealthy_0617.jpg,244984,bb8ad0eab416f6af686e9cdffd3dfdca4646fa5efc0e43b76ab723a1495aa1b9
resized_images/unhealthy02/unhealthy_0620.jpg,archive/development/resized_images/unhealthy02/unhealthy_0620.jpg,246804,bb4132aaff6547f0cb0c649797a103338935e98ef6bc536c3903a739685ef35b
resized_images/unhealthy02/unhealthy_0621.jpg,archive/development/resized_images/unhealthy02/unhealthy_0621.jpg,281906,8e62e005543a0c1e08d1044f418eb563cd47fb54510eb6a38788e73ebeb2e1a5
resized_images/unhealthy02/unhealthy_0622.jpg,archive/development/resized_images/unhealthy02/unhealthy_0622.jpg,281479,41ad55e6c666570ab0e18de44f99fda2d2508ab31e1730cc450dde8feea3666c
resized_images/unhealthy02/unhealthy_0623.jpg,archive/development/resized_images/unhealthy02/unhealthy_0623.jpg,299108,55d1ddc2f5c951d17800df5ef7fe17e447d6d67cf27d484c0f591abcad641283
resized_images/unhealthy02/unhealthy_0624.jpg,archive/development/resized_images/unhealthy02/unhealthy_0624.jpg,232020,aaa49685f5ab57e4fb0ab20d81172e6c087e4a6f1e118c9a91e42184e7a31659
resized_images/unhealthy02/unhealthy_0625.jpg,archive/development/resized_images/unhealthy02/unhealthy_0625.jpg,234905,e9991b3dfdac56a6d04ff7e1c1179b905fad31c06de4cf115c4c3b20317cbef7
resized_images/unhealthy02/unhealthy_0626.jpg,archive/development/resized_images/unhealthy02/unhealthy_0626.jpg,271483,426f0754abff00174eaf61ef0c4e7520e7df14060d19ebbeeee225d612780316
resized_images/unhealthy02/unhealthy_0627.jpg,archive/development/resized_images/unhealthy02/unhealthy_0627.jpg,240347,1e8a2af5edd13475cda12e8ccc8864e705503feabf4cc35e7f7eef65396c8451
resized_images/unhealthy02/unhealthy_0628.jpg,archive/development/resized_images/unhealthy02/unhealthy_0628.jpg,253137,752e6c70478de8f01348bd28bef27c456643fc3a1e86ec45c3c750f54b8d0c30
resized_images/unhealthy02/unhealthy_0629.jpg,archive/development/resized_images/unhealthy02/unhealthy_0629.jpg,263460,3511ffb7de1b4b2b94903b821de8f286e2f36c316e0f070ec14d1c01f87b03fd
resized_images/unhealthy02/unhealthy_0630.jpg,archive/development/resized_images/unhealthy02/unhealthy_0630.jpg,181846,e6e03f24c6d6caaf7a6373146fb1584e6e5306ece7d67341a04c37a94ac13bdd
resized_images/unhealthy02/unhealthy_0631.jpg,archive/development/resized_images/unhealthy02/unhealthy_0631.jpg,271705,e8be49d56c15d62285149f466c1b0a5f3380933a28b64cc1e85813503448bb45
resized_images/unhealthy02/unhealthy_0632.jpg,archive/development/resized_images/unhealthy02/unhealthy_0632.jpg,276104,7d0975c42d5cba0d4d70e4197ba08fbb92bb44f478320422e5e01872a74b404e
resized_images/unhealthy02/unhealthy_0633.jpg,archive/development/resized_images/unhealthy02/unhealthy_0633.jpg,270573,4b95bedc0e3380b9d9a9c71d899f76a72185651631504a62bdf936a76bb37130
resized_images/unhealthy02/unhealthy_0634.jpg,archive/development/resized_images/unhealthy02/unhealthy_0634.jpg,274705,cfc0cb420e561752f8896ae6882cc88aad3ce87811d6e3579f2f0dd841d67d2a
resized_images/unhealthy02/unhealthy_0635.jpg,archive/development/resized_images/unhealthy02/unhealthy_0635.jpg,241151,4ab2afeab98d056583b56cf0752143f760843288ac64ca2e6ec50f74a863b1cd
resized_images/unhealthy02/unhealthy_0636.jpg,archive/development/resized_images/unhealthy02/unhealthy_0636.jpg,252861,65e742088daad372437a5fcf93713c0c2e9b0cfeeb3c3604f5699e95f1f0dc2f
resized_images/unhealthy02/unhealthy_0637.jpg,archive/development/resized_images/unhealthy02/unhealthy_0637.jpg,249053,c8f22cf284dc49540dc29f02d596c9315cb097e67f6f280aea60147beb2a1424
resized_images/unhealthy02/unhealthy_0638.jpg,archive/development/resized_images/unhealthy02/unhealthy_0638.jpg,274203,974e0c1e424d2dac2b7eacfc867b38c798a76905750433c7e855e2a5ef876ad8
resized_images/unhealthy02/unhealthy_0639.jpg,archive/development/resized_images/unhealthy02/unhealthy_0639.jpg,326761,38ad0503d5a4c4164a8b3fdd2c5aec04e1eb541e508ee039806190c5581753f9
resized_images/unhealthy02/unhealthy_0640.jpg,archive/development/resized_images/unhealthy02/unhealthy_0640.jpg,400250,a05c18e70446e2ca5ca7c21bff9c1a1729ffaff38deb6594658274ea894ae831
resized_images/unhealthy02/unhealthy_0641.jpg,archive/development/resized_images/unhealthy02/unhealthy_0641.jpg,462982,b11ee9d341d7885d497d95216df24bafee22c6581f18434fdc5814a5db3a49a0
resized_images/unhealthy02/unhealthy_0642.jpg,archive/development/resized_images/unhealthy02/unhealthy_0642.jpg,398195,0c2095a1a9709fa6015148cc8451a020438085fd322ce7f45a580b421b24d6fc
resized_images/unhealthy02/unhealthy_0643.jpg,archive/development/resized_images/unhealthy02/unhealthy_0643.jpg,290022,10a73d2813f26885c831a2f06b662b6ce8a90c35c05d58f82fd4ba2c5324dde6
resized_images/unhealthy02/unhealthy_0644.jpg,archive/development/resized_images/unhealthy02/unhealthy_0644.jpg,315277,c6dbd3d66fa2882ccd5d267deb49921652d47bf7607ec19dc9f0299121279e68
resized_images/unhealthy02/unhealthy_0645.jpg,archive/development/resized_images/unhealthy02/unhealthy_0645.jpg,324228,bf9ccf818266e94510a1a29853cc3746afab42c56f41611690d02241e5ee3eac
resized_images/unhealthy03/unhealthy_0628.jpg,archive/development/resized_images/unhealthy03/unhealthy_0628.jpg,253137,752e6c70478de8f01348bd28bef27c456643fc3a1e86ec45c3c750f54b8d0c30
resized_images/unhealthy03/unhealthy_0629.jpg,archive/development/resized_images/unhealthy03/unhealthy_0629.jpg,263460,3511ffb7de1b4b2b94903b821de8f286e2f36c316e0f070ec14d1c01f87b03fd
resized_images/unhealthy03/unhealthy_0646.jpg,archive/development/resized_images/unhealthy03/unhealthy_0646.jpg,292449,9db29c2637ab888d307d644cf6733b1e677520cf213846a43cc01022b407d418
resized_images/unhealthy03/unhealthy_0647.jpg,archive/development/resized_images/unhealthy03/unhealthy_0647.jpg,262794,aea838ca65acd3ce62e242221dd77910bed7267546f87d791e2c04d62bc656ea
resized_images/unhealthy03/unhealthy_0648.jpg,archive/development/resized_images/unhealthy03/unhealthy_0648.jpg,248769,aecd8d20698e1a53c3048cb51cfb36f6eacf6f9d543e1705d9a5b95b3e06f826
resized_images/unhealthy03/unhealthy_0649.jpg,archive/development/resized_images/unhealthy03/unhealthy_0649.jpg,214572,d0426bc07cb245b4354682a320c7f6354853fa64ba4c4a76a21e51197d5f26e4
resized_images/unhealthy03/unhealthy_0650.jpg,archive/development/resized_images/unhealthy03/unhealthy_0650.jpg,242329,7c36c3b2539b6c0e81d4264b356ea2e4a73b60ffcf094d01970f95e6ebfd5e2c
resized_images/unhealthy03/unhealthy_0651.jpg,archive/development/resized_images/unhealthy03/unhealthy_0651.jpg,274638,5d58698d6267b9a44f8ee20cd0ebf720d8fcc46f1bafb39378c3e359aa3a7238
resized_images/unhealthy03/unhealthy_0652.jpg,archive/development/resized_images/unhealthy03/unhealthy_0652.jpg,241692,998111c7b39e9fd569f765639a57eca2ec260dd5598ca4daa78d28c9495110c1
resized_images/unhealthy03/unhealthy_0653.jpg,archive/development/resized_images/unhealthy03/unhealthy_0653.jpg,244302,505127a66cb4c336dd383e7d513573a4ad11037ef1a03b3c51a77ea024bc530d
resized_images/unhealthy03/unhealthy_0654.jpg,archive/development/resized_images/unhealthy03/unhealthy_0654.jpg,228225,2fe58ddbb61c1a5722559ffe08eeb1935cc46c52139162cf2e0af06a56dd79ca
resized_images/unhealthy03/unhealthy_0655.jpg,archive/development/resized_images/unhealthy03/unhealthy_0655.jpg,282339,29d8dd5d8e3b6b38ce545134a454545f297d4e1134be1cc3e7fecaae75c26108
resized_images/unhealthy03/unhealthy_0656.jpg,archive/development/resized_images/unhealthy03/unhealthy_0656.jpg,231082,7c3d7381064761c842915b79068df0c81eea1b59541485597c35a43001089ef3
resized_images/unhealthy03/unhealthy_0657.jpg,archive/development/resized_images/unhealthy03/unhealthy_0657.jpg,201573,84ad0e018f61000e741347cff7178113662d419e5e78f263009e8039cec03c51
resized_images/unhealthy03/unhealthy_0658.jpg,archive/development/resized_images/unhealthy03/unhealthy_0658.jpg,224737,109e4336deaae3d5220450b3c34ca894462c4d357b03e4df7e87ec2c7f0c7072
resized_images/unhealthy03/unhealthy_0659.jpg,archive/development/resized_images/unhealthy03/unhealthy_0659.jpg,271175,5372e57ce3257284f175d7a3cfacfc4251c64c61d63520dcf07228314d887034
resized_images/unhealthy03/unhealthy_0661.jpg,archive/development/resized_images/unhealthy03/unhealthy_0661.jpg,286748,a6539c703bd3e17b6c78d9edf1f3bbd622dd3f552fa4e7d408190ee86067f146
resized_images/unhealthy03/unhealthy_0662.jpg,archive/development/resized_images/unhealthy03/unhealthy_0662.jpg,236272,53253c8b249da9716cfef262fbb32f08173fcae5dcee2c1b135898d27bb0de4e
resized_images/unhealthy03/unhealthy_0663.jpg,archive/development/resized_images/unhealthy03/unhealthy_0663.jpg,261707,6c33ed98fea04dc0449545e653295db004cf79ec563432a5acbdfa59ad7cd954
resized_images/unhealthy03/unhealthy_0664.jpg,archive/development/resized_images/unhealthy03/unhealthy_0664.jpg,309988,d058b057291409390a36e1a5c934e86958c30acd415dadfc01ae0d3db4c280bc
resized_images/unhealthy03/unhealthy_0665.jpg,archive/development/resized_images/unhealthy03/unhealthy_0665.jpg,313244,dbf474fe05f83591f6b1b96177885483114daccaa6d820f1966380ed213aed3f
resized_images/unhealthy03/unhealthy_0666.jpg,archive/development/resized_images/unhealthy03/unhealthy_0666.jpg,328569,2bf7147ed5ca031534c22d03a95625c899fb820e325d9affb31fbb19f1025208
resized_images/unhealthy03/unhealthy_0667.jpg,archive/development/resized_images/unhealthy03/unhealthy_0667.jpg,283061,4bf22efc444193d8e913aa9c0e3123a9c872849edb9d475376b9fec7d94aed3e
resized_images/unhealthy03/unhealthy_0668.jpg,archive/development/resized_images/unhealthy03/unhealthy_0668.jpg,244955,ed5c49160888933d0555915a765e489e0b412c63a4d3b7543b8489077ed160a6
resized_images/unhealthy03/unhealthy_0669.jpg,archive/development/resized_images/unhealthy03/unhealthy_0669.jpg,272582,be68d0ebc5316d1428cb9b029af4c25ed8fcd7fb13a1b5fa957d91049d275f1d
resized_images/unhealthy03/unhealthy_0670.jpg,archive/development/resized_images/unhealthy03/unhealthy_0670.jpg,292368,99cb4eb50a1dcb19a2aa3c4f575ee7d5c39d9ad5743a88db29afdd82b00099f5
resized_images/unhealthy03/unhealthy_0671.jpg,archive/development/resized_images/unhealthy03/unhealthy_0671.jpg,277121,8be1c30ebe461741f9ee098b9d47c06c9610e82c046d281bd6d97df1b3ac9547
resized_images/unhealthy03/unhealthy_0672.jpg,archive/development/resized_images/unhealthy03/unhealthy_0672.jpg,348605,d3b1e987f4ecf740a26500fcc2bbe56deabe0ad134f75ceb8f4cfcbd3eb581e3
resized_images/unhealthy03/unhealthy_0673.jpg,archive/development/resized_images/unhealthy03/unhealthy_0673.jpg,296701,1b5df9a5e9b7509065e39ef511a91cc4044107f2e144f53ea31430b5d2e7821f
resized_images/unhealthy03/unhealthy_0674.jpg,archive/development/resized_images/unhealthy03/unhealthy_0674.jpg,251167,ef2e8ace7d6670f629b9f57fcee64cc5fa673946985ddfba5afa3cf5fa4a90b9
resized_images/unhealthy03/unhealthy_0675.jpg,archive/development/resized_images/unhealthy03/unhealthy_0675.jpg,248445,6cc851236f0e4c08eaae7c6db7569e48f9f5ee9246ca4a263166d8f56aa4e9f3
resized_images/unhealthy03/unhealthy_0676.jpg,archive/development/resized_images/unhealthy03/unhealthy_0676.jpg,299732,b54e3340a63b5a73e3c64af264796342221703b69cabf759dfedf349dd074215
resized_images/unhealthy03/unhealthy_0677.jpg,archive/development/resized_images/unhealthy03/unhealthy_0677.jpg,267488,1beee6952df78e0d09b0d893d45778f693e12045466c00f629d9d7857b842f53
resized_images/unhealthy03/unhealthy_0678.jpg,archive/development/resized_images/unhealthy03/unhealthy_0678.jpg,304643,f28597b93c89d3c2d3bdadf3ac153fc7b11a120581ba408493bb783f4f94d4cd
resized_images/unhealthy03/unhealthy_0679.jpg,archive/development/resized_images/unhealthy03/unhealthy_0679.jpg,326553,506aa49b27f7b2d07558b275f74746d301cf6f1d82808a42ac076dd219e8a218
resized_images/unhealthy03/unhealthy_0680.jpg,archive/development/resized_images/unhealthy03/unhealthy_0680.jpg,323527,a112593655c4e893590599ac17c9b9d2d90988f75000dece7f652a28d28266b6
resized_images/unhealthy03/unhealthy_0681.jpg,archive/development/resized_images/unhealthy03/unhealthy_0681.jpg,258500,9521de6bb2485e0c7e4aeb9de0b446c7bfc73f57103d0e6c3dd6ba8b2f6515d3
resized_images/unhealthy03/unhealthy_0682.jpg,archive/development/resized_images/unhealthy03/unhealthy_0682.jpg,276652,1654440b93e6c3f28633f25dd8295483bb654820591971073decd7e20e8d5d8b
resized_images/unhealthy03/unhealthy_0683.jpg,archive/development/resized_images/unhealthy03/unhealthy_0683.jpg,298897,bd038da5d5d04f232a2d67f312e04431e3e85e32bc2823e0d2ca832b86ee6376
resized_images/unhealthy03/unhealthy_0684.jpg,archive/development/resized_images/unhealthy03/unhealthy_0684.jpg,362639,2b58ec3a8e1f0db9e4eee9a9e32dbce2a6ac195bb0ced86e6f150a3c882a0beb
resized_images/unhealthy03/unhealthy_0685.jpg,archive/development/resized_images/unhealthy03/unhealthy_0685.jpg,299981,53041d623f1fccb4633d25fc8e0fe3dd019b73140e5622f244a6983dc3b45c38
resized_images/unhealthy03/unhealthy_0686.jpg,archive/development/resized_images/unhealthy03/unhealthy_0686.jpg,371877,dc7a15b1e07c5e71360e97e61346384758e9f2587e795299504a39455e2ce045
resized_images/unhealthy03/unhealthy_0687.jpg,archive/development/resized_images/unhealthy03/unhealthy_0687.jpg,297744,f8a1fcaa3d14a0a08265b956510e4a9a79c7a265f805193b1ce251e67ecfdc08
resized_images/unhealthy03/unhealthy_0688.jpg,archive/development/resized_images/unhealthy03/unhealthy_0688.jpg,313780,ab50312b42a4e6ecf85803815ed595d1c0aa26dde4bad6d54bebedb567fcb7cd
resized_images/unhealthy03/unhealthy_0689.jpg,archive/development/resized_images/unhealthy03/unhealthy_0689.jpg,280737,3857c20848bae4e13862a22c8a570b99387139b70a515b8b4e1bce0af0d4a4ba
resized_images/unhealthy03/unhealthy_0690.jpg,archive/development/resized_images/unhealthy03/unhealthy_0690.jpg,336658,848b188a8880e98e951e795c0bf72d6a2c8c424ccdf0108b9463ef5b7f92c131
resized_images/unhealthy03/unhealthy_0691.jpg,archive/development/resized_images/unhealthy03/unhealthy_0691.jpg,319945,257799cf3d68688c881251e0d0769917a7523b84016d71e832f10615c9c8a50e
resized_images/unhealthy03/unhealthy_0692.jpg,archive/development/resized_images/unhealthy03/unhealthy_0692.jpg,298158,4ac9c509dee712e7a30c5727963a294238652bb59cdc0884d40d7199f7b9c8d6
resized_images/unhealthy03/unhealthy_0693.jpg,archive/development/resized_images/unhealthy03/unhealthy_0693.jpg,345639,19bc4a28d5a23bef653984b5f31eea7c7aa2bc1c22c5358300ac4b00fd605d41
resized_images/unhealthy03/unhealthy_0694.jpg,archive/development/resized_images/unhealthy03/unhealthy_0694.jpg,320772,d888a87dcf716f44b6241599f9c4914ce4f37762ca112486f70589894e5687b8
resized_images/unhealthy03/unhealthy_0695.jpg,archive/development/resized_images/unhealthy03/unhealthy_0695.jpg,365278,b4ef0672a58d03fee1d0e9a290337644f14586983530aec7a239ebdfbf88835a
resized_images/unhealthy03/unhealthy_0696.jpg,archive/development/resized_images/unhealthy03/unhealthy_0696.jpg,286327,aae862ecf48f578028d818e519ad7571a862c2f62cf8e29b91c4686b4482239c
resized_images/unhealthy03/unhealthy_0697.jpg,archive/development/resized_images/unhealthy03/unhealthy_0697.jpg,291070,ad877d8367e01be2dbee41d7b7bca974b8988e7b8ed9f629f005c3d1d781e99a
resized_images/unhealthy03/unhealthy_0698.jpg,archive/development/resized_images/unhealthy03/unhealthy_0698.jpg,298485,7f5d476fb5a9424fa67ef186d759f52561d8e51951149a7c838948f348dd2bf5
resized_images/unhealthy03/unhealthy_0699.jpg,archive/development/resized_images/unhealthy03/unhealthy_0699.jpg,299976,e850e9de47db05c65b33cc0aac2a8a4da2b354000a6d84d4d468bb8cc37c7192
resized_images/unhealthy03/unhealthy_0700.jpg,archive/development/resized_images/unhealthy03/unhealthy_0700.jpg,281507,4b7d419c80d8de69e7032cb51c57c6bf636328e3b0cc109614862c09f1a30653
resized_images/unhealthy03/unhealthy_0701.jpg,archive/development/resized_images/unhealthy03/unhealthy_0701.jpg,333094,8dae6b9a4aebb80a171e60dc9a82bb346cfe221975fca5ca80aeaadc93054ba3
resized_images/unhealthy03/unhealthy_0702.jpg,archive/development/resized_images/unhealthy03/unhealthy_0702.jpg,353087,bfe8464ebbc9de8593816ae5903e50bbea11f490f25784f4a41f973d57d8a818
resized_images/unhealthy03/unhealthy_0703.jpg,archive/development/resized_images/unhealthy03/unhealthy_0703.jpg,274327,b603721f24734ff9b49c8ed329e73ae514dbc1c5da8c10c4038b6305f2962e66
resized_images/unhealthy03/unhealthy_0704.jpg,archive/development/resized_images/unhealthy03/unhealthy_0704.jpg,219964,878d6b81cbc18b364c61b301684dc47b2f90a088ed44055aad50a4b532b27f05
resized_images/unhealthy03/unhealthy_0705.jpg,archive/development/resized_images/unhealthy03/unhealthy_0705.jpg,227898,498fd4bd56da2a912eea9716b1fc434113eb60b179e62420df7264391348f2be
resized_images/unhealthy03/unhealthy_0706.jpg,archive/development/resized_images/unhealthy03/unhealthy_0706.jpg,273245,8383c6a532745351cdcd9bbacbad13addb122412aa39d39045d6f66b775174ac
resized_images/unhealthy03/unhealthy_0708.jpg,archive/development/resized_images/unhealthy03/unhealthy_0708.jpg,250787,b424205b05a984689459b33490cc55caa639f60861cb478cee8f5daccd06069c
resized_images/unhealthy03/unhealthy_0709.jpg,archive/development/resized_images/unhealthy03/unhealthy_0709.jpg,306283,86f5b79f1f8683551ba40c405296295ea3b2cf65856258a5c11f64b09c407e4c
resized_images/unhealthy03/unhealthy_0711.jpg,archive/development/resized_images/unhealthy03/unhealthy_0711.jpg,274324,43b8484fe05904cc28b4392480ac27db37fdd0932fc12fb4d75a5d46b1a08f5e
resized_images/unhealthy03/unhealthy_0712.jpg,archive/development/resized_images/unhealthy03/unhealthy_0712.jpg,271798,81c10257629b56d5b2da1bf01a51cbbc16b960f58de9c8c9fba7fb924c015f60
resized_images/unhealthy03/unhealthy_0713.jpg,archive/development/resized_images/unhealthy03/unhealthy_0713.jpg,249415,b008414e9875bce9779046826c772b5e52506d0e54115ce448c6bb674091684e
resized_images/unhealthy03/unhealthy_0714.jpg,archive/development/resized_images/unhealthy03/unhealthy_0714.jpg,285042,402c5eb9a74f8f83568aa024a54d2790a5be4652640cd80b9b6df4abdc000b61
resized_images/unhealthy03/unhealthy_0715.jpg,archive/development/resized_images/unhealthy03/unhealthy_0715.jpg,268757,f93b637dcefc2b041529cc90b0fa36e9416bdfe8514400e028f162ccf6756ee1
resized_images/unhealthy03/unhealthy_0716.jpg,archive/development/resized_images/unhealthy03/unhealthy_0716.jpg,248686,5692d1795a2afe003c03bc5d53b75e18e24d0166a0720e15a3a685f970cdf30e
resized_images/unhealthy03/unhealthy_0717.jpg,archive/development/resized_images/unhealthy03/unhealthy_0717.jpg,304537,4043f5447954d04cf3eb5d869ed0d0e098ba74ae361ef2e02425c36c3b903c51
resized_images/unhealthy03/unhealthy_0718.jpg,archive/development/resized_images/unhealthy03/unhealthy_0718.jpg,236157,0da5a9e1be302f63ee584f3acde03f9c95d88999e888c2198525704753f27f6d
resized_images/unhealthy03/unhealthy_0719.jpg,archive/development/resized_images/unhealthy03/unhealthy_0719.jpg,262779,a8ff89cf2a26edae54e8460740ad7be54dd56826465d727c748a07d3fa76a984
resized_images/unhealthy03/unhealthy_0720.jpg,archive/development/resized_images/unhealthy03/unhealthy_0720.jpg,258634,47964c0b3bc18d6d8e18259e430f925bc0de052e287cb6ea8f223787f8267721
resized_images/unhealthy03/unhealthy_0721.jpg,archive/development/resized_images/unhealthy03/unhealthy_0721.jpg,252867,ccce6156cde1d0aa9db7e6985a9985b3b9df29de298e39ad52679bcffa810b78
resized_images/unhealthy03/unhealthy_0722.jpg,archive/development/resized_images/unhealthy03/unhealthy_0722.jpg,266864,d579c89d30088483c3a69ccc18feef90dbbdaced5bb81b8d42f04b42b635d01e
resized_images/unhealthy03/unhealthy_0723.jpg,archive/development/resized_images/unhealthy03/unhealthy_0723.jpg,289613,c314da13b942da623018a2073a01d3bcef2c9e678250b23a95cf192f7d9f5480
resized_images/unhealthy03/unhealthy_0724.jpg,archive/development/resized_images/unhealthy03/unhealthy_0724.jpg,274262,b701ccc32687e659f7775c3392250a4604b17b19a2d048a7ea3c5a348d6c967a
resized_images/unhealthy03/unhealthy_0725.jpg,archive/development/resized_images/unhealthy03/unhealthy_0725.jpg,336134,2f1a6d3bf38deddb5911c8c27c160ce81a409a407d4572444d0abd2d519b8925
resized_images/unhealthy03/unhealthy_0726.jpg,archive/development/resized_images/unhealthy03/unhealthy_0726.jpg,358530,b6293355424a19ce45fadca4ab7b19844ef33c460823e5ec39f14e61ec2f9707
resized_images/unhealthy03/unhealthy_0727.jpg,archive/development/resized_images/unhealthy03/unhealthy_0727.jpg,316476,5c435b174b6da8267c1f432d5fbe520349e411ab1982720bfd4e8832728d2ab6
resized_images/unhealthy03/unhealthy_0728.jpg,archive/development/resized_images/unhealthy03/unhealthy_0728.jpg,359710,b81a0dd44f7e51819619734d6552a4492af38f95f87f18c4d7349e1d3e2f6d7a
resized_images/unhealthy03/unhealthy_0729.jpg,archive/development/resized_images/unhealthy03/unhealthy_0729.jpg,227193,fbe8cd47ffb0968d835aa008eda3ad64a08e1d303da73f84af15e68b52310ce4
resized_images/unhealthy03/unhealthy_0730.jpg,archive/development/resized_images/unhealthy03/unhealthy_0730.jpg,235712,669e2c7dc8345bfc2c9e43cb9b03828679fe0ee34a19a09b9cc1b705551601b6
resized_images/unhealthy03/unhealthy_0731.jpg,archive/development/resized_images/unhealthy03/unhealthy_0731.jpg,298769,2f5157d1fa12740496c894eaf8ded683b9563267a8cdd39ab4d965e7f9a30f22
resized_images/unhealthy03/unhealthy_0732.jpg,archive/development/resized_images/unhealthy03/unhealthy_0732.jpg,325193,c5441bd580c130ab9c3f049026460f564e9eda961a05507092fc3bacf025ae6d
resized_images/unhealthy03/unhealthy_0733.jpg,archive/development/resized_images/unhealthy03/unhealthy_0733.jpg,310900,cb25d1f24a40c4c91b4d48fd4a16032641c0e1e8dc5fde0a71903240f562b4bc
resized_images/unhealthy03/unhealthy_0734.jpg,archive/development/resized_images/unhealthy03/unhealthy_0734.jpg,260282,a139f40e26336e40d1b2117d47ad369bab56373ae88b0aa50515e0034ca5064c
resized_images/unhealthy03/unhealthy_0735.jpg,archive/development/resized_images/unhealthy03/unhealthy_0735.jpg,223813,e51e95ef2dd100ecfb22474c51d7288ad2210f240486192cbdb938eea30336fe
resized_images/unhealthy03/unhealthy_0736.jpg,archive/development/resized_images/unhealthy03/unhealthy_0736.jpg,253233,665ff88c2d2570e836ae105d392de92ae99ccb6882f9539772e9fab15a6e58ab
resized_images/unhealthy03/unhealthy_0737.jpg,archive/development/resized_images/unhealthy03/unhealthy_0737.jpg,228676,668ef88d2f39bbeb2cf78b914baf1bf62dcb14b3424f27de428423905c7b7a87
resized_images/unhealthy03/unhealthy_0738.jpg,archive/development/resized_images/unhealthy03/unhealthy_0738.jpg,260634,d911887db5406dbfdcb37e5cf194c5f0fa0d040f0116a45fa2ea8fcb25c4c9a9
resized_images/unhealthy03/unhealthy_0740.jpg,archive/development/resized_images/unhealthy03/unhealthy_0740.jpg,256877,5bfd6e767314f4db5c488b5b4fd4ea0a7b2ab85cb6fe72454dcd210555dc5cbb
resized_images/unhealthy03/unhealthy_0741.jpg,archive/development/resized_images/unhealthy03/unhealthy_0741.jpg,276204,c47da716120c993a621c55248e72304587439a67ee8e3a23c6848d3cd438da22
resized_images/unhealthy03/unhealthy_0742.jpg,archive/development/resized_images/unhealthy03/unhealthy_0742.jpg,231719,092ddcc122950b62d008302e87b613211190ef65fc0724456461d608e2714829
resized_images/unhealthy03/unhealthy_0743.jpg,archive/development/resized_images/unhealthy03/unhealthy_0743.jpg,273224,3f1350824301129eff6d1c75a3ec38acbc4febedff97959172dbd282e09d77d4
resized_images/unhealthy03/unhealthy_0744.jpg,archive/development/resized_images/unhealthy03/unhealthy_0744.jpg,285789,d99cb30fd05e5b8df9bb819794332db7c761e5309104ca9cc98b391946655107
resized_images/unhealthy03/unhealthy_0745.jpg,archive/development/resized_images/unhealthy03/unhealthy_0745.jpg,265431,d890eb1e9ba27122827b7e66ef7dba1cb12d1b549b9891871252cc4547cee101
resized_images/unhealthy03/unhealthy_0746.jpg,archive/development/resized_images/unhealthy03/unhealthy_0746.jpg,202519,8831f6b34bf29aa4cbf1d5af44d5d688ab1d559f734802af71cb019d3fcca460
resized_images/unhealthy03/unhealthy_0747.jpg,archive/development/resized_images/unhealthy03/unhealthy_0747.jpg,311589,b160576461042da25d24541049acbb71197cd4e042b39c264d9428ccd4c5e53c
resized_images/unhealthy03/unhealthy_0748.jpg,archive/development/resized_images/unhealthy03/unhealthy_0748.jpg,273288,72a2239793c369a6613ecf78dc5492aae2d1480757eb9cb3ed9aa7deb742a8e7
resized_images/unhealthy03/unhealthy_0749.jpg,archive/development/resized_images/unhealthy03/unhealthy_0749.jpg,247495,408b271236e0a24d7d336f536ae1092723003a16fee6e6ba7e8e01877a34d09a
resized_images/unhealthy03/unhealthy_0750.jpg,archive/development/resized_images/unhealthy03/unhealthy_0750.jpg,260465,6386bffee4164da246a6e8b5520045cc8f76c461e17ab7a9bc90a31e48c1585f
resized_images/unhealthy03/unhealthy_0751.jpg,archive/development/resized_images/unhealthy03/unhealthy_0751.jpg,306738,02b190ad99bbe83b64322295ad9d0008189170d286c0a53dbcd5baac2c3efd80
resized_images/unhealthy03/unhealthy_0752.jpg,archive/development/resized_images/unhealthy03/unhealthy_0752.jpg,286227,2304a078d5ec26d60f7964f5076407beba629b39a9dd2a87c3bd0e67c1defbf1
resized_images/unhealthy03/unhealthy_0753.jpg,archive/development/resized_images/unhealthy03/unhealthy_0753.jpg,222207,cbda79fbd4b210d4655fc4cad6b6f471e31be11f903c699cf0d867acd091f59e
resized_images/unhealthy03/unhealthy_0754.jpg,archive/development/resized_images/unhealthy03/unhealthy_0754.jpg,275410,0614dbf6d5fb5d0017d022230d50d06a52486809cf3028e8dc9c196938937d3b
resized_images/unhealthy03/unhealthy_0755.jpg,archive/development/resized_images/unhealthy03/unhealthy_0755.jpg,274476,4857b558cd0759496e1cccae09e5116847054826d6a47ab5df62a63bf9082856
resized_images/unhealthy03/unhealthy_0756.jpg,archive/development/resized_images/unhealthy03/unhealthy_0756.jpg,345003,99774f10afcb1d03ae84325cb9a571cfb84af7d670813b0e79578ae9d0a0d02f
resized_images/unhealthy03/unhealthy_0757.jpg,archive/development/resized_images/unhealthy03/unhealthy_0757.jpg,269887,e0e1805d1de5b3fdc45e076a8aa914dc02517d8d8bfacda72b5b533a6f4b198c
resized_images/unhealthy03/unhealthy_0758.jpg,archive/development/resized_images/unhealthy03/unhealthy_0758.jpg,237131,7253eaf4eff9dedd3bdac11b6fce662303656ee420d361c1ed17465dab4bd299
resized_images/unhealthy03/unhealthy_0759.jpg,archive/development/resized_images/unhealthy03/unhealthy_0759.jpg,285386,3b9fa07602986bd65f3b6965d21af96de5f255a05e3251c7b372befef5eb587d
resized_images/unhealthy03/unhealthy_0760.jpg,archive/development/resized_images/unhealthy03/unhealthy_0760.jpg,296792,8de9a7fb494e882e3854cd1f2733239cfc8f5ba0761e3df20a82086e09949e20
resized_images/unhealthy03/unhealthy_0761.jpg,archive/development/resized_images/unhealthy03/unhealthy_0761.jpg,277495,b92107ea3c2f920725348c0f54ee9a7f449bd83694b8d2d0a23c81a02b3a1b2c
resized_images/unhealthy03/unhealthy_0762.jpg,archive/development/resized_images/unhealthy03/unhealthy_0762.jpg,249629,0a898e9cf240bb9b2354032ea62ed0a2e26953f8312a5bd17a4e797305d8e567
resized_images/unhealthy03/unhealthy_0763.jpg,archive/development/resized_images/unhealthy03/unhealthy_0763.jpg,334738,28f40f956535dac0c2945de00e8e52f10ce28ad978b2cb9fb2a2ef9cad59e640
resized_images/unhealthy03/unhealthy_0764.jpg,archive/development/resized_images/unhealthy03/unhealthy_0764.jpg,230959,334f68bd89b046426782188e7fcc8e1f426607ab3a40498a44bca0846bcdc1fc
resized_images/unhealthy03/unhealthy_0765.jpg,archive/development/resized_images/unhealthy03/unhealthy_0765.jpg,212403,0e8c11f09a4f396d24028311dcd4e4cd90414e9f4b2083dd3f909206ee9d696d
resized_images/unhealthy03/unhealthy_0766.jpg,archive/development/resized_images/unhealthy03/unhealthy_0766.jpg,261446,788f70ecce242d6fd30ff70a4b1088656e40c789b4b352a2c6b5bf6f70cd62e9
resized_images/unhealthy03/unhealthy_0767.jpg,archive/development/resized_images/unhealthy03/unhealthy_0767.jpg,214312,fbe8e7a389e21ffdb638446375831b4bcac7cf00bb0a81ba4e96e3eb37eed717
resized_images/unhealthy03/unhealthy_0768.jpg,archive/development/resized_images/unhealthy03/unhealthy_0768.jpg,225465,66fc5fdb55eb70eb356af21bdab696027d39e382538a62f647336e050116fe88
resized_images/unhealthy03/unhealthy_0769.jpg,archive/development/resized_images/unhealthy03/unhealthy_0769.jpg,298994,66192ab18d753cc341503b30581bc78fcb09d695ebd5dfb1d2ffe8260b3074ea
resized_images/unhealthy03/unhealthy_0770.jpg,archive/development/resized_images/unhealthy03/unhealthy_0770.jpg,214713,bccb931716d52f69ea25ccc6be01803f9b805742a3498e0516d0dee91ace33bd
resized_images/unhealthy03/unhealthy_0771.jpg,archive/development/resized_images/unhealthy03/unhealthy_0771.jpg,372824,1967624a7d204ee0867284a9594c100a6b0ee7870a160552d08b85ce0a12a9e9
resized_images/unhealthy03/unhealthy_0772.jpg,archive/development/resized_images/unhealthy03/unhealthy_0772.jpg,404016,7d7d95bc18a09ad2c4f4395ff6f44c308462cd222069394f7feab07612b99b00
resized_images/unhealthy03/unhealthy_0773.jpg,archive/development/resized_images/unhealthy03/unhealthy_0773.jpg,306353,cdd21986f092704daf464e45836f4f665f31c165c4bae995e056d980cd9720ba
resized_images/unhealthy03/unhealthy_0774.jpg,archive/development/resized_images/unhealthy03/unhealthy_0774.jpg,315598,fe6f2d29d47dc4452a3c520be78145c0d827c13fca02cc3a30b416c806386ff7
resized_images/unhealthy03/unhealthy_0775.jpg,archive/development/resized_images/unhealthy03/unhealthy_0775.jpg,327884,6e57c77492afbf5f96d2f859670aefb06f32a46daffb4b2017ce6a7d1fc738d6
resized_images/unhealthy03/unhealthy_0776.jpg,archive/development/resized_images/unhealthy03/unhealthy_0776.jpg,360919,33e62d06c100fd6b5670346e20e5d65a425a5b07f8157ba31aabb4c103787cf9
resized_images/unhealthy03/unhealthy_0777.jpg,archive/development/resized_images/unhealthy03/unhealthy_0777.jpg,332634,a6c940b7182b8eeaf8b71b763e7d142950a0f28a82e10870bd872fe1b2aa07f7
resized_images/unhealthy03/unhealthy_0778.jpg,archive/development/resized_images/unhealthy03/unhealthy_0778.jpg,397413,8091a259b276c127643993bfddf6eaaaf9c54c6e512a908aa966d2d798dd00cb
resized_images/unhealthy03/unhealthy_0779.jpg,archive/development/resized_images/unhealthy03/unhealthy_0779.jpg,414318,e9a60a70467b09f20bedf2d93a0dcf023aeca4708cb75b675bb58847992d40be
resized_images/unhealthy03/unhealthy_0780.jpg,archive/development/resized_images/unhealthy03/unhealthy_0780.jpg,340838,9eed447af9aee045fae467da666ae4dcf0b542345bdf84f5ff1acaf6836bd997
resized_images/unhealthy03/unhealthy_0781.jpg,archive/development/resized_images/unhealthy03/unhealthy_0781.jpg,278319,cb71bcdc79a552515fd162f04896f3c13ffe44ec1a250885aedc906bb26f821a
resized_images/unhealthy03/unhealthy_0782.jpg,archive/development/resized_images/unhealthy03/unhealthy_0782.jpg,348580,f298e2cc1a7baa91f0e1ab6ec1f48ebbf9333708e96a56f719a39f830b6f6c8f
resized_images/unhealthy03/unhealthy_0783.jpg,archive/development/resized_images/unhealthy03/unhealthy_0783.jpg,339208,8e2543edd0f2c4608a6f0e881196b7c7d05d53e8e89caffbb1b59ee768170078
resized_images/unhealthy03/unhealthy_0784.jpg,archive/development/resized_images/unhealthy03/unhealthy_0784.jpg,417117,a51e313fa980a9f5503ccf253e22508bb110af34eea46de30617331a84ba7330
resized_images/unhealthy03/unhealthy_0785.jpg,archive/development/resized_images/unhealthy03/unhealthy_0785.jpg,290235,910183e863e23ab33cacdb55456fb60b15b096a1973dea7c303c7f10897dc405
resized_images/unhealthy03/unhealthy_0786.jpg,archive/development/resized_images/unhealthy03/unhealthy_0786.jpg,349385,06b212ff0df561ea4476cc8fd5b2c3075bb3eb12959426c7755ee97ae53a8b69
resized_images/unhealthy03/unhealthy_0787.jpg,archive/development/resized_images/unhealthy03/unhealthy_0787.jpg,334836,c622d4c4f742f865e91e8645f299056fbbfd2ea29aad07599754161822c3baca
resized_images/unhealthy03/unhealthy_0788.jpg,archive/development/resized_images/unhealthy03/unhealthy_0788.jpg,368797,b2d8a5a0438097bfb782375b062c779cca579b3e81527382b32c5e0f729353dc
resized_images/unhealthy03/unhealthy_0789.jpg,archive/development/resized_images/unhealthy03/unhealthy_0789.jpg,352094,e1810c8ef7c3ffecabc6383fcec3d9922b76df4258c7190e0300cfcb64fdf467
resized_images/unhealthy03/unhealthy_0790.jpg,archive/development/resized_images/unhealthy03/unhealthy_0790.jpg,294891,309d75232abb1d4f63e816cc012f1c64f12400ca83db3800d5ae87416aa2ef42
resized_images/unhealthy03/unhealthy_0791.jpg,archive/development/resized_images/unhealthy03/unhealthy_0791.jpg,312291,6c2f2ba02a2149a3ef14355bd58abc43b43cf809e70dde6faac1ba9f69baf62a
resized_images/unhealthy03/unhealthy_0792.jpg,archive/development/resized_images/unhealthy03/unhealthy_0792.jpg,282798,ade9257c0d2e169b1ef3d0c9a4b0209ab3e92efb2838018e2e67209278f4ba39
resized_images/unhealthy03/unhealthy_0793.jpg,archive/development/resized_images/unhealthy03/unhealthy_0793.jpg,320224,63a712e61c36de166f7cbffc253743a72f2e570dc395125ed1b7ec01626d9a95
resized_images/unhealthy03/unhealthy_0794.jpg,archive/development/resized_images/unhealthy03/unhealthy_0794.jpg,359614,99d0c741760d8b050c9cc29b4889b3346b3e5b2b801181c1c786c3dd8e43cd42
resized_images/unhealthy03/unhealthy_0795.jpg,archive/development/resized_images/unhealthy03/unhealthy_0795.jpg,324383,b16083492f45a0423d3aaf22ce92afd5afe80341ca2d6c43a47cdbf30f265bf0
resized_images/unhealthy03/unhealthy_0796.jpg,archive/development/resized_images/unhealthy03/unhealthy_0796.jpg,362297,2a2bbe824406eeddf6a376c4fcd9cfd92e571d2427cbdecb28e56b92480f9011
resized_images/unhealthy03/unhealthy_0797.jpg,archive/development/resized_images/unhealthy03/unhealthy_0797.jpg,397486,e3b51d895a4537acea57a574723d2e8a089c13f1979b551571f0196ca934d396
resized_images/unhealthy03/unhealthy_0798.jpg,archive/development/resized_images/unhealthy03/unhealthy_0798.jpg,301982,0c1e5b087a8558117413ce3b884f5a5667b9e852df2cc628ea1bc1c09952aa80
resized_images/unhealthy03/unhealthy_0799.jpg,archive/development/resized_images/unhealthy03/unhealthy_0799.jpg,306128,fd023e41b10d09ea90d9e4eb9ba63ce36ead2f4047d871e038228091f39485cc
resized_images/unhealthy03/unhealthy_0800.jpg,archive/development/resized_images/unhealthy03/unhealthy_0800.jpg,237802,ccfbdd4e6b5ac38845d7abf6a4c50d432c3d4ef4d0be3bd282165ff41bd92e30
resized_images/unhealthy03/unhealthy_0801.jpg,archive/development/resized_images/unhealthy03/unhealthy_0801.jpg,313339,a25bd8c78109b65e67af86a7e52ec56a0079d81c52cc8cbf711efe4b5e8f62c0
resized_images/unhealthy03/unhealthy_0802.jpg,archive/development/resized_images/unhealthy03/unhealthy_0802.jpg,364404,8d55181d47c8500ae05a7fa397b03b6a8fe00f7b4e0d26fe57d5c8a848718071
resized_images/unhealthy03/unhealthy_0803.jpg,archive/development/resized_images/unhealthy03/unhealthy_0803.jpg,324076,f864f292899009821b3fbcfa04559fba077516fd6890b226130a2d1d0cf010e6
resized_images/unhealthy03/unhealthy_0806.jpg,archive/development/resized_images/unhealthy03/unhealthy_0806.jpg,257684,a1d2a83f1a27053dc6e445ffadd48402743221bc2877071e09d39afa64daca8f
resized_images/unhealthy03/unhealthy_0807.jpg,archive/development/resized_images/unhealthy03/unhealthy_0807.jpg,247581,f42d9844cbae0c6f091905f2a2471014ee4415d8aab4ccdf1168a1b7e7efccfa
resized_images/unhealthy03/unhealthy_0808.jpg,archive/development/resized_images/unhealthy03/unhealthy_0808.jpg,223851,e49e3d73d110a311ea8afe40afc752e2f7c0a6100be121300f1f52362160f0bf
resized_images/unhealthy03/unhealthy_0809.jpg,archive/development/resized_images/unhealthy03/unhealthy_0809.jpg,343104,fe0925ddd8b894eb6d279e6b5f6c9a04fbc0ee4a6440e1bcfac3071598bd8a80
resized_images/unhealthy03/unhealthy_0810.jpg,archive/development/resized_images/unhealthy03/unhealthy_0810.jpg,271621,31f5f1f85dead9fa79feca7f65c07799b74468d9ae83870ee1aa8e8deb07c0ff
resized_images/unhealthy03/unhealthy_0812.jpg,archive/development/resized_images/unhealthy03/unhealthy_0812.jpg,291336,d910a3cc7cef437fd5813a0b815cc9423b6d96057466fb5e6a54ebf782847162
resized_images/unhealthy03/unhealthy_0813.jpg,archive/development/resized_images/unhealthy03/unhealthy_0813.jpg,287305,acc7814339df6ee456e2c8d5a85feb4cee3b2a32722145f5990d89268c55288e
resized_images/unhealthy03/unhealthy_0814.jpg,archive/development/resized_images/unhealthy03/unhealthy_0814.jpg,317817,8de07a7ccb0fed11d8a9bf3f115fd2de6d65332b03b48641912800981fb2aebe
resized_images/unhealthy03/unhealthy_0815.jpg,archive/development/resized_images/unhealthy03/unhealthy_0815.jpg,334746,98f9eef6a3ad6f0c8b406cf824a0ad60abb2153a0f87a113d852deefdc8fbbad
resized_images/unhealthy03/unhealthy_0816.jpg,archive/development/resized_images/unhealthy03/unhealthy_0816.jpg,259311,12072c244dc7ca87cf698d37f711350644e1260599f08d742b5f3963d0a5aad7
resized_images/unhealthy03/unhealthy_0817.jpg,archive/development/resized_images/unhealthy03/unhealthy_0817.jpg,202426,b5ad36f42a171e07331902ddd1ad233e7dd24178c6a08b5aa29d43adfe774149
resized_images/unhealthy03/unhealthy_0818.jpg,archive/development/resized_images/unhealthy03/unhealthy_0818.jpg,257932,65773189f4f73dff7d536a6029ef33fb6e0add780b450d41a8c6039eff81ef9b
resized_images/unhealthy03/unhealthy_0819.jpg,archive/development/resized_images/unhealthy03/unhealthy_0819.jpg,272561,f65f8c623f1f3531e2997165a95962771fd745fa1a9a6ee1015ce525e62ab749
resized_images/unhealthy03/unhealthy_0820.jpg,archive/development/resized_images/unhealthy03/unhealthy_0820.jpg,283298,b40eb40bebee246845ea4f67e06dcd5e16bb3ac8f2eb1aaca9dfd03477dc8e45
resized_images/unhealthy03/unhealthy_0821.jpg,archive/development/resized_images/unhealthy03/unhealthy_0821.jpg,281109,d5da3a9c9d2e6fed17b11e64ab54114f0a423526c18a29b06415e04cb118664b
resized_images/unhealthy03/unhealthy_0822.jpg,archive/development/resized_images/unhealthy03/unhealthy_0822.jpg,260816,e0c4b1b778ab68cfa4822039979843967939f4339803ff3aa6c39cb0db591772
resized_images/unhealthy03/unhealthy_0823.jpg,archive/development/resized_images/unhealthy03/unhealthy_0823.jpg,263457,59a1fb809caabedde1dcfb6386b377373610a8b7c7dc05c27a8e33e33069d8f4
resized_images/unhealthy03/unhealthy_0824.jpg,archive/development/resized_images/unhealthy03/unhealthy_0824.jpg,266002,53e4958eccd2475457d1dec6a2490052c6665b844eca4dc198e35d6d34f4582a
resized_images/unhealthy03/unhealthy_0825.jpg,archive/development/resized_images/unhealthy03/unhealthy_0825.jpg,229261,61f5d432306e046b81474a2c39f372dc656a40741272175c18be8464807bba7d
resized_images/unhealthy03/unhealthy_0826.jpg,archive/development/resized_images/unhealthy03/unhealthy_0826.jpg,214100,43ceb1f50fb73806cd252c88bfc1caddd8994581ae7a1e45773cccad55d4063a
resized_images/unhealthy03/unhealthy_0827.jpg,archive/development/resized_images/unhealthy03/unhealthy_0827.jpg,238065,dcde70ee43811774beef123125a6bc827c8ff16724464bc55c4b1e0df516cba8
resized_images/unhealthy03/unhealthy_0828.jpg,archive/development/resized_images/unhealthy03/unhealthy_0828.jpg,265886,7f0f855cf57128060a9e98a38c5c0c2dfc65b94ef46cef816caefcf71442112e
resized_images/unhealthy03/unhealthy_0830.jpg,archive/development/resized_images/unhealthy03/unhealthy_0830.jpg,300356,694539c0d67fa2c7d5684445d4f644a5a1ff5d84815851614a49b98639815b0a
resized_images/unhealthy03/unhealthy_0831.jpg,archive/development/resized_images/unhealthy03/unhealthy_0831.jpg,334016,f7da77c4307b9f13e6e0c0fcb42c293d983ca7325c776447d7b5996a7cba9015
resized_images/unhealthy03/unhealthy_0832.jpg,archive/development/resized_images/unhealthy03/unhealthy_0832.jpg,313135,1a73502bc6730f68c3b7f1d5d1ea0d897b6f048c396e24de324c35ec7fc78b99
resized_images/unhealthy03/unhealthy_0833.jpg,archive/development/resized_images/unhealthy03/unhealthy_0833.jpg,338146,edd92e37f7fbf11b449f60e71fb51f6287ecb2debe340bbed267ddcd524971cb
resized_images/unhealthy03/unhealthy_0834.jpg,archive/development/resized_images/unhealthy03/unhealthy_0834.jpg,316612,1cec2253cf96199adf2d697e564fb3f55d1624d424e5883eadcef1757d769a13
resized_images/unhealthy03/unhealthy_0835.jpg,archive/development/resized_images/unhealthy03/unhealthy_0835.jpg,324671,930f3f018b8f81246830a17e01ff55f344cc1f273d8e862dcef576b2156b335b
resized_images/unhealthy03/unhealthy_0836.jpg,archive/development/resized_images/unhealthy03/unhealthy_0836.jpg,347852,a63ea923e04916179b651bb687d0a7193b639468442de5f768b4bcff9157da8b
resized_images/unhealthy03/unhealthy_0837.jpg,archive/development/resized_images/unhealthy03/unhealthy_0837.jpg,361828,a1e1991a9d55312048ff4f690d9578d2ffa10cecf3c9051f57cc8561c820f0ad
resized_images/unhealthy03/unhealthy_0838.jpg,archive/development/resized_images/unhealthy03/unhealthy_0838.jpg,399177,a5d10aa92da4a0663162a11d7bb4b659fa6d773917879ddf4714ea5d6642b164
resized_images/unhealthy03/unhealthy_0839.jpg,archive/development/resized_images/unhealthy03/unhealthy_0839.jpg,381050,26b9c896a782b2445a5ecd3b30ab31412f355ba0a5dba025b58c9cd42ebeacba
resized_images/unhealthy03/unhealthy_0840.jpg,archive/development/resized_images/unhealthy03/unhealthy_0840.jpg,369823,76bf2d6fed91a8ef9f79545884ea30c57c4314eb84536a2a804a8cf66533aee8
resized_images/unhealthy03/unhealthy_0841.jpg,archive/development/resized_images/unhealthy03/unhealthy_0841.jpg,311171,59961251fefc71d2277aee16a8cbb380dc42c575f99d779bb83d1a7f969d7f79
resized_images/unhealthy03/unhealthy_0842.jpg,archive/development/resized_images/unhealthy03/unhealthy_0842.jpg,342991,661515893da24c8949339158b68a37232ec2e113b7c18825b275dc0f4f3e95f0
resized_images/unhealthy03/unhealthy_0843.jpg,archive/development/resized_images/unhealthy03/unhealthy_0843.jpg,330578,f4352b3b7130ee4a36169293540ebb4bf768c0da1fbda7b120bc8bdd22563911
resized_images/unhealthy03/unhealthy_0844.jpg,archive/development/resized_images/unhealthy03/unhealthy_0844.jpg,301528,5b0ffddc814217675850a38444ad6e0d00df31219523786c5ed07db25db637a5
resized_images/unhealthy03/unhealthy_0845.jpg,archive/development/resized_images/unhealthy03/unhealthy_0845.jpg,344815,fd63450e21c05a1f3df4ca72d2e63c173cb362453384d18eb0b5c475dec0263d
resized_images/unhealthy03/unhealthy_0846.jpg,archive/development/resized_images/unhealthy03/unhealthy_0846.jpg,309396,65e0a5c86c424b15429a044834f7617adff3d9f7557c1eb9ba718cf4554ce685
resized_images/unhealthy03/unhealthy_0847.jpg,archive/development/resized_images/unhealthy03/unhealthy_0847.jpg,300312,fdf51f2d4f4ac8e950e8e536886bdb14d0fb6af38236eb1a782ea7be82b62b31
resized_images/unhealthy03/unhealthy_0849.jpg,archive/development/resized_images/unhealthy03/unhealthy_0849.jpg,200700,b95ede1fe1463375c3010459a9dade1388fca345f46077e9855542dc06b24800
resized_images/unhealthy03/unhealthy_0850.jpg,archive/development/resized_images/unhealthy03/unhealthy_0850.jpg,219397,a3f24407cbe197da0f2eff5a749cc12e6c8d06b16d5efb922452a6315d813413
resized_images/unhealthy03/unhealthy_0851.jpg,archive/development/resized_images/unhealthy03/unhealthy_0851.jpg,204737,6246a1cbd9de5f78cc9a617126df4c57ece8a17b4b160bf0339eb5a6ba3ff5ba
resized_images/unhealthy03/unhealthy_0852.jpg,archive/development/resized_images/unhealthy03/unhealthy_0852.jpg,250651,3e40cae29bd911b309642483f07b3ae9d1bc1d8338a17417999bf7e864edabb2
resized_images/unhealthy03/unhealthy_0853.jpg,archive/development/resized_images/unhealthy03/unhealthy_0853.jpg,299208,79d35866515e07a5c90e4c247112cecca7fda222b8da56d1681abb4123c46fdc
resized_images/unhealthy03/unhealthy_0854.jpg,archive/development/resized_images/unhealthy03/unhealthy_0854.jpg,340312,cb3ba532cf20d8841e52b90fcfce17d8b848feffc27d6f8166a0ca6143eef54e
resized_images/unhealthy03/unhealthy_0855.jpg,archive/development/resized_images/unhealthy03/unhealthy_0855.jpg,270820,9ae4af5d7b9b597b787fd96801327ea59a447ed78d7a6d3ec6466b81dff51f87
resized_images/unhealthy03/unhealthy_0856.jpg,archive/development/resized_images/unhealthy03/unhealthy_0856.jpg,361427,1cfc8ed909e1217a813ec9f397061330c8aa979b023e2a70523e6482e934f774
resized_images/unhealthy03/unhealthy_0857.jpg,archive/development/resized_images/unhealthy03/unhealthy_0857.jpg,397775,2a11a77c5dce470eb51db17f2a76561fa379a25485d9b0ce33cfd276aa954176
resized_images/unhealthy03/unhealthy_0858.jpg,archive/development/resized_images/unhealthy03/unhealthy_0858.jpg,257210,b9b46200e60757db37018d6584853de34d769f2208f32131beced46201172390
resized_images/unhealthy03/unhealthy_0859.jpg,archive/development/resized_images/unhealthy03/unhealthy_0859.jpg,243345,c654812d7c6f23c218555edb6216ec4ec36471a7ffdd04677bb92a53054f9002
resized_images/unhealthy03/unhealthy_0860.jpg,archive/development/resized_images/unhealthy03/unhealthy_0860.jpg,374228,bade100097090c3091edfeed86228f69cdab0d6e622c38988e74d2118844d66e
resized_images/unhealthy03/unhealthy_0861.jpg,archive/development/resized_images/unhealthy03/unhealthy_0861.jpg,294908,d920f5806698d16633fff3c89854c58a61f6c7979355c9f2a54b9d14c469d5db
resized_images/unhealthy03/unhealthy_0862.jpg,archive/development/resized_images/unhealthy03/unhealthy_0862.jpg,314587,1f34dceecb7dc3df6d967542d21385ba7924bc4020e4b60e92e23cdf6a9e6f59
resized_images/unhealthy03/unhealthy_0863.jpg,archive/development/resized_images/unhealthy03/unhealthy_0863.jpg,262243,63eadf98348e3f0e4fdafaf37cbce0290ae8aa74234f15753bcbb93f6b6c07ed
resized_images/unhealthy03/unhealthy_0864.jpg,archive/development/resized_images/unhealthy03/unhealthy_0864.jpg,290453,947a087cfedd337fdf20524edf55f859ad9adff3372f0eef9c07425d9861dcba
resized_images/unhealthy03/unhealthy_0865.jpg,archive/development/resized_images/unhealthy03/unhealthy_0865.jpg,300734,419445614e9ca31e5ff860f3350dbeca08ec777d2d918ec27688063ca4c4d081
resized_images/unhealthy03/unhealthy_0866.jpg,archive/development/resized_images/unhealthy03/unhealthy_0866.jpg,296602,7e81af7a003d1736163cabe7c048fef9cecabdc9b62207b645be9411f19cf6b6
resized_images/unhealthy03/unhealthy_0869.jpg,archive/development/resized_images/unhealthy03/unhealthy_0869.jpg,249136,b2b1595cfb11c68a78d1f1a8cdca107f12551412ce3dbdb2200d1aae87dd80ef
resized_images/unhealthy03/unhealthy_0870.jpg,archive/development/resized_images/unhealthy03/unhealthy_0870.jpg,300951,3b40a4690b4e04b337c843bc7581a5eb8558b36f2206305ff250ec80aeeaf141
resized_images/unhealthy03/unhealthy_0871.jpg,archive/development/resized_images/unhealthy03/unhealthy_0871.jpg,305480,db99b461f8cf543c413f97292fcc9572dc7959401ae5ce4ce8cd6822db6cacfb
resized_images/unhealthy03/unhealthy_0872.jpg,archive/development/resized_images/unhealthy03/unhealthy_0872.jpg,266109,85a6329caef422a100ada13f65bd983a53538a449de82ef9ebb042fef8919573
resized_images/unhealthy03/unhealthy_0873.jpg,archive/development/resized_images/unhealthy03/unhealthy_0873.jpg,326245,f7629c44ad7fa95886370f419f9429c3a7e086d66e69f6d5520c5dfed219658d
resized_images/unhealthy03/unhealthy_0874.jpg,archive/development/resized_images/unhealthy03/unhealthy_0874.jpg,256275,5fc4806727ea30d4d07891a8f1daea98a9b1cef2842b9b1bfb5e9f82dec8df81
resized_images/unhealthy03/unhealthy_0875.jpg,archive/development/resized_images/unhealthy03/unhealthy_0875.jpg,284393,cb8be5623a3e4218dd5d799fb9e4eacde908a453a4a514b4337075b9e0d51f3b
resized_images/unhealthy03/unhealthy_0876.jpg,archive/development/resized_images/unhealthy03/unhealthy_0876.jpg,315991,0fca1c8543ee412ff5e62c9f36c5394c3adc6229f280d7296eb333eb53721d7b
resized_images/unhealthy03/unhealthy_0877.jpg,archive/development/resized_images/unhealthy03/unhealthy_0877.jpg,312680,532c04e20d2842cfac010b75c938d45d1ecb561ac18ddc271bb6f11fefb7e4ce
resized_images/unhealthy03/unhealthy_0878.jpg,archive/development/resized_images/unhealthy03/unhealthy_0878.jpg,277010,e5b01e0446a6c927b48bc72b3e1292ccfdaeeb36ee6f302b77dc8af0715d49ee
resized_images/unhealthy03/unhealthy_0879.jpg,archive/development/resized_images/unhealthy03/unhealthy_0879.jpg,268942,0f9d39a3bf641e4f0a25bbfd5f93cfd4099ff475e5d6f95ea289ef886b60f8ac
resized_images/unhealthy03/unhealthy_0880.jpg,archive/development/resized_images/unhealthy03/unhealthy_0880.jpg,301080,8381c0be31eaad3a41cd4d29ad36ff1d42a8bab29810898163d21201a5f41927
resized_images/unhealthy03/unhealthy_0881.jpg,archive/development/resized_images/unhealthy03/unhealthy_0881.jpg,362588,241316e6ff3bf312179b9caac5c2cba55b0bb1265b581f1179f78bd2c7b1bdaa
resized_images/unhealthy03/unhealthy_0882.jpg,archive/development/resized_images/unhealthy03/unhealthy_0882.jpg,300624,c676fdab73aab94901e30ddce74d117cc5a60b25c42fd906fe8d17af57581265
resized_images/unhealthy03/unhealthy_0883.jpg,archive/development/resized_images/unhealthy03/unhealthy_0883.jpg,266124,3a1e755f46ca5d956826ad689556c952f68fe9886f11399b2e6ddbb2780f9c81
resized_images/unhealthy03/unhealthy_0884.jpg,archive/development/resized_images/unhealthy03/unhealthy_0884.jpg,293606,fbde6a0fe27e5779ccfde1e5599527fc772650cbad0c5551892fbbd9e442e7d1
resized_images/unhealthy03/unhealthy_0885.jpg,archive/development/resized_images/unhealthy03/unhealthy_0885.jpg,280914,f99636eced2df7a1bd778da1fcd0560ab451e67bdeb4d6a6b3f9ebc6bb7b85fa
resized_images/unhealthy03/unhealthy_0886.jpg,archive/development/resized_images/unhealthy03/unhealthy_0886.jpg,286234,f6edd58339cd5a8c322618ec6c8b2bab1acfeb61217f38c8209dfab144c639ff
resized_images/unhealthy03/unhealthy_0887.jpg,archive/development/resized_images/unhealthy03/unhealthy_0887.jpg,256537,39106cbabd30f4b8b0bee133ff2b735c8074f45e59b95139a93482e5a6a72a4b
resized_images/unhealthy03/unhealthy_0888.jpg,archive/development/resized_images/unhealthy03/unhealthy_0888.jpg,270731,37d0ff3b595b83c01a5fcc08dc597112a07e62e568e3546d41be25b54990449e
resized_images/unhealthy03/unhealthy_0889.jpg,archive/development/resized_images/unhealthy03/unhealthy_0889.jpg,239603,8d4991305b8d4670407719b42ef7ac69750ede3e192a3a9333c2301a17d8a626
resized_images/unhealthy03/unhealthy_0890.jpg,archive/development/resized_images/unhealthy03/unhealthy_0890.jpg,245933,ed3fc218f5f1e932d72e0d5cc5fbcf07eb6ec57e0b8c936cc2b158a0d9511e03
resized_images/unhealthy03/unhealthy_0891.jpg,archive/development/resized_images/unhealthy03/unhealthy_0891.jpg,292139,16ff45cd21417de1831600aa51a3354168657a0b8af33a39f43b1667ba54d853
resized_images/unhealthy03/unhealthy_0892.jpg,archive/development/resized_images/unhealthy03/unhealthy_0892.jpg,254183,cf8d54e864f6f396f8fe7ba342dece51a6fc35e805de9b62723d592ddb351b0f
resized_images/unhealthy03/unhealthy_0893.jpg,archive/development/resized_images/unhealthy03/unhealthy_0893.jpg,274182,82932615279f3614794271d98aa396692daab0f31282d5576d5d48ed80757f2b
resized_images/unhealthy03/unhealthy_0894.jpg,archive/development/resized_images/unhealthy03/unhealthy_0894.jpg,301719,623576279ca8543b73556b0fb6f155f55894ad38825545bede19ebb1a957450c
resized_images/unhealthy03/unhealthy_0895.jpg,archive/development/resized_images/unhealthy03/unhealthy_0895.jpg,300349,ab0e2d2d024d765bbaa0b18117872b10654892fe183e1f34af9347823e5a5502
resized_images/unhealthy03/unhealthy_0896.jpg,archive/development/resized_images/unhealthy03/unhealthy_0896.jpg,317136,4928ff03ae605bf9ca8660266d6301f2f99cff95652878b3c7cea3a2b5a3921d
resized_images/unhealthy03/unhealthy_0898.jpg,archive/development/resized_images/unhealthy03/unhealthy_0898.jpg,291342,c47382741d9e48b322102cc9c941969f796ccc0ef889e84278e69284970c11d5
resized_images/unhealthy03/unhealthy_0900.jpg,archive/development/resized_images/unhealthy03/unhealthy_0900.jpg,275411,c570956d0d8db772bf60cdf5e50c32dd1a024a6236bd2bed80ecbf12c8ee5608
resized_images/unhealthy03/unhealthy_0901.jpg,archive/development/resized_images/unhealthy03/unhealthy_0901.jpg,290715,81dd73a9a392024e6d6d77570ed24a8a4e8cff95d174e73e62d40af36404e622
resized_images/unhealthy03/unhealthy_0902.jpg,archive/development/resized_images/unhealthy03/unhealthy_0902.jpg,305427,efe481cfa8549ecb185aef01bea7474eff92a2fc235461c0be212daafb80cec9
resized_images/unhealthy03/unhealthy_0903.jpg,archive/development/resized_images/unhealthy03/unhealthy_0903.jpg,304916,f6953ca8e31f1a17a0da1cc609b924ff0831bb8abe8c00cf6a6efc7bf15bc612
resized_images/unhealthy03/unhealthy_0904.jpg,archive/development/resized_images/unhealthy03/unhealthy_0904.jpg,296808,679e3037dce2a8be31c74575aadfc103ac098ae2eed5425af2ba4bd1b5b3937b
resized_images/unhealthy03/unhealthy_0906.jpg,archive/development/resized_images/unhealthy03/unhealthy_0906.jpg,278865,41b6e9cda9f2ed264e11f186806e40d68dd5b26852b7df58da5a2bba55f2e857
resized_images/unhealthy03/unhealthy_0907.jpg,archive/development/resized_images/unhealthy03/unhealthy_0907.jpg,263891,0bc3ea1601f9db23b02bbf610624ed82f8130a0bc9428747abf41c58143821bb
resized_images/unhealthy03/unhealthy_0908.jpg,archive/development/resized_images/unhealthy03/unhealthy_0908.jpg,219227,4c48ae56fcaca72bd8a3dbbfa5e9dd01204df2fffa45e3c5f0f9ef5a073954f2
resized_images/unhealthy03/unhealthy_0909.jpg,archive/development/resized_images/unhealthy03/unhealthy_0909.jpg,238476,f553e6c0e9d31b5c8fcad525afaf1fac9ef2760c6291137c5168325de828a30d
resized_images/unhealthy03/unhealthy_0910.jpg,archive/development/resized_images/unhealthy03/unhealthy_0910.jpg,233097,09e6da906457392b5bb1831df50c318c2323d31271e6ebca8d85341c24be46d5
resized_images/unhealthy03/unhealthy_0911.jpg,archive/development/resized_images/unhealthy03/unhealthy_0911.jpg,214925,cb62cf203de4d97b11762c87fb5c7bda361bbc079aeccc1d963b436d690eb045
resized_images/unhealthy03/unhealthy_0912.jpg,archive/development/resized_images/unhealthy03/unhealthy_0912.jpg,267536,22b739ad33ba14fae8611e54e8a20f5b8cc86074c4a4c85611e716e043f6bdcd
resized_images/unhealthy03/unhealthy_0913.jpg,archive/development/resized_images/unhealthy03/unhealthy_0913.jpg,316761,6d69a95aca6d13f3fe0390e4d6a15776b182d57b237685eab1021a952c94e9c6
resized_images/unhealthy03/unhealthy_0914.jpg,archive/development/resized_images/unhealthy03/unhealthy_0914.jpg,338128,982f0f084b71062b903d48c07b8c9576b4f7b50159ed68a4b5a06471b43101b3
resized_images/unhealthy03/unhealthy_0915.jpg,archive/development/resized_images/unhealthy03/unhealthy_0915.jpg,361847,8bf5ae0c852936ef38cb2397fd9b66e669e224a1fa9073354d4632674774b318
resized_images/unhealthy03/unhealthy_0916.jpg,archive/development/resized_images/unhealthy03/unhealthy_0916.jpg,334391,74e3f5f65134a91b64eb8952cc680a0746bccd7a778146b64fd62ba77d485d26
resized_images/unhealthy03/unhealthy_0917.jpg,archive/development/resized_images/unhealthy03/unhealthy_0917.jpg,309993,f30d997efe510baedd7aeeafd0bac7cd09043bb282ccdea2230acb95dd73940b
resized_images/unhealthy03/unhealthy_0919.jpg,archive/development/resized_images/unhealthy03/unhealthy_0919.jpg,329641,14e519d4c5afcbed8bc4f3a0529fb430c28f2e280667ec76d8f3b52f90980df1
resized_images/unhealthy03/unhealthy_0920.jpg,archive/development/resized_images/unhealthy03/unhealthy_0920.jpg,364802,6e0e156639189a48f7c3686233c80aafe7996757b743cbe9c30aeba568a17121
resized_images/unhealthy03/unhealthy_0921.jpg,archive/development/resized_images/unhealthy03/unhealthy_0921.jpg,403564,ae692b44834f03b3cae23d810149830e30da8eb37a867d8fa73dcb9422ba2ed5
resized_images/unhealthy03/unhealthy_0922.jpg,archive/development/resized_images/unhealthy03/unhealthy_0922.jpg,416116,15fe12f67ce0a4ad4a5aca742347e21056d804b76a7afdccf5bdcb4a89e2cbe4
resized_images/unhealthy03/unhealthy_0923.jpg,archive/development/resized_images/unhealthy03/unhealthy_0923.jpg,386534,3daaa6885175287e60ce714ee1e420e706aaebda7c44b7663e45107d1f4a7c95
resized_images/unhealthy03/unhealthy_0924.jpg,archive/development/resized_images/unhealthy03/unhealthy_0924.jpg,326100,33ba7edf11f8ff17f8373414bc78179bf2098f8f19975c25f9c387a9f1ec85ca
resized_images/unhealthy03/unhealthy_0925.jpg,archive/development/resized_images/unhealthy03/unhealthy_0925.jpg,243446,b638658e01b81077cf42f9816f11935600fc74134b23ae75a90820030db10315
resized_images/unhealthy03/unhealthy_0926.jpg,archive/development/resized_images/unhealthy03/unhealthy_0926.jpg,259598,ac9b00847b5abb40e7b10d708bfcb5b9616747cb7b653591ba072911aa4c6dfa
resized_images/unhealthy03/unhealthy_0927.jpg,archive/development/resized_images/unhealthy03/unhealthy_0927.jpg,258571,708fa09f81fb679b4a123d4f9ca6e0d8822db679d00305096bd2c9ff2f6bdca8
resized_images/unhealthy03/unhealthy_0928.jpg,archive/development/resized_images/unhealthy03/unhealthy_0928.jpg,232900,fa0264c86f347c3542271fb655ef34a4cd56882ab2783f8a16cf60ab7b7c99ba
resized_images/unhealthy03/unhealthy_0929.jpg,archive/development/resized_images/unhealthy03/unhealthy_0929.jpg,224734,c80ceeeab86f1c521df25579ccc2b6da829530d29c78f32e85af9720b9389226
resized_images/unhealthy03/unhealthy_0930.jpg,archive/development/resized_images/unhealthy03/unhealthy_0930.jpg,194249,a1db717f22788cfd1c395b25ff639c3f14a722d465b9c1a2380b50eb12dc9fa7
resized_images/unhealthy03/unhealthy_0931.jpg,archive/development/resized_images/unhealthy03/unhealthy_0931.jpg,211166,a7fc2ee78e1eef3f8ddf160233001611040a761f907047ea4c95caea8742cdac
resized_images/unhealthy03/unhealthy_0932.jpg,archive/development/resized_images/unhealthy03/unhealthy_0932.jpg,295071,3ca6e3075e76646562b1f07a945918bf50491321f72d659075a2ba58d78a96ff
resized_images/unhealthy03/unhealthy_0933.jpg,archive/development/resized_images/unhealthy03/unhealthy_0933.jpg,287538,dce321840103295ddbd7e77e3344895aa5b7fd41a55306e1a960602550f7c835
resized_images/unhealthy03/unhealthy_0934.jpg,archive/development/resized_images/unhealthy03/unhealthy_0934.jpg,334784,6cf5f22c43a22e4023ad47daa2bb10d44ec27d7f9357dfd5a31e370cdc0d40cb
resized_images/unhealthy03/unhealthy_0935.jpg,archive/development/resized_images/unhealthy03/unhealthy_0935.jpg,373891,9777d38f265b7bc0b3e9aa67ce6f4c236852d050878def87511f198dd6dc395a
resized_images/unhealthy03/unhealthy_0936.jpg,archive/development/resized_images/unhealthy03/unhealthy_0936.jpg,350498,53019a06e97cf966c6b652a77c1879fc503fdb4cda1a50b8fe850d81ae74ce57
resized_images/unhealthy03/unhealthy_0937.jpg,archive/development/resized_images/unhealthy03/unhealthy_0937.jpg,287406,7d2dd71eb559fe3a16fdd000c9ea04b0d133b8c2f93b2aa21ba9c1be4d722304
resized_images/unhealthy03/unhealthy_0938.jpg,archive/development/resized_images/unhealthy03/unhealthy_0938.jpg,289239,e01037db4b4434d78fa05901624592cd78310a1701096a90f823a416448b8649
resized_images/unhealthy03/unhealthy_0939.jpg,archive/development/resized_images/unhealthy03/unhealthy_0939.jpg,244305,a8aa1dbcf5f835732b64a15cc7eb87909774ba25a5f4e81bd3d62b77dfd0358a
resized_images/unhealthy03/unhealthy_0941.jpg,archive/development/resized_images/unhealthy03/unhealthy_0941.jpg,280889,e05d63143e9dc010d8512514d19634979f4d150cf8fed21188721db2e40a0296
resized_images/unhealthy03/unhealthy_0943.jpg,archive/development/resized_images/unhealthy03/unhealthy_0943.jpg,329670,b59de0562f366f48efa260b462e71ff559cca7b20704b93e47432757ad2d29c8
resized_images/unhealthy03/unhealthy_0944.jpg,archive/development/resized_images/unhealthy03/unhealthy_0944.jpg,357904,248924b0da76be85bddb23063d41738c8cabd66d6356696751729e5bc467788a
resized_images/unhealthy03/unhealthy_0945.jpg,archive/development/resized_images/unhealthy03/unhealthy_0945.jpg,305071,8211e804a83a36d84bc434ed77aa406181cde020b538ddef252f4b01c4b5f9b3
resized_images/unhealthy03/unhealthy_0946.jpg,archive/development/resized_images/unhealthy03/unhealthy_0946.jpg,260290,2a012a3e185a303ab7abecaafbaba100d1970541f3c7c432d45931403baf77c5
resized_images/unhealthy03/unhealthy_0947.jpg,archive/development/resized_images/unhealthy03/unhealthy_0947.jpg,327127,1255403616ac91cae00e9ded604aa023f13b6179e1b5e45697f5bbe114f5d0bf
resized_images/unhealthy03/unhealthy_0948.jpg,archive/development/resized_images/unhealthy03/unhealthy_0948.jpg,323494,24d4a19eb29ac5dd41ff7d3c63935ac45c663ea0172b65485e42f530bb4f3102
resized_images/unhealthy03/unhealthy_0950.jpg,archive/development/resized_images/unhealthy03/unhealthy_0950.jpg,217310,1ae7fc9fb8ca8c98fbacb45f538cd30936e54e61304b634911793104b4242036
resized_images/unhealthy03/unhealthy_0951.jpg,archive/development/resized_images/unhealthy03/unhealthy_0951.jpg,181331,7e3128219070ddefe0114c5d676350492527d5cea395681fc2fe5e12233e6b0e
resized_images/unhealthy03/unhealthy_0952.jpg,archive/development/resized_images/unhealthy03/unhealthy_0952.jpg,208394,963e72eddb922059f427ef7b6545cefde7ee2cdc61de4886113ad4106b2bf96f
resized_images/unhealthy03/unhealthy_0953.jpg,archive/development/resized_images/unhealthy03/unhealthy_0953.jpg,231189,c75a9f1efcec205d4aed233c2368bf932e1d3c34568ce60b2f540bcabfdd2bd8
resized_images/unhealthy03/unhealthy_0954.jpg,archive/development/resized_images/unhealthy03/unhealthy_0954.jpg,244145,03e3be9020090bf6007e677c937ec50faa42adc9a1744d5679096532488dddeb
resized_images/unhealthy03/unhealthy_0955.jpg,archive/development/resized_images/unhealthy03/unhealthy_0955.jpg,249485,65a915de350b2d7ffe829707a5eb8f887fe3cf217a677b958c47318f70e9b7ad
resized_images/unhealthy03/unhealthy_0956.jpg,archive/development/resized_images/unhealthy03/unhealthy_0956.jpg,261286,c629a55f93fd19b19c499dac39781a113773fe73802fdc1e8fd439ffb041866a
resized_images/unhealthy03/unhealthy_0957.jpg,archive/development/resized_images/unhealthy03/unhealthy_0957.jpg,236999,bd1c828e7c1dd5d1422a04560833bf24d293098f88f80325451fedfcccf94a99
resized_images/unhealthy03/unhealthy_0958.jpg,archive/development/resized_images/unhealthy03/unhealthy_0958.jpg,373389,eab2a37bb49eb607bf880a529d954389119698827deb33922c02bb9cab558a7a
resized_images/unhealthy03/unhealthy_0959.jpg,archive/development/resized_images/unhealthy03/unhealthy_0959.jpg,273188,878900bb08b7c42b3ff071180230bb85bfa3af70d0deb3688d8314f6a956ca7a
resized_images/unhealthy03/unhealthy_0960.jpg,archive/development/resized_images/unhealthy03/unhealthy_0960.jpg,350155,b5977e551a15bf15a9f1098099246dd6fa117aeae6811cff4f2b9f9ffaa8ad10
resized_images/unhealthy03/unhealthy_0961.jpg,archive/development/resized_images/unhealthy03/unhealthy_0961.jpg,218661,235dd29e6fe71cc4ddcc54dcd79b27e22da587c3d6db16c46cbe391802508199
resized_images/unhealthy03/unhealthy_0962.jpg,archive/development/resized_images/unhealthy03/unhealthy_0962.jpg,278001,4f458b5510ad2b119336ee9e18fdfa2903cc51971ab80960970ecea2debcd52d
resized_images/unhealthy03/unhealthy_0963.jpg,archive/development/resized_images/unhealthy03/unhealthy_0963.jpg,302716,2cc570f803cde736d1b33b43fb234a7124ab53d35e48f72807e44f647bb0cdce
resized_images/unhealthy03/unhealthy_0964.jpg,archive/development/resized_images/unhealthy03/unhealthy_0964.jpg,266693,31244f41f4ceeebd95b42b6cde7366cba64b214a4cd2fab2a4dc737ab244d3b9
resized_images/unhealthy03/unhealthy_0965.jpg,archive/development/resized_images/unhealthy03/unhealthy_0965.jpg,232381,199dee58c787d323265200d2210ebf27ebf1791b6cd7578dd8a5ef4decc6e2bb
resized_images/unhealthy03/unhealthy_0966.jpg,archive/development/resized_images/unhealthy03/unhealthy_0966.jpg,222385,13774be571b23b26db9bc75a71c302d528b0d5116f3be9e2359aefdf5b3dcdcd
resized_images/unhealthy03/unhealthy_0968.jpg,archive/development/resized_images/unhealthy03/unhealthy_0968.jpg,238990,c1220944e173b9c38608245643ec788df1589610642d0da5046b05d2f94bb155
resized_images/unhealthy03/unhealthy_0969.jpg,archive/development/resized_images/unhealthy03/unhealthy_0969.jpg,273204,70ea5f06738cbdab1ff556f211550f7480a37b744b61f76fd5df8e7a4e72778e
resized_images/unhealthy03/unhealthy_0970.jpg,archive/development/resized_images/unhealthy03/unhealthy_0970.jpg,218560,b5c933d27d57c0465c134fafefc5870f75bdbea0b7ca1bc9e3a94ca8c5d33134
resized_images/unhealthy03/unhealthy_0971.jpg,archive/development/resized_images/unhealthy03/unhealthy_0971.jpg,235907,b7c60ae0ec3db7d92753ca0cbbabbda41a80b22b72c53135cfeacab86854c6dc
resized_images/unhealthy03/unhealthy_0972.jpg,archive/development/resized_images/unhealthy03/unhealthy_0972.jpg,376951,64524546390e658ee15bbbcc43406a3429330f2e2dcd4ca755a32ba7e25b622e
resized_images/unhealthy03/unhealthy_0973.jpg,archive/development/resized_images/unhealthy03/unhealthy_0973.jpg,308018,6d5b2fb867807170ef07b72a3a3f0a432521dcbeded54c318d66a7386bb0fcdd
resized_images/unhealthy03/unhealthy_0974.jpg,archive/development/resized_images/unhealthy03/unhealthy_0974.jpg,211241,a6dc2672b7e120552b89606a6cfc5c206857562ad731ba901e3c3cd9ae0efc58
resized_images/unhealthy03/unhealthy_0975.jpg,archive/development/resized_images/unhealthy03/unhealthy_0975.jpg,263351,36281c2881cdd0d6360c30b817aea129f410e001255b32aec07cd749276f3e31
resized_images/unhealthy03/unhealthy_0976.jpg,archive/development/resized_images/unhealthy03/unhealthy_0976.jpg,233287,cf6ed1b9dcbfb88ca36768b73c6102bee3c0427f59b5286b55d64a72ee15874f
resized_images/unhealthy03/unhealthy_0977.jpg,archive/development/resized_images/unhealthy03/unhealthy_0977.jpg,244864,3b0f7bd36caab558f015e2057cf9712201a0dd78df527ef036a97ae3351b6cfa
resized_images/unhealthy03/unhealthy_0978.jpg,archive/development/resized_images/unhealthy03/unhealthy_0978.jpg,324858,e4ca7e68fd01c0d758ac6d8c2d0979c42b1943eedbaddacb9a5b173311c1e93b
resized_images/unhealthy03/unhealthy_0979.jpg,archive/development/resized_images/unhealthy03/unhealthy_0979.jpg,282524,7cef5cf9d67e605c40154d731650d4f96587eaf4456931ffbf9ec7a7407d65a0
resized_images/unhealthy03/unhealthy_0980.jpg,archive/development/resized_images/unhealthy03/unhealthy_0980.jpg,222447,b1fdf4755aa17350eb382e92cef4823e1c86a5a9b7d4fe69c8059320deeb996a
resized_images/unhealthy03/unhealthy_0981.jpg,archive/development/resized_images/unhealthy03/unhealthy_0981.jpg,251759,026169f86393208a7743c4dad456a61cbb70ea477a8b163870a279b2e92a1da2
resized_images/unhealthy03/unhealthy_0982.jpg,archive/development/resized_images/unhealthy03/unhealthy_0982.jpg,222944,f123c944a38667689210d3b94a364eb7ba0810130894db2ee810afd00d0633ef
resized_images/unhealthy03/unhealthy_0983.jpg,archive/development/resized_images/unhealthy03/unhealthy_0983.jpg,208438,ad6b555e1c2fe285c8c58933a62f371d154de6ec875377bed76ffa9fce860063
resized_images/unhealthy03/unhealthy_0984.jpg,archive/development/resized_images/unhealthy03/unhealthy_0984.jpg,238728,833f31be2de3aa4a12465d0e8d075ffbb8dab567ae40fc9785838f1f5004b62c
resized_images/unhealthy03/unhealthy_0985.jpg,archive/development/resized_images/unhealthy03/unhealthy_0985.jpg,234379,7d5fd3eefb0c94adb46d9a8c87cf057f708ef23e3cce72f5fe251db294be8126
resized_images/unhealthy03/unhealthy_0986.jpg,archive/development/resized_images/unhealthy03/unhealthy_0986.jpg,232588,c4a7b6272fac3fc6e6e0b4f14892187b5b0c4f99fb4e3a43fef26ad91a21fee4
resized_images/unhealthy03/unhealthy_0987.jpg,archive/development/resized_images/unhealthy03/unhealthy_0987.jpg,284442,8357bfca13bc3fbd0f6f5f747a3926967208ca96d54f3083caa5397e4c866bd0
resized_images/unhealthy03/unhealthy_0988.jpg,archive/development/resized_images/unhealthy03/unhealthy_0988.jpg,222951,90791e70bcb69329382d6441be4bd3879ebcea95b3191a5f2206e8e96888cb3a
resized_images/unhealthy03/unhealthy_0989.jpg,archive/development/resized_images/unhealthy03/unhealthy_0989.jpg,305702,fa1f8c9db9c5374716ef50100b81171e0c19c9aa9386ef2d1b8fefdb71a93100
resized_images/unhealthy03/unhealthy_0990.jpg,archive/development/resized_images/unhealthy03/unhealthy_0990.jpg,248613,c8e022b4cfc67cad14b366baa8691e3f2fa690aaba31b0999ec9e6f31a02ad37
resized_images/unhealthy03/unhealthy_0991.jpg,archive/development/resized_images/unhealthy03/unhealthy_0991.jpg,244966,c082acdb65b4e506b56c2778e29147717ca43db2e707b8d82d14c95b288e5927
resized_images/unhealthy03/unhealthy_0992.jpg,archive/development/resized_images/unhealthy03/unhealthy_0992.jpg,240800,51d7b88d61266a23ccd8f027df2df22414f81b59826f14940437a9d382c6c1c9
resized_images/unhealthy03/unhealthy_0993.jpg,archive/development/resized_images/unhealthy03/unhealthy_0993.jpg,286307,01a206c1174e6f0125168e43b93625ca612483f452caa1b6a48b8cd10be356f8
resized_images/unhealthy03/unhealthy_0994.jpg,archive/development/resized_images/unhealthy03/unhealthy_0994.jpg,239942,14415b1c3fecd1d09f78a1fd5d5ddf2cd27731bcdd8d06cefacf575be86e850e
resized_images/unhealthy03/unhealthy_0995.jpg,archive/development/resized_images/unhealthy03/unhealthy_0995.jpg,288739,0018fa7a3c0aa4a278700aef3170b2f00852cf54dbc79b2af0001323702a4016
resized_images/unhealthy03/unhealthy_0996.jpg,archive/development/resized_images/unhealthy03/unhealthy_0996.jpg,259512,30a4380d2f89c5ad065e8ee32530484053464fd443d3265e29ed4f6a8faed11a
resized_images/unhealthy03/unhealthy_0997.jpg,archive/development/resized_images/unhealthy03/unhealthy_0997.jpg,202360,8797e039c6e7708f2a86fb0c59fe9e612f034498e179e5448b82d31bdc716882
resized_images/unhealthy03/unhealthy_0998.jpg,archive/development/resized_images/unhealthy03/unhealthy_0998.jpg,313722,33ae38c59a9b78b5824ebf92d95c0e83a6a4217e3408e8ca05b4c720215409b5
resized_images/unhealthy03/unhealthy_0999.jpg,archive/development/resized_images/unhealthy03/unhealthy_0999.jpg,272577,b6c2015f28d041b8a9050e75e3b9433ce316734da1f25ffa4628873ecb0b255d
resized_images/unhealthy03/unhealthy_1000.jpg,archive/development/resized_images/unhealthy03/unhealthy_1000.jpg,265463,e24368cd030cb6a81b758f75ff400ebd1f0dd987c5eaeb65c99a5e54da91436b
resized_images/unhealthy03/unhealthy_1001.jpg,archive/development/resized_images/unhealthy03/unhealthy_1001.jpg,288088,08e87840f0f4493c0ab35e4a903825c5a7d8ba4a9fc64d75c94fb78ae05c4ffd
resized_images/unhealthy03/unhealthy_1002.jpg,archive/development/resized_images/unhealthy03/unhealthy_1002.jpg,267911,d16393c71c42fde9b80e32f39044bf89658a18aedf9129b65d4372bef30e7bfa
resized_images/unhealthy03/unhealthy_1003.jpg,archive/development/resized_images/unhealthy03/unhealthy_1003.jpg,214077,672c0f60ed6c1290125e114c1b92999de05e8da837c97d2b334bb75b9ce96fde
resized_images/unhealthy03/unhealthy_1004.jpg,archive/development/resized_images/unhealthy03/unhealthy_1004.jpg,281732,c32a358de9789ca89226ec463b53592456cca4bfc7396482f7a1c39909d13687
resized_images/unhealthy03/unhealthy_1005.jpg,archive/development/resized_images/unhealthy03/unhealthy_1005.jpg,207324,f1963bf4988c62867ce0abf67b75f81f7beb09493d1ac45132a695c29eb333f6
resized_images/unhealthy03/unhealthy_1006.jpg,archive/development/resized_images/unhealthy03/unhealthy_1006.jpg,286413,6a85aec7dafb1fb91d940cd67031f1fbb2202416c8a62dcfbf2fc7a6bbcc6d5c
resized_images/unhealthy03/unhealthy_1007.jpg,archive/development/resized_images/unhealthy03/unhealthy_1007.jpg,244565,031cdc07a1b2b20cee5a18753b3e7a9ee5d447369891e6b2cad3583a697545c7
resized_images/unhealthy03/unhealthy_1008.jpg,archive/development/resized_images/unhealthy03/unhealthy_1008.jpg,341014,3577435ba622071f2ab22ea61783df018b73a6f6fae21480a48916fea531619c
resized_images/unhealthy03/unhealthy_1009.jpg,archive/development/resized_images/unhealthy03/unhealthy_1009.jpg,249614,520fa41d3b4fff80c32f4b12a942d4ce2af3f7f1e7d352e89093dc72037f70ec
resized_images/unhealthy03/unhealthy_1010.jpg,archive/development/resized_images/unhealthy03/unhealthy_1010.jpg,260985,f2423f1b390cecae6f6df07cc8888e0d0c99d9dcfad15e03276db6baa773bd57
resized_images/unhealthy03/unhealthy_1011.jpg,archive/development/resized_images/unhealthy03/unhealthy_1011.jpg,206447,815b6f08ef1556988584e019c801aea4425dc03a44ba8289f544a11b59041b39
resized_images/unhealthy03/unhealthy_1012.jpg,archive/development/resized_images/unhealthy03/unhealthy_1012.jpg,252958,e8b129605251b1be64cf908c472d75131b4a149e09e0f955f60a7a6b915ac14e
resized_images/unhealthy03/unhealthy_1013.jpg,archive/development/resized_images/unhealthy03/unhealthy_1013.jpg,210976,d88b32b5061a21a966aa7b4d403972c7962e29a14b27eef605a4e5edb0125999
resized_images/unhealthy03/unhealthy_1014.jpg,archive/development/resized_images/unhealthy03/unhealthy_1014.jpg,298610,564b4a5667d88ddf276745a20ab195e98de801ac2bd6710d4ac7416b19d06762
resized_images/unhealthy03/unhealthy_1016.jpg,archive/development/resized_images/unhealthy03/unhealthy_1016.jpg,188115,9d0ac0c4578e28702506781c9018e3a95c6c0e22c83c2de4140e2760ba311cfe
resized_images/unhealthy03/unhealthy_1017.jpg,archive/development/resized_images/unhealthy03/unhealthy_1017.jpg,204033,6f45ceb65b613068f7ef776b32c536bf62ef46d0969009c192328dcbfdfaaee5
resized_images/unhealthy03/unhealthy_1018.jpg,archive/development/resized_images/unhealthy03/unhealthy_1018.jpg,224163,00737fb859e0bc404550c96a482f7660b8725eb3f2bb2309c9980d1bfa3836d3
resized_images/unhealthy03/unhealthy_1019.jpg,archive/development/resized_images/unhealthy03/unhealthy_1019.jpg,262500,8f81e071a74390196c62ee39085ff86a9baeee9247da8249f2097aa2c3c662d8
resized_images/unhealthy03/unhealthy_1020.jpg,archive/development/resized_images/unhealthy03/unhealthy_1020.jpg,221380,7cf4b44076e76adc2519e8e4e8bea21ef5404a3e1de25f3cf08069e64d000e17
resized_images/unhealthy03/unhealthy_1021.jpg,archive/development/resized_images/unhealthy03/unhealthy_1021.jpg,286906,744b43a104487bc8708f70c38471d4900ca032945805acfa5ed5c6cbeab4318d
paper_figures/all_classes_annotated_test.pdf,archive/development/paper_figures/all_classes_annotated_test.pdf,817604,edb13bd49035c9aee9242448314580fdecd10afb73d81eb95a6b0491dbfcc536
paper_figures/all_classes_annotated_test.png,archive/development/paper_figures/all_classes_annotated_test.png,6093557,28ec1abb099c0fc65c91f320ce530e2a7ff8d51a9892b5fc01d512a3710ea50d
paper_figures/all_classes_annotated_train.pdf,archive/development/paper_figures/all_classes_annotated_train.pdf,841064,19fdfd67bc6e8a765be7144c3468b9e2fff04c7fe02148698865430cba76aaa5
paper_figures/all_classes_annotated_train.png,archive/development/paper_figures/all_classes_annotated_train.png,6147274,d38cbbdce570230c419e7a07a86e6fe69631c5f290cfe53337f1738f4d23e8db
paper_figures/original_vs_annotation_test.pdf,archive/development/paper_figures/original_vs_annotation_test.pdf,744816,fa9348de3d265195e215e79ab77403b1eb653e4f5fd6ddbda4edeb8ab6753571
paper_figures/original_vs_annotation_test.png,archive/development/paper_figures/original_vs_annotation_test.png,4488468,8d2913358bb16b5962f286ba8cd0c4bc6babcb802d94a8d9a7a6b90cdabd442f
paper_figures/original_vs_annotation_train.pdf,archive/development/paper_figures/original_vs_annotation_train.pdf,744816,774629aaa19154b0eccce67b84921495b66f23fd698f536dc821c0653558b8b6
paper_figures/original_vs_annotation_train.png,archive/development/paper_figures/original_vs_annotation_train.png,4488468,8d2913358bb16b5962f286ba8cd0c4bc6babcb802d94a8d9a7a6b90cdabd442f
detection_dataset/data.yaml,archive/development/detection_dataset/data.yaml,105,9ce00a6252a55c43f9fba33f24c0660a22abb8acaf0600b94a8182aa9b4381bb
detection_dataset/README.md,archive/development/detection_dataset/README.md,8709,f6e30ba2d00d1655103937d968082e453b052d8bd8a55fe340ed43bf5409c444
dataset_validation_report.csv,archive/development/dataset_validation_report.csv,22774,3ab3cf87d81b526d6d9217c7dfcc6051e5ae7b2b9990bba426f1258c6e2b0898
test_predictions_comparison.csv,archive/development/test_predictions_comparison.csv,84538,10add21219689b682ba571650208f7e13786367e197b515c268233c567bfdbfd
manual_review_required.txt,archive/development/manual_review_required.txt,48,20dbebb599378e1bb7b670fea96e993cd48bcaf48c0af8f320c6d704f2bfb639
conflict_alternatives_manual_review.txt,archive/development/conflict_alternatives_manual_review.txt,874,40293ccbb077c0895fc1a4cd2ffd8ab9c923180b81a6c76b587c4bb505abadbc
conflict_annotation_files_before_cleanup.txt,archive/development/conflict_annotation_files_before_cleanup.txt,960,114566b169e1d2c0c6ef3d183c8d1178ce6686fb666108b1cec258a68775ad37
et --hard 61e6312,archive/development/et --hard 61e6312,1106,89f1bd7c6d8060b688a1adfe0f7a3bd61bf14300c3ab79dff5523c04071a5c4a
yolov8n.pt,archive/development/yolov8n.pt,6549796,f59b3d833e2ff32e194b5bb8e08d211dc7c5bdf144b90d2c8412c47ccfc83b36
